anchor_idx,radius,max_dist,n_escaped,n_total
0,0.05066705122590065,0.05066707357764244,0,10
0,0.05066705122590065,0.05066707357764244,0,10
1,0.05509071797132492,0.05509074032306671,0,10
0,0.05066705122590065,0.05066707357764244,0,10
1,0.05509071797132492,0.05509074777364731,0,10
2,0.058988817036151886,0.05631069466471672,0,10
0,0.05066705122590065,0.05066708102822304,0,10
1,0.05509071797132492,0.05509074032306671,0,10
2,0.058988817036151886,0.056318942457437515,0,10
3,0.062357284128665924,0.04015859588980675,0,10
0,0.05066705122590065,0.050667066127061844,0,10
1,0.05509071797132492,0.05509075149893761,0,10
2,0.058988817036151886,0.05898883193731308,0,10
3,0.062357284128665924,0.03862352669239044,0,10
4,0.062174174934625626,0.038655322045087814,0,10
0,0.05066705122590065,0.05066705867648125,0,10
1,0.05509071797132492,0.05509074404835701,0,10
2,0.058988817036151886,0.05850343406200409,0,10
3,0.062357284128665924,0.04951108992099762,0,10
4,0.062174174934625626,0.045585911720991135,0,10
5,0.06218135356903076,0.03094683773815632,0,10
0,0.05066705122590065,0.05066708102822304,0,10
1,0.05509071797132492,0.05509074777364731,0,10
2,0.058988817036151886,0.05881565436720848,0,10
3,0.062357284128665924,0.044261038303375244,0,10
4,0.062174174934625626,0.03958873078227043,0,10
5,0.06218135356903076,0.04378584399819374,0,10
6,0.0614951066672802,0.0495898500084877,0,10
0,0.05066705122590065,0.05066707730293274,0,10
1,0.05509071797132492,0.05509073659777641,0,10
2,0.058988817036151886,0.05668322369456291,0,10
3,0.062357284128665924,0.047015413641929626,0,10
4,0.062174174934625626,0.05644013360142708,0,10
5,0.06218135356903076,0.03836671635508537,0,10
6,0.0614951066672802,0.04728167504072189,0,10
7,0.059905197471380234,0.04496031254529953,0,10
0,0.05066705122590065,0.050667062401771545,0,10
1,0.05509071797132492,0.05509074404835701,0,10
2,0.058988817036151886,0.05856940150260925,0,10
3,0.062357284128665924,0.04802221059799194,0,10
4,0.062174174934625626,0.036921434104442596,0,10
5,0.06218135356903076,0.04326871410012245,0,10
6,0.0614951066672802,0.043751418590545654,0,10
7,0.059905197471380234,0.051154788583517075,0,10
8,0.060584984719753265,0.035879362374544144,0,10
0,0.05066705122590065,0.05066707730293274,0,10
1,0.05509071797132492,0.05509074404835701,0,10
2,0.058988817036151886,0.0557536855340004,0,10
3,0.062357284128665924,0.046202853322029114,0,10
4,0.062174174934625626,0.04505683481693268,0,10
5,0.06218135356903076,0.04137596860527992,0,10
6,0.0614951066672802,0.04371802136301994,0,10
7,0.059905197471380234,0.04639635235071182,0,10
8,0.060584984719753265,0.049067962914705276,0,10
9,0.06211267039179802,0.050827059894800186,0,10
0,0.05066705122590065,0.05066707357764244,0,10
1,0.05509071797132492,0.05509073659777641,0,10
2,0.058988817036151886,0.056859903037548065,0,10
3,0.062357284128665924,0.044935308396816254,0,10
4,0.062174174934625626,0.04448370635509491,0,10
5,0.06218135356903076,0.03768583759665489,0,10
6,0.0614951066672802,0.03701600432395935,0,10
7,0.059905197471380234,0.04110574722290039,0,10
8,0.060584984719753265,0.04002402350306511,0,10
9,0.06211267039179802,0.035279519855976105,0,10
10,0.06107860803604126,0.047704219818115234,0,10
0,0.05066705122590065,0.05066706985235214,0,10
1,0.05509071797132492,0.05509074404835701,0,10
2,0.058988817036151886,0.05865301564335823,0,10
3,0.062357284128665924,0.042073946446180344,0,10
4,0.062174174934625626,0.04255562648177147,0,10
5,0.06218135356903076,0.04277527332305908,0,10
6,0.0614951066672802,0.047266095876693726,0,10
7,0.059905197471380234,0.042088065296411514,0,10
8,0.060584984719753265,0.03908492252230644,0,10
9,0.06211267039179802,0.04571869224309921,0,10
10,0.06107860803604126,0.049387410283088684,0,10
11,0.0625099167227745,0.054521650075912476,0,10
0,0.05066705122590065,0.05066707357764244,0,10
1,0.05509071797132492,0.055090732872486115,0,10
2,0.058988817036151886,0.056716978549957275,0,10
3,0.062357284128665924,0.049971118569374084,0,10
4,0.062174174934625626,0.03997066244482994,0,10
5,0.06218135356903076,0.03321833536028862,0,10
6,0.0614951066672802,0.04417463764548302,0,10
7,0.059905197471380234,0.03494890034198761,0,10
8,0.060584984719753265,0.04276113212108612,0,10
9,0.06211267039179802,0.043898310512304306,0,10
10,0.06107860803604126,0.038869377225637436,0,10
11,0.0625099167227745,0.04427697882056236,0,10
12,0.0627598837018013,0.04946093261241913,0,10
0,0.05066705122590065,0.050667066127061844,0,10
1,0.05509071797132492,0.055090732872486115,0,10
2,0.058988817036151886,0.056219376623630524,0,10
3,0.062357284128665924,0.030550530180335045,0,10
4,0.062174174934625626,0.05025249347090721,0,10
5,0.06218135356903076,0.047939471900463104,0,10
6,0.0614951066672802,0.03869693726301193,0,10
7,0.059905197471380234,0.03774808347225189,0,10
8,0.060584984719753265,0.04484215006232262,0,10
9,0.06211267039179802,0.042572006583213806,0,10
10,0.06107860803604126,0.047596994787454605,0,10
11,0.0625099167227745,0.03944694995880127,0,10
12,0.0627598837018013,0.04488661140203476,0,10
13,0.06074700877070427,0.046267759054899216,0,10
0,0.05066705122590065,0.05066707357764244,0,10
1,0.05509071797132492,0.05509074777364731,0,10
2,0.058988817036151886,0.058882154524326324,0,10
3,0.062357284128665924,0.04770870506763458,0,10
4,0.062174174934625626,0.05649036541581154,0,10
5,0.06218135356903076,0.04419083520770073,0,10
6,0.0614951066672802,0.03570060431957245,0,10
7,0.059905197471380234,0.04216137155890465,0,10
8,0.060584984719753265,0.0433851033449173,0,10
9,0.06211267039179802,0.03809327632188797,0,10
10,0.06107860803604126,0.040912434458732605,0,10
11,0.0625099167227745,0.03098461776971817,0,10
12,0.0627598837018013,0.047307319939136505,0,10
13,0.06074700877070427,0.04736360162496567,0,10
14,0.06315964460372925,0.04210067540407181,0,10
0,0.05066705122590065,0.05066708102822304,0,10
1,0.05509071797132492,0.05509074032306671,0,10
2,0.058988817036151886,0.05346551537513733,0,10
3,0.062357284128665924,0.04050768166780472,0,10
4,0.062174174934625626,0.043456435203552246,0,10
5,0.06218135356903076,0.04071306437253952,0,10
6,0.0614951066672802,0.04767858237028122,0,10
7,0.059905197471380234,0.046680815517902374,0,10
8,0.060584984719753265,0.03431244567036629,0,10
9,0.06211267039179802,0.0466725155711174,0,10
10,0.06107860803604126,0.04022420942783356,0,10
11,0.0625099167227745,0.04470168054103851,0,10
12,0.0627598837018013,0.05110141634941101,0,10
13,0.06074700877070427,0.0464780293405056,0,10
14,0.06315964460372925,0.04837172105908394,0,10
15,0.059247687458992004,0.042818885296583176,0,10
0,0.05066705122590065,0.05066707730293274,0,10
1,0.05509071797132492,0.05509074032306671,0,10
2,0.058988817036151886,0.054566141217947006,0,10
3,0.062357284128665924,0.048460423946380615,0,10
4,0.062174174934625626,0.05059197172522545,0,10
5,0.06218135356903076,0.03276730701327324,0,10
6,0.0614951066672802,0.0417984314262867,0,10
7,0.059905197471380234,0.042068175971508026,0,10
8,0.060584984719753265,0.04113010689616203,0,10
9,0.06211267039179802,0.04762497916817665,0,10
10,0.06107860803604126,0.04392595961689949,0,10
11,0.0625099167227745,0.042516667395830154,0,10
12,0.0627598837018013,0.04461880773305893,0,10
13,0.06074700877070427,0.03802601248025894,0,10
14,0.06315964460372925,0.04020049795508385,0,10
15,0.059247687458992004,0.04088710620999336,0,10
16,0.061787787824869156,0.04222077876329422,0,10
0,0.05066705122590065,0.05066708102822304,0,10
1,0.05509071797132492,0.05509075149893761,0,10
2,0.058988817036151886,0.05728716403245926,0,10
3,0.062357284128665924,0.03816653788089752,0,10
4,0.062174174934625626,0.04549696668982506,0,10
5,0.06218135356903076,0.04372860863804817,0,10
6,0.0614951066672802,0.039934828877449036,0,10
7,0.059905197471380234,0.043497662991285324,0,10
8,0.060584984719753265,0.0364643931388855,0,10
9,0.06211267039179802,0.053194426000118256,0,10
10,0.06107860803604126,0.04266437515616417,0,10
11,0.0625099167227745,0.047260385006666183,0,10
12,0.0627598837018013,0.04553304612636566,0,10
13,0.06074700877070427,0.036101553589105606,0,10
14,0.06315964460372925,0.03478006646037102,0,10
15,0.059247687458992004,0.043323174118995667,0,10
16,0.061787787824869156,0.047181181609630585,0,10
17,0.06201726570725441,0.03822716325521469,0,10
0,0.05066705122590065,0.05066707730293274,0,10
1,0.05509071797132492,0.05509073659777641,0,10
2,0.058988817036151886,0.05423552170395851,0,10
3,0.062357284128665924,0.04523318260908127,0,10
4,0.062174174934625626,0.03768172487616539,0,10
5,0.06218135356903076,0.04736677184700966,0,10
6,0.0614951066672802,0.04068160802125931,0,10
7,0.059905197471380234,0.033122267574071884,0,10
8,0.060584984719753265,0.05265376344323158,0,10
9,0.06211267039179802,0.02999178320169449,0,10
10,0.06107860803604126,0.046540744602680206,0,10
11,0.0625099167227745,0.04548807442188263,0,10
12,0.0627598837018013,0.04524001479148865,0,10
13,0.06074700877070427,0.03629452362656593,0,10
14,0.06315964460372925,0.04373422637581825,0,10
15,0.059247687458992004,0.02348301187157631,0,10
16,0.061787787824869156,0.04197888448834419,0,10
17,0.06201726570725441,0.04399290308356285,0,10
18,0.06180059537291527,0.05099188908934593,0,10
0,0.05066705122590065,0.05066707357764244,0,10
1,0.05509071797132492,0.05509074032306671,0,10
2,0.058988817036151886,0.05898880213499069,0,10
3,0.062357284128665924,0.050171833485364914,0,10
4,0.062174174934625626,0.05056808888912201,0,10
5,0.06218135356903076,0.03897006809711456,0,10
6,0.0614951066672802,0.034063663333654404,0,10
7,0.059905197471380234,0.043470751494169235,0,10
8,0.060584984719753265,0.04634459316730499,0,10
9,0.06211267039179802,0.04885547235608101,0,10
10,0.06107860803604126,0.040211886167526245,0,10
11,0.0625099167227745,0.04343444108963013,0,10
12,0.0627598837018013,0.04003885015845299,0,10
13,0.06074700877070427,0.042331062257289886,0,10
14,0.06315964460372925,0.0448925644159317,0,10
15,0.059247687458992004,0.04290890693664551,0,10
16,0.061787787824869156,0.04058336094021797,0,10
17,0.06201726570725441,0.04418891295790672,0,10
18,0.06180059537291527,0.04405386745929718,0,10
19,0.06202349066734314,0.046796225011348724,0,10
0,0.05066705122590065,0.05066707357764244,0,10
1,0.05509071797132492,0.05509073659777641,0,10
2,0.058988817036151886,0.058988794684410095,0,10
3,0.062357284128665924,0.04638604447245598,0,10
4,0.062174174934625626,0.04749200865626335,0,10
5,0.06218135356903076,0.04516831412911415,0,10
6,0.0614951066672802,0.04145814850926399,0,10
7,0.059905197471380234,0.033533114939928055,0,10
8,0.060584984719753265,0.03397257253527641,0,10
9,0.06211267039179802,0.04311031848192215,0,10
10,0.06107860803604126,0.046555545181035995,0,10
11,0.0625099167227745,0.03818606212735176,0,10
12,0.0627598837018013,0.04364047572016716,0,10
13,0.06074700877070427,0.038779184222221375,0,10
14,0.06315964460372925,0.03698755428195,0,10
15,0.059247687458992004,0.04388256371021271,0,10
16,0.061787787824869156,0.04390494525432587,0,10
17,0.06201726570725441,0.04106982797384262,0,10
18,0.06180059537291527,0.040677260607481,0,10
19,0.06202349066734314,0.02780480496585369,0,10
20,0.06246534734964371,0.038691140711307526,0,10
0,0.05066705122590065,0.05066707730293274,0,10
1,0.05509071797132492,0.05509074032306671,0,10
2,0.058988817036151886,0.055614665150642395,0,10
3,0.062357284128665924,0.02356099709868431,0,10
4,0.062174174934625626,0.03584539145231247,0,10
5,0.06218135356903076,0.0456150621175766,0,10
6,0.0614951066672802,0.03739239647984505,0,10
7,0.059905197471380234,0.04417496547102928,0,10
8,0.060584984719753265,0.043239179998636246,0,10
9,0.06211267039179802,0.05006222054362297,0,10
10,0.06107860803604126,0.046009361743927,0,10
11,0.0625099167227745,0.037546053528785706,0,10
12,0.0627598837018013,0.038625381886959076,0,10
13,0.06074700877070427,0.04421312361955643,0,10
14,0.06315964460372925,0.04901224747300148,0,10
15,0.059247687458992004,0.03935794532299042,0,10
16,0.061787787824869156,0.047475505620241165,0,10
17,0.06201726570725441,0.0377340093255043,0,10
18,0.06180059537291527,0.03787386417388916,0,10
19,0.06202349066734314,0.04809281602501869,0,10
20,0.06246534734964371,0.02229253761470318,0,10
21,0.06198252737522125,0.045605044811964035,0,10
0,0.05066705122590065,0.050667066127061844,0,10
1,0.05509071797132492,0.05509074404835701,0,10
2,0.058988817036151886,0.058701589703559875,0,10
3,0.062357284128665924,0.045018959790468216,0,10
4,0.062174174934625626,0.05235947296023369,0,10
5,0.06218135356903076,0.0477733388543129,0,10
6,0.0614951066672802,0.03605353832244873,0,10
7,0.059905197471380234,0.04863651469349861,0,10
8,0.060584984719753265,0.03162924200296402,0,10
9,0.06211267039179802,0.05451862886548042,0,10
10,0.06107860803604126,0.04370385780930519,0,10
11,0.0625099167227745,0.043244797736406326,0,10
12,0.0627598837018013,0.04534028843045235,0,10
13,0.06074700877070427,0.039467133581638336,0,10
14,0.06315964460372925,0.05015071481466293,0,10
15,0.059247687458992004,0.03869495913386345,0,10
16,0.061787787824869156,0.04862618073821068,0,10
17,0.06201726570725441,0.0400322787463665,0,10
18,0.06180059537291527,0.05126410722732544,0,10
19,0.06202349066734314,0.04247765615582466,0,10
20,0.06246534734964371,0.05129547789692879,0,10
21,0.06198252737522125,0.04267869144678116,0,10
22,0.06235206127166748,0.04635185748338699,0,10
0,0.05066705122590065,0.050667066127061844,0,10
1,0.05509071797132492,0.05509074404835701,0,10
2,0.058988817036151886,0.05795443803071976,0,10
3,0.062357284128665924,0.04616343602538109,0,10
4,0.062174174934625626,0.04392264783382416,0,10
5,0.06218135356903076,0.0461830236017704,0,10
6,0.0614951066672802,0.04658257216215134,0,10
7,0.059905197471380234,0.048540256917476654,0,10
8,0.060584984719753265,0.044095732271671295,0,10
9,0.06211267039179802,0.047557711601257324,0,10
10,0.06107860803604126,0.042246606200933456,0,10
11,0.0625099167227745,0.0426504909992218,0,10
12,0.0627598837018013,0.03702399134635925,0,10
13,0.06074700877070427,0.0484958179295063,0,10
14,0.06315964460372925,0.0383785106241703,0,10
15,0.059247687458992004,0.038569845259189606,0,10
16,0.061787787824869156,0.051568787544965744,0,10
17,0.06201726570725441,0.03902631253004074,0,10
18,0.06180059537291527,0.042418986558914185,0,10
19,0.06202349066734314,0.0470304973423481,0,10
20,0.06246534734964371,0.03645552694797516,0,10
21,0.06198252737522125,0.048982154577970505,0,10
22,0.06235206127166748,0.05224128067493439,0,10
23,0.06129571050405502,0.043417882174253464,0,10
0,0.05066705122590065,0.05066707730293274,0,10
1,0.05509071797132492,0.05509074032306671,0,10
2,0.058988817036151886,0.05804082006216049,0,10
3,0.062357284128665924,0.04490695148706436,0,10
4,0.062174174934625626,0.046761222183704376,0,10
5,0.06218135356903076,0.05107676610350609,0,10
6,0.0614951066672802,0.045052479952573776,0,10
7,0.059905197471380234,0.02630719728767872,0,10
8,0.060584984719753265,0.03757746145129204,0,10
9,0.06211267039179802,0.04315479099750519,0,10
10,0.06107860803604126,0.043567366898059845,0,10
11,0.0625099167227745,0.048597440123558044,0,10
12,0.0627598837018013,0.04780286177992821,0,10
13,0.06074700877070427,0.02867005206644535,0,10
14,0.06315964460372925,0.0419885478913784,0,10
15,0.059247687458992004,0.028581928461790085,0,10
16,0.061787787824869156,0.04619333893060684,0,10
17,0.06201726570725441,0.03986956924200058,0,10
18,0.06180059537291527,0.04348290339112282,0,10
19,0.06202349066734314,0.04110410064458847,0,10
20,0.06246534734964371,0.04811953380703926,0,10
21,0.06198252737522125,0.047956738620996475,0,10
22,0.06235206127166748,0.04898960515856743,0,10
23,0.06129571050405502,0.04859912395477295,0,10
24,0.06179182231426239,0.04210425913333893,0,10
0,0.05066705122590065,0.05066708102822304,0,10
1,0.05509071797132492,0.05509074404835701,0,10
2,0.058988817036151886,0.05586317181587219,0,10
3,0.062357284128665924,0.04190918803215027,0,10
4,0.062174174934625626,0.042142871767282486,0,10
5,0.06218135356903076,0.045530278235673904,0,10
6,0.0614951066672802,0.04564616084098816,0,10
7,0.059905197471380234,0.029849452897906303,0,10
8,0.060584984719753265,0.04438021779060364,0,10
9,0.06211267039179802,0.03652770072221756,0,10
10,0.06107860803604126,0.04230324923992157,0,10
11,0.0625099167227745,0.03934904932975769,0,10
12,0.0627598837018013,0.047232285141944885,0,10
13,0.06074700877070427,0.03948386758565903,0,10
14,0.06315964460372925,0.03737344592809677,0,10
15,0.059247687458992004,0.04074414074420929,0,10
16,0.061787787824869156,0.037920672446489334,0,10
17,0.06201726570725441,0.04430168494582176,0,10
18,0.06180059537291527,0.03859918192028999,0,10
19,0.06202349066734314,0.0415705107152462,0,10
20,0.06246534734964371,0.037996724247932434,0,10
21,0.06198252737522125,0.04452044516801834,0,10
22,0.06235206127166748,0.050299156457185745,0,10
23,0.06129571050405502,0.0495576448738575,0,10
24,0.06179182231426239,0.05185260996222496,0,10
25,0.06215982884168625,0.04638533666729927,0,10
0,0.05066705122590065,0.05066707730293274,0,10
1,0.05509071797132492,0.05509074032306671,0,10
2,0.058988817036151886,0.05332839488983154,0,10
3,0.062357284128665924,0.0418522022664547,0,10
4,0.062174174934625626,0.04325685277581215,0,10
5,0.06218135356903076,0.03791772946715355,0,10
6,0.0614951066672802,0.05337624251842499,0,10
7,0.059905197471380234,0.029404589906334877,0,10
8,0.060584984719753265,0.044313542544841766,0,10
9,0.06211267039179802,0.04687662050127983,0,10
10,0.06107860803604126,0.03609311953186989,0,10
11,0.0625099167227745,0.044915441423654556,0,10
12,0.0627598837018013,0.042957961559295654,0,10
13,0.06074700877070427,0.046780578792095184,0,10
14,0.06315964460372925,0.04221392422914505,0,10
15,0.059247687458992004,0.04260404780507088,0,10
16,0.061787787824869156,0.042538441717624664,0,10
17,0.06201726570725441,0.04464631900191307,0,10
18,0.06180059537291527,0.05426672101020813,0,10
19,0.06202349066734314,0.04721066355705261,0,10
20,0.06246534734964371,0.037918031215667725,0,10
21,0.06198252737522125,0.03763977810740471,0,10
22,0.06235206127166748,0.04644855484366417,0,10
23,0.06129571050405502,0.055293481796979904,0,10
24,0.06179182231426239,0.03918388858437538,0,10
25,0.06215982884168625,0.04434889182448387,0,10
26,0.0608372688293457,0.04341737553477287,0,10
0,0.05066705122590065,0.05066706985235214,0,10
1,0.05509071797132492,0.05509074032306671,0,10
2,0.058988817036151886,0.05898880958557129,0,10
3,0.062357284128665924,0.046110864728689194,0,10
4,0.062174174934625626,0.043646182864904404,0,10
5,0.06218135356903076,0.05232422426342964,0,10
6,0.0614951066672802,0.0412270687520504,0,10
7,0.059905197471380234,0.051811110228300095,0,10
8,0.060584984719753265,0.035693854093551636,0,10
9,0.06211267039179802,0.049332670867443085,0,10
10,0.06107860803604126,0.040915053337812424,0,10
11,0.0625099167227745,0.040542397648096085,0,10
12,0.0627598837018013,0.05121304467320442,0,10
13,0.06074700877070427,0.05003023147583008,0,10
14,0.06315964460372925,0.034525416791439056,0,10
15,0.059247687458992004,0.021905506029725075,0,10
16,0.061787787824869156,0.045897919684648514,0,10
17,0.06201726570725441,0.043080415576696396,0,10
18,0.06180059537291527,0.048205867409706116,0,10
19,0.06202349066734314,0.04948192089796066,0,10
20,0.06246534734964371,0.04803622514009476,0,10
21,0.06198252737522125,0.035288162529468536,0,10
22,0.06235206127166748,0.04680965840816498,0,10
23,0.06129571050405502,0.042565200477838516,0,10
24,0.06179182231426239,0.04436374083161354,0,10
25,0.06215982884168625,0.05659628286957741,0,10
26,0.0608372688293457,0.04023868218064308,0,10
27,0.06178509071469307,0.0481799840927124,0,10
0,0.05066705122590065,0.05066708102822304,0,10
1,0.05509071797132492,0.05509074032306671,0,10
2,0.058988817036151886,0.0564473532140255,0,10
3,0.062357284128665924,0.04217413812875748,0,10
4,0.062174174934625626,0.04088660329580307,0,10
5,0.06218135356903076,0.04829594865441322,0,10
6,0.0614951066672802,0.04386110231280327,0,10
7,0.059905197471380234,0.04253403842449188,0,10
8,0.060584984719753265,0.033119555562734604,0,10
9,0.06211267039179802,0.04961634427309036,0,10
10,0.06107860803604126,0.03378653526306152,0,10
11,0.0625099167227745,0.049957700073719025,0,10
12,0.0627598837018013,0.04605099558830261,0,10
13,0.06074700877070427,0.04255829006433487,0,10
14,0.06315964460372925,0.05409488081932068,0,10
15,0.059247687458992004,0.04495251551270485,0,10
16,0.061787787824869156,0.04605657979846001,0,10
17,0.06201726570725441,0.04762617498636246,0,10
18,0.06180059537291527,0.0544724315404892,0,10
19,0.06202349066734314,0.04015052691102028,0,10
20,0.06246534734964371,0.046086885035037994,0,10
21,0.06198252737522125,0.03880994766950607,0,10
22,0.06235206127166748,0.04640962556004524,0,10
23,0.06129571050405502,0.04231201857328415,0,10
24,0.06179182231426239,0.0451439693570137,0,10
25,0.06215982884168625,0.043779075145721436,0,10
26,0.0608372688293457,0.04907975718379021,0,10
27,0.06178509071469307,0.045826587826013565,0,10
28,0.06011595204472542,0.04254365339875221,0,10
0,0.05066705122590065,0.05066707357764244,0,10
1,0.05509071797132492,0.05509075149893761,0,10
2,0.058988817036151886,0.05660303682088852,0,10
3,0.062357284128665924,0.04974566400051117,0,10
4,0.062174174934625626,0.054224442690610886,0,10
5,0.06218135356903076,0.05030530318617821,0,10
6,0.0614951066672802,0.04679599031805992,0,10
7,0.059905197471380234,0.03885430470108986,0,10
8,0.060584984719753265,0.040628377348184586,0,10
9,0.06211267039179802,0.046000391244888306,0,10
10,0.06107860803604126,0.03964248299598694,0,10
11,0.0625099167227745,0.04263654723763466,0,10
12,0.0627598837018013,0.04748477414250374,0,10
13,0.06074700877070427,0.03429108113050461,0,10
14,0.06315964460372925,0.04971614107489586,0,10
15,0.059247687458992004,0.04503266140818596,0,10
16,0.061787787824869156,0.04690958186984062,0,10
17,0.06201726570725441,0.0338454507291317,0,10
18,0.06180059537291527,0.04727388545870781,0,10
19,0.06202349066734314,0.04611092060804367,0,10
20,0.06246534734964371,0.04390184208750725,0,10
21,0.06198252737522125,0.03832754120230675,0,10
22,0.06235206127166748,0.042254071682691574,0,10
23,0.06129571050405502,0.05115335434675217,0,10
24,0.06179182231426239,0.038079243153333664,0,10
25,0.06215982884168625,0.045383043587207794,0,10
26,0.0608372688293457,0.03961380571126938,0,10
27,0.06178509071469307,0.05137542635202408,0,10
28,0.06011595204472542,0.041601382195949554,0,10
29,0.06292914599180222,0.047891486436128616,0,10
0,0.05066705122590065,0.05066707357764244,0,10
1,0.05509071797132492,0.05509074777364731,0,10
2,0.058988817036151886,0.055985309183597565,0,10
3,0.062357284128665924,0.04915105924010277,0,10
4,0.062174174934625626,0.05036913603544235,0,10
5,0.06218135356903076,0.014165341854095459,0,10
6,0.0614951066672802,0.04495827481150627,0,10
7,0.059905197471380234,0.04326621815562248,0,10
8,0.060584984719753265,0.030613219365477562,0,10
9,0.06211267039179802,0.053373947739601135,0,10
10,0.06107860803604126,0.04402892291545868,0,10
11,0.0625099167227745,0.04704056307673454,0,10
12,0.0627598837018013,0.051532573997974396,0,10
13,0.06074700877070427,0.043786823749542236,0,10
14,0.06315964460372925,0.04253539815545082,0,10
15,0.059247687458992004,0.04233182966709137,0,10
16,0.061787787824869156,0.0484735332429409,0,10
17,0.06201726570725441,0.04371519014239311,0,10
18,0.06180059537291527,0.04196380451321602,0,10
19,0.06202349066734314,0.03216169774532318,0,10
20,0.06246534734964371,0.041500017046928406,0,10
21,0.06198252737522125,0.04569007456302643,0,10
22,0.06235206127166748,0.04572663828730583,0,10
23,0.06129571050405502,0.04399269074201584,0,10
24,0.06179182231426239,0.04316558688879013,0,10
25,0.06215982884168625,0.028807148337364197,0,10
26,0.0608372688293457,0.04357636347413063,0,10
27,0.06178509071469307,0.04829401150345802,0,10
28,0.06011595204472542,0.043545663356781006,0,10
29,0.06292914599180222,0.04355514794588089,0,10
30,0.06281833350658417,0.043163131922483444,0,10
0,0.05066705122590065,0.05066707357764244,0,10
1,0.05509071797132492,0.05509074777364731,0,10
2,0.058988817036151886,0.05640479922294617,0,10
3,0.062357284128665924,0.053707245737314224,0,10
4,0.062174174934625626,0.04032439738512039,0,10
5,0.06218135356903076,0.04899808019399643,0,10
6,0.0614951066672802,0.043054357171058655,0,10
7,0.059905197471380234,0.04682522267103195,0,10
8,0.060584984719753265,0.04545678570866585,0,10
9,0.06211267039179802,0.037658847868442535,0,10
10,0.06107860803604126,0.03861158341169357,0,10
11,0.0625099167227745,0.05789957568049431,0,10
12,0.0627598837018013,0.047603290528059006,0,10
13,0.06074700877070427,0.049244463443756104,0,10
14,0.06315964460372925,0.03958899900317192,0,10
15,0.059247687458992004,0.04569218307733536,0,10
16,0.061787787824869156,0.05083933100104332,0,10
17,0.06201726570725441,0.03692646697163582,0,10
18,0.06180059537291527,0.047119054943323135,0,10
19,0.06202349066734314,0.04284960404038429,0,10
20,0.06246534734964371,0.042651958763599396,0,10
21,0.06198252737522125,0.04950331896543503,0,10
22,0.06235206127166748,0.020289722830057144,0,10
23,0.06129571050405502,0.042187631130218506,0,10
24,0.06179182231426239,0.043356139212846756,0,10
25,0.06215982884168625,0.04668929800391197,0,10
26,0.0608372688293457,0.03358170762658119,0,10
27,0.06178509071469307,0.02436954528093338,0,10
28,0.06011595204472542,0.03956189379096031,0,10
29,0.06292914599180222,0.045797672122716904,0,10
30,0.06281833350658417,0.04587305337190628,0,10
31,0.0617934875190258,0.049303892999887466,0,10
0,0.05066705122590065,0.05066706985235214,0,10
1,0.05509071797132492,0.05509074032306671,0,10
2,0.058988817036151886,0.054921314120292664,0,10
3,0.062357284128665924,0.0498383603990078,0,10
4,0.062174174934625626,0.05216340348124504,0,10
5,0.06218135356903076,0.04429420828819275,0,10
6,0.0614951066672802,0.04397278651595116,0,10
7,0.059905197471380234,0.045611683279275894,0,10
8,0.060584984719753265,0.041448190808296204,0,10
9,0.06211267039179802,0.04723593220114708,0,10
10,0.06107860803604126,0.03797747194766998,0,10
11,0.0625099167227745,0.046901073306798935,0,10
12,0.0627598837018013,0.03750266507267952,0,10
13,0.06074700877070427,0.037406839430332184,0,10
14,0.06315964460372925,0.045526232570409775,0,10
15,0.059247687458992004,0.04502953588962555,0,10
16,0.061787787824869156,0.0461142361164093,0,10
17,0.06201726570725441,0.04680338129401207,0,10
18,0.06180059537291527,0.04124072566628456,0,10
19,0.06202349066734314,0.04266774654388428,0,10
20,0.06246534734964371,0.04713825136423111,0,10
21,0.06198252737522125,0.05266154929995537,0,10
22,0.06235206127166748,0.04268089309334755,0,10
23,0.06129571050405502,0.029974469915032387,0,10
24,0.06179182231426239,0.05124012753367424,0,10
25,0.06215982884168625,0.03580744192004204,0,10
26,0.0608372688293457,0.03780669718980789,0,10
27,0.06178509071469307,0.04707226902246475,0,10
28,0.06011595204472542,0.043481871485710144,0,10
29,0.06292914599180222,0.047126010060310364,0,10
30,0.06281833350658417,0.04360128566622734,0,10
31,0.0617934875190258,0.0484965518116951,0,10
32,0.06047862395644188,0.049499303102493286,0,10
0,0.05066705122590065,0.05066708102822304,0,10
1,0.05509071797132492,0.05509074404835701,0,10
2,0.058988817036151886,0.05859776586294174,0,10
3,0.062357284128665924,0.039122335612773895,0,10
4,0.062174174934625626,0.04864231124520302,0,10
5,0.06218135356903076,0.043355315923690796,0,10
6,0.0614951066672802,0.03783151134848595,0,10
7,0.059905197471380234,0.041605062782764435,0,10
8,0.060584984719753265,0.04441621154546738,0,10
9,0.06211267039179802,0.0416436567902565,0,10
10,0.06107860803604126,0.040907494723796844,0,10
11,0.0625099167227745,0.04567798599600792,0,10
12,0.0627598837018013,0.0313289575278759,0,10
13,0.06074700877070427,0.04926208034157753,0,10
14,0.06315964460372925,0.035700391978025436,0,10
15,0.059247687458992004,0.045653026551008224,0,10
16,0.061787787824869156,0.04585900530219078,0,10
17,0.06201726570725441,0.03760645166039467,0,10
18,0.06180059537291527,0.044565245509147644,0,10
19,0.06202349066734314,0.04452379792928696,0,10
20,0.06246534734964371,0.04202445596456528,0,10
21,0.06198252737522125,0.05481048673391342,0,10
22,0.06235206127166748,0.04066668078303337,0,10
23,0.06129571050405502,0.03450890630483627,0,10
24,0.06179182231426239,0.044193364679813385,0,10
25,0.06215982884168625,0.04742438718676567,0,10
26,0.0608372688293457,0.032136812806129456,0,10
27,0.06178509071469307,0.05368770658969879,0,10
28,0.06011595204472542,0.04514371231198311,0,10
29,0.06292914599180222,0.049948398023843765,0,10
30,0.06281833350658417,0.043191518634557724,0,10
31,0.0617934875190258,0.04277423769235611,0,10
32,0.06047862395644188,0.04460890591144562,0,10
33,0.061857350170612335,0.04592667892575264,0,10
0,0.05066705122590065,0.05066708102822304,0,10
1,0.05509071797132492,0.05509074032306671,0,10
2,0.058988817036151886,0.054674480110406876,0,10
3,0.062357284128665924,0.045460257679224014,0,10
4,0.062174174934625626,0.04232826828956604,0,10
5,0.06218135356903076,0.05528887361288071,0,10
6,0.0614951066672802,0.041984450072050095,0,10
7,0.059905197471380234,0.05030243098735809,0,10
8,0.060584984719753265,0.04329032450914383,0,10
9,0.06211267039179802,0.05412459000945091,0,10
10,0.06107860803604126,0.039692189544439316,0,10
11,0.0625099167227745,0.05484561249613762,0,10
12,0.0627598837018013,0.05175040662288666,0,10
13,0.06074700877070427,0.04706107825040817,0,10
14,0.06315964460372925,0.042247578501701355,0,10
15,0.059247687458992004,0.04053933173418045,0,10
16,0.061787787824869156,0.04256047308444977,0,10
17,0.06201726570725441,0.04421592503786087,0,10
18,0.06180059537291527,0.04579707235097885,0,10
19,0.06202349066734314,0.043451398611068726,0,10
20,0.06246534734964371,0.046760350465774536,0,10
21,0.06198252737522125,0.04576272889971733,0,10
22,0.06235206127166748,0.04211942106485367,0,10
23,0.06129571050405502,0.050754692405462265,0,10
24,0.06179182231426239,0.04117817059159279,0,10
25,0.06215982884168625,0.051596324890851974,0,10
26,0.0608372688293457,0.03942609578371048,0,10
27,0.06178509071469307,0.049998246133327484,0,10
28,0.06011595204472542,0.03878949582576752,0,10
29,0.06292914599180222,0.04700367525219917,0,10
30,0.06281833350658417,0.0452909991145134,0,10
31,0.0617934875190258,0.037103086709976196,0,10
32,0.06047862395644188,0.03950189799070358,0,10
33,0.061857350170612335,0.045861002057790756,0,10
34,0.059777431190013885,0.0400364026427269,0,10
0,0.05066705122590065,0.05066706985235214,0,10
1,0.05509071797132492,0.05509074404835701,0,10
2,0.058988817036151886,0.058988817036151886,0,10
3,0.062357284128665924,0.026003364473581314,0,10
4,0.062174174934625626,0.04296759516000748,0,10
5,0.06218135356903076,0.034175094217061996,0,10
6,0.0614951066672802,0.04592831805348396,0,10
7,0.059905197471380234,0.047810494899749756,0,10
8,0.060584984719753265,0.03952857479453087,0,10
9,0.06211267039179802,0.04697754606604576,0,10
10,0.06107860803604126,0.04419355466961861,0,10
11,0.0625099167227745,0.03834080323576927,0,10
12,0.0627598837018013,0.04348517954349518,0,10
13,0.06074700877070427,0.02062360756099224,0,10
14,0.06315964460372925,0.043865103274583817,0,10
15,0.059247687458992004,0.04707905650138855,0,10
16,0.061787787824869156,0.050161466002464294,0,10
17,0.06201726570725441,0.0468788705766201,0,10
18,0.06180059537291527,0.04592914134263992,0,10
19,0.06202349066734314,0.03816771134734154,0,10
20,0.06246534734964371,0.04305344447493553,0,10
21,0.06198252737522125,0.0497710146009922,0,10
22,0.06235206127166748,0.03809557110071182,0,10
23,0.06129571050405502,0.04781946539878845,0,10
24,0.06179182231426239,0.04229333624243736,0,10
25,0.06215982884168625,0.04845499247312546,0,10
26,0.0608372688293457,0.05409752577543259,0,10
27,0.06178509071469307,0.04562544822692871,0,10
28,0.06011595204472542,0.04314960911870003,0,10
29,0.06292914599180222,0.044862426817417145,0,10
30,0.06281833350658417,0.03902546688914299,0,10
31,0.0617934875190258,0.04687700420618057,0,10
32,0.06047862395644188,0.04622044041752815,0,10
33,0.061857350170612335,0.040967803448438644,0,10
34,0.059777431190013885,0.04002884402871132,0,10
35,0.06058936193585396,0.04757729545235634,0,10
0,0.05066705122590065,0.05066707357764244,0,10
1,0.05509071797132492,0.05509074404835701,0,10
2,0.058988817036151886,0.05650902912020683,0,10
3,0.062357284128665924,0.04558487981557846,0,10
4,0.062174174934625626,0.04556737467646599,0,10
5,0.06218135356903076,0.04742977395653725,0,10
6,0.0614951066672802,0.042564474046230316,0,10
7,0.059905197471380234,0.04240924492478371,0,10
8,0.060584984719753265,0.041477084159851074,0,10
9,0.06211267039179802,0.03881025314331055,0,10
10,0.06107860803604126,0.04029976204037666,0,10
11,0.0625099167227745,0.04935038834810257,0,10
12,0.0627598837018013,0.0378202423453331,0,10
13,0.06074700877070427,0.04104600101709366,0,10
14,0.06315964460372925,0.04235256463289261,0,10
15,0.059247687458992004,0.018897227942943573,0,10
16,0.061787787824869156,0.04269983991980553,0,10
17,0.06201726570725441,0.05072386562824249,0,10
18,0.06180059537291527,0.03448351472616196,0,10
19,0.06202349066734314,0.05268092453479767,0,10
20,0.06246534734964371,0.047939613461494446,0,10
21,0.06198252737522125,0.036517586559057236,0,10
22,0.06235206127166748,0.03879469633102417,0,10
23,0.06129571050405502,0.04412878304719925,0,10
24,0.06179182231426239,0.05003761127591133,0,10
25,0.06215982884168625,0.04572620615363121,0,10
26,0.0608372688293457,0.049934010952711105,0,10
27,0.06178509071469307,0.04651898145675659,0,10
28,0.06011595204472542,0.04517104849219322,0,10
29,0.06292914599180222,0.047598905861377716,0,10
30,0.06281833350658417,0.036594465374946594,0,10
31,0.0617934875190258,0.04285604506731033,0,10
32,0.06047862395644188,0.02440580353140831,0,10
33,0.061857350170612335,0.039128050208091736,0,10
34,0.059777431190013885,0.049278274178504944,0,10
35,0.06058936193585396,0.040116019546985626,0,10
36,0.06297371536493301,0.055035077035427094,0,10
0,0.05066705122590065,0.05066706985235214,0,10
1,0.05509071797132492,0.05509074032306671,0,10
2,0.058988817036151886,0.05579964816570282,0,10
3,0.062357284128665924,0.05138852074742317,0,10
4,0.062174174934625626,0.04099017009139061,0,10
5,0.06218135356903076,0.04241396114230156,0,10
6,0.0614951066672802,0.03603169322013855,0,10
7,0.059905197471380234,0.0363696925342083,0,10
8,0.060584984719753265,0.032024674117565155,0,10
9,0.06211267039179802,0.03836458921432495,0,10
10,0.06107860803604126,0.04626872390508652,0,10
11,0.0625099167227745,0.034637365490198135,0,10
12,0.0627598837018013,0.051301874220371246,0,10
13,0.06074700877070427,0.03699606657028198,0,10
14,0.06315964460372925,0.045526083558797836,0,10
15,0.059247687458992004,0.045792076736688614,0,10
16,0.061787787824869156,0.048230793327093124,0,10
17,0.06201726570725441,0.047521188855171204,0,10
18,0.06180059537291527,0.04326082020998001,0,10
19,0.06202349066734314,0.0435236431658268,0,10
20,0.06246534734964371,0.04565040022134781,0,10
21,0.06198252737522125,0.04602240398526192,0,10
22,0.06235206127166748,0.047642916440963745,0,10
23,0.06129571050405502,0.029535766690969467,0,10
24,0.06179182231426239,0.05399841442704201,0,10
25,0.06215982884168625,0.04612873122096062,0,10
26,0.0608372688293457,0.04011527821421623,0,10
27,0.06178509071469307,0.05167102813720703,0,10
28,0.06011595204472542,0.05123058706521988,0,10
29,0.06292914599180222,0.0490022636950016,0,10
30,0.06281833350658417,0.03774763271212578,0,10
31,0.0617934875190258,0.0460536815226078,0,10
32,0.06047862395644188,0.04602617770433426,0,10
33,0.061857350170612335,0.038901641964912415,0,10
34,0.059777431190013885,0.04298344999551773,0,10
35,0.06058936193585396,0.038657382130622864,0,10
36,0.06297371536493301,0.04457469657063484,0,10
37,0.061892904341220856,0.04802132025361061,0,10
0,0.05066705122590065,0.05066707357764244,0,10
1,0.05509071797132492,0.05509074777364731,0,10
2,0.058988817036151886,0.055536914616823196,0,10
3,0.062357284128665924,0.03951685503125191,0,10
4,0.062174174934625626,0.04761210083961487,0,10
5,0.06218135356903076,0.03880847990512848,0,10
6,0.0614951066672802,0.044375669211149216,0,10
7,0.059905197471380234,0.03525304049253464,0,10
8,0.060584984719753265,0.037325385957956314,0,10
9,0.06211267039179802,0.047588642686605453,0,10
10,0.06107860803604126,0.042199887335300446,0,10
11,0.0625099167227745,0.052492912858724594,0,10
12,0.0627598837018013,0.0383128747344017,0,10
13,0.06074700877070427,0.04287488013505936,0,10
14,0.06315964460372925,0.04847431182861328,0,10
15,0.059247687458992004,0.03906453028321266,0,10
16,0.061787787824869156,0.046645745635032654,0,10
17,0.06201726570725441,0.04308219999074936,0,10
18,0.06180059537291527,0.04902225360274315,0,10
19,0.06202349066734314,0.046155184507369995,0,10
20,0.06246534734964371,0.04066642373800278,0,10
21,0.06198252737522125,0.04735754802823067,0,10
22,0.06235206127166748,0.04823287948966026,0,10
23,0.06129571050405502,0.042896442115306854,0,10
24,0.06179182231426239,0.04391347989439964,0,10
25,0.06215982884168625,0.04395531117916107,0,10
26,0.0608372688293457,0.041654180735349655,0,10
27,0.06178509071469307,0.05009595304727554,0,10
28,0.06011595204472542,0.04006373509764671,0,10
29,0.06292914599180222,0.04695077985525131,0,10
30,0.06281833350658417,0.046092525124549866,0,10
31,0.0617934875190258,0.04844271391630173,0,10
32,0.06047862395644188,0.04672320559620857,0,10
33,0.061857350170612335,0.038413383066654205,0,10
34,0.059777431190013885,0.046462614089250565,0,10
35,0.06058936193585396,0.04973888397216797,0,10
36,0.06297371536493301,0.05625521391630173,0,10
37,0.061892904341220856,0.04526479169726372,0,10
38,0.0625041276216507,0.05007774010300636,0,10
0,0.05066705122590065,0.05066707730293274,0,10
1,0.05509071797132492,0.05509073659777641,0,10
2,0.058988817036151886,0.056121956557035446,0,10
3,0.062357284128665924,0.037465423345565796,0,10
4,0.062174174934625626,0.0433809831738472,0,10
5,0.06218135356903076,0.04552760720252991,0,10
6,0.0614951066672802,0.04473854973912239,0,10
7,0.059905197471380234,0.038898151367902756,0,10
8,0.060584984719753265,0.036103565245866776,0,10
9,0.06211267039179802,0.03104444593191147,0,10
10,0.06107860803604126,0.04541860148310661,0,10
11,0.0625099167227745,0.03829978406429291,0,10
12,0.0627598837018013,0.046200089156627655,0,10
13,0.06074700877070427,0.038026805967092514,0,10
14,0.06315964460372925,0.049388278275728226,0,10
15,0.059247687458992004,0.04579254239797592,0,10
16,0.061787787824869156,0.0463220551609993,0,10
17,0.06201726570725441,0.040379926562309265,0,10
18,0.06180059537291527,0.0439675897359848,0,10
19,0.06202349066734314,0.0458088256418705,0,10
20,0.06246534734964371,0.04828694462776184,0,10
21,0.06198252737522125,0.04430191591382027,0,10
22,0.06235206127166748,0.048170678317546844,0,10
23,0.06129571050405502,0.04221197962760925,0,10
24,0.06179182231426239,0.04912424460053444,0,10
25,0.06215982884168625,0.04455798491835594,0,10
26,0.0608372688293457,0.03539007529616356,0,10
27,0.06178509071469307,0.05028918758034706,0,10
28,0.06011595204472542,0.04927179962396622,0,10
29,0.06292914599180222,0.04354371130466461,0,10
30,0.06281833350658417,0.037776075303554535,0,10
31,0.0617934875190258,0.04637518152594566,0,10
32,0.06047862395644188,0.03963436931371689,0,10
33,0.061857350170612335,0.053262025117874146,0,10
34,0.059777431190013885,0.04084772244095802,0,10
35,0.06058936193585396,0.04760867729783058,0,10
36,0.06297371536493301,0.02879531867802143,0,10
37,0.061892904341220856,0.03780803829431534,0,10
38,0.0625041276216507,0.03940264508128166,0,10
39,0.061589986085891724,0.04445347189903259,0,10
0,0.05066705122590065,0.05066708102822304,0,10
1,0.05509071797132492,0.05509074404835701,0,10
2,0.058988817036151886,0.05519852787256241,0,10
3,0.062357284128665924,0.03582589700818062,0,10
4,0.062174174934625626,0.047836754471063614,0,10
5,0.06218135356903076,0.053806181997060776,0,10
6,0.0614951066672802,0.05338529497385025,0,10
7,0.059905197471380234,0.04208650067448616,0,10
8,0.060584984719753265,0.049397993832826614,0,10
9,0.06211267039179802,0.039245959371328354,0,10
10,0.06107860803604126,0.04822136461734772,0,10
11,0.0625099167227745,0.04280613362789154,0,10
12,0.0627598837018013,0.04181479290127754,0,10
13,0.06074700877070427,0.04161538556218147,0,10
14,0.06315964460372925,0.05255996063351631,0,10
15,0.059247687458992004,0.038326382637023926,0,10
16,0.061787787824869156,0.054979465901851654,0,10
17,0.06201726570725441,0.028909048065543175,0,10
18,0.06180059537291527,0.042298540472984314,0,10
19,0.06202349066734314,0.04350179806351662,0,10
20,0.06246534734964371,0.04531335458159447,0,10
21,0.06198252737522125,0.03976689651608467,0,10
22,0.06235206127166748,0.05451031029224396,0,10
23,0.06129571050405502,0.05022810772061348,0,10
24,0.06179182231426239,0.051515739411115646,0,10
25,0.06215982884168625,0.053423237055540085,0,10
26,0.0608372688293457,0.0478377565741539,0,10
27,0.06178509071469307,0.042387787252664566,0,10
28,0.06011595204472542,0.04089708253741264,0,10
29,0.06292914599180222,0.031957462430000305,0,10
30,0.06281833350658417,0.04205918684601784,0,10
31,0.0617934875190258,0.04211226478219032,0,10
32,0.06047862395644188,0.03579093515872955,0,10
33,0.061857350170612335,0.038439515978097916,0,10
34,0.059777431190013885,0.042771391570568085,0,10
35,0.06058936193585396,0.02900959923863411,0,10
36,0.06297371536493301,0.033729132264852524,0,10
37,0.061892904341220856,0.04671516269445419,0,10
38,0.0625041276216507,0.04464421421289444,0,10
39,0.061589986085891724,0.035768307745456696,0,10
40,0.06148860976099968,0.04205802455544472,0,10
0,0.05066705122590065,0.05066707730293274,0,10
1,0.05509071797132492,0.05509074777364731,0,10
2,0.058988817036151886,0.0589887909591198,0,10
3,0.062357284128665924,0.041498858481645584,0,10
4,0.062174174934625626,0.050764426589012146,0,10
5,0.06218135356903076,0.042085323482751846,0,10
6,0.0614951066672802,0.03556171432137489,0,10
7,0.059905197471380234,0.04027894511818886,0,10
8,0.060584984719753265,0.04599577561020851,0,10
9,0.06211267039179802,0.050233229994773865,0,10
10,0.06107860803604126,0.044355906546115875,0,10
11,0.0625099167227745,0.02547510713338852,0,10
12,0.0627598837018013,0.041843514889478683,0,10
13,0.06074700877070427,0.02748892828822136,0,10
14,0.06315964460372925,0.040786199271678925,0,10
15,0.059247687458992004,0.038921453058719635,0,10
16,0.061787787824869156,0.04402787610888481,0,10
17,0.06201726570725441,0.0390704981982708,0,10
18,0.06180059537291527,0.04122103750705719,0,10
19,0.06202349066734314,0.04777856171131134,0,10
20,0.06246534734964371,0.044606760144233704,0,10
21,0.06198252737522125,0.04394427314400673,0,10
22,0.06235206127166748,0.04918399453163147,0,10
23,0.06129571050405502,0.0363626591861248,0,10
24,0.06179182231426239,0.051695339381694794,0,10
25,0.06215982884168625,0.04494890570640564,0,10
26,0.0608372688293457,0.050513315945863724,0,10
27,0.06178509071469307,0.040474724024534225,0,10
28,0.06011595204472542,0.04100867360830307,0,10
29,0.06292914599180222,0.045548416674137115,0,10
30,0.06281833350658417,0.04220784083008766,0,10
31,0.0617934875190258,0.054868947714567184,0,10
32,0.06047862395644188,0.05024220794439316,0,10
33,0.061857350170612335,0.040937554091215134,0,10
34,0.059777431190013885,0.046292852610349655,0,10
35,0.06058936193585396,0.051207199692726135,0,10
36,0.06297371536493301,0.02736068330705166,0,10
37,0.061892904341220856,0.04837765172123909,0,10
38,0.0625041276216507,0.03984876722097397,0,10
39,0.061589986085891724,0.045096203684806824,0,10
40,0.06148860976099968,0.04206526279449463,0,10
41,0.061951421201229095,0.04122499004006386,0,10
0,0.05066705122590065,0.05066708102822304,0,10
1,0.05509071797132492,0.05509074777364731,0,10
2,0.058988817036151886,0.0576939731836319,0,10
3,0.062357284128665924,0.048516638576984406,0,10
4,0.062174174934625626,0.03871149942278862,0,10
5,0.06218135356903076,0.04804769158363342,0,10
6,0.0614951066672802,0.041364993900060654,0,10
7,0.059905197471380234,0.04160851240158081,0,10
8,0.060584984719753265,0.04629071429371834,0,10
9,0.06211267039179802,0.02769879624247551,0,10
10,0.06107860803604126,0.04700654000043869,0,10
11,0.0625099167227745,0.03777102380990982,0,10
12,0.0627598837018013,0.04655598849058151,0,10
13,0.06074700877070427,0.04395722597837448,0,10
14,0.06315964460372925,0.04601363092660904,0,10
15,0.059247687458992004,0.03754328936338425,0,10
16,0.061787787824869156,0.04116201773285866,0,10
17,0.06201726570725441,0.04052320122718811,0,10
18,0.06180059537291527,0.035527344793081284,0,10
19,0.06202349066734314,0.04885350912809372,0,10
20,0.06246534734964371,0.04369832202792168,0,10
21,0.06198252737522125,0.03920392319560051,0,10
22,0.06235206127166748,0.039356861263513565,0,10
23,0.06129571050405502,0.04284169524908066,0,10
24,0.06179182231426239,0.04778216779232025,0,10
25,0.06215982884168625,0.04828052967786789,0,10
26,0.0608372688293457,0.04282037541270256,0,10
27,0.06178509071469307,0.038483504205942154,0,10
28,0.06011595204472542,0.030896315351128578,0,10
29,0.06292914599180222,0.04671007767319679,0,10
30,0.06281833350658417,0.05072742700576782,0,10
31,0.0617934875190258,0.046462949365377426,0,10
32,0.06047862395644188,0.04758235439658165,0,10
33,0.061857350170612335,0.0447504036128521,0,10
34,0.059777431190013885,0.03817768767476082,0,10
35,0.06058936193585396,0.053382232785224915,0,10
36,0.06297371536493301,0.042147550731897354,0,10
37,0.061892904341220856,0.052870478481054306,0,10
38,0.0625041276216507,0.042860083281993866,0,10
39,0.061589986085891724,0.04008908569812775,0,10
40,0.06148860976099968,0.0454934798181057,0,10
41,0.061951421201229095,0.04734920710325241,0,10
42,0.062141355127096176,0.040927719324827194,0,10
0,0.05066705122590065,0.05066708102822304,0,10
1,0.05509071797132492,0.05509074777364731,0,10
2,0.058988817036151886,0.05807951092720032,0,10
3,0.062357284128665924,0.049151644110679626,0,10
4,0.062174174934625626,0.05399451404809952,0,10
5,0.06218135356903076,0.04372626915574074,0,10
6,0.0614951066672802,0.043368615210056305,0,10
7,0.059905197471380234,0.037800222635269165,0,10
8,0.060584984719753265,0.05060736835002899,0,10
9,0.06211267039179802,0.037839218974113464,0,10
10,0.06107860803604126,0.04625118151307106,0,10
11,0.0625099167227745,0.03663574904203415,0,10
12,0.0627598837018013,0.040779270231723785,0,10
13,0.06074700877070427,0.035999320447444916,0,10
14,0.06315964460372925,0.04188700392842293,0,10
15,0.059247687458992004,0.042396724224090576,0,10
16,0.061787787824869156,0.043343376368284225,0,10
17,0.06201726570725441,0.04420096054673195,0,10
18,0.06180059537291527,0.03594309464097023,0,10
19,0.06202349066734314,0.04411298409104347,0,10
20,0.06246534734964371,0.041994962841272354,0,10
21,0.06198252737522125,0.04398403689265251,0,10
22,0.06235206127166748,0.04516810551285744,0,10
23,0.06129571050405502,0.03718925267457962,0,10
24,0.06179182231426239,0.055572766810655594,0,10
25,0.06215982884168625,0.045731961727142334,0,10
26,0.0608372688293457,0.03888096660375595,0,10
27,0.06178509071469307,0.03578956052660942,0,10
28,0.06011595204472542,0.04419327899813652,0,10
29,0.06292914599180222,0.04588545486330986,0,10
30,0.06281833350658417,0.04122111573815346,0,10
31,0.0617934875190258,0.055636461824178696,0,10
32,0.06047862395644188,0.046151500195264816,0,10
33,0.061857350170612335,0.041050899773836136,0,10
34,0.059777431190013885,0.04135960340499878,0,10
35,0.06058936193585396,0.041171953082084656,0,10
36,0.06297371536493301,0.04419036582112312,0,10
37,0.061892904341220856,0.04613741859793663,0,10
38,0.0625041276216507,0.040578000247478485,0,10
39,0.061589986085891724,0.04230555519461632,0,10
40,0.06148860976099968,0.05140205845236778,0,10
41,0.061951421201229095,0.048921141773462296,0,10
42,0.062141355127096176,0.039687737822532654,0,10
43,0.06202121824026108,0.04017484188079834,0,10
0,0.05066705122590065,0.05066708102822304,0,10
1,0.05509071797132492,0.05509074404835701,0,10
2,0.058988817036151886,0.055084820836782455,0,10
3,0.062357284128665924,0.04270961880683899,0,10
4,0.062174174934625626,0.0393403023481369,0,10
5,0.06218135356903076,0.050485722720623016,0,10
6,0.0614951066672802,0.045293714851140976,0,10
7,0.059905197471380234,0.046976976096630096,0,10
8,0.060584984719753265,0.0345967598259449,0,10
9,0.06211267039179802,0.04505210369825363,0,10
10,0.06107860803604126,0.03810633718967438,0,10
11,0.0625099167227745,0.037453003227710724,0,10
12,0.0627598837018013,0.045013412833213806,0,10
13,0.06074700877070427,0.040034059435129166,0,10
14,0.06315964460372925,0.04281627759337425,0,10
15,0.059247687458992004,0.043484386056661606,0,10
16,0.061787787824869156,0.038647156208753586,0,10
17,0.06201726570725441,0.04332556575536728,0,10
18,0.06180059537291527,0.04663467779755592,0,10
19,0.06202349066734314,0.049568358808755875,0,10
20,0.06246534734964371,0.04385434836149216,0,10
21,0.06198252737522125,0.04178747907280922,0,10
22,0.06235206127166748,0.041075777262449265,0,10
23,0.06129571050405502,0.0356760211288929,0,10
24,0.06179182231426239,0.04574080556631088,0,10
25,0.06215982884168625,0.05131371319293976,0,10
26,0.0608372688293457,0.0399305522441864,0,10
27,0.06178509071469307,0.04455387219786644,0,10
28,0.06011595204472542,0.03855740651488304,0,10
29,0.06292914599180222,0.03844037652015686,0,10
30,0.06281833350658417,0.04095115512609482,0,10
31,0.0617934875190258,0.03708025440573692,0,10
32,0.06047862395644188,0.04672724008560181,0,10
33,0.061857350170612335,0.04638439044356346,0,10
34,0.059777431190013885,0.04565079137682915,0,10
35,0.06058936193585396,0.05331926792860031,0,10
36,0.06297371536493301,0.02410399354994297,0,10
37,0.061892904341220856,0.04954807832837105,0,10
38,0.0625041276216507,0.050007570534944534,0,10
39,0.061589986085891724,0.049771808087825775,0,10
40,0.06148860976099968,0.04958558827638626,0,10
41,0.061951421201229095,0.043005622923374176,0,10
42,0.062141355127096176,0.04529943689703941,0,10
43,0.06202121824026108,0.04199695587158203,0,10
44,0.06106748804450035,0.042298395186662674,0,10
0,0.05066705122590065,0.05066708102822304,0,10
1,0.05509071797132492,0.05509074032306671,0,10
2,0.058988817036151886,0.05686936900019646,0,10
3,0.062357284128665924,0.049562834203243256,0,10
4,0.062174174934625626,0.039875347167253494,0,10
5,0.06218135356903076,0.03503401204943657,0,10
6,0.0614951066672802,0.03991226851940155,0,10
7,0.059905197471380234,0.0370628759264946,0,10
8,0.060584984719753265,0.037203192710876465,0,10
9,0.06211267039179802,0.04611273109912872,0,10
10,0.06107860803604126,0.04658279940485954,0,10
11,0.0625099167227745,0.043614763766527176,0,10
12,0.0627598837018013,0.037680964916944504,0,10
13,0.06074700877070427,0.048325229436159134,0,10
14,0.06315964460372925,0.049481745809316635,0,10
15,0.059247687458992004,0.04621347412467003,0,10
16,0.061787787824869156,0.03881567344069481,0,10
17,0.06201726570725441,0.042437728494405746,0,10
18,0.06180059537291527,0.0376952663064003,0,10
19,0.06202349066734314,0.0472535565495491,0,10
20,0.06246534734964371,0.045948054641485214,0,10
21,0.06198252737522125,0.045726049691438675,0,10
22,0.06235206127166748,0.03956528380513191,0,10
23,0.06129571050405502,0.05234423279762268,0,10
24,0.06179182231426239,0.04198526218533516,0,10
25,0.06215982884168625,0.04143640771508217,0,10
26,0.0608372688293457,0.048141077160835266,0,10
27,0.06178509071469307,0.03829537704586983,0,10
28,0.06011595204472542,0.048787567764520645,0,10
29,0.06292914599180222,0.0484367311000824,0,10
30,0.06281833350658417,0.05001857876777649,0,10
31,0.0617934875190258,0.043083153665065765,0,10
32,0.06047862395644188,0.030957330018281937,0,10
33,0.061857350170612335,0.04688623175024986,0,10
34,0.059777431190013885,0.0400385744869709,0,10
35,0.06058936193585396,0.03143986314535141,0,10
36,0.06297371536493301,0.05109689384698868,0,10
37,0.061892904341220856,0.041807081550359726,0,10
38,0.0625041276216507,0.05434069409966469,0,10
39,0.061589986085891724,0.04633789137005806,0,10
40,0.06148860976099968,0.048768993467092514,0,10
41,0.061951421201229095,0.039721693843603134,0,10
42,0.062141355127096176,0.03929567709565163,0,10
43,0.06202121824026108,0.04345226660370827,0,10
44,0.06106748804450035,0.04148092493414879,0,10
45,0.06178079918026924,0.03531771898269653,0,10
0,0.05066705122590065,0.05066707730293274,0,10
1,0.05509071797132492,0.05509074404835701,0,10
2,0.058988817036151886,0.056808486580848694,0,10
3,0.062357284128665924,0.03935103118419647,0,10
4,0.062174174934625626,0.04961799830198288,0,10
5,0.06218135356903076,0.04705846309661865,0,10
6,0.0614951066672802,0.03486889973282814,0,10
7,0.059905197471380234,0.04626333341002464,0,10
8,0.060584984719753265,0.03847768157720566,0,10
9,0.06211267039179802,0.04136896878480911,0,10
10,0.06107860803604126,0.04853660985827446,0,10
11,0.0625099167227745,0.04507902264595032,0,10
12,0.0627598837018013,0.037350427359342575,0,10
13,0.06074700877070427,0.04395418241620064,0,10
14,0.06315964460372925,0.049415141344070435,0,10
15,0.059247687458992004,0.034893520176410675,0,10
16,0.061787787824869156,0.04162066429853439,0,10
17,0.06201726570725441,0.045064590871334076,0,10
18,0.06180059537291527,0.041611168533563614,0,10
19,0.06202349066734314,0.044568128883838654,0,10
20,0.06246534734964371,0.045373015105724335,0,10
21,0.06198252737522125,0.04134508594870567,0,10
22,0.06235206127166748,0.04682082682847977,0,10
23,0.06129571050405502,0.05303728207945824,0,10
24,0.06179182231426239,0.04137738049030304,0,10
25,0.06215982884168625,0.048941660672426224,0,10
26,0.0608372688293457,0.04772364720702171,0,10
27,0.06178509071469307,0.04912629723548889,0,10
28,0.06011595204472542,0.04100693762302399,0,10
29,0.06292914599180222,0.045176904648542404,0,10
30,0.06281833350658417,0.04735659807920456,0,10
31,0.0617934875190258,0.04356662929058075,0,10
32,0.06047862395644188,0.03230615705251694,0,10
33,0.061857350170612335,0.03663172572851181,0,10
34,0.059777431190013885,0.03608551248908043,0,10
35,0.06058936193585396,0.040845975279808044,0,10
36,0.06297371536493301,0.03676014393568039,0,10
37,0.061892904341220856,0.04482356458902359,0,10
38,0.0625041276216507,0.052095185965299606,0,10
39,0.061589986085891724,0.04837348684668541,0,10
40,0.06148860976099968,0.039583608508110046,0,10
41,0.061951421201229095,0.041232455521821976,0,10
42,0.062141355127096176,0.0524941124022007,0,10
43,0.06202121824026108,0.05209282040596008,0,10
44,0.06106748804450035,0.04836314171552658,0,10
45,0.06178079918026924,0.03938072919845581,0,10
46,0.061267636716365814,0.039073579013347626,0,10
0,0.05066705122590065,0.05066707357764244,0,10
1,0.05509071797132492,0.05509074032306671,0,10
2,0.058988817036151886,0.05898883193731308,0,10
3,0.062357284128665924,0.04040253162384033,0,10
4,0.062174174934625626,0.03936655446887016,0,10
5,0.06218135356903076,0.0440363809466362,0,10
6,0.0614951066672802,0.05543936789035797,0,10
7,0.059905197471380234,0.033489812165498734,0,10
8,0.060584984719753265,0.04662998765707016,0,10
9,0.06211267039179802,0.04254293814301491,0,10
10,0.06107860803604126,0.04362371563911438,0,10
11,0.0625099167227745,0.037345483899116516,0,10
12,0.0627598837018013,0.040477901697158813,0,10
13,0.06074700877070427,0.03600363805890083,0,10
14,0.06315964460372925,0.04223069176077843,0,10
15,0.059247687458992004,0.03865237534046173,0,10
16,0.061787787824869156,0.043033137917518616,0,10
17,0.06201726570725441,0.05141574889421463,0,10
18,0.06180059537291527,0.03663145750761032,0,10
19,0.06202349066734314,0.052030760794878006,0,10
20,0.06246534734964371,0.03888016566634178,0,10
21,0.06198252737522125,0.041850745677948,0,10
22,0.06235206127166748,0.0462724007666111,0,10
23,0.06129571050405502,0.052329353988170624,0,10
24,0.06179182231426239,0.045022886246442795,0,10
25,0.06215982884168625,0.05038555711507797,0,10
26,0.0608372688293457,0.050406936556100845,0,10
27,0.06178509071469307,0.043416138738393784,0,10
28,0.06011595204472542,0.040391139686107635,0,10
29,0.06292914599180222,0.02889803797006607,0,10
30,0.06281833350658417,0.05115429684519768,0,10
31,0.0617934875190258,0.043336741626262665,0,10
32,0.06047862395644188,0.03913333639502525,0,10
33,0.061857350170612335,0.042324457317590714,0,10
34,0.059777431190013885,0.0363386832177639,0,10
35,0.06058936193585396,0.048960670828819275,0,10
36,0.06297371536493301,0.0452837310731411,0,10
37,0.061892904341220856,0.04298045113682747,0,10
38,0.0625041276216507,0.054137200117111206,0,10
39,0.061589986085891724,0.04906565696001053,0,10
40,0.06148860976099968,0.03690088167786598,0,10
41,0.061951421201229095,0.0507114976644516,0,10
42,0.062141355127096176,0.04233745113015175,0,10
43,0.06202121824026108,0.04063977301120758,0,10
44,0.06106748804450035,0.03627002611756325,0,10
45,0.06178079918026924,0.043141838163137436,0,10
46,0.061267636716365814,0.045843787491321564,0,10
47,0.0617426298558712,0.03533253073692322,0,10
0,0.05066705122590065,0.05066706985235214,0,10
1,0.05509071797132492,0.05509074404835701,0,10
2,0.058988817036151886,0.05477838218212128,0,10
3,0.062357284128665924,0.03992905095219612,0,10
4,0.062174174934625626,0.04259277507662773,0,10
5,0.06218135356903076,0.0449722558259964,0,10
6,0.0614951066672802,0.04280341416597366,0,10
7,0.059905197471380234,0.043108414858579636,0,10
8,0.060584984719753265,0.03920099511742592,0,10
9,0.06211267039179802,0.04378379508852959,0,10
10,0.06107860803604126,0.042317651212215424,0,10
11,0.0625099167227745,0.04052133113145828,0,10
12,0.0627598837018013,0.02096538059413433,0,10
13,0.06074700877070427,0.03308679908514023,0,10
14,0.06315964460372925,0.04528370127081871,0,10
15,0.059247687458992004,0.04652421921491623,0,10
16,0.061787787824869156,0.040380578488111496,0,10
17,0.06201726570725441,0.04245151951909065,0,10
18,0.06180059537291527,0.038989000022411346,0,10
19,0.06202349066734314,0.04367633908987045,0,10
20,0.06246534734964371,0.038339678198099136,0,10
21,0.06198252737522125,0.04666377604007721,0,10
22,0.06235206127166748,0.041672639548778534,0,10
23,0.06129571050405502,0.043141160160303116,0,10
24,0.06179182231426239,0.04295725375413895,0,10
25,0.06215982884168625,0.0467742457985878,0,10
26,0.0608372688293457,0.04064467176795006,0,10
27,0.06178509071469307,0.05053580179810524,0,10
28,0.06011595204472542,0.041722267866134644,0,10
29,0.06292914599180222,0.05143359676003456,0,10
30,0.06281833350658417,0.045288264751434326,0,10
31,0.0617934875190258,0.03669213503599167,0,10
32,0.06047862395644188,0.04361796751618385,0,10
33,0.061857350170612335,0.047073960304260254,0,10
34,0.059777431190013885,0.04171042516827583,0,10
35,0.06058936193585396,0.023733031004667282,0,10
36,0.06297371536493301,0.04080966114997864,0,10
37,0.061892904341220856,0.04523970186710358,0,10
38,0.0625041276216507,0.03871278092265129,0,10
39,0.061589986085891724,0.04796241223812103,0,10
40,0.06148860976099968,0.0428510345518589,0,10
41,0.061951421201229095,0.05048082768917084,0,10
42,0.062141355127096176,0.045152436941862106,0,10
43,0.06202121824026108,0.045393988490104675,0,10
44,0.06106748804450035,0.05419960618019104,0,10
45,0.06178079918026924,0.046582382172346115,0,10
46,0.061267636716365814,0.04811221733689308,0,10
47,0.0617426298558712,0.04027926176786423,0,10
48,0.06139246001839638,0.04691198095679283,0,10
0,0.05066705122590065,0.05066706985235214,0,10
1,0.05509071797132492,0.05509074032306671,0,10
2,0.058988817036151886,0.058330196887254715,0,10
3,0.062357284128665924,0.04392196610569954,0,10
4,0.062174174934625626,0.05165828764438629,0,10
5,0.06218135356903076,0.0391046442091465,0,10
6,0.0614951066672802,0.047359611839056015,0,10
7,0.059905197471380234,0.04230962321162224,0,10
8,0.060584984719753265,0.04313790053129196,0,10
9,0.06211267039179802,0.04714380204677582,0,10
10,0.06107860803604126,0.047771159559488297,0,10
11,0.0625099167227745,0.052935004234313965,0,10
12,0.0627598837018013,0.046457964926958084,0,10
13,0.06074700877070427,0.03556104376912117,0,10
14,0.06315964460372925,0.04392818361520767,0,10
15,0.059247687458992004,0.02462773583829403,0,10
16,0.061787787824869156,0.05082327127456665,0,10
17,0.06201726570725441,0.04864932969212532,0,10
18,0.06180059537291527,0.039291322231292725,0,10
19,0.06202349066734314,0.04619115591049194,0,10
20,0.06246534734964371,0.030432680621743202,0,10
21,0.06198252737522125,0.04199719801545143,0,10
22,0.06235206127166748,0.04805109649896622,0,10
23,0.06129571050405502,0.04686408489942551,0,10
24,0.06179182231426239,0.0457543209195137,0,10
25,0.06215982884168625,0.042021360248327255,0,10
26,0.0608372688293457,0.03835659474134445,0,10
27,0.06178509071469307,0.04256095364689827,0,10
28,0.06011595204472542,0.04172597452998161,0,10
29,0.06292914599180222,0.04530360549688339,0,10
30,0.06281833350658417,0.04300630837678909,0,10
31,0.0617934875190258,0.042842257767915726,0,10
32,0.06047862395644188,0.04658088460564613,0,10
33,0.061857350170612335,0.035134878009557724,0,10
34,0.059777431190013885,0.03981349617242813,0,10
35,0.06058936193585396,0.032940078526735306,0,10
36,0.06297371536493301,0.04278532788157463,0,10
37,0.061892904341220856,0.04643397033214569,0,10
38,0.0625041276216507,0.04392556473612785,0,10
39,0.061589986085891724,0.02484625019133091,0,10
40,0.06148860976099968,0.04647661745548248,0,10
41,0.061951421201229095,0.04750105366110802,0,10
42,0.062141355127096176,0.0362904816865921,0,10
43,0.06202121824026108,0.041511062532663345,0,10
44,0.06106748804450035,0.052693549543619156,0,10
45,0.06178079918026924,0.043645765632390976,0,10
46,0.061267636716365814,0.04726247861981392,0,10
47,0.0617426298558712,0.03574978932738304,0,10
48,0.06139246001839638,0.047719504684209824,0,10
49,0.06147799268364906,0.04725140333175659,0,10
0,0.05066705122590065,0.05066708102822304,0,10
1,0.05509071797132492,0.05509072542190552,0,10
2,0.058988817036151886,0.05630383640527725,0,10
3,0.062357284128665924,0.04441004619002342,0,10
4,0.062174174934625626,0.04478422552347183,0,10
5,0.06218135356903076,0.03968406096100807,0,10
6,0.0614951066672802,0.05278324708342552,0,10
7,0.059905197471380234,0.044773295521736145,0,10
8,0.060584984719753265,0.03586006909608841,0,10
9,0.06211267039179802,0.043929558247327805,0,10
10,0.06107860803604126,0.047140154987573624,0,10
11,0.0625099167227745,0.04172704741358757,0,10
12,0.0627598837018013,0.03805297613143921,0,10
13,0.06074700877070427,0.04206100478768349,0,10
14,0.06315964460372925,0.042700331658124924,0,10
15,0.059247687458992004,0.04322110861539841,0,10
16,0.061787787824869156,0.045026205480098724,0,10
17,0.06201726570725441,0.04111333563923836,0,10
18,0.06180059537291527,0.04203707352280617,0,10
19,0.06202349066734314,0.0396590530872345,0,10
20,0.06246534734964371,0.051721230149269104,0,10
21,0.06198252737522125,0.046474751085042953,0,10
22,0.06235206127166748,0.05164461210370064,0,10
23,0.06129571050405502,0.037168730050325394,0,10
24,0.06179182231426239,0.03078550659120083,0,10
25,0.06215982884168625,0.0386258065700531,0,10
26,0.0608372688293457,0.039998531341552734,0,10
27,0.06178509071469307,0.0444832369685173,0,10
28,0.06011595204472542,0.04656078293919563,0,10
29,0.06292914599180222,0.050412680953741074,0,10
30,0.06281833350658417,0.0468548908829689,0,10
31,0.0617934875190258,0.048409316688776016,0,10
32,0.06047862395644188,0.040156714618206024,0,10
33,0.061857350170612335,0.041222088038921356,0,10
34,0.059777431190013885,0.043645258992910385,0,10
35,0.06058936193585396,0.041064146906137466,0,10
36,0.06297371536493301,0.02588798850774765,0,10
37,0.061892904341220856,0.055397879332304,0,10
38,0.0625041276216507,0.05308520421385765,0,10
39,0.061589986085891724,0.04599221423268318,0,10
40,0.06148860976099968,0.048228975385427475,0,10
41,0.061951421201229095,0.04171764478087425,0,10
42,0.062141355127096176,0.04677147790789604,0,10
43,0.06202121824026108,0.04348849505186081,0,10
44,0.06106748804450035,0.04503686726093292,0,10
45,0.06178079918026924,0.043392714112997055,0,10
46,0.061267636716365814,0.03630803897976875,0,10
47,0.0617426298558712,0.04824806749820709,0,10
48,0.06139246001839638,0.04569302871823311,0,10
49,0.06147799268364906,0.03937192261219025,0,10
50,0.06192713603377342,0.04229298606514931,0,10
0,0.05066705122590065,0.05066707357764244,0,10
1,0.05509071797132492,0.05509074032306671,0,10
2,0.058988817036151886,0.056606534868478775,0,10
3,0.062357284128665924,0.043109361082315445,0,10
4,0.062174174934625626,0.044309522956609726,0,10
5,0.06218135356903076,0.048480819910764694,0,10
6,0.0614951066672802,0.05135176330804825,0,10
7,0.059905197471380234,0.049183908849954605,0,10
8,0.060584984719753265,0.04338754341006279,0,10
9,0.06211267039179802,0.04006553813815117,0,10
10,0.06107860803604126,0.05422269552946091,0,10
11,0.0625099167227745,0.04061466082930565,0,10
12,0.0627598837018013,0.0460888035595417,0,10
13,0.06074700877070427,0.04321058839559555,0,10
14,0.06315964460372925,0.03211485221982002,0,10
15,0.059247687458992004,0.04122111201286316,0,10
16,0.061787787824869156,0.042811617255210876,0,10
17,0.06201726570725441,0.03787785768508911,0,10
18,0.06180059537291527,0.04820285364985466,0,10
19,0.06202349066734314,0.0482945516705513,0,10
20,0.06246534734964371,0.03515099361538887,0,10
21,0.06198252737522125,0.04867558553814888,0,10
22,0.06235206127166748,0.040983833372592926,0,10
23,0.06129571050405502,0.04493781924247742,0,10
24,0.06179182231426239,0.04159627854824066,0,10
25,0.06215982884168625,0.04797736182808876,0,10
26,0.0608372688293457,0.05175875872373581,0,10
27,0.06178509071469307,0.04429280757904053,0,10
28,0.06011595204472542,0.041603874415159225,0,10
29,0.06292914599180222,0.043106723576784134,0,10
30,0.06281833350658417,0.03905073180794716,0,10
31,0.0617934875190258,0.03745906800031662,0,10
32,0.06047862395644188,0.04078899696469307,0,10
33,0.061857350170612335,0.04721430316567421,0,10
34,0.059777431190013885,0.051308754831552505,0,10
35,0.06058936193585396,0.0347939096391201,0,10
36,0.06297371536493301,0.03985431790351868,0,10
37,0.061892904341220856,0.05049113556742668,0,10
38,0.0625041276216507,0.04992707818746567,0,10
39,0.061589986085891724,0.036169327795505524,0,10
40,0.06148860976099968,0.04791637510061264,0,10
41,0.061951421201229095,0.04176422581076622,0,10
42,0.062141355127096176,0.049044813960790634,0,10
43,0.06202121824026108,0.04244299605488777,0,10
44,0.06106748804450035,0.04027213901281357,0,10
45,0.06178079918026924,0.05190503969788551,0,10
46,0.061267636716365814,0.04585278406739235,0,10
47,0.0617426298558712,0.046139489859342575,0,10
48,0.06139246001839638,0.048433173447847366,0,10
49,0.06147799268364906,0.04277617856860161,0,10
50,0.06192713603377342,0.04644110053777695,0,10
51,0.06099441275000572,0.0551268570125103,0,10
0,0.05066705122590065,0.05066707357764244,0,10
1,0.05509071797132492,0.05509074404835701,0,10
2,0.058988817036151886,0.058889780193567276,0,10
3,0.062357284128665924,0.042527858167886734,0,10
4,0.062174174934625626,0.05575639009475708,0,10
5,0.06218135356903076,0.044422633945941925,0,10
6,0.0614951066672802,0.04403543099761009,0,10
7,0.059905197471380234,0.03942013531923294,0,10
8,0.060584984719753265,0.03523874655365944,0,10
9,0.06211267039179802,0.047881826758384705,0,10
10,0.06107860803604126,0.042241934686899185,0,10
11,0.0625099167227745,0.04628562927246094,0,10
12,0.0627598837018013,0.047519415616989136,0,10
13,0.06074700877070427,0.046539295464754105,0,10
14,0.06315964460372925,0.04178580641746521,0,10
15,0.059247687458992004,0.04566770792007446,0,10
16,0.061787787824869156,0.046065956354141235,0,10
17,0.06201726570725441,0.04263019934296608,0,10
18,0.06180059537291527,0.042974088340997696,0,10
19,0.06202349066734314,0.046413540840148926,0,10
20,0.06246534734964371,0.04156972095370293,0,10
21,0.06198252737522125,0.03422804921865463,0,10
22,0.06235206127166748,0.05538764223456383,0,10
23,0.06129571050405502,0.04556545615196228,0,10
24,0.06179182231426239,0.04425085708498955,0,10
25,0.06215982884168625,0.052678342908620834,0,10
26,0.0608372688293457,0.041105009615421295,0,10
27,0.06178509071469307,0.04548329859972,0,10
28,0.06011595204472542,0.031062986701726913,0,10
29,0.06292914599180222,0.04824305698275566,0,10
30,0.06281833350658417,0.04329812154173851,0,10
31,0.0617934875190258,0.03814065828919411,0,10
32,0.06047862395644188,0.05126502737402916,0,10
33,0.061857350170612335,0.045156463980674744,0,10
34,0.059777431190013885,0.042229291051626205,0,10
35,0.06058936193585396,0.028731124475598335,0,10
36,0.06297371536493301,0.03727138787508011,0,10
37,0.061892904341220856,0.04744553938508034,0,10
38,0.0625041276216507,0.055258966982364655,0,10
39,0.061589986085891724,0.04118190333247185,0,10
40,0.06148860976099968,0.042056310921907425,0,10
41,0.061951421201229095,0.0410122349858284,0,10
42,0.062141355127096176,0.042719386518001556,0,10
43,0.06202121824026108,0.03324215114116669,0,10
44,0.06106748804450035,0.039689019322395325,0,10
45,0.06178079918026924,0.04225122183561325,0,10
46,0.061267636716365814,0.042704518884420395,0,10
47,0.0617426298558712,0.03305627033114433,0,10
48,0.06139246001839638,0.041736144572496414,0,10
49,0.06147799268364906,0.048830803483724594,0,10
50,0.06192713603377342,0.04359651729464531,0,10
51,0.06099441275000572,0.043324969708919525,0,10
52,0.06217627227306366,0.04655301570892334,0,10
0,0.05066705122590065,0.05066708102822304,0,10
1,0.05509071797132492,0.05509073659777641,0,10
2,0.058988817036151886,0.056521352380514145,0,10
3,0.062357284128665924,0.04402966797351837,0,10
4,0.062174174934625626,0.04566604644060135,0,10
5,0.06218135356903076,0.03809894248843193,0,10
6,0.0614951066672802,0.04748045280575752,0,10
7,0.059905197471380234,0.042968302965164185,0,10
8,0.060584984719753265,0.04716629534959793,0,10
9,0.06211267039179802,0.04305962845683098,0,10
10,0.06107860803604126,0.040140725672245026,0,10
11,0.0625099167227745,0.04935672506690025,0,10
12,0.0627598837018013,0.04586973786354065,0,10
13,0.06074700877070427,0.04234467074275017,0,10
14,0.06315964460372925,0.042991168797016144,0,10
15,0.059247687458992004,0.04724685847759247,0,10
16,0.061787787824869156,0.05261837691068649,0,10
17,0.06201726570725441,0.03891954943537712,0,10
18,0.06180059537291527,0.04233687371015549,0,10
19,0.06202349066734314,0.04702508822083473,0,10
20,0.06246534734964371,0.039826035499572754,0,10
21,0.06198252737522125,0.04779041185975075,0,10
22,0.06235206127166748,0.04162827506661415,0,10
23,0.06129571050405502,0.04131648689508438,0,10
24,0.06179182231426239,0.0476355254650116,0,10
25,0.06215982884168625,0.04222867637872696,0,10
26,0.0608372688293457,0.03978706896305084,0,10
27,0.06178509071469307,0.04891663044691086,0,10
28,0.06011595204472542,0.04555121064186096,0,10
29,0.06292914599180222,0.04424658790230751,0,10
30,0.06281833350658417,0.05480436235666275,0,10
31,0.0617934875190258,0.042919792234897614,0,10
32,0.06047862395644188,0.03311552479863167,0,10
33,0.061857350170612335,0.04096785560250282,0,10
34,0.059777431190013885,0.03451238572597504,0,10
35,0.06058936193585396,0.04202144593000412,0,10
36,0.06297371536493301,0.04961704835295677,0,10
37,0.061892904341220856,0.04785902798175812,0,10
38,0.0625041276216507,0.046950601041316986,0,10
39,0.061589986085891724,0.043915171176195145,0,10
40,0.06148860976099968,0.03590661287307739,0,10
41,0.061951421201229095,0.05340651050209999,0,10
42,0.062141355127096176,0.04541440308094025,0,10
43,0.06202121824026108,0.04703375697135925,0,10
44,0.06106748804450035,0.04599000886082649,0,10
45,0.06178079918026924,0.05017240718007088,0,10
46,0.061267636716365814,0.046678103506565094,0,10
47,0.0617426298558712,0.04420909285545349,0,10
48,0.06139246001839638,0.04911777377128601,0,10
49,0.06147799268364906,0.048418112099170685,0,10
50,0.06192713603377342,0.03925558179616928,0,10
51,0.06099441275000572,0.03373520076274872,0,10
52,0.06217627227306366,0.045265424996614456,0,10
53,0.061763059347867966,0.048829298466444016,0,10
0,0.05066705122590065,0.05066706985235214,0,10
1,0.05509071797132492,0.05509074032306671,0,10
2,0.058988817036151886,0.057576920837163925,0,10
3,0.062357284128665924,0.04819737374782562,0,10
4,0.062174174934625626,0.05542450770735741,0,10
5,0.06218135356903076,0.04642951861023903,0,10
6,0.0614951066672802,0.05126846581697464,0,10
7,0.059905197471380234,0.03806736320257187,0,10
8,0.060584984719753265,0.05087294057011604,0,10
9,0.06211267039179802,0.044805534183979034,0,10
10,0.06107860803604126,0.044235020875930786,0,10
11,0.0625099167227745,0.0482599101960659,0,10
12,0.0627598837018013,0.03939330577850342,0,10
13,0.06074700877070427,0.04764888063073158,0,10
14,0.06315964460372925,0.04378099367022514,0,10
15,0.059247687458992004,0.0435841903090477,0,10
16,0.061787787824869156,0.04189962521195412,0,10
17,0.06201726570725441,0.04736308380961418,0,10
18,0.06180059537291527,0.040805865079164505,0,10
19,0.06202349066734314,0.05054398626089096,0,10
20,0.06246534734964371,0.045993953943252563,0,10
21,0.06198252737522125,0.04541781172156334,0,10
22,0.06235206127166748,0.04826425388455391,0,10
23,0.06129571050405502,0.04090845584869385,0,10
24,0.06179182231426239,0.039132680743932724,0,10
25,0.06215982884168625,0.049425557255744934,0,10
26,0.0608372688293457,0.04453456029295921,0,10
27,0.06178509071469307,0.03988344222307205,0,10
28,0.06011595204472542,0.034454189240932465,0,10
29,0.06292914599180222,0.029400458559393883,0,10
30,0.06281833350658417,0.044265080243349075,0,10
31,0.0617934875190258,0.03963381424546242,0,10
32,0.06047862395644188,0.05278771370649338,0,10
33,0.061857350170612335,0.04020678624510765,0,10
34,0.059777431190013885,0.04531120881438255,0,10
35,0.06058936193585396,0.04866979643702507,0,10
36,0.06297371536493301,0.04633665457367897,0,10
37,0.061892904341220856,0.025787340477108955,0,10
38,0.0625041276216507,0.03642788156867027,0,10
39,0.061589986085891724,0.044841501861810684,0,10
40,0.06148860976099968,0.04271860048174858,0,10
41,0.061951421201229095,0.0449935644865036,0,10
42,0.062141355127096176,0.04629547521471977,0,10
43,0.06202121824026108,0.0510617233812809,0,10
44,0.06106748804450035,0.044921599328517914,0,10
45,0.06178079918026924,0.042724836617708206,0,10
46,0.061267636716365814,0.041200220584869385,0,10
47,0.0617426298558712,0.050954386591911316,0,10
48,0.06139246001839638,0.04515450447797775,0,10
49,0.06147799268364906,0.038443513214588165,0,10
50,0.06192713603377342,0.04784873127937317,0,10
51,0.06099441275000572,0.043842967599630356,0,10
52,0.06217627227306366,0.03844744712114334,0,10
53,0.061763059347867966,0.036876190453767776,0,10
54,0.06215530261397362,0.041861243546009064,0,10
0,0.05066705122590065,0.05066707357764244,0,10
1,0.05509071797132492,0.05509074404835701,0,10
2,0.058988817036151886,0.05898880586028099,0,10
3,0.062357284128665924,0.036424461752176285,0,10
4,0.062174174934625626,0.02739509753882885,0,10
5,0.06218135356903076,0.04952119663357735,0,10
6,0.0614951066672802,0.04294917359948158,0,10
7,0.059905197471380234,0.04573161154985428,0,10
8,0.060584984719753265,0.04071882739663124,0,10
9,0.06211267039179802,0.04287058860063553,0,10
10,0.06107860803604126,0.04960762336850166,0,10
11,0.0625099167227745,0.053791485726833344,0,10
12,0.0627598837018013,0.04298101365566254,0,10
13,0.06074700877070427,0.03821708634495735,0,10
14,0.06315964460372925,0.03514452278614044,0,10
15,0.059247687458992004,0.04640059173107147,0,10
16,0.061787787824869156,0.050025489181280136,0,10
17,0.06201726570725441,0.043296925723552704,0,10
18,0.06180059537291527,0.032931528985500336,0,10
19,0.06202349066734314,0.04638398066163063,0,10
20,0.06246534734964371,0.03788513317704201,0,10
21,0.06198252737522125,0.0406026728451252,0,10
22,0.06235206127166748,0.04266437515616417,0,10
23,0.06129571050405502,0.04875003919005394,0,10
24,0.06179182231426239,0.05016878992319107,0,10
25,0.06215982884168625,0.05349022522568703,0,10
26,0.0608372688293457,0.04229023680090904,0,10
27,0.06178509071469307,0.05137011408805847,0,10
28,0.06011595204472542,0.03648557513952255,0,10
29,0.06292914599180222,0.04554145410656929,0,10
30,0.06281833350658417,0.03679897263646126,0,10
31,0.0617934875190258,0.04592016339302063,0,10
32,0.06047862395644188,0.0449318028986454,0,10
33,0.061857350170612335,0.04976440593600273,0,10
34,0.059777431190013885,0.04621066153049469,0,10
35,0.06058936193585396,0.04793370142579079,0,10
36,0.06297371536493301,0.05498847737908363,0,10
37,0.061892904341220856,0.054555900394916534,0,10
38,0.0625041276216507,0.04235908016562462,0,10
39,0.061589986085891724,0.049666061997413635,0,10
40,0.06148860976099968,0.036275576800107956,0,10
41,0.061951421201229095,0.050435665994882584,0,10
42,0.062141355127096176,0.017850786447525024,0,10
43,0.06202121824026108,0.053880974650382996,0,10
44,0.06106748804450035,0.04346613213419914,0,10
45,0.06178079918026924,0.04382769390940666,0,10
46,0.061267636716365814,0.05037853866815567,0,10
47,0.0617426298558712,0.04219338297843933,0,10
48,0.06139246001839638,0.02722165547311306,0,10
49,0.06147799268364906,0.04239160567522049,0,10
50,0.06192713603377342,0.051372501999139786,0,10
51,0.06099441275000572,0.04477839544415474,0,10
52,0.06217627227306366,0.044375862926244736,0,10
53,0.061763059347867966,0.03908541426062584,0,10
54,0.06215530261397362,0.04808874428272247,0,10
55,0.06113020330667496,0.040821224451065063,0,10
0,0.05066705122590065,0.05066708102822304,0,10
1,0.05509071797132492,0.05509074404835701,0,10
2,0.058988817036151886,0.05898883566260338,0,10
3,0.062357284128665924,0.03508107736706734,0,10
4,0.062174174934625626,0.04156626760959625,0,10
5,0.06218135356903076,0.043796587735414505,0,10
6,0.0614951066672802,0.04414597153663635,0,10
7,0.059905197471380234,0.039516668766736984,0,10
8,0.060584984719753265,0.04585879296064377,0,10
9,0.06211267039179802,0.04359026625752449,0,10
10,0.06107860803604126,0.04368579015135765,0,10
11,0.0625099167227745,0.0392705537378788,0,10
12,0.0627598837018013,0.043877024203538895,0,10
13,0.06074700877070427,0.05059583857655525,0,10
14,0.06315964460372925,0.04035878926515579,0,10
15,0.059247687458992004,0.03824889287352562,0,10
16,0.061787787824869156,0.04929738491773605,0,10
17,0.06201726570725441,0.048406779766082764,0,10
18,0.06180059537291527,0.040703609585762024,0,10
19,0.06202349066734314,0.03835710138082504,0,10
20,0.06246534734964371,0.047982871532440186,0,10
21,0.06198252737522125,0.04087228700518608,0,10
22,0.06235206127166748,0.03707652911543846,0,10
23,0.06129571050405502,0.041616715490818024,0,10
24,0.06179182231426239,0.04262678325176239,0,10
25,0.06215982884168625,0.03545825183391571,0,10
26,0.0608372688293457,0.027242284268140793,0,10
27,0.06178509071469307,0.044340457767248154,0,10
28,0.06011595204472542,0.046536609530448914,0,10
29,0.06292914599180222,0.04771476611495018,0,10
30,0.06281833350658417,0.04766394942998886,0,10
31,0.0617934875190258,0.04455547407269478,0,10
32,0.06047862395644188,0.046333082020282745,0,10
33,0.061857350170612335,0.04368000850081444,0,10
34,0.059777431190013885,0.03886181861162186,0,10
35,0.06058936193585396,0.03997691720724106,0,10
36,0.06297371536493301,0.029916537925601006,0,10
37,0.061892904341220856,0.041800253093242645,0,10
38,0.0625041276216507,0.039895277470350266,0,10
39,0.061589986085891724,0.04748848080635071,0,10
40,0.06148860976099968,0.045343417674303055,0,10
41,0.061951421201229095,0.04225120320916176,0,10
42,0.062141355127096176,0.055129170417785645,0,10
43,0.06202121824026108,0.03726176545023918,0,10
44,0.06106748804450035,0.046423736959695816,0,10
45,0.06178079918026924,0.04199874773621559,0,10
46,0.061267636716365814,0.046836007386446,0,10
47,0.0617426298558712,0.03840705007314682,0,10
48,0.06139246001839638,0.045803897082805634,0,10
49,0.06147799268364906,0.043381307274103165,0,10
50,0.06192713603377342,0.04582749307155609,0,10
51,0.06099441275000572,0.046916067600250244,0,10
52,0.06217627227306366,0.03995824605226517,0,10
53,0.061763059347867966,0.04760605841875076,0,10
54,0.06215530261397362,0.05012382194399834,0,10
55,0.06113020330667496,0.038872670382261276,0,10
56,0.06215479224920273,0.038606010377407074,0,10
0,0.05066705122590065,0.05066707357764244,0,10
1,0.05509071797132492,0.05509074404835701,0,10
2,0.058988817036151886,0.05789196118712425,0,10
3,0.062357284128665924,0.04062798619270325,0,10
4,0.062174174934625626,0.043970558792352676,0,10
5,0.06218135356903076,0.051803309470415115,0,10
6,0.0614951066672802,0.045919012278318405,0,10
7,0.059905197471380234,0.04369724541902542,0,10
8,0.060584984719753265,0.044999536126852036,0,10
9,0.06211267039179802,0.041360776871442795,0,10
10,0.06107860803604126,0.04489908367395401,0,10
11,0.0625099167227745,0.04508856683969498,0,10
12,0.0627598837018013,0.047571200877428055,0,10
13,0.06074700877070427,0.0462048314511776,0,10
14,0.06315964460372925,0.04113892465829849,0,10
15,0.059247687458992004,0.04599393531680107,0,10
16,0.061787787824869156,0.04146595671772957,0,10
17,0.06201726570725441,0.04492906853556633,0,10
18,0.06180059537291527,0.04938279464840889,0,10
19,0.06202349066734314,0.047417160123586655,0,10
20,0.06246534734964371,0.04127015173435211,0,10
21,0.06198252737522125,0.04229658469557762,0,10
22,0.06235206127166748,0.04598033055663109,0,10
23,0.06129571050405502,0.04617806524038315,0,10
24,0.06179182231426239,0.039809536188840866,0,10
25,0.06215982884168625,0.04284385219216347,0,10
26,0.0608372688293457,0.05193992331624031,0,10
27,0.06178509071469307,0.04139960557222366,0,10
28,0.06011595204472542,0.04665687307715416,0,10
29,0.06292914599180222,0.04736274853348732,0,10
30,0.06281833350658417,0.04913077875971794,0,10
31,0.0617934875190258,0.039271190762519836,0,10
32,0.06047862395644188,0.04927638918161392,0,10
33,0.061857350170612335,0.041667670011520386,0,10
34,0.059777431190013885,0.044415853917598724,0,10
35,0.06058936193585396,0.039360806345939636,0,10
36,0.06297371536493301,0.03232719749212265,0,10
37,0.061892904341220856,0.046861909329891205,0,10
38,0.0625041276216507,0.04916521906852722,0,10
39,0.061589986085891724,0.028405778110027313,0,10
40,0.06148860976099968,0.04436974227428436,0,10
41,0.061951421201229095,0.04923423379659653,0,10
42,0.062141355127096176,0.048615776002407074,0,10
43,0.06202121824026108,0.03720511123538017,0,10
44,0.06106748804450035,0.038864295929670334,0,10
45,0.06178079918026924,0.0436665341258049,0,10
46,0.061267636716365814,0.036957576870918274,0,10
47,0.0617426298558712,0.04098328948020935,0,10
48,0.06139246001839638,0.05149893835186958,0,10
49,0.06147799268364906,0.0468156635761261,0,10
50,0.06192713603377342,0.04805891588330269,0,10
51,0.06099441275000572,0.043387554585933685,0,10
52,0.06217627227306366,0.04246287792921066,0,10
53,0.061763059347867966,0.045545924454927444,0,10
54,0.06215530261397362,0.04541454091668129,0,10
55,0.06113020330667496,0.052610304206609726,0,10
56,0.06215479224920273,0.049393489956855774,0,10
57,0.06206393614411354,0.04511623829603195,0,10
0,0.05066705122590065,0.05066708102822304,0,10
1,0.05509071797132492,0.05509074032306671,0,10
2,0.058988817036151886,0.05726233497262001,0,10
3,0.062357284128665924,0.043127551674842834,0,10
4,0.062174174934625626,0.04662218317389488,0,10
5,0.06218135356903076,0.03983015939593315,0,10
6,0.0614951066672802,0.048452168703079224,0,10
7,0.059905197471380234,0.040911715477705,0,10
8,0.060584984719753265,0.03904013708233833,0,10
9,0.06211267039179802,0.052968841046094894,0,10
10,0.06107860803604126,0.04037615284323692,0,10
11,0.0625099167227745,0.05321551114320755,0,10
12,0.0627598837018013,0.04727838560938835,0,10
13,0.06074700877070427,0.03641349449753761,0,10
14,0.06315964460372925,0.027144575491547585,0,10
15,0.059247687458992004,0.0310063399374485,0,10
16,0.061787787824869156,0.05687696114182472,0,10
17,0.06201726570725441,0.05289715155959129,0,10
18,0.06180059537291527,0.049163803458213806,0,10
19,0.06202349066734314,0.04674111679196358,0,10
20,0.06246534734964371,0.04619785398244858,0,10
21,0.06198252737522125,0.034100085496902466,0,10
22,0.06235206127166748,0.04458815976977348,0,10
23,0.06129571050405502,0.029551228508353233,0,10
24,0.06179182231426239,0.04749051481485367,0,10
25,0.06215982884168625,0.045108016580343246,0,10
26,0.0608372688293457,0.04651712253689766,0,10
27,0.06178509071469307,0.04420948773622513,0,10
28,0.06011595204472542,0.05380672588944435,0,10
29,0.06292914599180222,0.04757101461291313,0,10
30,0.06281833350658417,0.04495514556765556,0,10
31,0.0617934875190258,0.044088926166296005,0,10
32,0.06047862395644188,0.04441941902041435,0,10
33,0.061857350170612335,0.046582769602537155,0,10
34,0.059777431190013885,0.04606596753001213,0,10
35,0.06058936193585396,0.03968071937561035,0,10
36,0.06297371536493301,0.04373123124241829,0,10
37,0.061892904341220856,0.038995373994112015,0,10
38,0.0625041276216507,0.03349198400974274,0,10
39,0.061589986085891724,0.041968461126089096,0,10
40,0.06148860976099968,0.041475772857666016,0,10
41,0.061951421201229095,0.05298791453242302,0,10
42,0.062141355127096176,0.045056331902742386,0,10
43,0.06202121824026108,0.04987816885113716,0,10
44,0.06106748804450035,0.039613720029592514,0,10
45,0.06178079918026924,0.04172034189105034,0,10
46,0.061267636716365814,0.04638500139117241,0,10
47,0.0617426298558712,0.0335766039788723,0,10
48,0.06139246001839638,0.04736776277422905,0,10
49,0.06147799268364906,0.03802888095378876,0,10
50,0.06192713603377342,0.049210190773010254,0,10
51,0.06099441275000572,0.03908904641866684,0,10
52,0.06217627227306366,0.04245317354798317,0,10
53,0.061763059347867966,0.04222661629319191,0,10
54,0.06215530261397362,0.04199322685599327,0,10
55,0.06113020330667496,0.044702958315610886,0,10
56,0.06215479224920273,0.04437170550227165,0,10
57,0.06206393614411354,0.041416436433792114,0,10
58,0.06101837009191513,0.038656193763017654,0,10
0,0.05066705122590065,0.05066706985235214,0,10
1,0.05509071797132492,0.05509073659777641,0,10
2,0.058988817036151886,0.05647673085331917,0,10
3,0.062357284128665924,0.0451052300632,0,10
4,0.062174174934625626,0.035850681364536285,0,10
5,0.06218135356903076,0.04176368564367294,0,10
6,0.0614951066672802,0.05092650651931763,0,10
7,0.059905197471380234,0.04574994742870331,0,10
8,0.060584984719753265,0.033999018371105194,0,10
9,0.06211267039179802,0.04616810008883476,0,10
10,0.06107860803604126,0.043298255652189255,0,10
11,0.0625099167227745,0.03126414492726326,0,10
12,0.0627598837018013,0.046562761068344116,0,10
13,0.06074700877070427,0.044395290315151215,0,10
14,0.06315964460372925,0.04735713452100754,0,10
15,0.059247687458992004,0.04791281372308731,0,10
16,0.061787787824869156,0.03587138280272484,0,10
17,0.06201726570725441,0.05124514922499657,0,10
18,0.06180059537291527,0.04571998119354248,0,10
19,0.06202349066734314,0.04423823580145836,0,10
20,0.06246534734964371,0.05213791877031326,0,10
21,0.06198252737522125,0.03996837139129639,0,10
22,0.06235206127166748,0.05753856524825096,0,10
23,0.06129571050405502,0.05549715831875801,0,10
24,0.06179182231426239,0.04022446274757385,0,10
25,0.06215982884168625,0.03375779092311859,0,10
26,0.0608372688293457,0.04587661847472191,0,10
27,0.06178509071469307,0.04937915876507759,0,10
28,0.06011595204472542,0.05184624344110489,0,10
29,0.06292914599180222,0.04281266778707504,0,10
30,0.06281833350658417,0.0411980040371418,0,10
31,0.0617934875190258,0.04189267382025719,0,10
32,0.06047862395644188,0.04440195485949516,0,10
33,0.061857350170612335,0.045788779854774475,0,10
34,0.059777431190013885,0.040107887238264084,0,10
35,0.06058936193585396,0.040478114038705826,0,10
36,0.06297371536493301,0.04821441322565079,0,10
37,0.061892904341220856,0.032829802483320236,0,10
38,0.0625041276216507,0.03858567029237747,0,10
39,0.061589986085891724,0.04357532411813736,0,10
40,0.06148860976099968,0.04134310781955719,0,10
41,0.061951421201229095,0.04085724055767059,0,10
42,0.062141355127096176,0.035379569977521896,0,10
43,0.06202121824026108,0.034323230385780334,0,10
44,0.06106748804450035,0.046455018222332,0,10
45,0.06178079918026924,0.04776771739125252,0,10
46,0.061267636716365814,0.04792150482535362,0,10
47,0.0617426298558712,0.03711459040641785,0,10
48,0.06139246001839638,0.04433859512209892,0,10
49,0.06147799268364906,0.04432627931237221,0,10
50,0.06192713603377342,0.048426441848278046,0,10
51,0.06099441275000572,0.0524185411632061,0,10
52,0.06217627227306366,0.040941957384347916,0,10
53,0.061763059347867966,0.046892307698726654,0,10
54,0.06215530261397362,0.03750072792172432,0,10
55,0.06113020330667496,0.04554254189133644,0,10
56,0.06215479224920273,0.042956773191690445,0,10
57,0.06206393614411354,0.04617263749241829,0,10
58,0.06101837009191513,0.04391266033053398,0,10
59,0.06222962215542793,0.052432358264923096,0,10
0,0.05066705122590065,0.05066708102822304,0,10
1,0.05509071797132492,0.05509074777364731,0,10
2,0.058988817036151886,0.05898882821202278,0,10
3,0.062357284128665924,0.03947737440466881,0,10
4,0.062174174934625626,0.0452299602329731,0,10
5,0.06218135356903076,0.05651595816016197,0,10
6,0.0614951066672802,0.04849766567349434,0,10
7,0.059905197471380234,0.038657478988170624,0,10
8,0.060584984719753265,0.03138470649719238,0,10
9,0.06211267039179802,0.0502404160797596,0,10
10,0.06107860803604126,0.03778387978672981,0,10
11,0.0625099167227745,0.046258993446826935,0,10
12,0.0627598837018013,0.047942109405994415,0,10
13,0.06074700877070427,0.041048143059015274,0,10
14,0.06315964460372925,0.04292651265859604,0,10
15,0.059247687458992004,0.04123638570308685,0,10
16,0.061787787824869156,0.04435678943991661,0,10
17,0.06201726570725441,0.04499565809965134,0,10
18,0.06180059537291527,0.03977349400520325,0,10
19,0.06202349066734314,0.04977394640445709,0,10
20,0.06246534734964371,0.04553242027759552,0,10
21,0.06198252737522125,0.043497711420059204,0,10
22,0.06235206127166748,0.0454198457300663,0,10
23,0.06129571050405502,0.04681063070893288,0,10
24,0.06179182231426239,0.05436132475733757,0,10
25,0.06215982884168625,0.050258126109838486,0,10
26,0.0608372688293457,0.045006342232227325,0,10
27,0.06178509071469307,0.03682240843772888,0,10
28,0.06011595204472542,0.04661593958735466,0,10
29,0.06292914599180222,0.038424305617809296,0,10
30,0.06281833350658417,0.047288842499256134,0,10
31,0.0617934875190258,0.04853583499789238,0,10
32,0.06047862395644188,0.03828488290309906,0,10
33,0.061857350170612335,0.04560444876551628,0,10
34,0.059777431190013885,0.040185146033763885,0,10
35,0.06058936193585396,0.042052701115608215,0,10
36,0.06297371536493301,0.0534207858145237,0,10
37,0.061892904341220856,0.04882895573973656,0,10
38,0.0625041276216507,0.05392054095864296,0,10
39,0.061589986085891724,0.03669623285531998,0,10
40,0.06148860976099968,0.04389818385243416,0,10
41,0.061951421201229095,0.03669000789523125,0,10
42,0.062141355127096176,0.049266304820775986,0,10
43,0.06202121824026108,0.035349857062101364,0,10
44,0.06106748804450035,0.03489283472299576,0,10
45,0.06178079918026924,0.039671435952186584,0,10
46,0.061267636716365814,0.041513655334711075,0,10
47,0.0617426298558712,0.05329066142439842,0,10
48,0.06139246001839638,0.054238393902778625,0,10
49,0.06147799268364906,0.043745256960392,0,10
50,0.06192713603377342,0.03704506903886795,0,10
51,0.06099441275000572,0.04115329682826996,0,10
52,0.06217627227306366,0.050631433725357056,0,10
53,0.061763059347867966,0.041878558695316315,0,10
54,0.06215530261397362,0.04351399093866348,0,10
55,0.06113020330667496,0.03962501883506775,0,10
56,0.06215479224920273,0.04405612871050835,0,10
57,0.06206393614411354,0.04679155722260475,0,10
58,0.06101837009191513,0.03639866039156914,0,10
59,0.06222962215542793,0.04623757675290108,0,10
60,0.0619976632297039,0.04053567349910736,0,10
0,0.05066705122590065,0.05066708102822304,0,10
1,0.05509071797132492,0.05509074404835701,0,10
2,0.058988817036151886,0.05449990928173065,0,10
3,0.062357284128665924,0.03889915719628334,0,10
4,0.062174174934625626,0.040836092084646225,0,10
5,0.06218135356903076,0.04333878308534622,0,10
6,0.0614951066672802,0.04367315024137497,0,10
7,0.059905197471380234,0.05360522121191025,0,10
8,0.060584984719753265,0.051684554666280746,0,10
9,0.06211267039179802,0.0432102307677269,0,10
10,0.06107860803604126,0.041307006031274796,0,10
11,0.0625099167227745,0.05020484700798988,0,10
12,0.0627598837018013,0.048107244074344635,0,10
13,0.06074700877070427,0.05256048962473869,0,10
14,0.06315964460372925,0.0436343289911747,0,10
15,0.059247687458992004,0.04200729355216026,0,10
16,0.061787787824869156,0.039322081953287125,0,10
17,0.06201726570725441,0.037769779562950134,0,10
18,0.06180059537291527,0.05287439748644829,0,10
19,0.06202349066734314,0.04238533601164818,0,10
20,0.06246534734964371,0.04827301949262619,0,10
21,0.06198252737522125,0.040318962186574936,0,10
22,0.06235206127166748,0.053657952696084976,0,10
23,0.06129571050405502,0.055077459663152695,0,10
24,0.06179182231426239,0.04397856444120407,0,10
25,0.06215982884168625,0.03638662025332451,0,10
26,0.0608372688293457,0.046209003776311874,0,10
27,0.06178509071469307,0.03810034319758415,0,10
28,0.06011595204472542,0.034274622797966,0,10
29,0.06292914599180222,0.0461108572781086,0,10
30,0.06281833350658417,0.04845024645328522,0,10
31,0.0617934875190258,0.04065225273370743,0,10
32,0.06047862395644188,0.040078453719615936,0,10
33,0.061857350170612335,0.0436292327940464,0,10
34,0.059777431190013885,0.044350337237119675,0,10
35,0.06058936193585396,0.031516216695308685,0,10
36,0.06297371536493301,0.04923023656010628,0,10
37,0.061892904341220856,0.0400189645588398,0,10
38,0.0625041276216507,0.045686837285757065,0,10
39,0.061589986085891724,0.04224691912531853,0,10
40,0.06148860976099968,0.0438157394528389,0,10
41,0.061951421201229095,0.03804968297481537,0,10
42,0.062141355127096176,0.043696079403162,0,10
43,0.06202121824026108,0.0448337122797966,0,10
44,0.06106748804450035,0.04530468210577965,0,10
45,0.06178079918026924,0.05465748906135559,0,10
46,0.061267636716365814,0.04071084409952164,0,10
47,0.0617426298558712,0.042692504823207855,0,10
48,0.06139246001839638,0.040785547345876694,0,10
49,0.06147799268364906,0.03762944042682648,0,10
50,0.06192713603377342,0.0501185804605484,0,10
51,0.06099441275000572,0.051631465554237366,0,10
52,0.06217627227306366,0.041660234332084656,0,10
53,0.061763059347867966,0.04145864397287369,0,10
54,0.06215530261397362,0.0462939515709877,0,10
55,0.06113020330667496,0.04811174422502518,0,10
56,0.06215479224920273,0.04099506512284279,0,10
57,0.06206393614411354,0.03671017661690712,0,10
58,0.06101837009191513,0.039750054478645325,0,10
59,0.06222962215542793,0.052737001329660416,0,10
60,0.0619976632297039,0.0520060658454895,0,10
61,0.059542570263147354,0.04308871552348137,0,10
0,0.05066705122590065,0.05066706985235214,0,10
1,0.05509071797132492,0.05509074404835701,0,10
2,0.058988817036151886,0.05547250807285309,0,10
3,0.062357284128665924,0.05556981638073921,0,10
4,0.062174174934625626,0.04449697956442833,0,10
5,0.06218135356903076,0.03707831725478172,0,10
6,0.0614951066672802,0.056307390332221985,0,10
7,0.059905197471380234,0.04406559839844704,0,10
8,0.060584984719753265,0.03117349185049534,0,10
9,0.06211267039179802,0.04226505383849144,0,10
10,0.06107860803604126,0.04641309753060341,0,10
11,0.0625099167227745,0.03252403438091278,0,10
12,0.0627598837018013,0.03450436890125275,0,10
13,0.06074700877070427,0.048652082681655884,0,10
14,0.06315964460372925,0.037154361605644226,0,10
15,0.059247687458992004,0.046647150069475174,0,10
16,0.061787787824869156,0.041915152221918106,0,10
17,0.06201726570725441,0.042430330067873,0,10
18,0.06180059537291527,0.04576024040579796,0,10
19,0.06202349066734314,0.052744295448064804,0,10
20,0.06246534734964371,0.041548699140548706,0,10
21,0.06198252737522125,0.05729584023356438,0,10
22,0.06235206127166748,0.04493795335292816,0,10
23,0.06129571050405502,0.048905760049819946,0,10
24,0.06179182231426239,0.046729035675525665,0,10
25,0.06215982884168625,0.04970673844218254,0,10
26,0.0608372688293457,0.051177483052015305,0,10
27,0.06178509071469307,0.04777586832642555,0,10
28,0.06011595204472542,0.04405149817466736,0,10
29,0.06292914599180222,0.044125545769929886,0,10
30,0.06281833350658417,0.04493538662791252,0,10
31,0.0617934875190258,0.055026598274707794,0,10
32,0.06047862395644188,0.03101007081568241,0,10
33,0.061857350170612335,0.054165564477443695,0,10
34,0.059777431190013885,0.042203713208436966,0,10
35,0.06058936193585396,0.045957934111356735,0,10
36,0.06297371536493301,0.04676699638366699,0,10
37,0.061892904341220856,0.04493243619799614,0,10
38,0.0625041276216507,0.05312439426779747,0,10
39,0.061589986085891724,0.042767323553562164,0,10
40,0.06148860976099968,0.04957324266433716,0,10
41,0.061951421201229095,0.0367199070751667,0,10
42,0.062141355127096176,0.05351146683096886,0,10
43,0.06202121824026108,0.04217755049467087,0,10
44,0.06106748804450035,0.03863880783319473,0,10
45,0.06178079918026924,0.04108303412795067,0,10
46,0.061267636716365814,0.043600231409072876,0,10
47,0.0617426298558712,0.053454283624887466,0,10
48,0.06139246001839638,0.04228511080145836,0,10
49,0.06147799268364906,0.04813188686966896,0,10
50,0.06192713603377342,0.047734566032886505,0,10
51,0.06099441275000572,0.045007623732089996,0,10
52,0.06217627227306366,0.05003152787685394,0,10
53,0.061763059347867966,0.0486992709338665,0,10
54,0.06215530261397362,0.05117753520607948,0,10
55,0.06113020330667496,0.03462988883256912,0,10
56,0.06215479224920273,0.04424061253666878,0,10
57,0.06206393614411354,0.051767535507678986,0,10
58,0.06101837009191513,0.04728235304355621,0,10
59,0.06222962215542793,0.04059898108243942,0,10
60,0.0619976632297039,0.05523502454161644,0,10
61,0.059542570263147354,0.0446908175945282,0,10
62,0.06145799160003662,0.04135981947183609,0,10
0,0.05066705122590065,0.05066707730293274,0,10
1,0.05509071797132492,0.05509074404835701,0,10
2,0.058988817036151886,0.05898883938789368,0,10
3,0.062357284128665924,0.04656325280666351,0,10
4,0.062174174934625626,0.04284830018877983,0,10
5,0.06218135356903076,0.04672694206237793,0,10
6,0.0614951066672802,0.03981184959411621,0,10
7,0.059905197471380234,0.04396364092826843,0,10
8,0.060584984719753265,0.04629736766219139,0,10
9,0.06211267039179802,0.044907696545124054,0,10
10,0.06107860803604126,0.04271902143955231,0,10
11,0.0625099167227745,0.046729523688554764,0,10
12,0.0627598837018013,0.051321953535079956,0,10
13,0.06074700877070427,0.04461969435214996,0,10
14,0.06315964460372925,0.03627559915184975,0,10
15,0.059247687458992004,0.03975188359618187,0,10
16,0.061787787824869156,0.0518258735537529,0,10
17,0.06201726570725441,0.03807132691144943,0,10
18,0.06180059537291527,0.04153657332062721,0,10
19,0.06202349066734314,0.05281765013933182,0,10
20,0.06246534734964371,0.048139236867427826,0,10
21,0.06198252737522125,0.03798512741923332,0,10
22,0.06235206127166748,0.04409756138920784,0,10
23,0.06129571050405502,0.045883066952228546,0,10
24,0.06179182231426239,0.04543555527925491,0,10
25,0.06215982884168625,0.035500552505254745,0,10
26,0.0608372688293457,0.037764210253953934,0,10
27,0.06178509071469307,0.05019627511501312,0,10
28,0.06011595204472542,0.04945389926433563,0,10
29,0.06292914599180222,0.037822723388671875,0,10
30,0.06281833350658417,0.045218389481306076,0,10
31,0.0617934875190258,0.04867511987686157,0,10
32,0.06047862395644188,0.0414591021835804,0,10
33,0.061857350170612335,0.049522049725055695,0,10
34,0.059777431190013885,0.042436372488737106,0,10
35,0.06058936193585396,0.05368136614561081,0,10
36,0.06297371536493301,0.048718489706516266,0,10
37,0.061892904341220856,0.04139084368944168,0,10
38,0.0625041276216507,0.03501156345009804,0,10
39,0.061589986085891724,0.03834706172347069,0,10
40,0.06148860976099968,0.037599917501211166,0,10
41,0.061951421201229095,0.04248685762286186,0,10
42,0.062141355127096176,0.04250172898173332,0,10
43,0.06202121824026108,0.042953599244356155,0,10
44,0.06106748804450035,0.03803423419594765,0,10
45,0.06178079918026924,0.04681750014424324,0,10
46,0.061267636716365814,0.038250941783189774,0,10
47,0.0617426298558712,0.04763259366154671,0,10
48,0.06139246001839638,0.04969002306461334,0,10
49,0.06147799268364906,0.046809278428554535,0,10
50,0.06192713603377342,0.04499496519565582,0,10
51,0.06099441275000572,0.04787630960345268,0,10
52,0.06217627227306366,0.045793354511260986,0,10
53,0.061763059347867966,0.05294538661837578,0,10
54,0.06215530261397362,0.050167959183454514,0,10
55,0.06113020330667496,0.049556925892829895,0,10
56,0.06215479224920273,0.04042739421129227,0,10
57,0.06206393614411354,0.03704818710684776,0,10
58,0.06101837009191513,0.04874572902917862,0,10
59,0.06222962215542793,0.033278219401836395,0,10
60,0.0619976632297039,0.04030513018369675,0,10
61,0.059542570263147354,0.04609299451112747,0,10
62,0.06145799160003662,0.04603306204080582,0,10
63,0.06281301379203796,0.05096660926938057,0,10
0,0.05066705122590065,0.05066707357764244,0,10
1,0.05509071797132492,0.05509074777364731,0,10
2,0.058988817036151886,0.05598689615726471,0,10
3,0.062357284128665924,0.0464608334004879,0,10
4,0.062174174934625626,0.046775829046964645,0,10
5,0.06218135356903076,0.04578762128949165,0,10
6,0.0614951066672802,0.052497897297143936,0,10
7,0.059905197471380234,0.04921088367700577,0,10
8,0.060584984719753265,0.03339328616857529,0,10
9,0.06211267039179802,0.039754610508680344,0,10
10,0.06107860803604126,0.045587699860334396,0,10
11,0.0625099167227745,0.04644852504134178,0,10
12,0.0627598837018013,0.044444628059864044,0,10
13,0.06074700877070427,0.04289077967405319,0,10
14,0.06315964460372925,0.038458094000816345,0,10
15,0.059247687458992004,0.049373891204595566,0,10
16,0.061787787824869156,0.03767175227403641,0,10
17,0.06201726570725441,0.040595658123493195,0,10
18,0.06180059537291527,0.04162273928523064,0,10
19,0.06202349066734314,0.045068006962537766,0,10
20,0.06246534734964371,0.04472613334655762,0,10
21,0.06198252737522125,0.050548624247312546,0,10
22,0.06235206127166748,0.038706645369529724,0,10
23,0.06129571050405502,0.046906597912311554,0,10
24,0.06179182231426239,0.04563957080245018,0,10
25,0.06215982884168625,0.04188569635152817,0,10
26,0.0608372688293457,0.04274497181177139,0,10
27,0.06178509071469307,0.05153168365359306,0,10
28,0.06011595204472542,0.049451880156993866,0,10
29,0.06292914599180222,0.03924688696861267,0,10
30,0.06281833350658417,0.04785747453570366,0,10
31,0.0617934875190258,0.04702167958021164,0,10
32,0.06047862395644188,0.03930537775158882,0,10
33,0.061857350170612335,0.0431409552693367,0,10
34,0.059777431190013885,0.03194304183125496,0,10
35,0.06058936193585396,0.035619474947452545,0,10
36,0.06297371536493301,0.043546658009290695,0,10
37,0.061892904341220856,0.050957806408405304,0,10
38,0.0625041276216507,0.04192138835787773,0,10
39,0.061589986085891724,0.041830021888017654,0,10
40,0.06148860976099968,0.048251453787088394,0,10
41,0.061951421201229095,0.04314282536506653,0,10
42,0.062141355127096176,0.037127535790205,0,10
43,0.06202121824026108,0.03978722542524338,0,10
44,0.06106748804450035,0.03875851258635521,0,10
45,0.06178079918026924,0.04326717182993889,0,10
46,0.061267636716365814,0.04672737792134285,0,10
47,0.0617426298558712,0.05097192898392677,0,10
48,0.06139246001839638,0.04541392996907234,0,10
49,0.06147799268364906,0.04278131574392319,0,10
50,0.06192713603377342,0.041478101164102554,0,10
51,0.06099441275000572,0.03654380142688751,0,10
52,0.06217627227306366,0.045609455555677414,0,10
53,0.061763059347867966,0.046671316027641296,0,10
54,0.06215530261397362,0.05106392502784729,0,10
55,0.06113020330667496,0.03861011564731598,0,10
56,0.06215479224920273,0.036777742207050323,0,10
57,0.06206393614411354,0.0394647940993309,0,10
58,0.06101837009191513,0.049223944544792175,0,10
59,0.06222962215542793,0.040842268615961075,0,10
60,0.0619976632297039,0.05140377953648567,0,10
61,0.059542570263147354,0.044793952256441116,0,10
62,0.06145799160003662,0.051155250519514084,0,10
63,0.06281301379203796,0.050548963248729706,0,10
64,0.06177016347646713,0.039685025811195374,0,10
0,0.05066705122590065,0.05066708102822304,0,10
1,0.05509071797132492,0.05509074404835701,0,10
2,0.058988817036151886,0.05710851773619652,0,10
3,0.062357284128665924,0.04090626537799835,0,10
4,0.062174174934625626,0.03760916739702225,0,10
5,0.06218135356903076,0.04723671078681946,0,10
6,0.0614951066672802,0.04241957515478134,0,10
7,0.059905197471380234,0.04570895433425903,0,10
8,0.060584984719753265,0.03859423100948334,0,10
9,0.06211267039179802,0.05067978799343109,0,10
10,0.06107860803604126,0.041631538420915604,0,10
11,0.0625099167227745,0.05195055156946182,0,10
12,0.0627598837018013,0.03687874600291252,0,10
13,0.06074700877070427,0.04444395378232002,0,10
14,0.06315964460372925,0.04586537554860115,0,10
15,0.059247687458992004,0.04589508846402168,0,10
16,0.061787787824869156,0.04424617439508438,0,10
17,0.06201726570725441,0.04496805742383003,0,10
18,0.06180059537291527,0.042598970234394073,0,10
19,0.06202349066734314,0.051215533167123795,0,10
20,0.06246534734964371,0.047324471175670624,0,10
21,0.06198252737522125,0.051173288375139236,0,10
22,0.06235206127166748,0.04442007094621658,0,10
23,0.06129571050405502,0.046432215720415115,0,10
24,0.06179182231426239,0.04350130259990692,0,10
25,0.06215982884168625,0.046466726809740067,0,10
26,0.0608372688293457,0.04333863407373428,0,10
27,0.06178509071469307,0.0390578918159008,0,10
28,0.06011595204472542,0.0462094247341156,0,10
29,0.06292914599180222,0.03766290470957756,0,10
30,0.06281833350658417,0.04850942641496658,0,10
31,0.0617934875190258,0.03218717500567436,0,10
32,0.06047862395644188,0.04679536819458008,0,10
33,0.061857350170612335,0.02753661759197712,0,10
34,0.059777431190013885,0.03674035891890526,0,10
35,0.06058936193585396,0.034631986171007156,0,10
36,0.06297371536493301,0.05480523779988289,0,10
37,0.061892904341220856,0.04397737234830856,0,10
38,0.0625041276216507,0.0492815226316452,0,10
39,0.061589986085891724,0.04618033394217491,0,10
40,0.06148860976099968,0.0472579225897789,0,10
41,0.061951421201229095,0.030348993837833405,0,10
42,0.062141355127096176,0.050929464399814606,0,10
43,0.06202121824026108,0.043949346989393234,0,10
44,0.06106748804450035,0.04409325122833252,0,10
45,0.06178079918026924,0.046693041920661926,0,10
46,0.061267636716365814,0.039623893797397614,0,10
47,0.0617426298558712,0.034074340015649796,0,10
48,0.06139246001839638,0.04362154379487038,0,10
49,0.06147799268364906,0.04436137154698372,0,10
50,0.06192713603377342,0.03991726040840149,0,10
51,0.06099441275000572,0.043795108795166016,0,10
52,0.06217627227306366,0.04437296465039253,0,10
53,0.061763059347867966,0.04562010616064072,0,10
54,0.06215530261397362,0.04905813932418823,0,10
55,0.06113020330667496,0.04421939700841904,0,10
56,0.06215479224920273,0.024727214127779007,0,10
57,0.06206393614411354,0.03646321967244148,0,10
58,0.06101837009191513,0.04477360472083092,0,10
59,0.06222962215542793,0.045425787568092346,0,10
60,0.0619976632297039,0.05105996131896973,0,10
61,0.059542570263147354,0.03780696168541908,0,10
62,0.06145799160003662,0.04818102344870567,0,10
63,0.06281301379203796,0.04763508960604668,0,10
64,0.06177016347646713,0.04254314303398132,0,10
65,0.062094032764434814,0.04047811031341553,0,10
0,0.05066705122590065,0.05066707730293274,0,10
1,0.05509071797132492,0.05509074777364731,0,10
2,0.058988817036151886,0.056524857878685,0,10
3,0.062357284128665924,0.03997068107128143,0,10
4,0.062174174934625626,0.04713387414813042,0,10
5,0.06218135356903076,0.0408543236553669,0,10
6,0.0614951066672802,0.04352693259716034,0,10
7,0.059905197471380234,0.04506868124008179,0,10
8,0.060584984719753265,0.043679073452949524,0,10
9,0.06211267039179802,0.04356132820248604,0,10
10,0.06107860803604126,0.03861718624830246,0,10
11,0.0625099167227745,0.05355863645672798,0,10
12,0.0627598837018013,0.04270566627383232,0,10
13,0.06074700877070427,0.038971200585365295,0,10
14,0.06315964460372925,0.03507401794195175,0,10
15,0.059247687458992004,0.040769048035144806,0,10
16,0.061787787824869156,0.04761265590786934,0,10
17,0.06201726570725441,0.0397617481648922,0,10
18,0.06180059537291527,0.05165521427989006,0,10
19,0.06202349066734314,0.04067389294505119,0,10
20,0.06246534734964371,0.04734852537512779,0,10
21,0.06198252737522125,0.04287939891219139,0,10
22,0.06235206127166748,0.03630262240767479,0,10
23,0.06129571050405502,0.04174894839525223,0,10
24,0.06179182231426239,0.044310931116342545,0,10
25,0.06215982884168625,0.03681117296218872,0,10
26,0.0608372688293457,0.04383034259080887,0,10
27,0.06178509071469307,0.046563152223825455,0,10
28,0.06011595204472542,0.041771262884140015,0,10
29,0.06292914599180222,0.04759306460618973,0,10
30,0.06281833350658417,0.04846254363656044,0,10
31,0.0617934875190258,0.04827134683728218,0,10
32,0.06047862395644188,0.04298827052116394,0,10
33,0.061857350170612335,0.04738108441233635,0,10
34,0.059777431190013885,0.04547266662120819,0,10
35,0.06058936193585396,0.05033140629529953,0,10
36,0.06297371536493301,0.04162052273750305,0,10
37,0.061892904341220856,0.04096588119864464,0,10
38,0.0625041276216507,0.047837238758802414,0,10
39,0.061589986085891724,0.05027170479297638,0,10
40,0.06148860976099968,0.038103505969047546,0,10
41,0.061951421201229095,0.04557562619447708,0,10
42,0.062141355127096176,0.04093284159898758,0,10
43,0.06202121824026108,0.054672855883836746,0,10
44,0.06106748804450035,0.042915038764476776,0,10
45,0.06178079918026924,0.0418010912835598,0,10
46,0.061267636716365814,0.05520588532090187,0,10
47,0.0617426298558712,0.04396633431315422,0,10
48,0.06139246001839638,0.04681018367409706,0,10
49,0.06147799268364906,0.05301545560359955,0,10
50,0.06192713603377342,0.049032263457775116,0,10
51,0.06099441275000572,0.033469390124082565,0,10
52,0.06217627227306366,0.04242211952805519,0,10
53,0.061763059347867966,0.03873782977461815,0,10
54,0.06215530261397362,0.040688760578632355,0,10
55,0.06113020330667496,0.039934076368808746,0,10
56,0.06215479224920273,0.0499911829829216,0,10
57,0.06206393614411354,0.041005756705999374,0,10
58,0.06101837009191513,0.031456295400857925,0,10
59,0.06222962215542793,0.03736533597111702,0,10
60,0.0619976632297039,0.018152790144085884,0,10
61,0.059542570263147354,0.03250217065215111,0,10
62,0.06145799160003662,0.045954301953315735,0,10
63,0.06281301379203796,0.05073162540793419,0,10
64,0.06177016347646713,0.03804203122854233,0,10
65,0.062094032764434814,0.04918309301137924,0,10
66,0.06300202012062073,0.042348843067884445,0,10
0,0.05066705122590065,0.05066708102822304,0,10
1,0.05509071797132492,0.05509074404835701,0,10
2,0.058988817036151886,0.056333787739276886,0,10
3,0.062357284128665924,0.042257003486156464,0,10
4,0.062174174934625626,0.04003613442182541,0,10
5,0.06218135356903076,0.04569960758090019,0,10
6,0.0614951066672802,0.049147829413414,0,10
7,0.059905197471380234,0.04802600294351578,0,10
8,0.060584984719753265,0.04469410330057144,0,10
9,0.06211267039179802,0.051380228251218796,0,10
10,0.06107860803604126,0.044436015188694,0,10
11,0.0625099167227745,0.04164217412471771,0,10
12,0.0627598837018013,0.04208890348672867,0,10
13,0.06074700877070427,0.04612446948885918,0,10
14,0.06315964460372925,0.04882951080799103,0,10
15,0.059247687458992004,0.0483049675822258,0,10
16,0.061787787824869156,0.04536501318216324,0,10
17,0.06201726570725441,0.03718716278672218,0,10
18,0.06180059537291527,0.04060344398021698,0,10
19,0.06202349066734314,0.04114818572998047,0,10
20,0.06246534734964371,0.04160185903310776,0,10
21,0.06198252737522125,0.036991942673921585,0,10
22,0.06235206127166748,0.05160774290561676,0,10
23,0.06129571050405502,0.03694619610905647,0,10
24,0.06179182231426239,0.04794185981154442,0,10
25,0.06215982884168625,0.046251844614744186,0,10
26,0.0608372688293457,0.04932574927806854,0,10
27,0.06178509071469307,0.05026700347661972,0,10
28,0.06011595204472542,0.03530021756887436,0,10
29,0.06292914599180222,0.049092117697000504,0,10
30,0.06281833350658417,0.05728454142808914,0,10
31,0.0617934875190258,0.04775040224194527,0,10
32,0.06047862395644188,0.04214409738779068,0,10
33,0.061857350170612335,0.04411027953028679,0,10
34,0.059777431190013885,0.03405024856328964,0,10
35,0.06058936193585396,0.046631015837192535,0,10
36,0.06297371536493301,0.04977043718099594,0,10
37,0.061892904341220856,0.041485127061605453,0,10
38,0.0625041276216507,0.042902667075395584,0,10
39,0.061589986085891724,0.033182334154844284,0,10
40,0.06148860976099968,0.045216530561447144,0,10
41,0.061951421201229095,0.048613835126161575,0,10
42,0.062141355127096176,0.03915710747241974,0,10
43,0.06202121824026108,0.0432211272418499,0,10
44,0.06106748804450035,0.0447508879005909,0,10
45,0.06178079918026924,0.04133455827832222,0,10
46,0.061267636716365814,0.04444180056452751,0,10
47,0.0617426298558712,0.045531924813985825,0,10
48,0.06139246001839638,0.04806822910904884,0,10
49,0.06147799268364906,0.04498619958758354,0,10
50,0.06192713603377342,0.0456460565328598,0,10
51,0.06099441275000572,0.05064809322357178,0,10
52,0.06217627227306366,0.03571682795882225,0,10
53,0.061763059347867966,0.04114725440740585,0,10
54,0.06215530261397362,0.046232275664806366,0,10
55,0.06113020330667496,0.04357551038265228,0,10
56,0.06215479224920273,0.05290379002690315,0,10
57,0.06206393614411354,0.046312689781188965,0,10
58,0.06101837009191513,0.045772723853588104,0,10
59,0.06222962215542793,0.0532422736287117,0,10
60,0.0619976632297039,0.023689230903983116,0,10
61,0.059542570263147354,0.04485431686043739,0,10
62,0.06145799160003662,0.04138004407286644,0,10
63,0.06281301379203796,0.040621303021907806,0,10
64,0.06177016347646713,0.0422506257891655,0,10
65,0.062094032764434814,0.0441998727619648,0,10
66,0.06300202012062073,0.04656066745519638,0,10
67,0.06180017068982124,0.04613266512751579,0,10
0,0.05066705122590065,0.05066707357764244,0,10
1,0.05509071797132492,0.05509074032306671,0,10
2,0.058988817036151886,0.05775417014956474,0,10
3,0.062357284128665924,0.049741633236408234,0,10
4,0.062174174934625626,0.039579443633556366,0,10
5,0.06218135356903076,0.048428814858198166,0,10
6,0.0614951066672802,0.04380503669381142,0,10
7,0.059905197471380234,0.04095231369137764,0,10
8,0.060584984719753265,0.039249904453754425,0,10
9,0.06211267039179802,0.04087560623884201,0,10
10,0.06107860803604126,0.0455206073820591,0,10
11,0.0625099167227745,0.04188748449087143,0,10
12,0.0627598837018013,0.03836793079972267,0,10
13,0.06074700877070427,0.03345223143696785,0,10
14,0.06315964460372925,0.043711066246032715,0,10
15,0.059247687458992004,0.04759334400296211,0,10
16,0.061787787824869156,0.03489527851343155,0,10
17,0.06201726570725441,0.04957457631826401,0,10
18,0.06180059537291527,0.05576401948928833,0,10
19,0.06202349066734314,0.04298149794340134,0,10
20,0.06246534734964371,0.04529782012104988,0,10
21,0.06198252737522125,0.04669063165783882,0,10
22,0.06235206127166748,0.04233268275856972,0,10
23,0.06129571050405502,0.04676695540547371,0,10
24,0.06179182231426239,0.04003147780895233,0,10
25,0.06215982884168625,0.0337754525244236,0,10
26,0.0608372688293457,0.03916551545262337,0,10
27,0.06178509071469307,0.04669046029448509,0,10
28,0.06011595204472542,0.04467172920703888,0,10
29,0.06292914599180222,0.051775459200143814,0,10
30,0.06281833350658417,0.04798601567745209,0,10
31,0.0617934875190258,0.04431092366576195,0,10
32,0.06047862395644188,0.042184438556432724,0,10
33,0.061857350170612335,0.03603912517428398,0,10
34,0.059777431190013885,0.04264477640390396,0,10
35,0.06058936193585396,0.03599855676293373,0,10
36,0.06297371536493301,0.039567481726408005,0,10
37,0.061892904341220856,0.05370427295565605,0,10
38,0.0625041276216507,0.04988451302051544,0,10
39,0.061589986085891724,0.044722747057676315,0,10
40,0.06148860976099968,0.04851400479674339,0,10
41,0.061951421201229095,0.04815089330077171,0,10
42,0.062141355127096176,0.05629150941967964,0,10
43,0.06202121824026108,0.04286060109734535,0,10
44,0.06106748804450035,0.0385594479739666,0,10
45,0.06178079918026924,0.0385960191488266,0,10
46,0.061267636716365814,0.05312519520521164,0,10
47,0.0617426298558712,0.04328112304210663,0,10
48,0.06139246001839638,0.04159896448254585,0,10
49,0.06147799268364906,0.03737358748912811,0,10
50,0.06192713603377342,0.04956129565834999,0,10
51,0.06099441275000572,0.04493818059563637,0,10
52,0.06217627227306366,0.0479220449924469,0,10
53,0.061763059347867966,0.04416559264063835,0,10
54,0.06215530261397362,0.04270438104867935,0,10
55,0.06113020330667496,0.044345710426568985,0,10
56,0.06215479224920273,0.04143071919679642,0,10
57,0.06206393614411354,0.0553424134850502,0,10
58,0.06101837009191513,0.040998704731464386,0,10
59,0.06222962215542793,0.049741487950086594,0,10
60,0.0619976632297039,0.03639933839440346,0,10
61,0.059542570263147354,0.04224010184407234,0,10
62,0.06145799160003662,0.042548201978206635,0,10
63,0.06281301379203796,0.04618041589856148,0,10
64,0.06177016347646713,0.046472880989313126,0,10
65,0.062094032764434814,0.04795459657907486,0,10
66,0.06300202012062073,0.05194152891635895,0,10
67,0.06180017068982124,0.04867944121360779,0,10
68,0.06100216507911682,0.045674119144678116,0,10
0,0.05066705122590065,0.05066706985235214,0,10
1,0.05509071797132492,0.05509075149893761,0,10
2,0.058988817036151886,0.05898882821202278,0,10
3,0.062357284128665924,0.03749899938702583,0,10
4,0.062174174934625626,0.04202404245734215,0,10
5,0.06218135356903076,0.04326726123690605,0,10
6,0.0614951066672802,0.03906771540641785,0,10
7,0.059905197471380234,0.02758912928402424,0,10
8,0.060584984719753265,0.043504685163497925,0,10
9,0.06211267039179802,0.04742269963026047,0,10
10,0.06107860803604126,0.03712860494852066,0,10
11,0.0625099167227745,0.04233931377530098,0,10
12,0.0627598837018013,0.03749171644449234,0,10
13,0.06074700877070427,0.047678228467702866,0,10
14,0.06315964460372925,0.052195824682712555,0,10
15,0.059247687458992004,0.038539156317710876,0,10
16,0.061787787824869156,0.046539925038814545,0,10
17,0.06201726570725441,0.041897252202034,0,10
18,0.06180059537291527,0.051261961460113525,0,10
19,0.06202349066734314,0.03821904584765434,0,10
20,0.06246534734964371,0.03825501725077629,0,10
21,0.06198252737522125,0.0523405596613884,0,10
22,0.06235206127166748,0.05050652474164963,0,10
23,0.06129571050405502,0.04256712645292282,0,10
24,0.06179182231426239,0.04311530664563179,0,10
25,0.06215982884168625,0.05178248882293701,0,10
26,0.0608372688293457,0.05308794230222702,0,10
27,0.06178509071469307,0.05300552770495415,0,10
28,0.06011595204472542,0.04628725349903107,0,10
29,0.06292914599180222,0.039360083639621735,0,10
30,0.06281833350658417,0.039141613990068436,0,10
31,0.0617934875190258,0.04501385614275932,0,10
32,0.06047862395644188,0.04860959202051163,0,10
33,0.061857350170612335,0.045404430478811264,0,10
34,0.059777431190013885,0.04687447473406792,0,10
35,0.06058936193585396,0.045545365661382675,0,10
36,0.06297371536493301,0.045846737921237946,0,10
37,0.061892904341220856,0.0462159626185894,0,10
38,0.0625041276216507,0.04495464637875557,0,10
39,0.061589986085891724,0.037459127604961395,0,10
40,0.06148860976099968,0.04485241696238518,0,10
41,0.061951421201229095,0.050240859389305115,0,10
42,0.062141355127096176,0.04266307130455971,0,10
43,0.06202121824026108,0.04393983259797096,0,10
44,0.06106748804450035,0.0525355264544487,0,10
45,0.06178079918026924,0.046415407210588455,0,10
46,0.061267636716365814,0.043930359184741974,0,10
47,0.0617426298558712,0.03666261211037636,0,10
48,0.06139246001839638,0.04452105611562729,0,10
49,0.06147799268364906,0.04549764096736908,0,10
50,0.06192713603377342,0.03629634901881218,0,10
51,0.06099441275000572,0.04524696618318558,0,10
52,0.06217627227306366,0.047637734562158585,0,10
53,0.061763059347867966,0.04950284957885742,0,10
54,0.06215530261397362,0.04650881513953209,0,10
55,0.06113020330667496,0.0358349047601223,0,10
56,0.06215479224920273,0.03740138188004494,0,10
57,0.06206393614411354,0.04462666064500809,0,10
58,0.06101837009191513,0.03781336545944214,0,10
59,0.06222962215542793,0.038188789039850235,0,10
60,0.0619976632297039,0.05043093487620354,0,10
61,0.059542570263147354,0.043178509920835495,0,10
62,0.06145799160003662,0.03455570340156555,0,10
63,0.06281301379203796,0.04512437433004379,0,10
64,0.06177016347646713,0.05095542594790459,0,10
65,0.062094032764434814,0.04628334566950798,0,10
66,0.06300202012062073,0.04162769392132759,0,10
67,0.06180017068982124,0.05046636238694191,0,10
68,0.06100216507911682,0.03905002400279045,0,10
69,0.06152782961726189,0.049263324588537216,0,10
0,0.05066705122590065,0.05066707357764244,0,10
1,0.05509071797132492,0.05509074404835701,0,10
2,0.058988817036151886,0.056545816361904144,0,10
3,0.062357284128665924,0.04479221999645233,0,10
4,0.062174174934625626,0.03909728676080704,0,10
5,0.06218135356903076,0.05003589764237404,0,10
6,0.0614951066672802,0.04321204498410225,0,10
7,0.059905197471380234,0.0400085374712944,0,10
8,0.060584984719753265,0.04447738453745842,0,10
9,0.06211267039179802,0.04433351010084152,0,10
10,0.06107860803604126,0.032200511544942856,0,10
11,0.0625099167227745,0.04687153548002243,0,10
12,0.0627598837018013,0.04246330261230469,0,10
13,0.06074700877070427,0.044842928647994995,0,10
14,0.06315964460372925,0.050688713788986206,0,10
15,0.059247687458992004,0.034509848803281784,0,10
16,0.061787787824869156,0.05045478045940399,0,10
17,0.06201726570725441,0.04953988268971443,0,10
18,0.06180059537291527,0.04267364740371704,0,10
19,0.06202349066734314,0.04802248254418373,0,10
20,0.06246534734964371,0.0483754426240921,0,10
21,0.06198252737522125,0.04240300506353378,0,10
22,0.06235206127166748,0.04453499987721443,0,10
23,0.06129571050405502,0.045803338289260864,0,10
24,0.06179182231426239,0.046760689467191696,0,10
25,0.06215982884168625,0.045207519084215164,0,10
26,0.0608372688293457,0.053818631917238235,0,10
27,0.06178509071469307,0.0404895581305027,0,10
28,0.06011595204472542,0.03938879445195198,0,10
29,0.06292914599180222,0.043215569108724594,0,10
30,0.06281833350658417,0.04205795377492905,0,10
31,0.0617934875190258,0.04823595657944679,0,10
32,0.06047862395644188,0.05187400430440903,0,10
33,0.061857350170612335,0.04538913816213608,0,10
34,0.059777431190013885,0.043107546865940094,0,10
35,0.06058936193585396,0.043482694774866104,0,10
36,0.06297371536493301,0.05346080660820007,0,10
37,0.061892904341220856,0.04934510588645935,0,10
38,0.0625041276216507,0.05166437476873398,0,10
39,0.061589986085891724,0.040862925350666046,0,10
40,0.06148860976099968,0.04959188401699066,0,10
41,0.061951421201229095,0.046689435839653015,0,10
42,0.062141355127096176,0.04396534711122513,0,10
43,0.06202121824026108,0.03924872726202011,0,10
44,0.06106748804450035,0.045612633228302,0,10
45,0.06178079918026924,0.04668576642870903,0,10
46,0.061267636716365814,0.04061508551239967,0,10
47,0.0617426298558712,0.04686209559440613,0,10
48,0.06139246001839638,0.044059861451387405,0,10
49,0.06147799268364906,0.053295452147722244,0,10
50,0.06192713603377342,0.043921053409576416,0,10
51,0.06099441275000572,0.034230612218379974,0,10
52,0.06217627227306366,0.0389891043305397,0,10
53,0.061763059347867966,0.04626340791583061,0,10
54,0.06215530261397362,0.04173911362886429,0,10
55,0.06113020330667496,0.04577454924583435,0,10
56,0.06215479224920273,0.05406535044312477,0,10
57,0.06206393614411354,0.03518368676304817,0,10
58,0.06101837009191513,0.04449235647916794,0,10
59,0.06222962215542793,0.04339808598160744,0,10
60,0.0619976632297039,0.04682062566280365,0,10
61,0.059542570263147354,0.04653352126479149,0,10
62,0.06145799160003662,0.044602375477552414,0,10
63,0.06281301379203796,0.036851607263088226,0,10
64,0.06177016347646713,0.03892985358834267,0,10
65,0.062094032764434814,0.04963791370391846,0,10
66,0.06300202012062073,0.04056926444172859,0,10
67,0.06180017068982124,0.04673667624592781,0,10
68,0.06100216507911682,0.03757433593273163,0,10
69,0.06152782961726189,0.044907234609127045,0,10
70,0.06240420415997505,0.04401420056819916,0,10
0,0.05066705122590065,0.05066708102822304,0,10
1,0.05509071797132492,0.05509073659777641,0,10
2,0.058988817036151886,0.05898882448673248,0,10
3,0.062357284128665924,0.04288843274116516,0,10
4,0.062174174934625626,0.04516790434718132,0,10
5,0.06218135356903076,0.043733861297369,0,10
6,0.0614951066672802,0.048631101846694946,0,10
7,0.059905197471380234,0.03969208523631096,0,10
8,0.060584984719753265,0.042876049876213074,0,10
9,0.06211267039179802,0.033223286271095276,0,10
10,0.06107860803604126,0.0419854074716568,0,10
11,0.0625099167227745,0.052055779844522476,0,10
12,0.0627598837018013,0.03788183629512787,0,10
13,0.06074700877070427,0.04678947478532791,0,10
14,0.06315964460372925,0.03977114334702492,0,10
15,0.059247687458992004,0.04555933177471161,0,10
16,0.061787787824869156,0.03849836066365242,0,10
17,0.06201726570725441,0.047734588384628296,0,10
18,0.06180059537291527,0.04911581054329872,0,10
19,0.06202349066734314,0.04790383204817772,0,10
20,0.06246534734964371,0.04036368429660797,0,10
21,0.06198252737522125,0.04874270409345627,0,10
22,0.06235206127166748,0.05503953993320465,0,10
23,0.06129571050405502,0.03874228149652481,0,10
24,0.06179182231426239,0.04929080232977867,0,10
25,0.06215982884168625,0.04009361192584038,0,10
26,0.0608372688293457,0.05158078670501709,0,10
27,0.06178509071469307,0.04785477742552757,0,10
28,0.06011595204472542,0.03817843645811081,0,10
29,0.06292914599180222,0.05369076505303383,0,10
30,0.06281833350658417,0.047011829912662506,0,10
31,0.0617934875190258,0.03970872983336449,0,10
32,0.06047862395644188,0.04771411046385765,0,10
33,0.061857350170612335,0.03849572688341141,0,10
34,0.059777431190013885,0.04237329587340355,0,10
35,0.06058936193585396,0.037571657449007034,0,10
36,0.06297371536493301,0.043192069977521896,0,10
37,0.061892904341220856,0.04305079206824303,0,10
38,0.0625041276216507,0.04631137102842331,0,10
39,0.061589986085891724,0.03590437024831772,0,10
40,0.06148860976099968,0.045554857701063156,0,10
41,0.061951421201229095,0.039009880274534225,0,10
42,0.062141355127096176,0.052500467747449875,0,10
43,0.06202121824026108,0.052458275109529495,0,10
44,0.06106748804450035,0.036802250891923904,0,10
45,0.06178079918026924,0.05266736075282097,0,10
46,0.061267636716365814,0.0372471809387207,0,10
47,0.0617426298558712,0.05530655011534691,0,10
48,0.06139246001839638,0.04182763025164604,0,10
49,0.06147799268364906,0.04531789943575859,0,10
50,0.06192713603377342,0.03571414574980736,0,10
51,0.06099441275000572,0.042701512575149536,0,10
52,0.06217627227306366,0.04262502118945122,0,10
53,0.061763059347867966,0.05277671664953232,0,10
54,0.06215530261397362,0.04716257005929947,0,10
55,0.06113020330667496,0.053271353244781494,0,10
56,0.06215479224920273,0.04215731471776962,0,10
57,0.06206393614411354,0.04543186351656914,0,10
58,0.06101837009191513,0.05144878849387169,0,10
59,0.06222962215542793,0.03896019607782364,0,10
60,0.0619976632297039,0.04024792090058327,0,10
61,0.059542570263147354,0.0450279675424099,0,10
62,0.06145799160003662,0.05099867656826973,0,10
63,0.06281301379203796,0.05215892568230629,0,10
64,0.06177016347646713,0.049392446875572205,0,10
65,0.062094032764434814,0.04326405003666878,0,10
66,0.06300202012062073,0.04694320634007454,0,10
67,0.06180017068982124,0.05040023848414421,0,10
68,0.06100216507911682,0.04549962654709816,0,10
69,0.06152782961726189,0.04067928344011307,0,10
70,0.06240420415997505,0.04036111757159233,0,10
71,0.06144789233803749,0.044163044542074203,0,10
0,0.05066705122590065,0.05066706985235214,0,10
1,0.05509071797132492,0.05509074404835701,0,10
2,0.058988817036151886,0.05898883938789368,0,10
3,0.062357284128665924,0.045489098876714706,0,10
4,0.062174174934625626,0.04645329341292381,0,10
5,0.06218135356903076,0.05264678969979286,0,10
6,0.0614951066672802,0.04651063308119774,0,10
7,0.059905197471380234,0.04466237872838974,0,10
8,0.060584984719753265,0.04415016248822212,0,10
9,0.06211267039179802,0.03960370272397995,0,10
10,0.06107860803604126,0.043352171778678894,0,10
11,0.0625099167227745,0.041637931019067764,0,10
12,0.0627598837018013,0.036255862563848495,0,10
13,0.06074700877070427,0.04760856553912163,0,10
14,0.06315964460372925,0.04894879460334778,0,10
15,0.059247687458992004,0.041942160576581955,0,10
16,0.061787787824869156,0.030858363956212997,0,10
17,0.06201726570725441,0.04930858314037323,0,10
18,0.06180059537291527,0.040378767997026443,0,10
19,0.06202349066734314,0.04125590622425079,0,10
20,0.06246534734964371,0.0377337820827961,0,10
21,0.06198252737522125,0.04690422862768173,0,10
22,0.06235206127166748,0.05211564153432846,0,10
23,0.06129571050405502,0.04179489240050316,0,10
24,0.06179182231426239,0.05435551330447197,0,10
25,0.06215982884168625,0.05030089616775513,0,10
26,0.0608372688293457,0.038606416434049606,0,10
27,0.06178509071469307,0.04148124158382416,0,10
28,0.06011595204472542,0.03925958275794983,0,10
29,0.06292914599180222,0.04769914224743843,0,10
30,0.06281833350658417,0.042011965066194534,0,10
31,0.0617934875190258,0.04749414324760437,0,10
32,0.06047862395644188,0.043806977570056915,0,10
33,0.061857350170612335,0.04416223242878914,0,10
34,0.059777431190013885,0.043611135333776474,0,10
35,0.06058936193585396,0.04103213921189308,0,10
36,0.06297371536493301,0.052376098930835724,0,10
37,0.061892904341220856,0.0425083190202713,0,10
38,0.0625041276216507,0.035956546664237976,0,10
39,0.061589986085891724,0.04166721925139427,0,10
40,0.06148860976099968,0.03791746124625206,0,10
41,0.061951421201229095,0.042490776628255844,0,10
42,0.062141355127096176,0.04982724040746689,0,10
43,0.06202121824026108,0.045932330191135406,0,10
44,0.06106748804450035,0.03847697377204895,0,10
45,0.06178079918026924,0.048180319368839264,0,10
46,0.061267636716365814,0.038253191858530045,0,10
47,0.0617426298558712,0.04511730372905731,0,10
48,0.06139246001839638,0.04780694097280502,0,10
49,0.06147799268364906,0.03586575388908386,0,10
50,0.06192713603377342,0.04728468134999275,0,10
51,0.06099441275000572,0.0531209297478199,0,10
52,0.06217627227306366,0.05110391229391098,0,10
53,0.061763059347867966,0.04496748372912407,0,10
54,0.06215530261397362,0.049354471266269684,0,10
55,0.06113020330667496,0.04127798229455948,0,10
56,0.06215479224920273,0.04577343165874481,0,10
57,0.06206393614411354,0.04280837997794151,0,10
58,0.06101837009191513,0.052860077470541,0,10
59,0.06222962215542793,0.02364351414144039,0,10
60,0.0619976632297039,0.04630497843027115,0,10
61,0.059542570263147354,0.04378657042980194,0,10
62,0.06145799160003662,0.039188556373119354,0,10
63,0.06281301379203796,0.04297013208270073,0,10
64,0.06177016347646713,0.04954250901937485,0,10
65,0.062094032764434814,0.040936026722192764,0,10
66,0.06300202012062073,0.04748185724020004,0,10
67,0.06180017068982124,0.042955052107572556,0,10
68,0.06100216507911682,0.038223184645175934,0,10
69,0.06152782961726189,0.043763503432273865,0,10
70,0.06240420415997505,0.03951702266931534,0,10
71,0.06144789233803749,0.047625280916690826,0,10
72,0.061847325414419174,0.03861194849014282,0,10
0,0.05066705122590065,0.05066708102822304,0,10
1,0.05509071797132492,0.05509074032306671,0,10
2,0.058988817036151886,0.05528118461370468,0,10
3,0.062357284128665924,0.03840057924389839,0,10
4,0.062174174934625626,0.03945223614573479,0,10
5,0.06218135356903076,0.051113054156303406,0,10
6,0.0614951066672802,0.04755518585443497,0,10
7,0.059905197471380234,0.03901573270559311,0,10
8,0.060584984719753265,0.04679739847779274,0,10
9,0.06211267039179802,0.04314329847693443,0,10
10,0.06107860803604126,0.04261491075158119,0,10
11,0.0625099167227745,0.03916991502046585,0,10
12,0.0627598837018013,0.032494403421878815,0,10
13,0.06074700877070427,0.04629660025238991,0,10
14,0.06315964460372925,0.042627450078725815,0,10
15,0.059247687458992004,0.051125071942806244,0,10
16,0.061787787824869156,0.04314269870519638,0,10
17,0.06201726570725441,0.04355488717556,0,10
18,0.06180059537291527,0.04461405426263809,0,10
19,0.06202349066734314,0.044533438980579376,0,10
20,0.06246534734964371,0.04211506247520447,0,10
21,0.06198252737522125,0.042207155376672745,0,10
22,0.06235206127166748,0.037344641983509064,0,10
23,0.06129571050405502,0.05065344274044037,0,10
24,0.06179182231426239,0.04090955853462219,0,10
25,0.06215982884168625,0.04070392996072769,0,10
26,0.0608372688293457,0.036377549171447754,0,10
27,0.06178509071469307,0.05234367027878761,0,10
28,0.06011595204472542,0.03476607799530029,0,10
29,0.06292914599180222,0.03994699567556381,0,10
30,0.06281833350658417,0.044667355716228485,0,10
31,0.0617934875190258,0.049205929040908813,0,10
32,0.06047862395644188,0.05177745595574379,0,10
33,0.061857350170612335,0.03748268634080887,0,10
34,0.059777431190013885,0.03753122314810753,0,10
35,0.06058936193585396,0.026063691824674606,0,10
36,0.06297371536493301,0.051617223769426346,0,10
37,0.061892904341220856,0.034571606665849686,0,10
38,0.0625041276216507,0.04575250297784805,0,10
39,0.061589986085891724,0.03536999598145485,0,10
40,0.06148860976099968,0.05088910087943077,0,10
41,0.061951421201229095,0.05087723582983017,0,10
42,0.062141355127096176,0.053942590951919556,0,10
43,0.06202121824026108,0.045691050589084625,0,10
44,0.06106748804450035,0.0336230993270874,0,10
45,0.06178079918026924,0.04211225360631943,0,10
46,0.061267636716365814,0.04591355472803116,0,10
47,0.0617426298558712,0.047508131712675095,0,10
48,0.06139246001839638,0.05078413337469101,0,10
49,0.06147799268364906,0.03641512617468834,0,10
50,0.06192713603377342,0.0402124784886837,0,10
51,0.06099441275000572,0.04614989832043648,0,10
52,0.06217627227306366,0.042404502630233765,0,10
53,0.061763059347867966,0.047117456793785095,0,10
54,0.06215530261397362,0.04359515756368637,0,10
55,0.06113020330667496,0.041246287524700165,0,10
56,0.06215479224920273,0.0424996018409729,0,10
57,0.06206393614411354,0.04669575393199921,0,10
58,0.06101837009191513,0.042319800704717636,0,10
59,0.06222962215542793,0.0512617863714695,0,10
60,0.0619976632297039,0.039210811257362366,0,10
61,0.059542570263147354,0.02651911973953247,0,10
62,0.06145799160003662,0.041125014424324036,0,10
63,0.06281301379203796,0.04364626109600067,0,10
64,0.06177016347646713,0.04161082208156586,0,10
65,0.062094032764434814,0.04321065545082092,0,10
66,0.06300202012062073,0.040105145424604416,0,10
67,0.06180017068982124,0.043555643409490585,0,10
68,0.06100216507911682,0.05400017648935318,0,10
69,0.06152782961726189,0.0387868732213974,0,10
70,0.06240420415997505,0.04110110178589821,0,10
71,0.06144789233803749,0.04874914139509201,0,10
72,0.061847325414419174,0.035074975341558456,0,10
73,0.06210187450051308,0.03728543221950531,0,10
0,0.05066705122590065,0.05066706985235214,0,10
1,0.05509071797132492,0.05509074404835701,0,10
2,0.058988817036151886,0.057231705635786057,0,10
3,0.062357284128665924,0.0433267317712307,0,10
4,0.062174174934625626,0.047627273947000504,0,10
5,0.06218135356903076,0.037790991365909576,0,10
6,0.0614951066672802,0.04696371406316757,0,10
7,0.059905197471380234,0.04645310342311859,0,10
8,0.060584984719753265,0.044073499739170074,0,10
9,0.06211267039179802,0.03884286805987358,0,10
10,0.06107860803604126,0.04295595362782478,0,10
11,0.0625099167227745,0.04645925760269165,0,10
12,0.0627598837018013,0.04283347725868225,0,10
13,0.06074700877070427,0.033215463161468506,0,10
14,0.06315964460372925,0.047884054481983185,0,10
15,0.059247687458992004,0.0454399399459362,0,10
16,0.061787787824869156,0.035248540341854095,0,10
17,0.06201726570725441,0.03773128241300583,0,10
18,0.06180059537291527,0.042226169258356094,0,10
19,0.06202349066734314,0.03691303730010986,0,10
20,0.06246534734964371,0.04269304499030113,0,10
21,0.06198252737522125,0.04694042354822159,0,10
22,0.06235206127166748,0.044963013380765915,0,10
23,0.06129571050405502,0.05165020376443863,0,10
24,0.06179182231426239,0.04247798025608063,0,10
25,0.06215982884168625,0.048063769936561584,0,10
26,0.0608372688293457,0.04673480615019798,0,10
27,0.06178509071469307,0.03865475580096245,0,10
28,0.06011595204472542,0.0438777320086956,0,10
29,0.06292914599180222,0.04943077266216278,0,10
30,0.06281833350658417,0.041793644428253174,0,10
31,0.0617934875190258,0.03729188069701195,0,10
32,0.06047862395644188,0.036730121821165085,0,10
33,0.061857350170612335,0.04555811360478401,0,10
34,0.059777431190013885,0.03932414576411247,0,10
35,0.06058936193585396,0.041942063719034195,0,10
36,0.06297371536493301,0.038496606051921844,0,10
37,0.061892904341220856,0.04530248045921326,0,10
38,0.0625041276216507,0.045768845826387405,0,10
39,0.061589986085891724,0.04811784625053406,0,10
40,0.06148860976099968,0.04059779644012451,0,10
41,0.061951421201229095,0.04326346516609192,0,10
42,0.062141355127096176,0.04434524103999138,0,10
43,0.06202121824026108,0.048518456518650055,0,10
44,0.06106748804450035,0.04400765523314476,0,10
45,0.06178079918026924,0.04808861389756203,0,10
46,0.061267636716365814,0.05070469528436661,0,10
47,0.0617426298558712,0.04559725895524025,0,10
48,0.06139246001839638,0.045433077961206436,0,10
49,0.06147799268364906,0.04370175302028656,0,10
50,0.06192713603377342,0.051051147282123566,0,10
51,0.06099441275000572,0.04525007680058479,0,10
52,0.06217627227306366,0.057041894644498825,0,10
53,0.061763059347867966,0.040401630103588104,0,10
54,0.06215530261397362,0.05042833462357521,0,10
55,0.06113020330667496,0.04317044839262962,0,10
56,0.06215479224920273,0.05198689177632332,0,10
57,0.06206393614411354,0.042855024337768555,0,10
58,0.06101837009191513,0.046407751739025116,0,10
59,0.06222962215542793,0.035471219569444656,0,10
60,0.0619976632297039,0.03589041903614998,0,10
61,0.059542570263147354,0.035264864563941956,0,10
62,0.06145799160003662,0.0411699041724205,0,10
63,0.06281301379203796,0.034485574811697006,0,10
64,0.06177016347646713,0.042016636580228806,0,10
65,0.062094032764434814,0.04442678019404411,0,10
66,0.06300202012062073,0.0368255078792572,0,10
67,0.06180017068982124,0.045195139944553375,0,10
68,0.06100216507911682,0.037342146039009094,0,10
69,0.06152782961726189,0.04057951644062996,0,10
70,0.06240420415997505,0.04614008963108063,0,10
71,0.06144789233803749,0.04390386864542961,0,10
72,0.061847325414419174,0.04490797966718674,0,10
73,0.06210187450051308,0.04749619588255882,0,10
74,0.06104613095521927,0.0499662421643734,0,10
0,0.05066705122590065,0.05066707730293274,0,10
1,0.05509071797132492,0.05509074404835701,0,10
2,0.058988817036151886,0.0530557781457901,0,10
3,0.062357284128665924,0.03492124378681183,0,10
4,0.062174174934625626,0.045774273574352264,0,10
5,0.06218135356903076,0.04878776893019676,0,10
6,0.0614951066672802,0.04472899064421654,0,10
7,0.059905197471380234,0.04195089638233185,0,10
8,0.060584984719753265,0.034878622740507126,0,10
9,0.06211267039179802,0.04359961673617363,0,10
10,0.06107860803604126,0.04057527333498001,0,10
11,0.0625099167227745,0.04833250865340233,0,10
12,0.0627598837018013,0.04522231966257095,0,10
13,0.06074700877070427,0.04246273264288902,0,10
14,0.06315964460372925,0.04308905825018883,0,10
15,0.059247687458992004,0.04822726920247078,0,10
16,0.061787787824869156,0.04626572132110596,0,10
17,0.06201726570725441,0.0472169928252697,0,10
18,0.06180059537291527,0.04151789844036102,0,10
19,0.06202349066734314,0.054917797446250916,0,10
20,0.06246534734964371,0.042935989797115326,0,10
21,0.06198252737522125,0.04623250290751457,0,10
22,0.06235206127166748,0.04089425131678581,0,10
23,0.06129571050405502,0.04827989265322685,0,10
24,0.06179182231426239,0.042389918118715286,0,10
25,0.06215982884168625,0.04200311750173569,0,10
26,0.0608372688293457,0.04155195504426956,0,10
27,0.06178509071469307,0.04641016200184822,0,10
28,0.06011595204472542,0.030155420303344727,0,10
29,0.06292914599180222,0.042635850608348846,0,10
30,0.06281833350658417,0.04851217567920685,0,10
31,0.0617934875190258,0.04750625789165497,0,10
32,0.06047862395644188,0.04901249334216118,0,10
33,0.061857350170612335,0.045193612575531006,0,10
34,0.059777431190013885,0.03525563329458237,0,10
35,0.06058936193585396,0.046027179807424545,0,10
36,0.06297371536493301,0.046404678374528885,0,10
37,0.061892904341220856,0.03956213220953941,0,10
38,0.0625041276216507,0.041777513921260834,0,10
39,0.061589986085891724,0.04170777276158333,0,10
40,0.06148860976099968,0.04463985934853554,0,10
41,0.061951421201229095,0.045319557189941406,0,10
42,0.062141355127096176,0.035116057842969894,0,10
43,0.06202121824026108,0.04588046297430992,0,10
44,0.06106748804450035,0.04775473102927208,0,10
45,0.06178079918026924,0.052799079567193985,0,10
46,0.061267636716365814,0.04524858668446541,0,10
47,0.0617426298558712,0.04387518763542175,0,10
48,0.06139246001839638,0.04194984957575798,0,10
49,0.06147799268364906,0.0489928238093853,0,10
50,0.06192713603377342,0.052988454699516296,0,10
51,0.06099441275000572,0.03742806985974312,0,10
52,0.06217627227306366,0.03607533872127533,0,10
53,0.061763059347867966,0.04475267231464386,0,10
54,0.06215530261397362,0.041226159781217575,0,10
55,0.06113020330667496,0.046869900077581406,0,10
56,0.06215479224920273,0.0405338779091835,0,10
57,0.06206393614411354,0.0328545868396759,0,10
58,0.06101837009191513,0.04486403614282608,0,10
59,0.06222962215542793,0.03999604657292366,0,10
60,0.0619976632297039,0.05079331248998642,0,10
61,0.059542570263147354,0.05346629396080971,0,10
62,0.06145799160003662,0.0412713959813118,0,10
63,0.06281301379203796,0.04333311691880226,0,10
64,0.06177016347646713,0.04543111473321915,0,10
65,0.062094032764434814,0.039390623569488525,0,10
66,0.06300202012062073,0.04595448821783066,0,10
67,0.06180017068982124,0.03729124367237091,0,10
68,0.06100216507911682,0.05604054778814316,0,10
69,0.06152782961726189,0.04610380902886391,0,10
70,0.06240420415997505,0.044183555990457535,0,10
71,0.06144789233803749,0.04041935130953789,0,10
72,0.061847325414419174,0.04823911190032959,0,10
73,0.06210187450051308,0.045838333666324615,0,10
74,0.06104613095521927,0.0345095656812191,0,10
75,0.061587486416101456,0.04703488573431969,0,10
0,0.05066705122590065,0.05066707357764244,0,10
1,0.05509071797132492,0.05509074404835701,0,10
2,0.058988817036151886,0.055331405252218246,0,10
3,0.062357284128665924,0.04165283963084221,0,10
4,0.062174174934625626,0.04912884905934334,0,10
5,0.06218135356903076,0.0388215109705925,0,10
6,0.0614951066672802,0.043106865137815475,0,10
7,0.059905197471380234,0.04420255869626999,0,10
8,0.060584984719753265,0.040209878236055374,0,10
9,0.06211267039179802,0.04693898931145668,0,10
10,0.06107860803604126,0.03808831423521042,0,10
11,0.0625099167227745,0.03681609779596329,0,10
12,0.0627598837018013,0.04669217765331268,0,10
13,0.06074700877070427,0.04735827445983887,0,10
14,0.06315964460372925,0.0564940981566906,0,10
15,0.059247687458992004,0.044422440230846405,0,10
16,0.061787787824869156,0.04514072462916374,0,10
17,0.06201726570725441,0.04249052703380585,0,10
18,0.06180059537291527,0.04290120303630829,0,10
19,0.06202349066734314,0.05017903074622154,0,10
20,0.06246534734964371,0.0473179891705513,0,10
21,0.06198252737522125,0.05061320960521698,0,10
22,0.06235206127166748,0.04353735223412514,0,10
23,0.06129571050405502,0.03701005131006241,0,10
24,0.06179182231426239,0.04268192872405052,0,10
25,0.06215982884168625,0.04135648161172867,0,10
26,0.0608372688293457,0.03269575908780098,0,10
27,0.06178509071469307,0.041917722672224045,0,10
28,0.06011595204472542,0.03326266258955002,0,10
29,0.06292914599180222,0.03529294207692146,0,10
30,0.06281833350658417,0.05087006092071533,0,10
31,0.0617934875190258,0.05344345420598984,0,10
32,0.06047862395644188,0.05347708240151405,0,10
33,0.061857350170612335,0.03820030763745308,0,10
34,0.059777431190013885,0.044430382549762726,0,10
35,0.06058936193585396,0.04086645692586899,0,10
36,0.06297371536493301,0.04777326062321663,0,10
37,0.061892904341220856,0.046428993344306946,0,10
38,0.0625041276216507,0.04045802727341652,0,10
39,0.061589986085891724,0.04256180301308632,0,10
40,0.06148860976099968,0.04461697116494179,0,10
41,0.061951421201229095,0.04398519918322563,0,10
42,0.062141355127096176,0.0410449244081974,0,10
43,0.06202121824026108,0.04603150486946106,0,10
44,0.06106748804450035,0.046156808733940125,0,10
45,0.06178079918026924,0.04551958292722702,0,10
46,0.061267636716365814,0.0526772178709507,0,10
47,0.0617426298558712,0.04655231907963753,0,10
48,0.06139246001839638,0.04284786060452461,0,10
49,0.06147799268364906,0.0374687984585762,0,10
50,0.06192713603377342,0.045904435217380524,0,10
51,0.06099441275000572,0.04417950287461281,0,10
52,0.06217627227306366,0.05217374116182327,0,10
53,0.061763059347867966,0.0512104406952858,0,10
54,0.06215530261397362,0.039444584399461746,0,10
55,0.06113020330667496,0.048707567155361176,0,10
56,0.06215479224920273,0.04732559993863106,0,10
57,0.06206393614411354,0.04492668807506561,0,10
58,0.06101837009191513,0.039826564490795135,0,10
59,0.06222962215542793,0.04628823325037956,0,10
60,0.0619976632297039,0.04409321770071983,0,10
61,0.059542570263147354,0.03637927770614624,0,10
62,0.06145799160003662,0.039138343185186386,0,10
63,0.06281301379203796,0.04116662219166756,0,10
64,0.06177016347646713,0.04915471374988556,0,10
65,0.062094032764434814,0.04575556144118309,0,10
66,0.06300202012062073,0.05452217534184456,0,10
67,0.06180017068982124,0.04490724205970764,0,10
68,0.06100216507911682,0.04355594143271446,0,10
69,0.06152782961726189,0.05444458872079849,0,10
70,0.06240420415997505,0.042736537754535675,0,10
71,0.06144789233803749,0.03978218883275986,0,10
72,0.061847325414419174,0.05052475258708,0,10
73,0.06210187450051308,0.04857116937637329,0,10
74,0.06104613095521927,0.04690363258123398,0,10
75,0.061587486416101456,0.050112951546907425,0,10
76,0.06114470958709717,0.0461517758667469,0,10
0,0.05066705122590065,0.05066708102822304,0,10
1,0.05509071797132492,0.05509074404835701,0,10
2,0.058988817036151886,0.05722465366125107,0,10
3,0.062357284128665924,0.04392122104763985,0,10
4,0.062174174934625626,0.04654935002326965,0,10
5,0.06218135356903076,0.05268649384379387,0,10
6,0.0614951066672802,0.04623475670814514,0,10
7,0.059905197471380234,0.04291222617030144,0,10
8,0.060584984719753265,0.04376678168773651,0,10
9,0.06211267039179802,0.031157955527305603,0,10
10,0.06107860803604126,0.04641862213611603,0,10
11,0.0625099167227745,0.04969358071684837,0,10
12,0.0627598837018013,0.04614859074354172,0,10
13,0.06074700877070427,0.038607221096754074,0,10
14,0.06315964460372925,0.04207465797662735,0,10
15,0.059247687458992004,0.041288767009973526,0,10
16,0.061787787824869156,0.03764098882675171,0,10
17,0.06201726570725441,0.04440084844827652,0,10
18,0.06180059537291527,0.043084338307380676,0,10
19,0.06202349066734314,0.0475122444331646,0,10
20,0.06246534734964371,0.03895412012934685,0,10
21,0.06198252737522125,0.04134416952729225,0,10
22,0.06235206127166748,0.041544828563928604,0,10
23,0.06129571050405502,0.045123111456632614,0,10
24,0.06179182231426239,0.04177709296345711,0,10
25,0.06215982884168625,0.048249781131744385,0,10
26,0.0608372688293457,0.037839289754629135,0,10
27,0.06178509071469307,0.04888315126299858,0,10
28,0.06011595204472542,0.027049148455262184,0,10
29,0.06292914599180222,0.05616200342774391,0,10
30,0.06281833350658417,0.04008058086037636,0,10
31,0.0617934875190258,0.042078979313373566,0,10
32,0.06047862395644188,0.03851368650794029,0,10
33,0.061857350170612335,0.048563674092292786,0,10
34,0.059777431190013885,0.042045269161462784,0,10
35,0.06058936193585396,0.03669864311814308,0,10
36,0.06297371536493301,0.04137550666928291,0,10
37,0.061892904341220856,0.038627393543720245,0,10
38,0.0625041276216507,0.05504809319972992,0,10
39,0.061589986085891724,0.04201210290193558,0,10
40,0.06148860976099968,0.04178042709827423,0,10
41,0.061951421201229095,0.02639317326247692,0,10
42,0.062141355127096176,0.04259104281663895,0,10
43,0.06202121824026108,0.04691218212246895,0,10
44,0.06106748804450035,0.05507814139127731,0,10
45,0.06178079918026924,0.038501303642988205,0,10
46,0.061267636716365814,0.03917848691344261,0,10
47,0.0617426298558712,0.047675374895334244,0,10
48,0.06139246001839638,0.04622168838977814,0,10
49,0.06147799268364906,0.04751032218337059,0,10
50,0.06192713603377342,0.050037931650877,0,10
51,0.06099441275000572,0.040874067693948746,0,10
52,0.06217627227306366,0.0384954996407032,0,10
53,0.061763059347867966,0.047716666013002396,0,10
54,0.06215530261397362,0.043003328144550323,0,10
55,0.06113020330667496,0.046022120863199234,0,10
56,0.06215479224920273,0.04847650229930878,0,10
57,0.06206393614411354,0.0373748280107975,0,10
58,0.06101837009191513,0.03645240515470505,0,10
59,0.06222962215542793,0.047674015164375305,0,10
60,0.0619976632297039,0.0493919774889946,0,10
61,0.059542570263147354,0.04334757849574089,0,10
62,0.06145799160003662,0.04480869695544243,0,10
63,0.06281301379203796,0.044592566788196564,0,10
64,0.06177016347646713,0.04244628921151161,0,10
65,0.062094032764434814,0.04401170089840889,0,10
66,0.06300202012062073,0.03914133086800575,0,10
67,0.06180017068982124,0.05362984538078308,0,10
68,0.06100216507911682,0.04677855595946312,0,10
69,0.06152782961726189,0.03806551545858383,0,10
70,0.06240420415997505,0.054326556622982025,0,10
71,0.06144789233803749,0.0346490778028965,0,10
72,0.061847325414419174,0.047531552612781525,0,10
73,0.06210187450051308,0.04366431385278702,0,10
74,0.06104613095521927,0.04442201554775238,0,10
75,0.061587486416101456,0.043232426047325134,0,10
76,0.06114470958709717,0.04139646515250206,0,10
77,0.06130160763859749,0.04926108196377754,0,10
0,0.05066705122590065,0.05066708102822304,0,10
1,0.05509071797132492,0.05509074404835701,0,10
2,0.058988817036151886,0.05785657837986946,0,10
3,0.062357284128665924,0.03989030048251152,0,10
4,0.062174174934625626,0.03711707890033722,0,10
5,0.06218135356903076,0.042116571217775345,0,10
6,0.0614951066672802,0.03652871400117874,0,10
7,0.059905197471380234,0.0463285893201828,0,10
8,0.060584984719753265,0.03666283190250397,0,10
9,0.06211267039179802,0.04762113466858864,0,10
10,0.06107860803604126,0.042065929621458054,0,10
11,0.0625099167227745,0.03543015569448471,0,10
12,0.0627598837018013,0.04154972359538078,0,10
13,0.06074700877070427,0.03791053965687752,0,10
14,0.06315964460372925,0.04226402938365936,0,10
15,0.059247687458992004,0.03883762285113335,0,10
16,0.061787787824869156,0.04491158202290535,0,10
17,0.06201726570725441,0.04786276817321777,0,10
18,0.06180059537291527,0.04233735427260399,0,10
19,0.06202349066734314,0.0493752583861351,0,10
20,0.06246534734964371,0.04809696599841118,0,10
21,0.06198252737522125,0.043298158794641495,0,10
22,0.06235206127166748,0.04935116693377495,0,10
23,0.06129571050405502,0.044313471764326096,0,10
24,0.06179182231426239,0.041104964911937714,0,10
25,0.06215982884168625,0.04192809388041496,0,10
26,0.0608372688293457,0.03541509062051773,0,10
27,0.06178509071469307,0.04041518643498421,0,10
28,0.06011595204472542,0.03832831606268883,0,10
29,0.06292914599180222,0.04782133176922798,0,10
30,0.06281833350658417,0.05157337710261345,0,10
31,0.0617934875190258,0.04144209995865822,0,10
32,0.06047862395644188,0.03764934837818146,0,10
33,0.061857350170612335,0.03948165476322174,0,10
34,0.059777431190013885,0.03615370765328407,0,10
35,0.06058936193585396,0.04847535118460655,0,10
36,0.06297371536493301,0.049214523285627365,0,10
37,0.061892904341220856,0.040724705904722214,0,10
38,0.0625041276216507,0.04492681473493576,0,10
39,0.061589986085891724,0.03542773798108101,0,10
40,0.06148860976099968,0.04267386719584465,0,10
41,0.061951421201229095,0.04690827429294586,0,10
42,0.062141355127096176,0.03840549290180206,0,10
43,0.06202121824026108,0.04235522076487541,0,10
44,0.06106748804450035,0.04113639518618584,0,10
45,0.06178079918026924,0.039166513830423355,0,10
46,0.061267636716365814,0.03832082077860832,0,10
47,0.0617426298558712,0.042728058993816376,0,10
48,0.06139246001839638,0.04413696378469467,0,10
49,0.06147799268364906,0.042433928698301315,0,10
50,0.06192713603377342,0.043436773121356964,0,10
51,0.06099441275000572,0.04048163443803787,0,10
52,0.06217627227306366,0.03830608353018761,0,10
53,0.061763059347867966,0.051335692405700684,0,10
54,0.06215530261397362,0.03434034809470177,0,10
55,0.06113020330667496,0.05080880597233772,0,10
56,0.06215479224920273,0.03674038127064705,0,10
57,0.06206393614411354,0.0440097413957119,0,10
58,0.06101837009191513,0.041188545525074005,0,10
59,0.06222962215542793,0.03694739565253258,0,10
60,0.0619976632297039,0.04574214294552803,0,10
61,0.059542570263147354,0.021337544545531273,0,10
62,0.06145799160003662,0.042575474828481674,0,10
63,0.06281301379203796,0.022555844858288765,0,10
64,0.06177016347646713,0.04341260343790054,0,10
65,0.062094032764434814,0.05031494051218033,0,10
66,0.06300202012062073,0.04845535382628441,0,10
67,0.06180017068982124,0.039488665759563446,0,10
68,0.06100216507911682,0.046656619757413864,0,10
69,0.06152782961726189,0.04021747037768364,0,10
70,0.06240420415997505,0.050270967185497284,0,10
71,0.06144789233803749,0.036416295915842056,0,10
72,0.061847325414419174,0.04401611164212227,0,10
73,0.06210187450051308,0.04160848632454872,0,10
74,0.06104613095521927,0.029980044811964035,0,10
75,0.061587486416101456,0.05037993937730789,0,10
76,0.06114470958709717,0.04254821315407753,0,10
77,0.06130160763859749,0.04120568931102753,0,10
78,0.0613749660551548,0.04805190488696098,0,10
0,0.05066705122590065,0.05066706985235214,0,10
1,0.05509071797132492,0.05509074032306671,0,10
2,0.058988817036151886,0.057702843099832535,0,10
3,0.062357284128665924,0.039928458631038666,0,10
4,0.062174174934625626,0.03469385951757431,0,10
5,0.06218135356903076,0.045154061168432236,0,10
6,0.0614951066672802,0.04757331311702728,0,10
7,0.059905197471380234,0.038737837225198746,0,10
8,0.060584984719753265,0.04159863665699959,0,10
9,0.06211267039179802,0.043776482343673706,0,10
10,0.06107860803604126,0.03977556899189949,0,10
11,0.0625099167227745,0.041028350591659546,0,10
12,0.0627598837018013,0.050822775810956955,0,10
13,0.06074700877070427,0.04285799711942673,0,10
14,0.06315964460372925,0.043362196534872055,0,10
15,0.059247687458992004,0.04081737622618675,0,10
16,0.061787787824869156,0.04284811392426491,0,10
17,0.06201726570725441,0.04692516103386879,0,10
18,0.06180059537291527,0.0478544645011425,0,10
19,0.06202349066734314,0.049900706857442856,0,10
20,0.06246534734964371,0.04827011376619339,0,10
21,0.06198252737522125,0.04425941780209541,0,10
22,0.06235206127166748,0.04323670268058777,0,10
23,0.06129571050405502,0.0466625802218914,0,10
24,0.06179182231426239,0.04817861691117287,0,10
25,0.06215982884168625,0.04059522598981857,0,10
26,0.0608372688293457,0.029278583824634552,0,10
27,0.06178509071469307,0.041381802409887314,0,10
28,0.06011595204472542,0.03849130496382713,0,10
29,0.06292914599180222,0.04233289510011673,0,10
30,0.06281833350658417,0.045199405401945114,0,10
31,0.0617934875190258,0.04788011685013771,0,10
32,0.06047862395644188,0.04635585471987724,0,10
33,0.061857350170612335,0.048436228185892105,0,10
34,0.059777431190013885,0.045090314000844955,0,10
35,0.06058936193585396,0.04081934690475464,0,10
36,0.06297371536493301,0.04273827746510506,0,10
37,0.061892904341220856,0.0443115308880806,0,10
38,0.0625041276216507,0.055315181612968445,0,10
39,0.061589986085891724,0.0472460575401783,0,10
40,0.06148860976099968,0.04188399761915207,0,10
41,0.061951421201229095,0.03991397097706795,0,10
42,0.062141355127096176,0.046518005430698395,0,10
43,0.06202121824026108,0.03928668424487114,0,10
44,0.06106748804450035,0.03901717811822891,0,10
45,0.06178079918026924,0.0492740124464035,0,10
46,0.061267636716365814,0.042430486530065536,0,10
47,0.0617426298558712,0.04814840853214264,0,10
48,0.06139246001839638,0.04229925945401192,0,10
49,0.06147799268364906,0.04696054756641388,0,10
50,0.06192713603377342,0.0467451736330986,0,10
51,0.06099441275000572,0.04740462079644203,0,10
52,0.06217627227306366,0.047608986496925354,0,10
53,0.061763059347867966,0.04154476523399353,0,10
54,0.06215530261397362,0.03911153972148895,0,10
55,0.06113020330667496,0.04872068390250206,0,10
56,0.06215479224920273,0.04256957024335861,0,10
57,0.06206393614411354,0.04689967632293701,0,10
58,0.06101837009191513,0.052075158804655075,0,10
59,0.06222962215542793,0.03890390694141388,0,10
60,0.0619976632297039,0.04482584074139595,0,10
61,0.059542570263147354,0.04089542105793953,0,10
62,0.06145799160003662,0.04514656588435173,0,10
63,0.06281301379203796,0.04629168659448624,0,10
64,0.06177016347646713,0.04945262148976326,0,10
65,0.062094032764434814,0.05249965935945511,0,10
66,0.06300202012062073,0.045091405510902405,0,10
67,0.06180017068982124,0.04392968490719795,0,10
68,0.06100216507911682,0.04354426637291908,0,10
69,0.06152782961726189,0.044572629034519196,0,10
70,0.06240420415997505,0.05076432228088379,0,10
71,0.06144789233803749,0.0435953326523304,0,10
72,0.061847325414419174,0.044004447758197784,0,10
73,0.06210187450051308,0.044714510440826416,0,10
74,0.06104613095521927,0.05116111412644386,0,10
75,0.061587486416101456,0.04812737554311752,0,10
76,0.06114470958709717,0.04302350431680679,0,10
77,0.06130160763859749,0.046725522726774216,0,10
78,0.0613749660551548,0.049930866807699203,0,10
79,0.06241793558001518,0.037102147936820984,0,10
0,0.05066705122590065,0.05066708102822304,0,10
1,0.05509071797132492,0.05509074032306671,0,10
2,0.058988817036151886,0.056220803409814835,0,10
3,0.062357284128665924,0.04418422281742096,0,10
4,0.062174174934625626,0.04150918871164322,0,10
5,0.06218135356903076,0.043543048202991486,0,10
6,0.0614951066672802,0.039435211569070816,0,10
7,0.059905197471380234,0.03783167153596878,0,10
8,0.060584984719753265,0.043469030410051346,0,10
9,0.06211267039179802,0.04530029743909836,0,10
10,0.06107860803604126,0.041525136679410934,0,10
11,0.0625099167227745,0.05453493446111679,0,10
12,0.0627598837018013,0.045311614871025085,0,10
13,0.06074700877070427,0.03609287738800049,0,10
14,0.06315964460372925,0.046235207468271255,0,10
15,0.059247687458992004,0.04213550314307213,0,10
16,0.061787787824869156,0.03749174252152443,0,10
17,0.06201726570725441,0.048217326402664185,0,10
18,0.06180059537291527,0.039762988686561584,0,10
19,0.06202349066734314,0.04486716538667679,0,10
20,0.06246534734964371,0.04470311105251312,0,10
21,0.06198252737522125,0.033958252519369125,0,10
22,0.06235206127166748,0.04519440606236458,0,10
23,0.06129571050405502,0.04206245392560959,0,10
24,0.06179182231426239,0.048218585550785065,0,10
25,0.06215982884168625,0.05629079416394234,0,10
26,0.0608372688293457,0.04588264971971512,0,10
27,0.06178509071469307,0.03842628002166748,0,10
28,0.06011595204472542,0.04707508534193039,0,10
29,0.06292914599180222,0.031061263754963875,0,10
30,0.06281833350658417,0.047428619116544724,0,10
31,0.0617934875190258,0.04648234322667122,0,10
32,0.06047862395644188,0.026766229420900345,0,10
33,0.061857350170612335,0.05185762792825699,0,10
34,0.059777431190013885,0.04846953973174095,0,10
35,0.06058936193585396,0.041763100773096085,0,10
36,0.06297371536493301,0.048337750136852264,0,10
37,0.061892904341220856,0.04580260068178177,0,10
38,0.0625041276216507,0.043038807809352875,0,10
39,0.061589986085891724,0.04009959474205971,0,10
40,0.06148860976099968,0.0372672863304615,0,10
41,0.061951421201229095,0.037477340549230576,0,10
42,0.062141355127096176,0.04847383126616478,0,10
43,0.06202121824026108,0.04656504839658737,0,10
44,0.06106748804450035,0.04571839049458504,0,10
45,0.06178079918026924,0.04013775289058685,0,10
46,0.061267636716365814,0.05303695797920227,0,10
47,0.0617426298558712,0.04445246234536171,0,10
48,0.06139246001839638,0.05176571011543274,0,10
49,0.06147799268364906,0.04425261914730072,0,10
50,0.06192713603377342,0.03746999427676201,0,10
51,0.06099441275000572,0.04094797000288963,0,10
52,0.06217627227306366,0.04539896175265312,0,10
53,0.061763059347867966,0.045100320130586624,0,10
54,0.06215530261397362,0.046916525810956955,0,10
55,0.06113020330667496,0.047105494886636734,0,10
56,0.06215479224920273,0.05590635910630226,0,10
57,0.06206393614411354,0.03987134248018265,0,10
58,0.06101837009191513,0.03922758251428604,0,10
59,0.06222962215542793,0.04234683886170387,0,10
60,0.0619976632297039,0.04083561897277832,0,10
61,0.059542570263147354,0.033707186579704285,0,10
62,0.06145799160003662,0.04997013136744499,0,10
63,0.06281301379203796,0.04426344484090805,0,10
64,0.06177016347646713,0.04247870296239853,0,10
65,0.062094032764434814,0.050997544080019,0,10
66,0.06300202012062073,0.051572639495134354,0,10
67,0.06180017068982124,0.03927120938897133,0,10
68,0.06100216507911682,0.0540928989648819,0,10
69,0.06152782961726189,0.04564271494746208,0,10
70,0.06240420415997505,0.04640689119696617,0,10
71,0.06144789233803749,0.04285361245274544,0,10
72,0.061847325414419174,0.05616627261042595,0,10
73,0.06210187450051308,0.0479358471930027,0,10
74,0.06104613095521927,0.03676363453269005,0,10
75,0.061587486416101456,0.04690258949995041,0,10
76,0.06114470958709717,0.04282987117767334,0,10
77,0.06130160763859749,0.04626622051000595,0,10
78,0.0613749660551548,0.0426165834069252,0,10
79,0.06241793558001518,0.03791878744959831,0,10
80,0.062083158642053604,0.03604750707745552,0,10
0,0.05066705122590065,0.05066707357764244,0,10
1,0.05509071797132492,0.05509074032306671,0,10
2,0.058988817036151886,0.05685684084892273,0,10
3,0.062357284128665924,0.04177865386009216,0,10
4,0.062174174934625626,0.040093425661325455,0,10
5,0.06218135356903076,0.04160395264625549,0,10
6,0.0614951066672802,0.048044584691524506,0,10
7,0.059905197471380234,0.041543859988451004,0,10
8,0.060584984719753265,0.03985290974378586,0,10
9,0.06211267039179802,0.044838860630989075,0,10
10,0.06107860803604126,0.03788033500313759,0,10
11,0.0625099167227745,0.03863619267940521,0,10
12,0.0627598837018013,0.040636565536260605,0,10
13,0.06074700877070427,0.0477382093667984,0,10
14,0.06315964460372925,0.04477487504482269,0,10
15,0.059247687458992004,0.038341086357831955,0,10
16,0.061787787824869156,0.04297395050525665,0,10
17,0.06201726570725441,0.037356652319431305,0,10
18,0.06180059537291527,0.043330635875463486,0,10
19,0.06202349066734314,0.051327895373106,0,10
20,0.06246534734964371,0.04098692908883095,0,10
21,0.06198252737522125,0.04401903226971626,0,10
22,0.06235206127166748,0.04630180075764656,0,10
23,0.06129571050405502,0.04275456815958023,0,10
24,0.06179182231426239,0.046676237136125565,0,10
25,0.06215982884168625,0.04777877405285835,0,10
26,0.0608372688293457,0.032028988003730774,0,10
27,0.06178509071469307,0.04569917917251587,0,10
28,0.06011595204472542,0.04535136744379997,0,10
29,0.06292914599180222,0.03827034682035446,0,10
30,0.06281833350658417,0.04069799557328224,0,10
31,0.0617934875190258,0.04453815892338753,0,10
32,0.06047862395644188,0.037249524146318436,0,10
33,0.061857350170612335,0.04462876170873642,0,10
34,0.059777431190013885,0.04670775309205055,0,10
35,0.06058936193585396,0.043426159769296646,0,10
36,0.06297371536493301,0.04046697914600372,0,10
37,0.061892904341220856,0.04815366491675377,0,10
38,0.0625041276216507,0.047959305346012115,0,10
39,0.061589986085891724,0.024305742233991623,0,10
40,0.06148860976099968,0.047269538044929504,0,10
41,0.061951421201229095,0.03647426515817642,0,10
42,0.062141355127096176,0.046368807554244995,0,10
43,0.06202121824026108,0.047261592000722885,0,10
44,0.06106748804450035,0.038662657141685486,0,10
45,0.06178079918026924,0.042892370373010635,0,10
46,0.061267636716365814,0.03883526474237442,0,10
47,0.0617426298558712,0.03999269753694534,0,10
48,0.06139246001839638,0.042666345834732056,0,10
49,0.06147799268364906,0.045696958899497986,0,10
50,0.06192713603377342,0.04528756067156792,0,10
51,0.06099441275000572,0.04239435866475105,0,10
52,0.06217627227306366,0.03540670871734619,0,10
53,0.061763059347867966,0.04014546051621437,0,10
54,0.06215530261397362,0.04939887672662735,0,10
55,0.06113020330667496,0.047819722443819046,0,10
56,0.06215479224920273,0.05170326679944992,0,10
57,0.06206393614411354,0.048184994608163834,0,10
58,0.06101837009191513,0.04642755538225174,0,10
59,0.06222962215542793,0.03386089950799942,0,10
60,0.0619976632297039,0.0455571673810482,0,10
61,0.059542570263147354,0.040804579854011536,0,10
62,0.06145799160003662,0.04818816855549812,0,10
63,0.06281301379203796,0.0418262779712677,0,10
64,0.06177016347646713,0.04520665854215622,0,10
65,0.062094032764434814,0.048761770129203796,0,10
66,0.06300202012062073,0.04766712710261345,0,10
67,0.06180017068982124,0.04694979637861252,0,10
68,0.06100216507911682,0.025051336735486984,0,10
69,0.06152782961726189,0.04425724968314171,0,10
70,0.06240420415997505,0.05042559653520584,0,10
71,0.06144789233803749,0.051492854952812195,0,10
72,0.061847325414419174,0.047770388424396515,0,10
73,0.06210187450051308,0.041434649378061295,0,10
74,0.06104613095521927,0.0350143127143383,0,10
75,0.061587486416101456,0.0424647182226181,0,10
76,0.06114470958709717,0.035110607743263245,0,10
77,0.06130160763859749,0.04704839736223221,0,10
78,0.0613749660551548,0.04590307176113129,0,10
79,0.06241793558001518,0.0472211018204689,0,10
80,0.062083158642053604,0.045021455734968185,0,10
81,0.06177002564072609,0.046307966113090515,0,10
0,0.05066705122590065,0.05066707357764244,0,10
1,0.05509071797132492,0.05509074404835701,0,10
2,0.058988817036151886,0.055562570691108704,0,10
3,0.062357284128665924,0.0401591993868351,0,10
4,0.062174174934625626,0.0481894314289093,0,10
5,0.06218135356903076,0.044944629073143005,0,10
6,0.0614951066672802,0.04341914877295494,0,10
7,0.059905197471380234,0.035268671810626984,0,10
8,0.060584984719753265,0.04761674627661705,0,10
9,0.06211267039179802,0.04275645315647125,0,10
10,0.06107860803604126,0.04669370874762535,0,10
11,0.0625099167227745,0.043568916618824005,0,10
12,0.0627598837018013,0.045238643884658813,0,10
13,0.06074700877070427,0.04853728413581848,0,10
14,0.06315964460372925,0.05394170805811882,0,10
15,0.059247687458992004,0.04977119341492653,0,10
16,0.061787787824869156,0.04766499996185303,0,10
17,0.06201726570725441,0.04868222773075104,0,10
18,0.06180059537291527,0.05449621379375458,0,10
19,0.06202349066734314,0.03453283756971359,0,10
20,0.06246534734964371,0.048295918852090836,0,10
21,0.06198252737522125,0.0406666174530983,0,10
22,0.06235206127166748,0.04486976936459541,0,10
23,0.06129571050405502,0.05602641403675079,0,10
24,0.06179182231426239,0.046603988856077194,0,10
25,0.06215982884168625,0.03996387869119644,0,10
26,0.0608372688293457,0.024623744189739227,0,10
27,0.06178509071469307,0.042714670300483704,0,10
28,0.06011595204472542,0.03890712931752205,0,10
29,0.06292914599180222,0.04482441768050194,0,10
30,0.06281833350658417,0.04362482950091362,0,10
31,0.0617934875190258,0.04784289002418518,0,10
32,0.06047862395644188,0.0392875112593174,0,10
33,0.061857350170612335,0.047387316823005676,0,10
34,0.059777431190013885,0.04046867787837982,0,10
35,0.06058936193585396,0.04558546841144562,0,10
36,0.06297371536493301,0.038236331194639206,0,10
37,0.061892904341220856,0.04939478263258934,0,10
38,0.0625041276216507,0.046298012137413025,0,10
39,0.061589986085891724,0.04807664826512337,0,10
40,0.06148860976099968,0.04361651465296745,0,10
41,0.061951421201229095,0.04798230901360512,0,10
42,0.062141355127096176,0.05009301379323006,0,10
43,0.06202121824026108,0.04292890056967735,0,10
44,0.06106748804450035,0.04650729149580002,0,10
45,0.06178079918026924,0.047119129449129105,0,10
46,0.061267636716365814,0.0424053929746151,0,10
47,0.0617426298558712,0.04415438696742058,0,10
48,0.06139246001839638,0.041017789393663406,0,10
49,0.06147799268364906,0.0450674444437027,0,10
50,0.06192713603377342,0.0432051382958889,0,10
51,0.06099441275000572,0.04173600673675537,0,10
52,0.06217627227306366,0.04928052797913551,0,10
53,0.061763059347867966,0.03994439169764519,0,10
54,0.06215530261397362,0.04627910628914833,0,10
55,0.06113020330667496,0.03583702817559242,0,10
56,0.06215479224920273,0.039822690188884735,0,10
57,0.06206393614411354,0.045268382877111435,0,10
58,0.06101837009191513,0.04471644386649132,0,10
59,0.06222962215542793,0.04188336059451103,0,10
60,0.0619976632297039,0.037173762917518616,0,10
61,0.059542570263147354,0.04321550205349922,0,10
62,0.06145799160003662,0.042090222239494324,0,10
63,0.06281301379203796,0.04591698944568634,0,10
64,0.06177016347646713,0.039440736174583435,0,10
65,0.062094032764434814,0.03619507700204849,0,10
66,0.06300202012062073,0.03526555001735687,0,10
67,0.06180017068982124,0.05094091221690178,0,10
68,0.06100216507911682,0.03576822951436043,0,10
69,0.06152782961726189,0.04570621997117996,0,10
70,0.06240420415997505,0.04183914512395859,0,10
71,0.06144789233803749,0.043577056378126144,0,10
72,0.061847325414419174,0.046748287975788116,0,10
73,0.06210187450051308,0.04950425401329994,0,10
74,0.06104613095521927,0.04759339615702629,0,10
75,0.061587486416101456,0.046295247972011566,0,10
76,0.06114470958709717,0.04646778851747513,0,10
77,0.06130160763859749,0.04072020947933197,0,10
78,0.0613749660551548,0.038967009633779526,0,10
79,0.06241793558001518,0.044416915625333786,0,10
80,0.062083158642053604,0.0478968471288681,0,10
81,0.06177002564072609,0.04624588042497635,0,10
82,0.06144917383790016,0.04400811716914177,0,10
0,0.05066705122590065,0.05066707730293274,0,10
1,0.05509071797132492,0.05509074404835701,0,10
2,0.058988817036151886,0.05368757247924805,0,10
3,0.062357284128665924,0.04519844800233841,0,10
4,0.062174174934625626,0.05018334090709686,0,10
5,0.06218135356903076,0.03587506711483002,0,10
6,0.0614951066672802,0.054090823978185654,0,10
7,0.059905197471380234,0.040028445422649384,0,10
8,0.060584984719753265,0.027415281161665916,0,10
9,0.06211267039179802,0.046793416142463684,0,10
10,0.06107860803604126,0.04143120348453522,0,10
11,0.0625099167227745,0.04622574523091316,0,10
12,0.0627598837018013,0.039020244032144547,0,10
13,0.06074700877070427,0.03590986132621765,0,10
14,0.06315964460372925,0.04121852666139603,0,10
15,0.059247687458992004,0.025563593953847885,0,10
16,0.061787787824869156,0.04588494822382927,0,10
17,0.06201726570725441,0.03850550204515457,0,10
18,0.06180059537291527,0.04345225170254707,0,10
19,0.06202349066734314,0.03585680574178696,0,10
20,0.06246534734964371,0.05059795081615448,0,10
21,0.06198252737522125,0.039963025599718094,0,10
22,0.06235206127166748,0.04503561556339264,0,10
23,0.06129571050405502,0.03947778791189194,0,10
24,0.06179182231426239,0.041392162442207336,0,10
25,0.06215982884168625,0.04078720137476921,0,10
26,0.0608372688293457,0.04030734300613403,0,10
27,0.06178509071469307,0.04612196609377861,0,10
28,0.06011595204472542,0.04051923751831055,0,10
29,0.06292914599180222,0.0347304604947567,0,10
30,0.06281833350658417,0.0488058365881443,0,10
31,0.0617934875190258,0.04042430222034454,0,10
32,0.06047862395644188,0.04578990861773491,0,10
33,0.061857350170612335,0.044187624007463455,0,10
34,0.059777431190013885,0.04189160838723183,0,10
35,0.06058936193585396,0.038204342126846313,0,10
36,0.06297371536493301,0.041476938873529434,0,10
37,0.061892904341220856,0.04630761221051216,0,10
38,0.0625041276216507,0.04305616766214371,0,10
39,0.061589986085891724,0.044248227030038834,0,10
40,0.06148860976099968,0.047716978937387466,0,10
41,0.061951421201229095,0.05627209320664406,0,10
42,0.062141355127096176,0.050129059702157974,0,10
43,0.06202121824026108,0.046697843819856644,0,10
44,0.06106748804450035,0.039133280515670776,0,10
45,0.06178079918026924,0.04122958704829216,0,10
46,0.061267636716365814,0.04620495066046715,0,10
47,0.0617426298558712,0.04331820458173752,0,10
48,0.06139246001839638,0.041736505925655365,0,10
49,0.06147799268364906,0.041592326015233994,0,10
50,0.06192713603377342,0.05075232312083244,0,10
51,0.06099441275000572,0.03995802253484726,0,10
52,0.06217627227306366,0.043208587914705276,0,10
53,0.061763059347867966,0.03704879805445671,0,10
54,0.06215530261397362,0.04050670564174652,0,10
55,0.06113020330667496,0.04696705564856529,0,10
56,0.06215479224920273,0.04296928271651268,0,10
57,0.06206393614411354,0.04565252363681793,0,10
58,0.06101837009191513,0.047498371452093124,0,10
59,0.06222962215542793,0.02617759071290493,0,10
60,0.0619976632297039,0.04544813558459282,0,10
61,0.059542570263147354,0.04328387975692749,0,10
62,0.06145799160003662,0.038090337067842484,0,10
63,0.06281301379203796,0.052462704479694366,0,10
64,0.06177016347646713,0.04952140897512436,0,10
65,0.062094032764434814,0.04829195514321327,0,10
66,0.06300202012062073,0.04179639369249344,0,10
67,0.06180017068982124,0.042976006865501404,0,10
68,0.06100216507911682,0.04456191137433052,0,10
69,0.06152782961726189,0.04511549323797226,0,10
70,0.06240420415997505,0.043114639818668365,0,10
71,0.06144789233803749,0.043547552078962326,0,10
72,0.061847325414419174,0.04217487573623657,0,10
73,0.06210187450051308,0.04054724797606468,0,10
74,0.06104613095521927,0.039866331964731216,0,10
75,0.061587486416101456,0.052064161747694016,0,10
76,0.06114470958709717,0.03350887820124626,0,10
77,0.06130160763859749,0.04009370505809784,0,10
78,0.0613749660551548,0.040525149554014206,0,10
79,0.06241793558001518,0.053035978227853775,0,10
80,0.062083158642053604,0.04946266859769821,0,10
81,0.06177002564072609,0.047400083392858505,0,10
82,0.06144917383790016,0.03800839185714722,0,10
83,0.061636798083782196,0.04010505601763725,0,10
0,0.05066705122590065,0.05066707730293274,0,10
1,0.05509071797132492,0.05509074032306671,0,10
2,0.058988817036151886,0.056476086378097534,0,10
3,0.062357284128665924,0.04685385152697563,0,10
4,0.062174174934625626,0.043198585510253906,0,10
5,0.06218135356903076,0.04467727988958359,0,10
6,0.0614951066672802,0.045823562890291214,0,10
7,0.059905197471380234,0.040240898728370667,0,10
8,0.060584984719753265,0.05244852975010872,0,10
9,0.06211267039179802,0.04724421352148056,0,10
10,0.06107860803604126,0.04070654883980751,0,10
11,0.0625099167227745,0.04707728326320648,0,10
12,0.0627598837018013,0.04593238979578018,0,10
13,0.06074700877070427,0.04836507886648178,0,10
14,0.06315964460372925,0.03976063057780266,0,10
15,0.059247687458992004,0.0446036234498024,0,10
16,0.061787787824869156,0.04618517681956291,0,10
17,0.06201726570725441,0.04733534902334213,0,10
18,0.06180059537291527,0.04345398768782616,0,10
19,0.06202349066734314,0.041674256324768066,0,10
20,0.06246534734964371,0.05393500253558159,0,10
21,0.06198252737522125,0.03796987235546112,0,10
22,0.06235206127166748,0.03751344233751297,0,10
23,0.06129571050405502,0.040768515318632126,0,10
24,0.06179182231426239,0.04124569892883301,0,10
25,0.06215982884168625,0.04817105829715729,0,10
26,0.0608372688293457,0.04366697743535042,0,10
27,0.06178509071469307,0.04174424707889557,0,10
28,0.06011595204472542,0.04812201112508774,0,10
29,0.06292914599180222,0.04685265198349953,0,10
30,0.06281833350658417,0.051659680902957916,0,10
31,0.0617934875190258,0.05160931125283241,0,10
32,0.06047862395644188,0.05265717953443527,0,10
33,0.061857350170612335,0.03725546970963478,0,10
34,0.059777431190013885,0.03271465376019478,0,10
35,0.06058936193585396,0.04058155044913292,0,10
36,0.06297371536493301,0.04894908890128136,0,10
37,0.061892904341220856,0.04395261034369469,0,10
38,0.0625041276216507,0.03908117115497589,0,10
39,0.061589986085891724,0.05354565754532814,0,10
40,0.06148860976099968,0.05221446231007576,0,10
41,0.061951421201229095,0.04065445810556412,0,10
42,0.062141355127096176,0.04193299263715744,0,10
43,0.06202121824026108,0.0406571589410305,0,10
44,0.06106748804450035,0.04845825210213661,0,10
45,0.06178079918026924,0.050772588700056076,0,10
46,0.061267636716365814,0.037498824298381805,0,10
47,0.0617426298558712,0.04845276474952698,0,10
48,0.06139246001839638,0.04942699894309044,0,10
49,0.06147799268364906,0.05139394477009773,0,10
50,0.06192713603377342,0.046640705317258835,0,10
51,0.06099441275000572,0.04344966635107994,0,10
52,0.06217627227306366,0.019673777744174004,0,10
53,0.061763059347867966,0.036184750497341156,0,10
54,0.06215530261397362,0.04738244041800499,0,10
55,0.06113020330667496,0.03778845816850662,0,10
56,0.06215479224920273,0.04159565269947052,0,10
57,0.06206393614411354,0.04736083000898361,0,10
58,0.06101837009191513,0.04369554668664932,0,10
59,0.06222962215542793,0.040879737585783005,0,10
60,0.0619976632297039,0.0441557951271534,0,10
61,0.059542570263147354,0.04211903363466263,0,10
62,0.06145799160003662,0.041946012526750565,0,10
63,0.06281301379203796,0.04860461503267288,0,10
64,0.06177016347646713,0.048815567046403885,0,10
65,0.062094032764434814,0.043649520725011826,0,10
66,0.06300202012062073,0.0557817779481411,0,10
67,0.06180017068982124,0.048991117626428604,0,10
68,0.06100216507911682,0.04387323558330536,0,10
69,0.06152782961726189,0.04670051112771034,0,10
70,0.06240420415997505,0.04572627320885658,0,10
71,0.06144789233803749,0.05387791246175766,0,10
72,0.061847325414419174,0.04141697660088539,0,10
73,0.06210187450051308,0.050579048693180084,0,10
74,0.06104613095521927,0.04551386088132858,0,10
75,0.061587486416101456,0.04625624418258667,0,10
76,0.06114470958709717,0.05279642343521118,0,10
77,0.06130160763859749,0.039231110364198685,0,10
78,0.0613749660551548,0.04967223480343819,0,10
79,0.06241793558001518,0.04419228062033653,0,10
80,0.062083158642053604,0.042267896234989166,0,10
81,0.06177002564072609,0.04954025521874428,0,10
82,0.06144917383790016,0.04545983672142029,0,10
83,0.061636798083782196,0.043950993567705154,0,10
84,0.06227094680070877,0.03906421363353729,0,10
0,0.05066705122590065,0.05066707357764244,0,10
1,0.05509071797132492,0.05509074404835701,0,10
2,0.058988817036151886,0.05898883193731308,0,10
3,0.062357284128665924,0.03812883794307709,0,10
4,0.062174174934625626,0.03614377602934837,0,10
5,0.06218135356903076,0.044445231556892395,0,10
6,0.0614951066672802,0.045355699956417084,0,10
7,0.059905197471380234,0.03932381048798561,0,10
8,0.060584984719753265,0.05045781284570694,0,10
9,0.06211267039179802,0.04645535349845886,0,10
10,0.06107860803604126,0.04220728203654289,0,10
11,0.0625099167227745,0.042404938489198685,0,10
12,0.0627598837018013,0.040097422897815704,0,10
13,0.06074700877070427,0.043951570987701416,0,10
14,0.06315964460372925,0.04926038533449173,0,10
15,0.059247687458992004,0.04129626601934433,0,10
16,0.061787787824869156,0.040001168847084045,0,10
17,0.06201726570725441,0.04480765387415886,0,10
18,0.06180059537291527,0.05174865201115608,0,10
19,0.06202349066734314,0.04662398621439934,0,10
20,0.06246534734964371,0.05694575607776642,0,10
21,0.06198252737522125,0.04519430547952652,0,10
22,0.06235206127166748,0.043987225741147995,0,10
23,0.06129571050405502,0.05388510227203369,0,10
24,0.06179182231426239,0.03974980115890503,0,10
25,0.06215982884168625,0.04370902478694916,0,10
26,0.0608372688293457,0.03814129903912544,0,10
27,0.06178509071469307,0.0414850115776062,0,10
28,0.06011595204472542,0.03705530986189842,0,10
29,0.06292914599180222,0.04938521981239319,0,10
30,0.06281833350658417,0.04147297516465187,0,10
31,0.0617934875190258,0.04851577430963516,0,10
32,0.06047862395644188,0.04568305239081383,0,10
33,0.061857350170612335,0.0459744893014431,0,10
34,0.059777431190013885,0.028149398043751717,0,10
35,0.06058936193585396,0.046810828149318695,0,10
36,0.06297371536493301,0.047775715589523315,0,10
37,0.061892904341220856,0.045443035662174225,0,10
38,0.0625041276216507,0.04075825959444046,0,10
39,0.061589986085891724,0.04017895087599754,0,10
40,0.06148860976099968,0.045723605901002884,0,10
41,0.061951421201229095,0.03453723341226578,0,10
42,0.062141355127096176,0.0530611015856266,0,10
43,0.06202121824026108,0.0517151802778244,0,10
44,0.06106748804450035,0.03904957324266434,0,10
45,0.06178079918026924,0.045326534658670425,0,10
46,0.061267636716365814,0.051637619733810425,0,10
47,0.0617426298558712,0.04556315392255783,0,10
48,0.06139246001839638,0.04717249423265457,0,10
49,0.06147799268364906,0.044146083295345306,0,10
50,0.06192713603377342,0.05361900106072426,0,10
51,0.06099441275000572,0.037203349173069,0,10
52,0.06217627227306366,0.0416126549243927,0,10
53,0.061763059347867966,0.04956083744764328,0,10
54,0.06215530261397362,0.03560614958405495,0,10
55,0.06113020330667496,0.03762020170688629,0,10
56,0.06215479224920273,0.04191874712705612,0,10
57,0.06206393614411354,0.03735564276576042,0,10
58,0.06101837009191513,0.03908307105302811,0,10
59,0.06222962215542793,0.04782789200544357,0,10
60,0.0619976632297039,0.0444011390209198,0,10
61,0.059542570263147354,0.024997273460030556,0,10
62,0.06145799160003662,0.051701340824365616,0,10
63,0.06281301379203796,0.03559877350926399,0,10
64,0.06177016347646713,0.04520765691995621,0,10
65,0.062094032764434814,0.045482736080884933,0,10
66,0.06300202012062073,0.0481632836163044,0,10
67,0.06180017068982124,0.04231793060898781,0,10
68,0.06100216507911682,0.03282679617404938,0,10
69,0.06152782961726189,0.042980290949344635,0,10
70,0.06240420415997505,0.040400974452495575,0,10
71,0.06144789233803749,0.04206551983952522,0,10
72,0.061847325414419174,0.048699114471673965,0,10
73,0.06210187450051308,0.04897349327802658,0,10
74,0.06104613095521927,0.0499744638800621,0,10
75,0.061587486416101456,0.03668467700481415,0,10
76,0.06114470958709717,0.04136322811245918,0,10
77,0.06130160763859749,0.03899108245968819,0,10
78,0.0613749660551548,0.03870146721601486,0,10
79,0.06241793558001518,0.04881790652871132,0,10
80,0.062083158642053604,0.04775619134306908,0,10
81,0.06177002564072609,0.04487108811736107,0,10
82,0.06144917383790016,0.04960682988166809,0,10
83,0.061636798083782196,0.030978675931692123,0,10
84,0.06227094680070877,0.04776740446686745,0,10
85,0.06179197132587433,0.045794691890478134,0,10
0,0.05066705122590065,0.05066708102822304,0,10
1,0.05509071797132492,0.05509074404835701,0,10
2,0.058988817036151886,0.05898883938789368,0,10
3,0.062357284128665924,0.046373311430215836,0,10
4,0.062174174934625626,0.04677250608801842,0,10
5,0.06218135356903076,0.0403660349547863,0,10
6,0.0614951066672802,0.03943120688199997,0,10
7,0.059905197471380234,0.040813058614730835,0,10
8,0.060584984719753265,0.04356822371482849,0,10
9,0.06211267039179802,0.03554641827940941,0,10
10,0.06107860803604126,0.04886407405138016,0,10
11,0.0625099167227745,0.046379584819078445,0,10
12,0.0627598837018013,0.0474579855799675,0,10
13,0.06074700877070427,0.03212940692901611,0,10
14,0.06315964460372925,0.03873363509774208,0,10
15,0.059247687458992004,0.04458771273493767,0,10
16,0.061787787824869156,0.04986323416233063,0,10
17,0.06201726570725441,0.044563133269548416,0,10
18,0.06180059537291527,0.036963291466236115,0,10
19,0.06202349066734314,0.04248432815074921,0,10
20,0.06246534734964371,0.04106753692030907,0,10
21,0.06198252737522125,0.05528276786208153,0,10
22,0.06235206127166748,0.046126630157232285,0,10
23,0.06129571050405502,0.05557766929268837,0,10
24,0.06179182231426239,0.0500815324485302,0,10
25,0.06215982884168625,0.04780629277229309,0,10
26,0.0608372688293457,0.039238203316926956,0,10
27,0.06178509071469307,0.04837305098772049,0,10
28,0.06011595204472542,0.01891297847032547,0,10
29,0.06292914599180222,0.031515736132860184,0,10
30,0.06281833350658417,0.051844339817762375,0,10
31,0.0617934875190258,0.040678005665540695,0,10
32,0.06047862395644188,0.04633888229727745,0,10
33,0.061857350170612335,0.022043632343411446,0,10
34,0.059777431190013885,0.04733815789222717,0,10
35,0.06058936193585396,0.03835596516728401,0,10
36,0.06297371536493301,0.029681123793125153,0,10
37,0.061892904341220856,0.04897337406873703,0,10
38,0.0625041276216507,0.05275970697402954,0,10
39,0.061589986085891724,0.051072075963020325,0,10
40,0.06148860976099968,0.04066179320216179,0,10
41,0.061951421201229095,0.04025856778025627,0,10
42,0.062141355127096176,0.04145006835460663,0,10
43,0.06202121824026108,0.04235677048563957,0,10
44,0.06106748804450035,0.03713927045464516,0,10
45,0.06178079918026924,0.04401189833879471,0,10
46,0.061267636716365814,0.033554453402757645,0,10
47,0.0617426298558712,0.0496799498796463,0,10
48,0.06139246001839638,0.0456450991332531,0,10
49,0.06147799268364906,0.042192090302705765,0,10
50,0.06192713603377342,0.0567803718149662,0,10
51,0.06099441275000572,0.04590524360537529,0,10
52,0.06217627227306366,0.04765987768769264,0,10
53,0.061763059347867966,0.04619729891419411,0,10
54,0.06215530261397362,0.045152466744184494,0,10
55,0.06113020330667496,0.0520450696349144,0,10
56,0.06215479224920273,0.047157011926174164,0,10
57,0.06206393614411354,0.045093998312950134,0,10
58,0.06101837009191513,0.047283221036195755,0,10
59,0.06222962215542793,0.04356265068054199,0,10
60,0.0619976632297039,0.03839404135942459,0,10
61,0.059542570263147354,0.03278519585728645,0,10
62,0.06145799160003662,0.04283953458070755,0,10
63,0.06281301379203796,0.054486460983753204,0,10
64,0.06177016347646713,0.05637741833925247,0,10
65,0.062094032764434814,0.04688604176044464,0,10
66,0.06300202012062073,0.04332312196493149,0,10
67,0.06180017068982124,0.04094579815864563,0,10
68,0.06100216507911682,0.03895552083849907,0,10
69,0.06152782961726189,0.03835291787981987,0,10
70,0.06240420415997505,0.04534028843045235,0,10
71,0.06144789233803749,0.04138122871518135,0,10
72,0.061847325414419174,0.045349132269620895,0,10
73,0.06210187450051308,0.043554775416851044,0,10
74,0.06104613095521927,0.03832497075200081,0,10
75,0.061587486416101456,0.04755216836929321,0,10
76,0.06114470958709717,0.0389314629137516,0,10
77,0.06130160763859749,0.04518793523311615,0,10
78,0.0613749660551548,0.046966128051280975,0,10
79,0.06241793558001518,0.03850730508565903,0,10
80,0.062083158642053604,0.04553197696805,0,10
81,0.06177002564072609,0.03815511614084244,0,10
82,0.06144917383790016,0.049930959939956665,0,10
83,0.061636798083782196,0.04697659611701965,0,10
84,0.06227094680070877,0.04149563983082771,0,10
85,0.06179197132587433,0.036310166120529175,0,10
86,0.062320757657289505,0.05502138286828995,0,10
0,0.05066705122590065,0.05066707357764244,0,10
1,0.05509071797132492,0.05509074404835701,0,10
2,0.058988817036151886,0.05898881331086159,0,10
3,0.062357284128665924,0.04479745775461197,0,10
4,0.062174174934625626,0.03707980737090111,0,10
5,0.06218135356903076,0.03625284135341644,0,10
6,0.0614951066672802,0.04356919601559639,0,10
7,0.059905197471380234,0.04183852672576904,0,10
8,0.060584984719753265,0.050966065376996994,0,10
9,0.06211267039179802,0.041174374520778656,0,10
10,0.06107860803604126,0.03841184452176094,0,10
11,0.0625099167227745,0.043954361230134964,0,10
12,0.0627598837018013,0.04278659075498581,0,10
13,0.06074700877070427,0.04762918874621391,0,10
14,0.06315964460372925,0.04402466490864754,0,10
15,0.059247687458992004,0.05205882713198662,0,10
16,0.061787787824869156,0.0379943810403347,0,10
17,0.06201726570725441,0.04258846119046211,0,10
18,0.06180059537291527,0.03084493987262249,0,10
19,0.06202349066734314,0.04914901405572891,0,10
20,0.06246534734964371,0.046567656099796295,0,10
21,0.06198252737522125,0.04615424945950508,0,10
22,0.06235206127166748,0.03604796156287193,0,10
23,0.06129571050405502,0.04487970843911171,0,10
24,0.06179182231426239,0.04233923926949501,0,10
25,0.06215982884168625,0.048588428646326065,0,10
26,0.0608372688293457,0.04933599382638931,0,10
27,0.06178509071469307,0.044538650661706924,0,10
28,0.06011595204472542,0.03715382143855095,0,10
29,0.06292914599180222,0.04534338042140007,0,10
30,0.06281833350658417,0.037447184324264526,0,10
31,0.0617934875190258,0.040344931185245514,0,10
32,0.06047862395644188,0.04543127492070198,0,10
33,0.061857350170612335,0.044730909168720245,0,10
34,0.059777431190013885,0.040934138000011444,0,10
35,0.06058936193585396,0.03855745866894722,0,10
36,0.06297371536493301,0.051902417093515396,0,10
37,0.061892904341220856,0.05286381393671036,0,10
38,0.0625041276216507,0.04680338129401207,0,10
39,0.061589986085891724,0.048551250249147415,0,10
40,0.06148860976099968,0.04334627836942673,0,10
41,0.061951421201229095,0.0497673861682415,0,10
42,0.062141355127096176,0.04624609276652336,0,10
43,0.06202121824026108,0.041128624230623245,0,10
44,0.06106748804450035,0.0363653190433979,0,10
45,0.06178079918026924,0.043421342968940735,0,10
46,0.061267636716365814,0.04554131254553795,0,10
47,0.0617426298558712,0.04080604016780853,0,10
48,0.06139246001839638,0.04079151898622513,0,10
49,0.06147799268364906,0.04877201467752457,0,10
50,0.06192713603377342,0.04877522587776184,0,10
51,0.06099441275000572,0.05202465131878853,0,10
52,0.06217627227306366,0.036012835800647736,0,10
53,0.061763059347867966,0.04588644579052925,0,10
54,0.06215530261397362,0.04845906421542168,0,10
55,0.06113020330667496,0.0469549261033535,0,10
56,0.06215479224920273,0.04686235263943672,0,10
57,0.06206393614411354,0.04393317177891731,0,10
58,0.06101837009191513,0.041148241609334946,0,10
59,0.06222962215542793,0.039450205862522125,0,10
60,0.0619976632297039,0.04565509408712387,0,10
61,0.059542570263147354,0.0400938019156456,0,10
62,0.06145799160003662,0.04107289761304855,0,10
63,0.06281301379203796,0.046731963753700256,0,10
64,0.06177016347646713,0.03737639635801315,0,10
65,0.062094032764434814,0.046343863010406494,0,10
66,0.06300202012062073,0.05218716338276863,0,10
67,0.06180017068982124,0.04414968565106392,0,10
68,0.06100216507911682,0.042436033487319946,0,10
69,0.06152782961726189,0.04839073121547699,0,10
70,0.06240420415997505,0.04557081684470177,0,10
71,0.06144789233803749,0.05002884939312935,0,10
72,0.061847325414419174,0.051089778542518616,0,10
73,0.06210187450051308,0.052797622978687286,0,10
74,0.06104613095521927,0.040590256452560425,0,10
75,0.061587486416101456,0.046626124531030655,0,10
76,0.06114470958709717,0.04409105330705643,0,10
77,0.06130160763859749,0.04173336178064346,0,10
78,0.0613749660551548,0.042936597019433975,0,10
79,0.06241793558001518,0.04675253480672836,0,10
80,0.062083158642053604,0.04708719998598099,0,10
81,0.06177002564072609,0.04313080757856369,0,10
82,0.06144917383790016,0.03267558291554451,0,10
83,0.061636798083782196,0.04026066139340401,0,10
84,0.06227094680070877,0.026024246588349342,0,10
85,0.06179197132587433,0.040659572929143906,0,10
86,0.062320757657289505,0.04061238095164299,0,10
87,0.06163559481501579,0.041576582938432693,0,10
0,0.05066705122590065,0.050667084753513336,0,10
1,0.05509071797132492,0.05509074404835701,0,10
2,0.058988817036151886,0.057180192321538925,0,10
3,0.062357284128665924,0.03865731507539749,0,10
4,0.062174174934625626,0.04393938556313515,0,10
5,0.06218135356903076,0.04603501036763191,0,10
6,0.0614951066672802,0.042379721999168396,0,10
7,0.059905197471380234,0.04493775963783264,0,10
8,0.060584984719753265,0.03182990849018097,0,10
9,0.06211267039179802,0.03978775441646576,0,10
10,0.06107860803604126,0.04624404385685921,0,10
11,0.0625099167227745,0.0369374081492424,0,10
12,0.0627598837018013,0.04369135946035385,0,10
13,0.06074700877070427,0.028983788564801216,0,10
14,0.06315964460372925,0.039020080119371414,0,10
15,0.059247687458992004,0.040818117558956146,0,10
16,0.061787787824869156,0.046599380671978,0,10
17,0.06201726570725441,0.045003604143857956,0,10
18,0.06180059537291527,0.049370624125003815,0,10
19,0.06202349066734314,0.0318196564912796,0,10
20,0.06246534734964371,0.04883343353867531,0,10
21,0.06198252737522125,0.043697528541088104,0,10
22,0.06235206127166748,0.049158450216054916,0,10
23,0.06129571050405502,0.050371505320072174,0,10
24,0.06179182231426239,0.04392083361744881,0,10
25,0.06215982884168625,0.05576092749834061,0,10
26,0.0608372688293457,0.03370644897222519,0,10
27,0.06178509071469307,0.030766380950808525,0,10
28,0.06011595204472542,0.04793671518564224,0,10
29,0.06292914599180222,0.04984161630272865,0,10
30,0.06281833350658417,0.04021076112985611,0,10
31,0.0617934875190258,0.04079361632466316,0,10
32,0.06047862395644188,0.040234148502349854,0,10
33,0.061857350170612335,0.04471991956233978,0,10
34,0.059777431190013885,0.03273516520857811,0,10
35,0.06058936193585396,0.04332775995135307,0,10
36,0.06297371536493301,0.0502738393843174,0,10
37,0.061892904341220856,0.0384216345846653,0,10
38,0.0625041276216507,0.05298827961087227,0,10
39,0.061589986085891724,0.04044719412922859,0,10
40,0.06148860976099968,0.04852789267897606,0,10
41,0.061951421201229095,0.04125923290848732,0,10
42,0.062141355127096176,0.03844648599624634,0,10
43,0.06202121824026108,0.03514483943581581,0,10
44,0.06106748804450035,0.045764923095703125,0,10
45,0.06178079918026924,0.046138133853673935,0,10
46,0.061267636716365814,0.04373924806714058,0,10
47,0.0617426298558712,0.051163919270038605,0,10
48,0.06139246001839638,0.041613489389419556,0,10
49,0.06147799268364906,0.04238975793123245,0,10
50,0.06192713603377342,0.044458698481321335,0,10
51,0.06099441275000572,0.03660152107477188,0,10
52,0.06217627227306366,0.04997875913977623,0,10
53,0.061763059347867966,0.05411722883582115,0,10
54,0.06215530261397362,0.04638180136680603,0,10
55,0.06113020330667496,0.0503251813352108,0,10
56,0.06215479224920273,0.047819700092077255,0,10
57,0.06206393614411354,0.04104287177324295,0,10
58,0.06101837009191513,0.03979162499308586,0,10
59,0.06222962215542793,0.0408291332423687,0,10
60,0.0619976632297039,0.038635965436697006,0,10
61,0.059542570263147354,0.043539877980947495,0,10
62,0.06145799160003662,0.04702956601977348,0,10
63,0.06281301379203796,0.03557712212204933,0,10
64,0.06177016347646713,0.04666418209671974,0,10
65,0.062094032764434814,0.04152877628803253,0,10
66,0.06300202012062073,0.04482110217213631,0,10
67,0.06180017068982124,0.04422459751367569,0,10
68,0.06100216507911682,0.037949468940496445,0,10
69,0.06152782961726189,0.04183635115623474,0,10
70,0.06240420415997505,0.04604240506887436,0,10
71,0.06144789233803749,0.05233678221702576,0,10
72,0.061847325414419174,0.047219209372997284,0,10
73,0.06210187450051308,0.03996066749095917,0,10
74,0.06104613095521927,0.04471566900610924,0,10
75,0.061587486416101456,0.04910655692219734,0,10
76,0.06114470958709717,0.05172960087656975,0,10
77,0.06130160763859749,0.035089943557977676,0,10
78,0.0613749660551548,0.0469069629907608,0,10
79,0.06241793558001518,0.04934762418270111,0,10
80,0.062083158642053604,0.05694852024316788,0,10
81,0.06177002564072609,0.04741425812244415,0,10
82,0.06144917383790016,0.04201167821884155,0,10
83,0.061636798083782196,0.04753580689430237,0,10
84,0.06227094680070877,0.04957765340805054,0,10
85,0.06179197132587433,0.04812455177307129,0,10
86,0.062320757657289505,0.05402123183012009,0,10
87,0.06163559481501579,0.03688304126262665,0,10
88,0.06062891334295273,0.045052509754896164,0,10
0,0.05066705122590065,0.05066707730293274,0,10
1,0.05509071797132492,0.05509074777364731,0,10
2,0.058988817036151886,0.056335777044296265,0,10
3,0.062357284128665924,0.04483047127723694,0,10
4,0.062174174934625626,0.03679560124874115,0,10
5,0.06218135356903076,0.039197761565446854,0,10
6,0.0614951066672802,0.03949097916483879,0,10
7,0.059905197471380234,0.04470290243625641,0,10
8,0.060584984719753265,0.022338511422276497,0,10
9,0.06211267039179802,0.037665240466594696,0,10
10,0.06107860803604126,0.029158564284443855,0,10
11,0.0625099167227745,0.05010763928294182,0,10
12,0.0627598837018013,0.047720715403556824,0,10
13,0.06074700877070427,0.03565959259867668,0,10
14,0.06315964460372925,0.04332457110285759,0,10
15,0.059247687458992004,0.040205005556344986,0,10
16,0.061787787824869156,0.04357333108782768,0,10
17,0.06201726570725441,0.043118029832839966,0,10
18,0.06180059537291527,0.04464121535420418,0,10
19,0.06202349066734314,0.05039605870842934,0,10
20,0.06246534734964371,0.03527620807290077,0,10
21,0.06198252737522125,0.04338761791586876,0,10
22,0.06235206127166748,0.041121792048215866,0,10
23,0.06129571050405502,0.04025338217616081,0,10
24,0.06179182231426239,0.0455729104578495,0,10
25,0.06215982884168625,0.04650072380900383,0,10
26,0.0608372688293457,0.04306994751095772,0,10
27,0.06178509071469307,0.041811753064394,0,10
28,0.06011595204472542,0.04179932922124863,0,10
29,0.06292914599180222,0.04950200393795967,0,10
30,0.06281833350658417,0.043286215513944626,0,10
31,0.0617934875190258,0.046922650188207626,0,10
32,0.06047862395644188,0.05495689809322357,0,10
33,0.061857350170612335,0.044183023273944855,0,10
34,0.059777431190013885,0.03894571214914322,0,10
35,0.06058936193585396,0.04049184173345566,0,10
36,0.06297371536493301,0.03579668700695038,0,10
37,0.061892904341220856,0.04272441938519478,0,10
38,0.0625041276216507,0.04747401550412178,0,10
39,0.061589986085891724,0.04285145923495293,0,10
40,0.06148860976099968,0.04768320918083191,0,10
41,0.061951421201229095,0.04793228209018707,0,10
42,0.062141355127096176,0.04203322157263756,0,10
43,0.06202121824026108,0.041342221200466156,0,10
44,0.06106748804450035,0.04493063688278198,0,10
45,0.06178079918026924,0.04251480475068092,0,10
46,0.061267636716365814,0.041432447731494904,0,10
47,0.0617426298558712,0.04553906247019768,0,10
48,0.06139246001839638,0.05552506819367409,0,10
49,0.06147799268364906,0.0540817566215992,0,10
50,0.06192713603377342,0.047359663993120193,0,10
51,0.06099441275000572,0.04700159654021263,0,10
52,0.06217627227306366,0.047929875552654266,0,10
53,0.061763059347867966,0.04579797014594078,0,10
54,0.06215530261397362,0.05050673335790634,0,10
55,0.06113020330667496,0.04283444955945015,0,10
56,0.06215479224920273,0.05029797554016113,0,10
57,0.06206393614411354,0.04405713826417923,0,10
58,0.06101837009191513,0.048645950853824615,0,10
59,0.06222962215542793,0.05615516006946564,0,10
60,0.0619976632297039,0.04097214341163635,0,10
61,0.059542570263147354,0.044096264988183975,0,10
62,0.06145799160003662,0.04566275328397751,0,10
63,0.06281301379203796,0.04101887345314026,0,10
64,0.06177016347646713,0.037549685686826706,0,10
65,0.062094032764434814,0.05251934751868248,0,10
66,0.06300202012062073,0.0386369563639164,0,10
67,0.06180017068982124,0.047619421035051346,0,10
68,0.06100216507911682,0.046754322946071625,0,10
69,0.06152782961726189,0.04269057512283325,0,10
70,0.06240420415997505,0.04713459685444832,0,10
71,0.06144789233803749,0.045414999127388,0,10
72,0.061847325414419174,0.04692547395825386,0,10
73,0.06210187450051308,0.05162007734179497,0,10
74,0.06104613095521927,0.04631635546684265,0,10
75,0.061587486416101456,0.050184886902570724,0,10
76,0.06114470958709717,0.03720397874712944,0,10
77,0.06130160763859749,0.049729280173778534,0,10
78,0.0613749660551548,0.04562763869762421,0,10
79,0.06241793558001518,0.044991690665483475,0,10
80,0.062083158642053604,0.04434782639145851,0,10
81,0.06177002564072609,0.034283626824617386,0,10
82,0.06144917383790016,0.043501224368810654,0,10
83,0.061636798083782196,0.04209165275096893,0,10
84,0.06227094680070877,0.04455747827887535,0,10
85,0.06179197132587433,0.05522847920656204,0,10
86,0.062320757657289505,0.04288727790117264,0,10
87,0.06163559481501579,0.0429946631193161,0,10
88,0.06062891334295273,0.03902438282966614,0,10
89,0.061553698033094406,0.043196890503168106,0,10
0,0.05066705122590065,0.05066707730293274,0,10
1,0.05509071797132492,0.05509074032306671,0,10
2,0.058988817036151886,0.056437719613313675,0,10
3,0.062357284128665924,0.027137955650687218,0,10
4,0.062174174934625626,0.042512260377407074,0,10
5,0.06218135356903076,0.04086364433169365,0,10
6,0.0614951066672802,0.04948695749044418,0,10
7,0.059905197471380234,0.021729741245508194,0,10
8,0.060584984719753265,0.036933984607458115,0,10
9,0.06211267039179802,0.04349551349878311,0,10
10,0.06107860803604126,0.04159791022539139,0,10
11,0.0625099167227745,0.028593190014362335,0,10
12,0.0627598837018013,0.046281374990940094,0,10
13,0.06074700877070427,0.048515643924474716,0,10
14,0.06315964460372925,0.05253922939300537,0,10
15,0.059247687458992004,0.04695648327469826,0,10
16,0.061787787824869156,0.04629267752170563,0,10
17,0.06201726570725441,0.046059850603342056,0,10
18,0.06180059537291527,0.041766468435525894,0,10
19,0.06202349066734314,0.048624034970998764,0,10
20,0.06246534734964371,0.048854485154151917,0,10
21,0.06198252737522125,0.048846304416656494,0,10
22,0.06235206127166748,0.0498286597430706,0,10
23,0.06129571050405502,0.05542080104351044,0,10
24,0.06179182231426239,0.04842636361718178,0,10
25,0.06215982884168625,0.05663580447435379,0,10
26,0.0608372688293457,0.04005945101380348,0,10
27,0.06178509071469307,0.04445074126124382,0,10
28,0.06011595204472542,0.04066789522767067,0,10
29,0.06292914599180222,0.048369474709033966,0,10
30,0.06281833350658417,0.04165539890527725,0,10
31,0.0617934875190258,0.04342925548553467,0,10
32,0.06047862395644188,0.03659576177597046,0,10
33,0.061857350170612335,0.04471392184495926,0,10
34,0.059777431190013885,0.045918192714452744,0,10
35,0.06058936193585396,0.03521180897951126,0,10
36,0.06297371536493301,0.0384097546339035,0,10
37,0.061892904341220856,0.04324948787689209,0,10
38,0.0625041276216507,0.04490653797984123,0,10
39,0.061589986085891724,0.0394548699259758,0,10
40,0.06148860976099968,0.048301007598638535,0,10
41,0.061951421201229095,0.05109194666147232,0,10
42,0.062141355127096176,0.049835942685604095,0,10
43,0.06202121824026108,0.039959028363227844,0,10
44,0.06106748804450035,0.03902612626552582,0,10
45,0.06178079918026924,0.03853294625878334,0,10
46,0.061267636716365814,0.0313856266438961,0,10
47,0.0617426298558712,0.04831109195947647,0,10
48,0.06139246001839638,0.048512645065784454,0,10
49,0.06147799268364906,0.05251936614513397,0,10
50,0.06192713603377342,0.04640033096075058,0,10
51,0.06099441275000572,0.04966134577989578,0,10
52,0.06217627227306366,0.04204036295413971,0,10
53,0.061763059347867966,0.039727289229631424,0,10
54,0.06215530261397362,0.030929923057556152,0,10
55,0.06113020330667496,0.050112150609493256,0,10
56,0.06215479224920273,0.041255418211221695,0,10
57,0.06206393614411354,0.041036296635866165,0,10
58,0.06101837009191513,0.0435427725315094,0,10
59,0.06222962215542793,0.04522380232810974,0,10
60,0.0619976632297039,0.04540049657225609,0,10
61,0.059542570263147354,0.035505183041095734,0,10
62,0.06145799160003662,0.040192775428295135,0,10
63,0.06281301379203796,0.04734014347195625,0,10
64,0.06177016347646713,0.045051202178001404,0,10
65,0.062094032764434814,0.034755293279886246,0,10
66,0.06300202012062073,0.04559870436787605,0,10
67,0.06180017068982124,0.04135463386774063,0,10
68,0.06100216507911682,0.03909549117088318,0,10
69,0.06152782961726189,0.042062778025865555,0,10
70,0.06240420415997505,0.045932888984680176,0,10
71,0.06144789233803749,0.04606547951698303,0,10
72,0.061847325414419174,0.04237598553299904,0,10
73,0.06210187450051308,0.04194957762956619,0,10
74,0.06104613095521927,0.03882552683353424,0,10
75,0.061587486416101456,0.04471820592880249,0,10
76,0.06114470958709717,0.04543347284197807,0,10
77,0.06130160763859749,0.036803822964429855,0,10
78,0.0613749660551548,0.051697634160518646,0,10
79,0.06241793558001518,0.04376324266195297,0,10
80,0.062083158642053604,0.04344293102622032,0,10
81,0.06177002564072609,0.05103517323732376,0,10
82,0.06144917383790016,0.041262198239564896,0,10
83,0.061636798083782196,0.04315156862139702,0,10
84,0.06227094680070877,0.03576238453388214,0,10
85,0.06179197132587433,0.04752787575125694,0,10
86,0.062320757657289505,0.04398714005947113,0,10
87,0.06163559481501579,0.047435104846954346,0,10
88,0.06062891334295273,0.04025522992014885,0,10
89,0.061553698033094406,0.040156472474336624,0,10
90,0.06230607256293297,0.03934415057301521,0,10
0,0.05066705122590065,0.05066707357764244,0,10
1,0.05509071797132492,0.05509073659777641,0,10
2,0.058988817036151886,0.05660022795200348,0,10
3,0.062357284128665924,0.018663043156266212,0,10
4,0.062174174934625626,0.044909216463565826,0,10
5,0.06218135356903076,0.042127568274736404,0,10
6,0.0614951066672802,0.04230755195021629,0,10
7,0.059905197471380234,0.04674702137708664,0,10
8,0.060584984719753265,0.04408527538180351,0,10
9,0.06211267039179802,0.0395987331867218,0,10
10,0.06107860803604126,0.044108279049396515,0,10
11,0.0625099167227745,0.033751681447029114,0,10
12,0.0627598837018013,0.048860855400562286,0,10
13,0.06074700877070427,0.04220941662788391,0,10
14,0.06315964460372925,0.043324779719114304,0,10
15,0.059247687458992004,0.04609081149101257,0,10
16,0.061787787824869156,0.04322800040245056,0,10
17,0.06201726570725441,0.042291540652513504,0,10
18,0.06180059537291527,0.04188033565878868,0,10
19,0.06202349066734314,0.05228297784924507,0,10
20,0.06246534734964371,0.04602403566241264,0,10
21,0.06198252737522125,0.05293188616633415,0,10
22,0.06235206127166748,0.02863174118101597,0,10
23,0.06129571050405502,0.04110002890229225,0,10
24,0.06179182231426239,0.044339291751384735,0,10
25,0.06215982884168625,0.035780567675828934,0,10
26,0.0608372688293457,0.04588358849287033,0,10
27,0.06178509071469307,0.04641861841082573,0,10
28,0.06011595204472542,0.04183114692568779,0,10
29,0.06292914599180222,0.04008830338716507,0,10
30,0.06281833350658417,0.036181606352329254,0,10
31,0.0617934875190258,0.04220888391137123,0,10
32,0.06047862395644188,0.03213709592819214,0,10
33,0.061857350170612335,0.0293523408472538,0,10
34,0.059777431190013885,0.03691423684358597,0,10
35,0.06058936193585396,0.04541964456439018,0,10
36,0.06297371536493301,0.048296649008989334,0,10
37,0.061892904341220856,0.04478670284152031,0,10
38,0.0625041276216507,0.04724791646003723,0,10
39,0.061589986085891724,0.03923330083489418,0,10
40,0.06148860976099968,0.0491204597055912,0,10
41,0.061951421201229095,0.05341215431690216,0,10
42,0.062141355127096176,0.04303601756691933,0,10
43,0.06202121824026108,0.040188368409872055,0,10
44,0.06106748804450035,0.046819932758808136,0,10
45,0.06178079918026924,0.046954840421676636,0,10
46,0.061267636716365814,0.049805305898189545,0,10
47,0.0617426298558712,0.04563957080245018,0,10
48,0.06139246001839638,0.04778666794300079,0,10
49,0.06147799268364906,0.040099263191223145,0,10
50,0.06192713603377342,0.04145186021924019,0,10
51,0.06099441275000572,0.047275591641664505,0,10
52,0.06217627227306366,0.04343518242239952,0,10
53,0.061763059347867966,0.033242758363485336,0,10
54,0.06215530261397362,0.05018738657236099,0,10
55,0.06113020330667496,0.05367452651262283,0,10
56,0.06215479224920273,0.049259085208177567,0,10
57,0.06206393614411354,0.048064880073070526,0,10
58,0.06101837009191513,0.03660948574542999,0,10
59,0.06222962215542793,0.04077141359448433,0,10
60,0.0619976632297039,0.047520387917757034,0,10
61,0.059542570263147354,0.0400228276848793,0,10
62,0.06145799160003662,0.04945371299982071,0,10
63,0.06281301379203796,0.04263653606176376,0,10
64,0.06177016347646713,0.04678439348936081,0,10
65,0.062094032764434814,0.049152061343193054,0,10
66,0.06300202012062073,0.04735458269715309,0,10
67,0.06180017068982124,0.050834473222494125,0,10
68,0.06100216507911682,0.0420052595436573,0,10
69,0.06152782961726189,0.0413568951189518,0,10
70,0.06240420415997505,0.04790506511926651,0,10
71,0.06144789233803749,0.045307863503694534,0,10
72,0.061847325414419174,0.048191867768764496,0,10
73,0.06210187450051308,0.037902574986219406,0,10
74,0.06104613095521927,0.04131808504462242,0,10
75,0.061587486416101456,0.03885205090045929,0,10
76,0.06114470958709717,0.04415478929877281,0,10
77,0.06130160763859749,0.04165196791291237,0,10
78,0.0613749660551548,0.0514281690120697,0,10
79,0.06241793558001518,0.044200349599123,0,10
80,0.062083158642053604,0.0380876325070858,0,10
81,0.06177002564072609,0.03947068005800247,0,10
82,0.06144917383790016,0.04763132706284523,0,10
83,0.061636798083782196,0.04251451790332794,0,10
84,0.06227094680070877,0.03937913849949837,0,10
85,0.06179197132587433,0.04527493938803673,0,10
86,0.062320757657289505,0.035462405532598495,0,10
87,0.06163559481501579,0.04647689312696457,0,10
88,0.06062891334295273,0.042526185512542725,0,10
89,0.061553698033094406,0.041962072253227234,0,10
90,0.06230607256293297,0.050240375101566315,0,10
91,0.062280263751745224,0.04286998137831688,0,10
0,0.05066705122590065,0.05066707357764244,0,10
1,0.05509071797132492,0.05509074404835701,0,10
2,0.058988817036151886,0.05685944855213165,0,10
3,0.062357284128665924,0.0468444749712944,0,10
4,0.062174174934625626,0.04667353257536888,0,10
5,0.06218135356903076,0.051334746181964874,0,10
6,0.0614951066672802,0.045634716749191284,0,10
7,0.059905197471380234,0.02700955793261528,0,10
8,0.060584984719753265,0.03246303275227547,0,10
9,0.06211267039179802,0.043957535177469254,0,10
10,0.06107860803604126,0.04266967624425888,0,10
11,0.0625099167227745,0.04620159789919853,0,10
12,0.0627598837018013,0.048135168850421906,0,10
13,0.06074700877070427,0.03329825401306152,0,10
14,0.06315964460372925,0.03876316919922829,0,10
15,0.059247687458992004,0.02455308847129345,0,10
16,0.061787787824869156,0.04241880029439926,0,10
17,0.06201726570725441,0.04307923465967178,0,10
18,0.06180059537291527,0.055760469287633896,0,10
19,0.06202349066734314,0.024896953254938126,0,10
20,0.06246534734964371,0.048948850482702255,0,10
21,0.06198252737522125,0.04529790207743645,0,10
22,0.06235206127166748,0.04474658519029617,0,10
23,0.06129571050405502,0.049343619495630264,0,10
24,0.06179182231426239,0.039261046797037125,0,10
25,0.06215982884168625,0.04833102971315384,0,10
26,0.0608372688293457,0.03299644961953163,0,10
27,0.06178509071469307,0.05150451511144638,0,10
28,0.06011595204472542,0.0353253073990345,0,10
29,0.06292914599180222,0.04007387533783913,0,10
30,0.06281833350658417,0.05741949751973152,0,10
31,0.0617934875190258,0.04803870618343353,0,10
32,0.06047862395644188,0.0477994829416275,0,10
33,0.061857350170612335,0.037052221596241,0,10
34,0.059777431190013885,0.03663254156708717,0,10
35,0.06058936193585396,0.0402209535241127,0,10
36,0.06297371536493301,0.03417947515845299,0,10
37,0.061892904341220856,0.04931936040520668,0,10
38,0.0625041276216507,0.042541567236185074,0,10
39,0.061589986085891724,0.05038689076900482,0,10
40,0.06148860976099968,0.03079230710864067,0,10
41,0.061951421201229095,0.045176632702350616,0,10
42,0.062141355127096176,0.0359463170170784,0,10
43,0.06202121824026108,0.048862725496292114,0,10
44,0.06106748804450035,0.043949007987976074,0,10
45,0.06178079918026924,0.04041079804301262,0,10
46,0.061267636716365814,0.04725279286503792,0,10
47,0.0617426298558712,0.03744638338685036,0,10
48,0.06139246001839638,0.03925250843167305,0,10
49,0.06147799268364906,0.04462788999080658,0,10
50,0.06192713603377342,0.047154489904642105,0,10
51,0.06099441275000572,0.046357326209545135,0,10
52,0.06217627227306366,0.04911477491259575,0,10
53,0.061763059347867966,0.054157111793756485,0,10
54,0.06215530261397362,0.04629860818386078,0,10
55,0.06113020330667496,0.044501468539237976,0,10
56,0.06215479224920273,0.05139002576470375,0,10
57,0.06206393614411354,0.04509635642170906,0,10
58,0.06101837009191513,0.037781644612550735,0,10
59,0.06222962215542793,0.05645548179745674,0,10
60,0.0619976632297039,0.05292931944131851,0,10
61,0.059542570263147354,0.04853600263595581,0,10
62,0.06145799160003662,0.04010424762964249,0,10
63,0.06281301379203796,0.04324593022465706,0,10
64,0.06177016347646713,0.03735513240098953,0,10
65,0.062094032764434814,0.04939258098602295,0,10
66,0.06300202012062073,0.03653567284345627,0,10
67,0.06180017068982124,0.04356837645173073,0,10
68,0.06100216507911682,0.03902456909418106,0,10
69,0.06152782961726189,0.048783693462610245,0,10
70,0.06240420415997505,0.039435975253582,0,10
71,0.06144789233803749,0.05287815257906914,0,10
72,0.061847325414419174,0.0439789704978466,0,10
73,0.06210187450051308,0.03840615227818489,0,10
74,0.06104613095521927,0.04405037686228752,0,10
75,0.061587486416101456,0.03972027823328972,0,10
76,0.06114470958709717,0.04434938728809357,0,10
77,0.06130160763859749,0.040574416518211365,0,10
78,0.0613749660551548,0.04433572664856911,0,10
79,0.06241793558001518,0.03505515679717064,0,10
80,0.062083158642053604,0.03506602346897125,0,10
81,0.06177002564072609,0.047827307134866714,0,10
82,0.06144917383790016,0.05164973437786102,0,10
83,0.061636798083782196,0.04440421238541603,0,10
84,0.06227094680070877,0.04218171164393425,0,10
85,0.06179197132587433,0.043264344334602356,0,10
86,0.062320757657289505,0.04042651131749153,0,10
87,0.06163559481501579,0.04265658184885979,0,10
88,0.06062891334295273,0.046475958079099655,0,10
89,0.061553698033094406,0.046677909791469574,0,10
90,0.06230607256293297,0.049112919718027115,0,10
91,0.062280263751745224,0.05383981019258499,0,10
92,0.06026168167591095,0.05116891488432884,0,10
0,0.05066705122590065,0.05066707357764244,0,10
1,0.05509071797132492,0.05509074032306671,0,10
2,0.058988817036151886,0.05849216878414154,0,10
3,0.062357284128665924,0.04634272679686546,0,10
4,0.062174174934625626,0.046531420201063156,0,10
5,0.06218135356903076,0.030821749940514565,0,10
6,0.0614951066672802,0.05308954417705536,0,10
7,0.059905197471380234,0.04213431477546692,0,10
8,0.060584984719753265,0.028135035187005997,0,10
9,0.06211267039179802,0.03551730513572693,0,10
10,0.06107860803604126,0.04524262994527817,0,10
11,0.0625099167227745,0.047077760100364685,0,10
12,0.0627598837018013,0.05017993226647377,0,10
13,0.06074700877070427,0.039002079516649246,0,10
14,0.06315964460372925,0.03853009641170502,0,10
15,0.059247687458992004,0.037335507571697235,0,10
16,0.061787787824869156,0.04785747453570366,0,10
17,0.06201726570725441,0.04172128811478615,0,10
18,0.06180059537291527,0.0442650243639946,0,10
19,0.06202349066734314,0.04907998815178871,0,10
20,0.06246534734964371,0.041559938341379166,0,10
21,0.06198252737522125,0.0450543649494648,0,10
22,0.06235206127166748,0.035521000623703,0,10
23,0.06129571050405502,0.04446552321314812,0,10
24,0.06179182231426239,0.04512499272823334,0,10
25,0.06215982884168625,0.042571060359478,0,10
26,0.0608372688293457,0.04032208397984505,0,10
27,0.06178509071469307,0.03694840148091316,0,10
28,0.06011595204472542,0.03557497262954712,0,10
29,0.06292914599180222,0.043839335441589355,0,10
30,0.06281833350658417,0.05060715973377228,0,10
31,0.0617934875190258,0.04928453639149666,0,10
32,0.06047862395644188,0.041925009340047836,0,10
33,0.061857350170612335,0.03323253244161606,0,10
34,0.059777431190013885,0.04263442009687424,0,10
35,0.06058936193585396,0.04418640956282616,0,10
36,0.06297371536493301,0.04354211688041687,0,10
37,0.061892904341220856,0.04948243126273155,0,10
38,0.0625041276216507,0.04672468826174736,0,10
39,0.061589986085891724,0.049336813390254974,0,10
40,0.06148860976099968,0.043368950486183167,0,10
41,0.061951421201229095,0.042184121906757355,0,10
42,0.062141355127096176,0.04191623255610466,0,10
43,0.06202121824026108,0.038005195558071136,0,10
44,0.06106748804450035,0.044509563595056534,0,10
45,0.06178079918026924,0.045699287205934525,0,10
46,0.061267636716365814,0.03766190633177757,0,10
47,0.0617426298558712,0.04149909317493439,0,10
48,0.06139246001839638,0.04213560000061989,0,10
49,0.06147799268364906,0.03609848767518997,0,10
50,0.06192713603377342,0.04008517414331436,0,10
51,0.06099441275000572,0.03534667193889618,0,10
52,0.06217627227306366,0.03933124616742134,0,10
53,0.061763059347867966,0.04740186780691147,0,10
54,0.06215530261397362,0.04460548609495163,0,10
55,0.06113020330667496,0.041755311191082,0,10
56,0.06215479224920273,0.03622233867645264,0,10
57,0.06206393614411354,0.04096146300435066,0,10
58,0.06101837009191513,0.04560304433107376,0,10
59,0.06222962215542793,0.04218301922082901,0,10
60,0.0619976632297039,0.0446854867041111,0,10
61,0.059542570263147354,0.041403066366910934,0,10
62,0.06145799160003662,0.04752050340175629,0,10
63,0.06281301379203796,0.0417792871594429,0,10
64,0.06177016347646713,0.04518347233533859,0,10
65,0.062094032764434814,0.0499207079410553,0,10
66,0.06300202012062073,0.04969225823879242,0,10
67,0.06180017068982124,0.040549907833337784,0,10
68,0.06100216507911682,0.04230035841464996,0,10
69,0.06152782961726189,0.041907910257577896,0,10
70,0.06240420415997505,0.04941345006227493,0,10
71,0.06144789233803749,0.046186577528715134,0,10
72,0.061847325414419174,0.03599553182721138,0,10
73,0.06210187450051308,0.04192868247628212,0,10
74,0.06104613095521927,0.04072963818907738,0,10
75,0.061587486416101456,0.041852228343486786,0,10
76,0.06114470958709717,0.04468858614563942,0,10
77,0.06130160763859749,0.04086095094680786,0,10
78,0.0613749660551548,0.048362378031015396,0,10
79,0.06241793558001518,0.04271731153130531,0,10
80,0.062083158642053604,0.04161721095442772,0,10
81,0.06177002564072609,0.047554049640893936,0,10
82,0.06144917383790016,0.035455018281936646,0,10
83,0.061636798083782196,0.04263099282979965,0,10
84,0.06227094680070877,0.05186440795660019,0,10
85,0.06179197132587433,0.04213254898786545,0,10
86,0.062320757657289505,0.045710716396570206,0,10
87,0.06163559481501579,0.045979153364896774,0,10
88,0.06062891334295273,0.03660419583320618,0,10
89,0.061553698033094406,0.04126220569014549,0,10
90,0.06230607256293297,0.038747839629650116,0,10
91,0.062280263751745224,0.03657228872179985,0,10
92,0.06026168167591095,0.048000771552324295,0,10
93,0.06088199093937874,0.04933397099375725,0,10
0,0.05066705122590065,0.05066707730293274,0,10
1,0.05509071797132492,0.05509074404835701,0,10
2,0.058988817036151886,0.05567539110779762,0,10
3,0.062357284128665924,0.03822886571288109,0,10
4,0.062174174934625626,0.041322529315948486,0,10
5,0.06218135356903076,0.051974471658468246,0,10
6,0.0614951066672802,0.04066846892237663,0,10
7,0.059905197471380234,0.04058882221579552,0,10
8,0.060584984719753265,0.03615275397896767,0,10
9,0.06211267039179802,0.021556919440627098,0,10
10,0.06107860803604126,0.04875964671373367,0,10
11,0.0625099167227745,0.042409997433423996,0,10
12,0.0627598837018013,0.021435411646962166,0,10
13,0.06074700877070427,0.04580136016011238,0,10
14,0.06315964460372925,0.05634598061442375,0,10
15,0.059247687458992004,0.053224895149469376,0,10
16,0.061787787824869156,0.03812370076775551,0,10
17,0.06201726570725441,0.044865939766168594,0,10
18,0.06180059537291527,0.042230792343616486,0,10
19,0.06202349066734314,0.04507327452301979,0,10
20,0.06246534734964371,0.0481339693069458,0,10
21,0.06198252737522125,0.04187510162591934,0,10
22,0.06235206127166748,0.052706483751535416,0,10
23,0.06129571050405502,0.046329375356435776,0,10
24,0.06179182231426239,0.02450806088745594,0,10
25,0.06215982884168625,0.047679055482149124,0,10
26,0.0608372688293457,0.044576406478881836,0,10
27,0.06178509071469307,0.038552626967430115,0,10
28,0.06011595204472542,0.04622746258974075,0,10
29,0.06292914599180222,0.043448932468891144,0,10
30,0.06281833350658417,0.0394941121339798,0,10
31,0.0617934875190258,0.0405033677816391,0,10
32,0.06047862395644188,0.04618220403790474,0,10
33,0.061857350170612335,0.026270614936947823,0,10
34,0.059777431190013885,0.03696264699101448,0,10
35,0.06058936193585396,0.021982835605740547,0,10
36,0.06297371536493301,0.027212610468268394,0,10
37,0.061892904341220856,0.04117397591471672,0,10
38,0.0625041276216507,0.05181095376610756,0,10
39,0.061589986085891724,0.044349104166030884,0,10
40,0.06148860976099968,0.04685144126415253,0,10
41,0.061951421201229095,0.044946376234292984,0,10
42,0.062141355127096176,0.04222972318530083,0,10
43,0.06202121824026108,0.03698386996984482,0,10
44,0.06106748804450035,0.04567338153719902,0,10
45,0.06178079918026924,0.04547940939664841,0,10
46,0.061267636716365814,0.043615177273750305,0,10
47,0.0617426298558712,0.04493901506066322,0,10
48,0.06139246001839638,0.03684321045875549,0,10
49,0.06147799268364906,0.04268243908882141,0,10
50,0.06192713603377342,0.0478133000433445,0,10
51,0.06099441275000572,0.040461424738168716,0,10
52,0.06217627227306366,0.04242781177163124,0,10
53,0.061763059347867966,0.04870226979255676,0,10
54,0.06215530261397362,0.04417130723595619,0,10
55,0.06113020330667496,0.04812944307923317,0,10
56,0.06215479224920273,0.04533609002828598,0,10
57,0.06206393614411354,0.040643442422151566,0,10
58,0.06101837009191513,0.04912026226520538,0,10
59,0.06222962215542793,0.04824315011501312,0,10
60,0.0619976632297039,0.04299311339855194,0,10
61,0.059542570263147354,0.05149373784661293,0,10
62,0.06145799160003662,0.03870120644569397,0,10
63,0.06281301379203796,0.04839235171675682,0,10
64,0.06177016347646713,0.04947594925761223,0,10
65,0.062094032764434814,0.051242053508758545,0,10
66,0.06300202012062073,0.04710668325424194,0,10
67,0.06180017068982124,0.044459566473960876,0,10
68,0.06100216507911682,0.047855157405138016,0,10
69,0.06152782961726189,0.047956209629774094,0,10
70,0.06240420415997505,0.047446466982364655,0,10
71,0.06144789233803749,0.047855786979198456,0,10
72,0.061847325414419174,0.03515291586518288,0,10
73,0.06210187450051308,0.044640954583883286,0,10
74,0.06104613095521927,0.04029349982738495,0,10
75,0.061587486416101456,0.04979952424764633,0,10
76,0.06114470958709717,0.04000004008412361,0,10
77,0.06130160763859749,0.04800859093666077,0,10
78,0.0613749660551548,0.051519524306058884,0,10
79,0.06241793558001518,0.04652780666947365,0,10
80,0.062083158642053604,0.04658342897891998,0,10
81,0.06177002564072609,0.03890549764037132,0,10
82,0.06144917383790016,0.049377162009477615,0,10
83,0.061636798083782196,0.04602285474538803,0,10
84,0.06227094680070877,0.04658133164048195,0,10
85,0.06179197132587433,0.04136935994029045,0,10
86,0.062320757657289505,0.039473820477724075,0,10
87,0.06163559481501579,0.050677426159381866,0,10
88,0.06062891334295273,0.040536824613809586,0,10
89,0.061553698033094406,0.049332860857248306,0,10
90,0.06230607256293297,0.04073866456747055,0,10
91,0.062280263751745224,0.04156813398003578,0,10
92,0.06026168167591095,0.03697074204683304,0,10
93,0.06088199093937874,0.045678626745939255,0,10
94,0.06133271008729935,0.04279350861907005,0,10
0,0.05066705122590065,0.05066707357764244,0,10
1,0.05509071797132492,0.05509074777364731,0,10
2,0.058988817036151886,0.05801943689584732,0,10
3,0.062357284128665924,0.04623308777809143,0,10
4,0.062174174934625626,0.04389121010899544,0,10
5,0.06218135356903076,0.043916210532188416,0,10
6,0.0614951066672802,0.03794186934828758,0,10
7,0.059905197471380234,0.04023495316505432,0,10
8,0.060584984719753265,0.048934102058410645,0,10
9,0.06211267039179802,0.045542798936367035,0,10
10,0.06107860803604126,0.04432379826903343,0,10
11,0.0625099167227745,0.04099966213107109,0,10
12,0.0627598837018013,0.0455838218331337,0,10
13,0.06074700877070427,0.03975348547101021,0,10
14,0.06315964460372925,0.039336614310741425,0,10
15,0.059247687458992004,0.04639371857047081,0,10
16,0.061787787824869156,0.040398020297288895,0,10
17,0.06201726570725441,0.04650737717747688,0,10
18,0.06180059537291527,0.035285212099552155,0,10
19,0.06202349066734314,0.04273909702897072,0,10
20,0.06246534734964371,0.04213076829910278,0,10
21,0.06198252737522125,0.04323320835828781,0,10
22,0.06235206127166748,0.03552330657839775,0,10
23,0.06129571050405502,0.04148454964160919,0,10
24,0.06179182231426239,0.04165930673480034,0,10
25,0.06215982884168625,0.036448199301958084,0,10
26,0.0608372688293457,0.04740816727280617,0,10
27,0.06178509071469307,0.04648050665855408,0,10
28,0.06011595204472542,0.03103184700012207,0,10
29,0.06292914599180222,0.0512976236641407,0,10
30,0.06281833350658417,0.042616866528987885,0,10
31,0.0617934875190258,0.04177567735314369,0,10
32,0.06047862395644188,0.04734095185995102,0,10
33,0.061857350170612335,0.042969148606061935,0,10
34,0.059777431190013885,0.034886714071035385,0,10
35,0.06058936193585396,0.05140307918190956,0,10
36,0.06297371536493301,0.029798436909914017,0,10
37,0.061892904341220856,0.04302603006362915,0,10
38,0.0625041276216507,0.042444340884685516,0,10
39,0.061589986085891724,0.04824155569076538,0,10
40,0.06148860976099968,0.055952735245227814,0,10
41,0.061951421201229095,0.03197609633207321,0,10
42,0.062141355127096176,0.037704501301050186,0,10
43,0.06202121824026108,0.04736294597387314,0,10
44,0.06106748804450035,0.04522719606757164,0,10
45,0.06178079918026924,0.04111324995756149,0,10
46,0.061267636716365814,0.047719601541757584,0,10
47,0.0617426298558712,0.04952115938067436,0,10
48,0.06139246001839638,0.037333760410547256,0,10
49,0.06147799268364906,0.04370445758104324,0,10
50,0.06192713603377342,0.04039051756262779,0,10
51,0.06099441275000572,0.044487494975328445,0,10
52,0.06217627227306366,0.044427696615457535,0,10
53,0.061763059347867966,0.04640023410320282,0,10
54,0.06215530261397362,0.05193748697638512,0,10
55,0.06113020330667496,0.03742941841483116,0,10
56,0.06215479224920273,0.046450208872556686,0,10
57,0.06206393614411354,0.04063427075743675,0,10
58,0.06101837009191513,0.04428242892026901,0,10
59,0.06222962215542793,0.05060632526874542,0,10
60,0.0619976632297039,0.0468369722366333,0,10
61,0.059542570263147354,0.042808182537555695,0,10
62,0.06145799160003662,0.046512287110090256,0,10
63,0.06281301379203796,0.04210340604186058,0,10
64,0.06177016347646713,0.0490279421210289,0,10
65,0.062094032764434814,0.04444589093327522,0,10
66,0.06300202012062073,0.03920779749751091,0,10
67,0.06180017068982124,0.04581436514854431,0,10
68,0.06100216507911682,0.03737492486834526,0,10
69,0.06152782961726189,0.04586475342512131,0,10
70,0.06240420415997505,0.042032256722450256,0,10
71,0.06144789233803749,0.048656899482011795,0,10
72,0.061847325414419174,0.042371030896902084,0,10
73,0.06210187450051308,0.04601624980568886,0,10
74,0.06104613095521927,0.04549499601125717,0,10
75,0.061587486416101456,0.04289104416966438,0,10
76,0.06114470958709717,0.04038792476058006,0,10
77,0.06130160763859749,0.040866222232580185,0,10
78,0.0613749660551548,0.0410325713455677,0,10
79,0.06241793558001518,0.04391258582472801,0,10
80,0.062083158642053604,0.047163933515548706,0,10
81,0.06177002564072609,0.04532832279801369,0,10
82,0.06144917383790016,0.04023578017950058,0,10
83,0.061636798083782196,0.038280900567770004,0,10
84,0.06227094680070877,0.037363313138484955,0,10
85,0.06179197132587433,0.047007735818624496,0,10
86,0.062320757657289505,0.040593065321445465,0,10
87,0.06163559481501579,0.03501594066619873,0,10
88,0.06062891334295273,0.04109356924891472,0,10
89,0.061553698033094406,0.051548272371292114,0,10
90,0.06230607256293297,0.04620665684342384,0,10
91,0.062280263751745224,0.04434161260724068,0,10
92,0.06026168167591095,0.040373545140028,0,10
93,0.06088199093937874,0.039347294718027115,0,10
94,0.06133271008729935,0.0416126511991024,0,10
95,0.06165361404418945,0.04070654511451721,0,10
0,0.05066705122590065,0.05066707357764244,0,10
1,0.05509071797132492,0.05509074404835701,0,10
2,0.058988817036151886,0.056650277227163315,0,10
3,0.062357284128665924,0.04748661071062088,0,10
4,0.062174174934625626,0.045789215713739395,0,10
5,0.06218135356903076,0.048034828156232834,0,10
6,0.0614951066672802,0.04530804231762886,0,10
7,0.059905197471380234,0.04652855917811394,0,10
8,0.060584984719753265,0.049759719520807266,0,10
9,0.06211267039179802,0.0556628555059433,0,10
10,0.06107860803604126,0.04538131505250931,0,10
11,0.0625099167227745,0.030381252989172935,0,10
12,0.0627598837018013,0.05156802386045456,0,10
13,0.06074700877070427,0.04465098679065704,0,10
14,0.06315964460372925,0.038392432034015656,0,10
15,0.059247687458992004,0.04470798373222351,0,10
16,0.061787787824869156,0.04580461606383324,0,10
17,0.06201726570725441,0.045205309987068176,0,10
18,0.06180059537291527,0.04145365208387375,0,10
19,0.06202349066734314,0.046510521322488785,0,10
20,0.06246534734964371,0.04938364028930664,0,10
21,0.06198252737522125,0.04611263796687126,0,10
22,0.06235206127166748,0.0399993471801281,0,10
23,0.06129571050405502,0.04381154477596283,0,10
24,0.06179182231426239,0.0442352369427681,0,10
25,0.06215982884168625,0.03926185518503189,0,10
26,0.0608372688293457,0.03506726399064064,0,10
27,0.06178509071469307,0.032420847564935684,0,10
28,0.06011595204472542,0.03635573014616966,0,10
29,0.06292914599180222,0.04667869955301285,0,10
30,0.06281833350658417,0.03338830545544624,0,10
31,0.0617934875190258,0.04663027822971344,0,10
32,0.06047862395644188,0.036331649869680405,0,10
33,0.061857350170612335,0.04612305015325546,0,10
34,0.059777431190013885,0.04168976843357086,0,10
35,0.06058936193585396,0.04451776295900345,0,10
36,0.06297371536493301,0.053371623158454895,0,10
37,0.061892904341220856,0.048572055995464325,0,10
38,0.0625041276216507,0.0436428003013134,0,10
39,0.061589986085891724,0.043108388781547546,0,10
40,0.06148860976099968,0.044594090431928635,0,10
41,0.061951421201229095,0.04198964685201645,0,10
42,0.062141355127096176,0.04285579174757004,0,10
43,0.06202121824026108,0.04918191581964493,0,10
44,0.06106748804450035,0.04578012228012085,0,10
45,0.06178079918026924,0.04137217998504639,0,10
46,0.061267636716365814,0.04412419721484184,0,10
47,0.0617426298558712,0.03554924577474594,0,10
48,0.06139246001839638,0.04560874402523041,0,10
49,0.06147799268364906,0.041063450276851654,0,10
50,0.06192713603377342,0.05117471143603325,0,10
51,0.06099441275000572,0.04365105554461479,0,10
52,0.06217627227306366,0.04551510140299797,0,10
53,0.061763059347867966,0.044602520763874054,0,10
54,0.06215530261397362,0.04397592321038246,0,10
55,0.06113020330667496,0.04524930194020271,0,10
56,0.06215479224920273,0.045113883912563324,0,10
57,0.06206393614411354,0.043524518609046936,0,10
58,0.06101837009191513,0.045192357152700424,0,10
59,0.06222962215542793,0.041214730590581894,0,10
60,0.0619976632297039,0.03191445767879486,0,10
61,0.059542570263147354,0.04346077889204025,0,10
62,0.06145799160003662,0.03837227076292038,0,10
63,0.06281301379203796,0.03919610753655434,0,10
64,0.06177016347646713,0.03402481973171234,0,10
65,0.062094032764434814,0.04036156088113785,0,10
66,0.06300202012062073,0.04144364967942238,0,10
67,0.06180017068982124,0.04829447716474533,0,10
68,0.06100216507911682,0.04677443951368332,0,10
69,0.06152782961726189,0.04888029396533966,0,10
70,0.06240420415997505,0.041261088103055954,0,10
71,0.06144789233803749,0.045981358736753464,0,10
72,0.061847325414419174,0.0541512630879879,0,10
73,0.06210187450051308,0.04779268056154251,0,10
74,0.06104613095521927,0.043723154813051224,0,10
75,0.061587486416101456,0.03909171745181084,0,10
76,0.06114470958709717,0.03978090360760689,0,10
77,0.06130160763859749,0.04092872887849808,0,10
78,0.0613749660551548,0.021966522559523582,0,10
79,0.06241793558001518,0.04184587672352791,0,10
80,0.062083158642053604,0.04124077782034874,0,10
81,0.06177002564072609,0.04384442791342735,0,10
82,0.06144917383790016,0.04788592457771301,0,10
83,0.061636798083782196,0.038379084318876266,0,10
84,0.06227094680070877,0.04879026487469673,0,10
85,0.06179197132587433,0.03822493925690651,0,10
86,0.062320757657289505,0.05045522376894951,0,10
87,0.06163559481501579,0.04465334117412567,0,10
88,0.06062891334295273,0.04216479882597923,0,10
89,0.061553698033094406,0.04308578744530678,0,10
90,0.06230607256293297,0.048797059804201126,0,10
91,0.062280263751745224,0.04978717491030693,0,10
92,0.06026168167591095,0.053777486085891724,0,10
93,0.06088199093937874,0.03873138502240181,0,10
94,0.06133271008729935,0.04280722141265869,0,10
95,0.06165361404418945,0.048028409481048584,0,10
96,0.06118742376565933,0.03978751227259636,0,10
0,0.05066705122590065,0.05066707357764244,0,10
1,0.05509071797132492,0.05509074404835701,0,10
2,0.058988817036151886,0.05624222382903099,0,10
3,0.062357284128665924,0.023694802075624466,0,10
4,0.062174174934625626,0.05299609899520874,0,10
5,0.06218135356903076,0.0397317074239254,0,10
6,0.0614951066672802,0.045795537531375885,0,10
7,0.059905197471380234,0.025155698880553246,0,10
8,0.060584984719753265,0.0361982025206089,0,10
9,0.06211267039179802,0.048803042620420456,0,10
10,0.06107860803604126,0.05430832877755165,0,10
11,0.0625099167227745,0.04922429844737053,0,10
12,0.0627598837018013,0.04615841805934906,0,10
13,0.06074700877070427,0.03599650785326958,0,10
14,0.06315964460372925,0.05330177769064903,0,10
15,0.059247687458992004,0.04506527632474899,0,10
16,0.061787787824869156,0.05051305517554283,0,10
17,0.06201726570725441,0.0452241487801075,0,10
18,0.06180059537291527,0.04598860815167427,0,10
19,0.06202349066734314,0.04410231113433838,0,10
20,0.06246534734964371,0.05008379742503166,0,10
21,0.06198252737522125,0.05247367545962334,0,10
22,0.06235206127166748,0.038519471883773804,0,10
23,0.06129571050405502,0.05209838226437569,0,10
24,0.06179182231426239,0.0518857017159462,0,10
25,0.06215982884168625,0.0405002199113369,0,10
26,0.0608372688293457,0.04301141947507858,0,10
27,0.06178509071469307,0.03266489878296852,0,10
28,0.06011595204472542,0.050591956824064255,0,10
29,0.06292914599180222,0.04365836828947067,0,10
30,0.06281833350658417,0.05518548563122749,0,10
31,0.0617934875190258,0.04670065641403198,0,10
32,0.06047862395644188,0.046596817672252655,0,10
33,0.061857350170612335,0.055054888129234314,0,10
34,0.059777431190013885,0.03887876868247986,0,10
35,0.06058936193585396,0.04600152745842934,0,10
36,0.06297371536493301,0.03892144560813904,0,10
37,0.061892904341220856,0.04631202295422554,0,10
38,0.0625041276216507,0.04209190979599953,0,10
39,0.061589986085891724,0.047083571553230286,0,10
40,0.06148860976099968,0.0387524776160717,0,10
41,0.061951421201229095,0.043885909020900726,0,10
42,0.062141355127096176,0.03700074553489685,0,10
43,0.06202121824026108,0.043754834681749344,0,10
44,0.06106748804450035,0.04503713548183441,0,10
45,0.06178079918026924,0.04389055445790291,0,10
46,0.061267636716365814,0.036138273775577545,0,10
47,0.0617426298558712,0.05709686130285263,0,10
48,0.06139246001839638,0.04610849916934967,0,10
49,0.06147799268364906,0.04020532965660095,0,10
50,0.06192713603377342,0.04008748382329941,0,10
51,0.06099441275000572,0.04599422588944435,0,10
52,0.06217627227306366,0.05057694762945175,0,10
53,0.061763059347867966,0.040658336132764816,0,10
54,0.06215530261397362,0.04309796541929245,0,10
55,0.06113020330667496,0.04299642890691757,0,10
56,0.06215479224920273,0.04418722912669182,0,10
57,0.06206393614411354,0.05077773705124855,0,10
58,0.06101837009191513,0.04285221919417381,0,10
59,0.06222962215542793,0.04580220952630043,0,10
60,0.0619976632297039,0.045294828712940216,0,10
61,0.059542570263147354,0.04620315507054329,0,10
62,0.06145799160003662,0.04609859362244606,0,10
63,0.06281301379203796,0.04089811071753502,0,10
64,0.06177016347646713,0.03437476605176926,0,10
65,0.062094032764434814,0.04396599158644676,0,10
66,0.06300202012062073,0.041686855256557465,0,10
67,0.06180017068982124,0.043621327728033066,0,10
68,0.06100216507911682,0.04691917821764946,0,10
69,0.06152782961726189,0.0439457930624485,0,10
70,0.06240420415997505,0.04342229664325714,0,10
71,0.06144789233803749,0.04297143220901489,0,10
72,0.061847325414419174,0.039665427058935165,0,10
73,0.06210187450051308,0.041959986090660095,0,10
74,0.06104613095521927,0.04064930975437164,0,10
75,0.061587486416101456,0.047936975955963135,0,10
76,0.06114470958709717,0.04493428394198418,0,10
77,0.06130160763859749,0.03438376262784004,0,10
78,0.0613749660551548,0.04789094254374504,0,10
79,0.06241793558001518,0.03270213305950165,0,10
80,0.062083158642053604,0.04817679151892662,0,10
81,0.06177002564072609,0.05120837315917015,0,10
82,0.06144917383790016,0.040266767144203186,0,10
83,0.061636798083782196,0.04016311839222908,0,10
84,0.06227094680070877,0.036942873150110245,0,10
85,0.06179197132587433,0.038913555443286896,0,10
86,0.062320757657289505,0.051633358001708984,0,10
87,0.06163559481501579,0.04553596302866936,0,10
88,0.06062891334295273,0.04864457994699478,0,10
89,0.061553698033094406,0.04294898733496666,0,10
90,0.06230607256293297,0.05737407132983208,0,10
91,0.062280263751745224,0.05465053766965866,0,10
92,0.06026168167591095,0.05140203610062599,0,10
93,0.06088199093937874,0.0456632524728775,0,10
94,0.06133271008729935,0.042002975940704346,0,10
95,0.06165361404418945,0.035865671932697296,0,10
96,0.06118742376565933,0.0388672836124897,0,10
97,0.06207934394478798,0.04031108319759369,0,10
0,0.05066705122590065,0.05066707357764244,0,10
1,0.05509071797132492,0.05509071797132492,0,10
2,0.058988817036151886,0.055389806628227234,0,10
3,0.062357284128665924,0.043816033750772476,0,10
4,0.062174174934625626,0.039659932255744934,0,10
5,0.06218135356903076,0.03961958736181259,0,10
6,0.0614951066672802,0.040577247738838196,0,10
7,0.059905197471380234,0.04668675363063812,0,10
8,0.060584984719753265,0.036898933351039886,0,10
9,0.06211267039179802,0.04864531010389328,0,10
10,0.06107860803604126,0.04130007326602936,0,10
11,0.0625099167227745,0.05195081979036331,0,10
12,0.0627598837018013,0.038338012993335724,0,10
13,0.06074700877070427,0.04123975336551666,0,10
14,0.06315964460372925,0.04873042181134224,0,10
15,0.059247687458992004,0.04072542488574982,0,10
16,0.061787787824869156,0.03398909792304039,0,10
17,0.06201726570725441,0.044204410165548325,0,10
18,0.06180059537291527,0.03811078518629074,0,10
19,0.06202349066734314,0.03550170734524727,0,10
20,0.06246534734964371,0.04593478515744209,0,10
21,0.06198252737522125,0.04621442034840584,0,10
22,0.06235206127166748,0.04344993829727173,0,10
23,0.06129571050405502,0.04739193618297577,0,10
24,0.06179182231426239,0.0484391413629055,0,10
25,0.06215982884168625,0.04583123326301575,0,10
26,0.0608372688293457,0.04698679596185684,0,10
27,0.06178509071469307,0.0487348772585392,0,10
28,0.06011595204472542,0.04261060804128647,0,10
29,0.06292914599180222,0.043304193764925,0,10
30,0.06281833350658417,0.028643280267715454,0,10
31,0.0617934875190258,0.047604192048311234,0,10
32,0.06047862395644188,0.053730085492134094,0,10
33,0.061857350170612335,0.044290922582149506,0,10
34,0.059777431190013885,0.04166661947965622,0,10
35,0.06058936193585396,0.04781455546617508,0,10
36,0.06297371536493301,0.04924735426902771,0,10
37,0.061892904341220856,0.04562265798449516,0,10
38,0.0625041276216507,0.04762585833668709,0,10
39,0.061589986085891724,0.046497900038957596,0,10
40,0.06148860976099968,0.043553318828344345,0,10
41,0.061951421201229095,0.05127956345677376,0,10
42,0.062141355127096176,0.03960753604769707,0,10
43,0.06202121824026108,0.04311713948845863,0,10
44,0.06106748804450035,0.052320446819067,0,10
45,0.06178079918026924,0.04340103268623352,0,10
46,0.061267636716365814,0.04831578582525253,0,10
47,0.0617426298558712,0.04775835946202278,0,10
48,0.06139246001839638,0.0410483218729496,0,10
49,0.06147799268364906,0.04329739511013031,0,10
50,0.06192713603377342,0.042955704033374786,0,10
51,0.06099441275000572,0.050903938710689545,0,10
52,0.06217627227306366,0.04996320232748985,0,10
53,0.061763059347867966,0.0504869781434536,0,10
54,0.06215530261397362,0.045248162001371384,0,10
55,0.06113020330667496,0.0408158153295517,0,10
56,0.06215479224920273,0.04717068374156952,0,10
57,0.06206393614411354,0.04177927225828171,0,10
58,0.06101837009191513,0.03385268524289131,0,10
59,0.06222962215542793,0.03829285502433777,0,10
60,0.0619976632297039,0.04069448262453079,0,10
61,0.059542570263147354,0.052111368626356125,0,10
62,0.06145799160003662,0.03662772476673126,0,10
63,0.06281301379203796,0.04285519942641258,0,10
64,0.06177016347646713,0.028792627155780792,0,10
65,0.062094032764434814,0.03640521690249443,0,10
66,0.06300202012062073,0.04953726753592491,0,10
67,0.06180017068982124,0.045967020094394684,0,10
68,0.06100216507911682,0.03954971581697464,0,10
69,0.06152782961726189,0.04981603845953941,0,10
70,0.06240420415997505,0.045502930879592896,0,10
71,0.06144789233803749,0.04796331003308296,0,10
72,0.061847325414419174,0.042857516556978226,0,10
73,0.06210187450051308,0.04011646658182144,0,10
74,0.06104613095521927,0.04114373028278351,0,10
75,0.061587486416101456,0.045402076095342636,0,10
76,0.06114470958709717,0.04092571884393692,0,10
77,0.06130160763859749,0.047457315027713776,0,10
78,0.0613749660551548,0.0427287258207798,0,10
79,0.06241793558001518,0.042712148278951645,0,10
80,0.062083158642053604,0.04535386338829994,0,10
81,0.06177002564072609,0.0505254827439785,0,10
82,0.06144917383790016,0.04359341785311699,0,10
83,0.061636798083782196,0.04773487150669098,0,10
84,0.06227094680070877,0.04255615174770355,0,10
85,0.06179197132587433,0.04701698198914528,0,10
86,0.062320757657289505,0.03842644765973091,0,10
87,0.06163559481501579,0.05353967472910881,0,10
88,0.06062891334295273,0.04050236567854881,0,10
89,0.061553698033094406,0.04899236559867859,0,10
90,0.06230607256293297,0.043614763766527176,0,10
91,0.062280263751745224,0.04264155402779579,0,10
92,0.06026168167591095,0.04315813630819321,0,10
93,0.06088199093937874,0.0415651910007,0,10
94,0.06133271008729935,0.0471603125333786,0,10
95,0.06165361404418945,0.04444458708167076,0,10
96,0.06118742376565933,0.04869107902050018,0,10
97,0.06207934394478798,0.04498831182718277,0,10
98,0.061103783547878265,0.04666638746857643,0,10
0,0.05066705122590065,0.05066708102822304,0,10
1,0.05509071797132492,0.05509074404835701,0,10
2,0.058988817036151886,0.05849578231573105,0,10
3,0.062357284128665924,0.05426398292183876,0,10
4,0.062174174934625626,0.055078890174627304,0,10
5,0.06218135356903076,0.044357046484947205,0,10
6,0.0614951066672802,0.04260804504156113,0,10
7,0.059905197471380234,0.044464871287345886,0,10
8,0.060584984719753265,0.04451235756278038,0,10
9,0.06211267039179802,0.03546231985092163,0,10
10,0.06107860803604126,0.046154171228408813,0,10
11,0.0625099167227745,0.04394110292196274,0,10
12,0.0627598837018013,0.04247790575027466,0,10
13,0.06074700877070427,0.041554685682058334,0,10
14,0.06315964460372925,0.04058832302689552,0,10
15,0.059247687458992004,0.04526398703455925,0,10
16,0.061787787824869156,0.03924617916345596,0,10
17,0.06201726570725441,0.05046099051833153,0,10
18,0.06180059537291527,0.052475832402706146,0,10
19,0.06202349066734314,0.03704838827252388,0,10
20,0.06246534734964371,0.04605361819267273,0,10
21,0.06198252737522125,0.048897016793489456,0,10
22,0.06235206127166748,0.04653284326195717,0,10
23,0.06129571050405502,0.03709156811237335,0,10
24,0.06179182231426239,0.042982034385204315,0,10
25,0.06215982884168625,0.048449769616127014,0,10
26,0.0608372688293457,0.01981954835355282,0,10
27,0.06178509071469307,0.05341749265789986,0,10
28,0.06011595204472542,0.045314520597457886,0,10
29,0.06292914599180222,0.048594579100608826,0,10
30,0.06281833350658417,0.057578422129154205,0,10
31,0.0617934875190258,0.04016398265957832,0,10
32,0.06047862395644188,0.03812025487422943,0,10
33,0.061857350170612335,0.054234493523836136,0,10
34,0.059777431190013885,0.02305496484041214,0,10
35,0.06058936193585396,0.04490575194358826,0,10
36,0.06297371536493301,0.04598985239863396,0,10
37,0.061892904341220856,0.04871209338307381,0,10
38,0.0625041276216507,0.043263036757707596,0,10
39,0.061589986085891724,0.053280316293239594,0,10
40,0.06148860976099968,0.044640474021434784,0,10
41,0.061951421201229095,0.040216658264398575,0,10
42,0.062141355127096176,0.04671262577176094,0,10
43,0.06202121824026108,0.03785930946469307,0,10
44,0.06106748804450035,0.04966931417584419,0,10
45,0.06178079918026924,0.05193867161870003,0,10
46,0.061267636716365814,0.04518599808216095,0,10
47,0.0617426298558712,0.04084252566099167,0,10
48,0.06139246001839638,0.04433395341038704,0,10
49,0.06147799268364906,0.04892827570438385,0,10
50,0.06192713603377342,0.05217636004090309,0,10
51,0.06099441275000572,0.044696174561977386,0,10
52,0.06217627227306366,0.04853548854589462,0,10
53,0.061763059347867966,0.04606113210320473,0,10
54,0.06215530261397362,0.049066878855228424,0,10
55,0.06113020330667496,0.04019750654697418,0,10
56,0.06215479224920273,0.045867931097745895,0,10
57,0.06206393614411354,0.05413848161697388,0,10
58,0.06101837009191513,0.04626450687646866,0,10
59,0.06222962215542793,0.03744227811694145,0,10
60,0.0619976632297039,0.04511821269989014,0,10
61,0.059542570263147354,0.042966004461050034,0,10
62,0.06145799160003662,0.039931196719408035,0,10
63,0.06281301379203796,0.03995274752378464,0,10
64,0.06177016347646713,0.047555916011333466,0,10
65,0.062094032764434814,0.04689980298280716,0,10
66,0.06300202012062073,0.028025375679135323,0,10
67,0.06180017068982124,0.041978564113378525,0,10
68,0.06100216507911682,0.044921744614839554,0,10
69,0.06152782961726189,0.037325210869312286,0,10
70,0.06240420415997505,0.050724759697914124,0,10
71,0.06144789233803749,0.04676362872123718,0,10
72,0.061847325414419174,0.04331893101334572,0,10
73,0.06210187450051308,0.054316576570272446,0,10
74,0.06104613095521927,0.04932985454797745,0,10
75,0.061587486416101456,0.04734276980161667,0,10
76,0.06114470958709717,0.05346880108118057,0,10
77,0.06130160763859749,0.0431690588593483,0,10
78,0.0613749660551548,0.04507971182465553,0,10
79,0.06241793558001518,0.036207519471645355,0,10
80,0.062083158642053604,0.04056018218398094,0,10
81,0.06177002564072609,0.048549093306064606,0,10
82,0.06144917383790016,0.03677581995725632,0,10
83,0.061636798083782196,0.04095252603292465,0,10
84,0.06227094680070877,0.046148717403411865,0,10
85,0.06179197132587433,0.04317155480384827,0,10
86,0.062320757657289505,0.04392532631754875,0,10
87,0.06163559481501579,0.04913172125816345,0,10
88,0.06062891334295273,0.037703827023506165,0,10
89,0.061553698033094406,0.04553607106208801,0,10
90,0.06230607256293297,0.048536449670791626,0,10
91,0.062280263751745224,0.043513670563697815,0,10
92,0.06026168167591095,0.05348733440041542,0,10
93,0.06088199093937874,0.037784643471241,0,10
94,0.06133271008729935,0.04632715508341789,0,10
95,0.06165361404418945,0.04328553378582001,0,10
96,0.06118742376565933,0.037678252905607224,0,10
97,0.06207934394478798,0.04593077674508095,0,10
98,0.061103783547878265,0.05427771061658859,0,10
99,0.061075080186128616,0.03806440904736519,0,10
