anchor_idx,radius,max_dist,n_escaped,n_total
0,0.03491806611418724,0.03491811081767082,0,10
0,0.03491806611418724,0.03491811826825142,0,10
1,0.029672883450984955,0.029672930017113686,0,10
0,0.03491806611418724,0.03491809964179993,0,10
1,0.029672883450984955,0.029672933742403984,0,10
2,0.025762060657143593,0.025762079283595085,0,10
0,0.03491806611418724,0.03491811454296112,0,10
1,0.029672883450984955,0.029672924429178238,0,10
2,0.025762060657143593,0.025762083008885384,0,10
3,0.021185586228966713,0.021185627207159996,0,10
0,0.03491806611418724,0.034918107092380524,0,10
1,0.029672883450984955,0.029672931879758835,0,10
2,0.025762060657143593,0.02576211839914322,0,10
3,0.021185586228966713,0.02118564210832119,0,10
4,0.017345940694212914,0.017345981672406197,0,10
0,0.03491806611418724,0.034918125718832016,0,10
1,0.029672883450984955,0.029672933742403984,0,10
2,0.025762060657143593,0.02576211281120777,0,10
3,0.021185586228966713,0.02118563838303089,0,10
4,0.017345940694212914,0.017345979809761047,0,10
5,0.01432807557284832,0.014328127726912498,0,10
0,0.03491806611418724,0.034918125718832016,0,10
1,0.029672883450984955,0.029672939330339432,0,10
2,0.025762060657143593,0.02576211839914322,0,10
3,0.021185586228966713,0.02118561789393425,0,10
4,0.017345940694212914,0.017345981672406197,0,10
5,0.01432807557284832,0.014328115619719028,0,10
6,0.011255496181547642,0.011255525052547455,0,10
0,0.03491806611418724,0.03491812199354172,0,10
1,0.029672883450984955,0.029672928154468536,0,10
2,0.025762060657143593,0.025762110948562622,0,10
3,0.021185586228966713,0.021185625344514847,0,10
4,0.017345940694212914,0.01734594628214836,0,10
5,0.01432807557284832,0.014328096061944962,0,10
6,0.011255496181547642,0.011255540885031223,0,10
7,0.007850035093724728,0.007850085385143757,0,10
0,0.03491806611418724,0.03491812199354172,0,10
1,0.029672883450984955,0.029672935605049133,0,10
2,0.025762060657143593,0.02576211281120777,0,10
3,0.021185586228966713,0.02118563838303089,0,10
4,0.017345940694212914,0.017345981672406197,0,10
5,0.01432807557284832,0.014328129589557648,0,10
6,0.011255496181547642,0.011255553923547268,0,10
7,0.007850035093724728,0.00785007979720831,0,10
8,0.007112391293048859,0.007112389896064997,0,10
0,0.03491806611418724,0.03491809219121933,0,10
1,0.029672883450984955,0.02967291697859764,0,10
2,0.025762060657143593,0.02576211839914322,0,10
3,0.021185586228966713,0.02118561789393425,0,10
4,0.017345940694212914,0.017345987260341644,0,10
5,0.01432807557284832,0.014328126795589924,0,10
6,0.011255496181547642,0.011255551129579544,0,10
7,0.007850035093724728,0.007850084453821182,0,10
8,0.007112391293048859,0.007112434133887291,0,10
9,0.005794718861579895,0.005794666241854429,0,10
0,0.03491806611418724,0.03491808474063873,0,10
1,0.029672883450984955,0.02967294119298458,0,10
2,0.025762060657143593,0.02576211653649807,0,10
3,0.021185586228966713,0.02118564397096634,0,10
4,0.017345940694212914,0.01734600029885769,0,10
5,0.01432807557284832,0.014328130520880222,0,10
6,0.011255496181547642,0.011255539953708649,0,10
7,0.007850035093724728,0.00785009190440178,0,10
8,0.007112391293048859,0.007112429942935705,0,10
9,0.005794718861579895,0.005794740281999111,0,10
10,0.00443953787907958,0.00443950155749917,0,10
0,0.03491806611418724,0.03491811826825142,0,10
1,0.029672883450984955,0.02967292070388794,0,10
2,0.025762060657143593,0.025762110948562622,0,10
3,0.021185586228966713,0.021185634657740593,0,10
4,0.017345940694212914,0.01734599471092224,0,10
5,0.01432807557284832,0.01432812586426735,0,10
6,0.011255496181547642,0.01125555019825697,0,10
7,0.007850035093724728,0.007850078865885735,0,10
8,0.007112391293048859,0.007112425751984119,0,10
9,0.005794718861579895,0.00579476822167635,0,10
10,0.00443953787907958,0.004439549054950476,0,10
11,0.003559248521924019,0.003559285309165716,0,10
0,0.03491806611418724,0.034918107092380524,0,10
1,0.029672883450984955,0.02967291884124279,0,10
2,0.025762060657143593,0.02576209232211113,0,10
3,0.021185586228966713,0.02118564210832119,0,10
4,0.017345940694212914,0.01734599471092224,0,10
5,0.01432807557284832,0.014328123070299625,0,10
6,0.011255496181547642,0.011255537159740925,0,10
7,0.007850035093724728,0.007850080728530884,0,10
8,0.007112391293048859,0.0071124061942100525,0,10
9,0.005794718861579895,0.00579476822167635,0,10
10,0.00443953787907958,0.0044394973665475845,0,10
11,0.003559248521924019,0.0035592131316661835,0,10
12,0.0020932236220687628,0.0020931889303028584,0,10
0,0.03491806611418724,0.034918107092380524,0,10
1,0.029672883450984955,0.029672909528017044,0,10
2,0.025762060657143593,0.025762097910046577,0,10
3,0.021185586228966713,0.02118563838303089,0,10
4,0.017345940694212914,0.01734599843621254,0,10
5,0.01432807557284832,0.014328119345009327,0,10
6,0.011255496181547642,0.011255545541644096,0,10
7,0.007850035093724728,0.00785009190440178,0,10
8,0.007112391293048859,0.007112438790500164,0,10
9,0.005794718861579895,0.005794770084321499,0,10
10,0.00443953787907958,0.004439540673047304,0,10
11,0.003559248521924019,0.0035592925269156694,0,10
12,0.0020932236220687628,0.002093245042487979,0,10
13,0.0018058597343042493,0.001805838430300355,0,10
0,0.03491806611418724,0.034918125718832016,0,10
1,0.029672883450984955,0.029672939330339432,0,10
2,0.025762060657143593,0.02576209232211113,0,10
3,0.021185586228966713,0.02118564024567604,0,10
4,0.017345940694212914,0.017345977947115898,0,10
5,0.01432807557284832,0.014328123070299625,0,10
6,0.011255496181547642,0.011255546472966671,0,10
7,0.007850035093724728,0.007850086316466331,0,10
8,0.007112391293048859,0.007112444844096899,0,10
9,0.005794718861579895,0.005794680677354336,0,10
10,0.00443953787907958,0.004439564421772957,0,10
11,0.003559248521924019,0.0035592596977949142,0,10
12,0.0020932236220687628,0.0020932352636009455,0,10
13,0.0018058597343042493,0.0018059095600619912,0,10
14,0.000993622001260519,0.0009935656562447548,0,10
0,0.03491806611418724,0.03491811081767082,0,10
1,0.029672883450984955,0.02967294119298458,0,10
2,0.025762060657143593,0.02576211839914322,0,10
3,0.021185586228966713,0.02118564210832119,0,10
4,0.017345940694212914,0.017345990985631943,0,10
5,0.01432807557284832,0.014328131452202797,0,10
6,0.011255496181547642,0.011255540885031223,0,10
7,0.007850035093724728,0.007850068621337414,0,10
8,0.007112391293048859,0.007112413179129362,0,10
9,0.005794718861579895,0.005794726777821779,0,10
10,0.00443953787907958,0.004439493641257286,0,10
11,0.003559248521924019,0.0035592219792306423,0,10
12,0.0020932236220687628,0.0020932257175445557,0,10
13,0.0018058597343042493,0.0018058647401630878,0,10
14,0.000993622001260519,0.000993652269244194,0,10
15,0.0014648244250565767,0.0014648520154878497,0,10
0,0.03491806611418724,0.03491811081767082,0,10
1,0.029672883450984955,0.029672926291823387,0,10
2,0.025762060657143593,0.02576211839914322,0,10
3,0.021185586228966713,0.02118564397096634,0,10
4,0.017345940694212914,0.017345981672406197,0,10
5,0.01432807557284832,0.014328126795589924,0,10
6,0.011255496181547642,0.011255528777837753,0,10
7,0.007850035093724728,0.007850093767046928,0,10
8,0.007112391293048859,0.007112442050129175,0,10
9,0.005794718861579895,0.005794716067612171,0,10
10,0.00443953787907958,0.00443957420065999,0,10
11,0.003559248521924019,0.003559296717867255,0,10
12,0.0020932236220687628,0.0020932117477059364,0,10
13,0.0018058597343042493,0.0018058674177154899,0,10
14,0.000993622001260519,0.0009936081478372216,0,10
15,0.0014648244250565767,0.0014648345531895757,0,10
16,0.0008913811179809272,0.0008913301862776279,0,10
0,0.03491806611418724,0.03491812199354172,0,10
1,0.029672883450984955,0.029672933742403984,0,10
2,0.025762060657143593,0.02576211839914322,0,10
3,0.021185586228966713,0.02118564024567604,0,10
4,0.017345940694212914,0.0173459704965353,0,10
5,0.01432807557284832,0.014328118413686752,0,10
6,0.011255496181547642,0.011255551129579544,0,10
7,0.007850035093724728,0.007850057445466518,0,10
8,0.007112391293048859,0.007112422958016396,0,10
9,0.005794718861579895,0.005794756580144167,0,10
10,0.00443953787907958,0.004439577925950289,0,10
11,0.003559248521924019,0.003559304866939783,0,10
12,0.0020932236220687628,0.002093251096084714,0,10
13,0.0018058597343042493,0.001805889536626637,0,10
14,0.000993622001260519,0.000993658322840929,0,10
15,0.0014648244250565767,0.0014160614227876067,0,10
16,0.0008913811179809272,0.000891435076482594,0,10
17,0.0010890602134168148,0.0010890819830819964,0,10
0,0.03491806611418724,0.03491811454296112,0,10
1,0.029672883450984955,0.029672931879758835,0,10
2,0.025762060657143593,0.02576211281120777,0,10
3,0.021185586228966713,0.02118564024567604,0,10
4,0.017345940694212914,0.01734599843621254,0,10
5,0.01432807557284832,0.014328110963106155,0,10
6,0.011255496181547642,0.011255542747676373,0,10
7,0.007850035093724728,0.007850070483982563,0,10
8,0.007112391293048859,0.007112429011613131,0,10
9,0.005794718861579895,0.005794744472950697,0,10
10,0.00443953787907958,0.004439531825482845,0,10
11,0.003559248521924019,0.0035592629574239254,0,10
12,0.0020932236220687628,0.0020931847393512726,0,10
13,0.0018058597343042493,0.0018059099093079567,0,10
14,0.000993622001260519,0.000993630033917725,0,10
15,0.0014648244250565767,0.0013960865326225758,0,10
16,0.0008913811179809272,0.0008914059726521373,0,10
17,0.0010890602134168148,0.0010891042184084654,0,10
18,-0.00011448391160229221,0.00011453394108684734,10,10
0,0.03491806611418724,0.03491812199354172,0,10
1,0.029672883450984955,0.02967291884124279,0,10
2,0.025762060657143593,0.02576211467385292,0,10
3,0.021185586228966713,0.02118562161922455,0,10
4,0.017345940694212914,0.01734599657356739,0,10
5,0.01432807557284832,0.014328131452202797,0,10
6,0.011255496181547642,0.0112555380910635,0,10
7,0.007850035093724728,0.007850086316466331,0,10
8,0.007112391293048859,0.007112442050129175,0,10
9,0.005794718861579895,0.00579476123675704,0,10
10,0.00443953787907958,0.004364268388599157,0,10
11,0.003559248521924019,0.0035592601634562016,0,10
12,0.0020932236220687628,0.0020932371262460947,0,10
13,0.0018058597343042493,0.0018058213172480464,0,10
14,0.000993622001260519,0.0009936721762642264,0,10
15,0.0014648244250565767,0.0014648139476776123,0,10
16,0.0008913811179809272,0.0008483564015477896,0,10
17,0.0010890602134168148,0.0010754754766821861,0,10
18,-0.00011448391160229221,0.00011444091796875,10,10
19,0.0004381255421321839,0.0004381001926958561,0,10
0,0.03491806611418724,0.03491811081767082,0,10
1,0.029672883450984955,0.02967294305562973,0,10
2,0.025762060657143593,0.02576211653649807,0,10
3,0.021185586228966713,0.02118564397096634,0,10
4,0.017345940694212914,0.017345981672406197,0,10
5,0.01432807557284832,0.014328121207654476,0,10
6,0.011255496181547642,0.011255539953708649,0,10
7,0.007850035093724728,0.007850092835724354,0,10
8,0.007112391293048859,0.00711244298145175,0,10
9,0.005794718861579895,0.00579476123675704,0,10
10,0.00443953787907958,0.004439502488821745,0,10
11,0.003559248521924019,0.0035592038184404373,0,10
12,0.0020932236220687628,0.0020932641346007586,0,10
13,0.0018058597343042493,0.001805883483029902,0,10
14,0.000993622001260519,0.00099366984795779,0,10
15,0.0014648244250565767,0.0014648711076006293,0,10
16,0.0008913811179809272,0.0008914110367186368,0,10
17,0.0010890602134168148,0.001089069526642561,0,10
18,-0.00011448391160229221,0.00011450234160292894,10,10
19,0.0004381255421321839,0.0004179618845228106,0,10
20,0.0006069241208024323,0.0006069584633223712,0,10
0,0.03491806611418724,0.03491812199354172,0,10
1,0.029672883450984955,0.029672939330339432,0,10
2,0.025762060657143593,0.025762081146240234,0,10
3,0.021185586228966713,0.021185634657740593,0,10
4,0.017345940694212914,0.01734599843621254,0,10
5,0.01432807557284832,0.014328104443848133,0,10
6,0.011255496181547642,0.011255525052547455,0,10
7,0.007850035093724728,0.00785007979720831,0,10
8,0.007112391293048859,0.007112431805580854,0,10
9,0.005794718861579895,0.005794725846499205,0,10
10,0.00443953787907958,0.004439536016434431,0,10
11,0.003559248521924019,0.0035592899657785892,0,10
12,0.0020932236220687628,0.0020932701881974936,0,10
13,0.0018058597343042493,0.0018059115391224623,0,10
14,0.000993622001260519,0.0009936519199982285,0,10
15,0.0014648244250565767,0.0014648741343989968,0,10
16,0.0008913811179809272,0.0008913454948924482,0,10
17,0.0010890602134168148,0.0010891070123761892,0,10
18,-0.00011448391160229221,0.00011444091796875,10,10
19,0.0004381255421321839,0.00043813243974000216,0,10
20,0.0006069241208024323,0.000606912246439606,0,10
21,-0.0004352308460511267,0.000435277761425823,10,10
0,0.03491806611418724,0.034918125718832016,0,10
1,0.029672883450984955,0.029672926291823387,0,10
2,0.025762060657143593,0.02576209232211113,0,10
3,0.021185586228966713,0.02118564024567604,0,10
4,0.017345940694212914,0.01734599843621254,0,10
5,0.01432807557284832,0.014328096061944962,0,10
6,0.011255496181547642,0.011255551129579544,0,10
7,0.007850035093724728,0.00785008817911148,0,10
8,0.007112391293048859,0.007112420629709959,0,10
9,0.005794718861579895,0.005794698838144541,0,10
10,0.00443953787907958,0.004439580719918013,0,10
11,0.003559248521924019,0.0035592576023191214,0,10
12,0.0020932236220687628,0.0020932722836732864,0,10
13,0.0018058597343042493,0.0018058817368000746,0,10
14,0.000993622001260519,0.000993648893199861,0,10
15,0.0014648244250565767,0.0014648765791207552,0,10
16,0.0008913811179809272,0.0008913715719245374,0,10
17,0.0010890602134168148,0.0010890993289649487,0,10
18,-0.00011448391160229221,0.0001144491761806421,10,10
19,0.0004381255421321839,0.0004381405597086996,0,10
20,0.0006069241208024323,0.0006069277296774089,0,10
21,-0.0004352308460511267,0.00043525631190277636,10,10
22,3.177556209266186e-05,3.180724525009282e-05,0,10
0,0.03491806611418724,0.03491811454296112,0,10
1,0.029672883450984955,0.029672931879758835,0,10
2,0.025762060657143593,0.025762099772691727,0,10
3,0.021185586228966713,0.02118563838303089,0,10
4,0.017345940694212914,0.017345985397696495,0,10
5,0.01432807557284832,0.014328133314847946,0,10
6,0.011255496181547642,0.011255549266934395,0,10
7,0.007850035093724728,0.007850092835724354,0,10
8,0.007112391293048859,0.007112435530871153,0,10
9,0.005794718861579895,0.005794777534902096,0,10
10,0.00443953787907958,0.004439496900886297,0,10
11,0.003559248521924019,0.0035592755302786827,0,10
12,0.0020932236220687628,0.0020932091865688562,0,10
13,0.0018058597343042493,0.0018059131689369678,0,10
14,0.000993622001260519,0.000993649591691792,0,10
15,0.0014648244250565767,0.0014648650540038943,0,10
16,0.0008913811179809272,0.0008658000151626766,0,10
17,0.0010890602134168148,0.0010891016572713852,0,10
18,-0.00011448391160229221,0.00011444091796875,10,10
19,0.0004381255421321839,0.0004380870086606592,0,10
20,0.0006069241208024323,0.0006068796501494944,0,10
21,-0.0004352308460511267,0.00043523311614990234,10,10
22,3.177556209266186e-05,3.18029779009521e-05,0,10
23,-0.00018385538714937866,0.0001838435127865523,10,10
0,0.03491806611418724,0.03491811826825142,0,10
1,0.029672883450984955,0.029672935605049133,0,10
2,0.025762060657143593,0.025762107223272324,0,10
3,0.021185586228966713,0.0211856197565794,0,10
4,0.017345940694212914,0.017345990985631943,0,10
5,0.01432807557284832,0.014328102581202984,0,10
6,0.011255496181547642,0.011255519464612007,0,10
7,0.007850035093724728,0.007850092835724354,0,10
8,0.007112391293048859,0.007112447172403336,0,10
9,0.005794718861579895,0.005794764496386051,0,10
10,0.00443953787907958,0.004364827182143927,0,10
11,0.003559248521924019,0.0035591917112469673,0,10
12,0.0020932236220687628,0.0020239443983882666,0,10
13,0.0018058597343042493,0.0018059138674288988,0,10
14,0.000993622001260519,0.0009936122223734856,0,10
15,0.0014648244250565767,0.001464875298552215,0,10
16,0.0008913811179809272,0.0008913567289710045,0,10
17,0.0010890602134168148,0.0010890974663197994,0,10
18,-0.00011448391160229221,0.00011445947166066617,10,10
19,0.0004381255421321839,0.00043815100798383355,0,10
20,0.0006069241208024323,0.0006068907678127289,0,10
21,-0.0004352308460511267,0.00043527543311938643,10,10
22,3.177556209266186e-05,3.1738563848193735e-05,0,10
23,-0.00018385538714937866,0.0001838207244873047,10,10
24,-0.0002379659708822146,0.00023800555209163576,10,10
0,0.03491806611418724,0.03491811454296112,0,10
1,0.029672883450984955,0.029672939330339432,0,10
2,0.025762060657143593,0.025762109085917473,0,10
3,0.021185586228966713,0.02118564210832119,0,10
4,0.017345940694212914,0.017345957458019257,0,10
5,0.01432807557284832,0.014328126795589924,0,10
6,0.011255496181547642,0.011255553923547268,0,10
7,0.007850035093724728,0.007850035093724728,0,10
8,0.007112391293048859,0.007112379185855389,0,10
9,0.005794718861579895,0.005794759839773178,0,10
10,0.00443953787907958,0.0044394927099347115,0,10
11,0.003559248521924019,0.0035592326894402504,0,10
12,0.0020932236220687628,0.0020932576153427362,0,10
13,0.0018058597343042493,0.0018058206187561154,0,10
14,0.000993622001260519,0.0009935881244018674,0,10
15,0.0014648244250565767,0.0014648776268586516,0,10
16,0.0008913811179809272,0.0008913895580917597,0,10
17,0.0010890602134168148,0.0010230742627754807,0,10
18,-0.00011448391160229221,0.00011445058771641925,10,10
19,0.0004381255421321839,0.0004380769096314907,0,10
20,0.0006069241208024323,0.0006069064838811755,0,10
21,-0.0004352308460511267,0.00043526594527065754,10,10
22,3.177556209266186e-05,3.1819345167605206e-05,0,10
23,-0.00018385538714937866,0.0001838207244873047,10,10
24,-0.0002379659708822146,0.00023794174194335938,10,10
25,-0.00031416083220392466,0.0003141164779663086,10,10
0,0.03491806611418724,0.03491811454296112,0,10
1,0.029672883450984955,0.029672937467694283,0,10
2,0.025762060657143593,0.025762109085917473,0,10
3,0.021185586228966713,0.02118564024567604,0,10
4,0.017345940694212914,0.017345983535051346,0,10
5,0.01432807557284832,0.014328096993267536,0,10
6,0.011255496181547642,0.011255545541644096,0,10
7,0.007850035093724728,0.00785009004175663,0,10
8,0.007112391293048859,0.007112407125532627,0,10
9,0.005794718861579895,0.0057947635650634766,0,10
10,0.00443953787907958,0.004439576994627714,0,10
11,0.003559248521924019,0.003559301607310772,0,10
12,0.0020932236220687628,0.002093267859891057,0,10
13,0.0018058597343042493,0.0018058051355183125,0,10
14,0.000993622001260519,0.000993667752481997,0,10
15,0.0014648244250565767,0.001464865985326469,0,10
16,0.0008913811179809272,0.0007472960860468447,0,10
17,0.0010890602134168148,0.0010531009174883366,0,10
18,-0.00011448391160229221,0.00011444091796875,10,10
19,0.0004381255421321839,0.0004381794424261898,0,10
20,0.0006069241208024323,0.0006068742368370295,0,10
21,-0.0004352308460511267,0.00043518352322280407,10,10
22,3.177556209266186e-05,3.180525891366415e-05,0,10
23,-0.00018385538714937866,0.00017842942907009274,10,10
24,-0.0002379659708822146,0.00023794174194335938,10,10
25,-0.00031416083220392466,0.0003141164779663086,10,10
26,-0.000140014395583421,0.00014007091522216797,10,10
0,0.03491806611418724,0.03491811454296112,0,10
1,0.029672883450984955,0.029672935605049133,0,10
2,0.025762060657143593,0.025762086734175682,0,10
3,0.021185586228966713,0.02118563838303089,0,10
4,0.017345940694212914,0.01734600029885769,0,10
5,0.01432807557284832,0.014328131452202797,0,10
6,0.011255496181547642,0.011255527846515179,0,10
7,0.007850035093724728,0.007850089110434055,0,10
8,0.007112391293048859,0.007112396880984306,0,10
9,0.005794718861579895,0.005794699769467115,0,10
10,0.00443953787907958,0.00443954998627305,0,10
11,0.003559248521924019,0.00355928554199636,0,10
12,0.0020932236220687628,0.0020932769402861595,0,10
13,0.0018058597343042493,0.001805862644687295,0,10
14,0.000993622001260519,0.0009936228161677718,0,10
15,0.0014648244250565767,0.0014648640062659979,0,10
16,0.0008913811179809272,0.0008913374040275812,0,10
17,0.0010890602134168148,0.0010890357661992311,0,10
18,-0.00011448391160229221,0.00011446453572716564,10,10
19,0.0004381255421321839,0.0004381346807349473,0,10
20,0.0006069241208024323,0.0006069224327802658,0,10
21,-0.0004352308460511267,0.00043528524111025035,10,10
22,3.177556209266186e-05,3.177333564963192e-05,0,10
23,-0.00018385538714937866,0.0001838207244873047,10,10
24,-0.0002379659708822146,0.00023800523194950074,10,10
25,-0.00031416083220392466,0.0003141164779663086,10,10
26,-0.000140014395583421,0.00014007091522216797,10,10
27,-0.00015101354802027345,0.00015103816986083984,10,10
0,0.03491806611418724,0.03491811454296112,0,10
1,0.029672883450984955,0.029672937467694283,0,10
2,0.025762060657143593,0.02576211653649807,0,10
3,0.021185586228966713,0.02118564397096634,0,10
4,0.017345940694212914,0.01734597235918045,0,10
5,0.01432807557284832,0.014328098855912685,0,10
6,0.011255496181547642,0.011255544610321522,0,10
7,0.007850035093724728,0.007850078865885735,0,10
8,0.007112391293048859,0.007112403400242329,0,10
9,0.005794718861579895,0.0057947393506765366,0,10
10,0.00443953787907958,0.004439492244273424,0,10
11,0.003559248521924019,0.003559295553714037,0,10
12,0.0020932236220687628,0.0020931900944560766,0,10
13,0.0018058597343042493,0.0018059068825095892,0,10
14,0.000993622001260519,0.000993622001260519,0,10
15,0.0014648244250565767,0.0014648550422862172,0,10
16,0.0008913811179809272,0.0008913704659789801,0,10
17,0.0010890602134168148,0.0010890575358644128,0,10
18,-0.00011448391160229221,0.00011444091796875,10,10
19,0.0004381255421321839,0.0004233249928802252,0,10
20,0.0006069241208024323,0.0006069652736186981,0,10
21,-0.0004352308460511267,0.00043523311614990234,10,10
22,3.177556209266186e-05,3.17689664370846e-05,0,10
23,-0.00018385538714937866,0.00018388770695310086,10,10
24,-0.0002379659708822146,0.00023794609296601266,10,10
25,-0.00031416083220392466,0.0003141164779663086,10,10
26,-0.000140014395583421,0.00014007091522216797,10,10
27,-0.00015101354802027345,0.0001510690344730392,10,10
28,0.0001920010836329311,0.0001919961505336687,0,10
0,0.03491806611418724,0.03491811454296112,0,10
1,0.029672883450984955,0.02967294305562973,0,10
2,0.025762060657143593,0.02576211281120777,0,10
3,0.021185586228966713,0.02118564210832119,0,10
4,0.017345940694212914,0.017345990985631943,0,10
5,0.01432807557284832,0.01432811003178358,0,10
6,0.011255496181547642,0.011255534365773201,0,10
7,0.007850035093724728,0.007850083522498608,0,10
8,0.007112391293048859,0.007112372666597366,0,10
9,0.005794718861579895,0.005794747266918421,0,10
10,0.00443953787907958,0.0044395579025149345,0,10
11,0.003559248521924019,0.0035592885687947273,0,10
12,0.0020932236220687628,0.0020932189654558897,0,10
13,0.0018058597343042493,0.0018058494897559285,0,10
14,0.000993622001260519,0.0009936242131516337,0,10
15,0.0014648244250565767,0.0014648613287135959,0,10
16,0.0008913811179809272,0.0008714749710634351,0,10
17,0.0010890602134168148,0.001038610003888607,0,10
18,-0.00011448391160229221,0.00011444091796875,10,10
19,0.0004381255421321839,0.0004381199833005667,0,10
20,0.0006069241208024323,0.0006069319206289947,0,10
21,-0.0004352308460511267,0.000435275404015556,10,10
22,3.177556209266186e-05,3.174412631778978e-05,0,10
23,-0.00018385538714937866,0.0001838207244873047,10,10
24,-0.0002379659708822146,0.0002379874640610069,10,10
25,-0.00031416083220392466,0.0003141164779663086,10,10
26,-0.000140014395583421,0.00014007091522216797,10,10
27,-0.00015101354802027345,0.00015103816986083984,10,10
28,0.0001920010836329311,0.0001920469367178157,0,10
29,-0.00027588108787313104,0.0002758502960205078,10,10
0,0.03491806611418724,0.03491811454296112,0,10
1,0.029672883450984955,0.029672939330339432,0,10
2,0.025762060657143593,0.02576209418475628,0,10
3,0.021185586228966713,0.02118564397096634,0,10
4,0.017345940694212914,0.01734599843621254,0,10
5,0.01432807557284832,0.014328130520880222,0,10
6,0.011255496181547642,0.011255552060902119,0,10
7,0.007850035093724728,0.007850064896047115,0,10
8,0.007112391293048859,0.00711239455267787,0,10
9,0.005794718861579895,0.005794726777821779,0,10
10,0.00443953787907958,0.0044395714066922665,0,10
11,0.003559248521924019,0.003559224773198366,0,10
12,0.0020932236220687628,0.002093212679028511,0,10
13,0.0018058597343042493,0.0018059080466628075,0,10
14,0.000993622001260519,0.0009936681017279625,0,10
15,0.0014648244250565767,0.0014648590004071593,0,10
16,0.0008913811179809272,0.0008914266945794225,0,10
17,0.0010890602134168148,0.0010890198173001409,0,10
18,-0.00011448391160229221,0.00011444091796875,10,10
19,0.0004381255421321839,0.000438076036516577,0,10
20,0.0006069241208024323,0.0006069383816793561,0,10
21,-0.0004352308460511267,0.0004352772666607052,10,10
22,3.177556209266186e-05,3.174922676407732e-05,0,10
23,-0.00018385538714937866,0.0001838308380683884,10,10
24,-0.0002379659708822146,0.00023801889619790018,10,10
25,-0.00031416083220392466,0.0003141164779663086,10,10
26,-0.000140014395583421,0.00014007091522216797,10,10
27,-0.00015101354802027345,0.00014651416859123856,10,10
28,0.0001920010836329311,0.00019204805721528828,0,10
29,-0.00027588108787313104,0.0002574920654296875,10,10
30,0.0001597263471921906,0.00015977797738742083,0,10
0,0.03491806611418724,0.03491808846592903,0,10
1,0.029672883450984955,0.02967294119298458,0,10
2,0.025762060657143593,0.025762107223272324,0,10
3,0.021185586228966713,0.021185634657740593,0,10
4,0.017345940694212914,0.017345992848277092,0,10
5,0.01432807557284832,0.014328128658235073,0,10
6,0.011255496181547642,0.01125552598387003,0,10
7,0.007850035093724728,0.00785009190440178,0,10
8,0.007112391293048859,0.007112412713468075,0,10
9,0.005794718861579895,0.005794675555080175,0,10
10,0.00443953787907958,0.004439584445208311,0,10
11,0.003559248521924019,0.0035592406056821346,0,10
12,0.0020932236220687628,0.0020932613406330347,0,10
13,0.0018058597343042493,0.0018058185232803226,0,10
14,0.000993622001260519,0.0009935862617567182,0,10
15,0.0014648244250565767,0.001464777858927846,0,10
16,0.0008913811179809272,0.0008914229110814631,0,10
17,0.0010890602134168148,0.001089018303900957,0,10
18,-0.00011448391160229221,0.00011444091796875,10,10
19,0.0004381255421321839,0.0004381820617709309,0,10
20,0.0006069241208024323,0.0006069558439776301,0,10
21,-0.0004352308460511267,0.0004352425748948008,10,10
22,3.177556209266186e-05,3.183002263540402e-05,0,10
23,-0.00018385538714937866,0.0001838207244873047,10,10
24,-0.0002379659708822146,0.00023794174194335938,10,10
25,-0.00031416083220392466,0.0003141164779663086,10,10
26,-0.000140014395583421,0.00014007091522216797,10,10
27,-0.00015101354802027345,0.00015103816986083984,10,10
28,0.0001920010836329311,0.00019194929336663336,0,10
29,-0.00027588108787313104,0.0002758502960205078,10,10
30,0.0001597263471921906,0.00015968114894349128,0,10
31,-0.00045299279736354947,0.00045299530029296875,10,10
0,0.03491806611418724,0.03491812199354172,0,10
1,0.029672883450984955,0.029672931879758835,0,10
2,0.025762060657143593,0.025762109085917473,0,10
3,0.021185586228966713,0.02118564210832119,0,10
4,0.017345940694212914,0.017345990985631943,0,10
5,0.01432807557284832,0.014328133314847946,0,10
6,0.011255496181547642,0.011255552060902119,0,10
7,0.007850035093724728,0.00785007793456316,0,10
8,0.007112391293048859,0.007112419232726097,0,10
9,0.005794718861579895,0.005794772878289223,0,10
10,0.00443953787907958,0.004439524840563536,0,10
11,0.003559248521924019,0.0035593018401414156,0,10
12,0.0020932236220687628,0.0020932755433022976,0,10
13,0.0018058597343042493,0.0018059004796668887,0,10
14,0.000993622001260519,0.0009936629794538021,0,10
15,0.0014648244250565767,0.0014648536453023553,0,10
16,0.0008913811179809272,0.0008914269274100661,0,10
17,0.0010890602134168148,0.0010891153942793608,0,10
18,-0.00011448391160229221,0.00011442985123721883,10,10
19,0.0004381255421321839,0.00043815234676003456,0,10
20,0.0006069241208024323,0.0006068859365768731,0,10
21,-0.0004352308460511267,0.00043523311614990234,10,10
22,3.177556209266186e-05,3.180645217071287e-05,0,10
23,-0.00018385538714937866,0.00017690658569335938,10,10
24,-0.0002379659708822146,0.0002380241348873824,10,10
25,-0.00031416083220392466,0.00031418848084285855,10,10
26,-0.000140014395583421,0.00014007091522216797,10,10
27,-0.00015101354802027345,0.00015103816986083984,10,10
28,0.0001920010836329311,0.00019205703574698418,0,10
29,-0.00027588108787313104,0.00027589037199504673,10,10
30,0.0001597263471921906,0.000159722869284451,0,10
31,-0.00045299279736354947,0.00045299530029296875,10,10
32,-0.0011310932459309697,0.0011310577392578125,10,10
0,0.03491806611418724,0.03491811081767082,0,10
1,0.029672883450984955,0.029672930017113686,0,10
2,0.025762060657143593,0.025762103497982025,0,10
3,0.021185586228966713,0.02118564024567604,0,10
4,0.017345940694212914,0.01734597235918045,0,10
5,0.01432807557284832,0.01432813424617052,0,10
6,0.011255496181547642,0.011255525052547455,0,10
7,0.007850035093724728,0.007850066758692265,0,10
8,0.007112391293048859,0.007112428080290556,0,10
9,0.005794718861579895,0.0057947589084506035,0,10
10,0.00443953787907958,0.0044395034201443195,0,10
11,0.003559248521924019,0.0035592319909483194,0,10
12,0.0020932236220687628,0.002093275310471654,0,10
13,0.0018058597343042493,0.0018058344721794128,0,10
14,0.000993622001260519,0.0009935750858858228,0,10
15,0.0014648244250565767,0.0014648482901975513,0,10
16,0.0008913811179809272,0.000891435076482594,0,10
17,0.0010890602134168148,0.0010890651028603315,0,10
18,-0.00011448391160229221,0.00011444091796875,10,10
19,0.0004381255421321839,0.00040608615381643176,0,10
20,0.0006069241208024323,0.0006068878574296832,0,10
21,-0.0004352308460511267,0.0004189909959677607,10,10
22,3.177556209266186e-05,3.17783014907036e-05,0,10
23,-0.00018385538714937866,0.00018389300385024399,10,10
24,-0.0002379659708822146,0.0002379777142778039,10,10
25,-0.00031416083220392466,0.00030664080986753106,10,10
26,-0.000140014395583421,0.0001361370086669922,10,10
27,-0.00015101354802027345,0.00015103816986083984,10,10
28,0.0001920010836329311,0.00018202766659669578,0,10
29,-0.00027588108787313104,0.0002758502960205078,10,10
30,0.0001597263471921906,0.00015974212146829814,0,10
31,-0.00045299279736354947,0.00045303060323931277,10,10
32,-0.0011310932459309697,0.0011311116395518184,10,10
33,-0.0011259866878390312,0.001125931739807129,10,10
0,0.03491806611418724,0.034918107092380524,0,10
1,0.029672883450984955,0.029672939330339432,0,10
2,0.025762060657143593,0.02576211281120777,0,10
3,0.021185586228966713,0.02118564583361149,0,10
4,0.017345940694212914,0.01734599471092224,0,10
5,0.01432807557284832,0.01432813424617052,0,10
6,0.011255496181547642,0.011255552060902119,0,10
7,0.007850035093724728,0.007850080728530884,0,10
8,0.007112391293048859,0.0071124485693871975,0,10
9,0.005794718861579895,0.005794770084321499,0,10
10,0.00443953787907958,0.004439529497176409,0,10
11,0.003559248521924019,0.003559256438165903,0,10
12,0.0020932236220687628,0.0020932357292622328,0,10
13,0.0018058597343042493,0.0018059180583804846,0,10
14,0.000993622001260519,0.0009936457499861717,0,10
15,0.0014648244250565767,0.0014336563181132078,0,10
16,0.0008913811179809272,0.000891350966412574,0,10
17,0.0010890602134168148,0.0010246135061606765,0,10
18,-0.00011448391160229221,0.0001068115234375,10,10
19,0.0004381255421321839,0.0004381746693979949,0,10
20,0.0006069241208024323,0.0006069755763746798,0,10
21,-0.0004352308460511267,0.00043523311614990234,10,10
22,3.177556209266186e-05,3.172047945554368e-05,0,10
23,-0.00018385538714937866,0.00018387103045824915,10,10
24,-0.0002379659708822146,0.00023799262999091297,10,10
25,-0.00031416083220392466,0.0003141793131362647,10,10
26,-0.000140014395583421,0.0001380443572998047,10,10
27,-0.00015101354802027345,0.00015103816986083984,10,10
28,0.0001920010836329311,0.00019201761460863054,0,10
29,-0.00027588108787313104,0.0002758502960205078,10,10
30,0.0001597263471921906,0.00015974478446878493,0,10
31,-0.00045299279736354947,0.0004530501610133797,10,10
32,-0.0011310932459309697,0.0011310577392578125,10,10
33,-0.0011259866878390312,0.0011259480379521847,10,10
34,-0.0013495668536052108,0.0013495683670043945,10,10
0,0.03491806611418724,0.03491811081767082,0,10
1,0.029672883450984955,0.029672937467694283,0,10
2,0.025762060657143593,0.02576211467385292,0,10
3,0.021185586228966713,0.021185634657740593,0,10
4,0.017345940694212914,0.017345992848277092,0,10
5,0.01432807557284832,0.0143281240016222,0,10
6,0.011255496181547642,0.011255542747676373,0,10
7,0.007850035093724728,0.007850077003240585,0,10
8,0.007112391293048859,0.007112433202564716,0,10
9,0.005794718861579895,0.005794746335595846,0,10
10,0.00443953787907958,0.004439576528966427,0,10
11,0.003559248521924019,0.00355920335277915,0,10
12,0.0020932236220687628,0.0020932175684720278,0,10
13,0.0018058597343042493,0.0018058030400425196,0,10
14,0.000993622001260519,0.0009936067508533597,0,10
15,0.0014648244250565767,0.0014648489886894822,0,10
16,0.0008913811179809272,0.000891438452526927,0,10
17,0.0010890602134168148,0.0010891103884205222,0,10
18,-0.00011448391160229221,0.00011445217387517914,10,10
19,0.0004381255421321839,0.00043811171781271696,0,10
20,0.0006069241208024323,0.0006068777292966843,0,10
21,-0.0004352308460511267,0.00043523311614990234,10,10
22,3.177556209266186e-05,3.1735962693346664e-05,0,10
23,-0.00018385538714937866,0.00018383661517873406,10,10
24,-0.0002379659708822146,0.00023794174194335938,10,10
25,-0.00031416083220392466,0.0003104209899902344,10,10
26,-0.000140014395583421,0.00014007091522216797,10,10
27,-0.00015101354802027345,0.00015099653683137149,10,10
28,0.0001920010836329311,0.00019196483481209725,0,10
29,-0.00027588108787313104,0.0002758502960205078,10,10
30,0.0001597263471921906,0.0001597773953108117,0,10
31,-0.00045299279736354947,0.00045299530029296875,10,10
32,-0.0011310932459309697,0.0011310857953503728,10,10
33,-0.0011259866878390312,0.001125931739807129,10,10
34,-0.0013495668536052108,0.001349595026113093,10,10
35,-0.0012573730200529099,0.0012574195861816406,10,10
0,0.03491806611418724,0.03491809964179993,0,10
1,0.029672883450984955,0.02967294305562973,0,10
2,0.025762060657143593,0.02576211281120777,0,10
3,0.021185586228966713,0.021185636520385742,0,10
4,0.017345940694212914,0.017345989122986794,0,10
5,0.01432807557284832,0.01432812586426735,0,10
6,0.011255496181547642,0.011255537159740925,0,10
7,0.007850035093724728,0.007850093767046928,0,10
8,0.007112391293048859,0.007112440187484026,0,10
9,0.005794718861579895,0.00579477334395051,0,10
10,0.00443953787907958,0.00443957420065999,0,10
11,0.003559248521924019,0.0034181219525635242,0,10
12,0.0020932236220687628,0.002093265065923333,0,10
13,0.0018058597343042493,0.001805911771953106,0,10
14,0.000993622001260519,0.000993578345514834,0,10
15,0.0014648244250565767,0.0014648811193183064,0,10
16,0.0008913811179809272,0.0008914272184483707,0,10
17,0.0010890602134168148,0.0010890783742070198,0,10
18,-0.00011448391160229221,0.00011444091796875,10,10
19,0.0004381255421321839,0.0004381418402772397,0,10
20,0.0006069241208024323,0.0006069544469937682,0,10
21,-0.0004352308460511267,0.00043523311614990234,10,10
22,3.177556209266186e-05,3.177968392265029e-05,0,10
23,-0.00018385538714937866,0.00018386625743005425,10,10
24,-0.0002379659708822146,0.00023794174194335938,10,10
25,-0.00031416083220392466,0.0003142130735795945,10,10
26,-0.000140014395583421,0.00014007091522216797,10,10
27,-0.00015101354802027345,0.00015100135351531208,10,10
28,0.0001920010836329311,0.0001919883070513606,0,10
29,-0.00027588108787313104,0.0002759129856713116,10,10
30,0.0001597263471921906,0.00015974676352925599,0,10
31,-0.00045299279736354947,0.00045299530029296875,10,10
32,-0.0011310932459309697,0.0011310577392578125,10,10
33,-0.0011259866878390312,0.001125931739807129,10,10
34,-0.0013495668536052108,0.0013496107421815395,10,10
35,-0.0012573730200529099,0.0012574195861816406,10,10
36,-0.002104454440996051,0.002104479353874922,10,10
0,0.03491806611418724,0.034918103367090225,0,10
1,0.029672883450984955,0.02967294305562973,0,10
2,0.025762060657143593,0.025762097910046577,0,10
3,0.021185586228966713,0.0211856160312891,0,10
4,0.017345940694212914,0.017345992848277092,0,10
5,0.01432807557284832,0.014328123070299625,0,10
6,0.011255496181547642,0.011255545541644096,0,10
7,0.007850035093724728,0.007850084453821182,0,10
8,0.007112391293048859,0.007112441584467888,0,10
9,0.005794718861579895,0.005794695112854242,0,10
10,0.00443953787907958,0.00443953787907958,0,10
11,0.003559248521924019,0.0035592811182141304,0,10
12,0.0020932236220687628,0.002093181712552905,0,10
13,0.0018058597343042493,0.001805873354896903,0,10
14,0.000993622001260519,0.0009936776477843523,0,10
15,0.0014648244250565767,0.0014647804200649261,0,10
16,0.0008913811179809272,0.0008914368227124214,0,10
17,0.0010890602134168148,0.0010890112025663257,0,10
18,-0.00011448391160229221,0.00011444873234722763,10,10
19,0.0004381255421321839,0.0004381428880151361,0,10
20,0.0006069241208024323,0.0006068935035727918,0,10
21,-0.0004352308460511267,0.00043523311614990234,10,10
22,3.177556209266186e-05,3.1804200261831284e-05,0,10
23,-0.00018385538714937866,0.0001838435127865523,10,10
24,-0.0002379659708822146,0.00023794174194335938,10,10
25,-0.00031416083220392466,0.0003141515189781785,10,10
26,-0.000140014395583421,0.00014007091522216797,10,10
27,-0.00015101354802027345,0.00015103816986083984,10,10
28,0.0001920010836329311,0.00019196115317754447,0,10
29,-0.00027588108787313104,0.0002759014896582812,10,10
30,0.0001597263471921906,0.00015972863184288144,0,10
31,-0.00045299279736354947,0.00045299530029296875,10,10
32,-0.0011310932459309697,0.0011310577392578125,10,10
33,-0.0011259866878390312,0.0011259953025728464,10,10
34,-0.0013495668536052108,0.0013495683670043945,10,10
35,-0.0012573730200529099,0.0012574195861816406,10,10
36,-0.002104454440996051,0.0021044346503913403,10,10
37,-0.0021065659821033478,0.0021065473556518555,10,10
0,0.03491806611418724,0.03491812199354172,0,10
1,0.029672883450984955,0.029672937467694283,0,10
2,0.025762060657143593,0.02576211467385292,0,10
3,0.021185586228966713,0.02118564397096634,0,10
4,0.017345940694212914,0.01734599657356739,0,10
5,0.01432807557284832,0.01432813424617052,0,10
6,0.011255496181547642,0.011255551129579544,0,10
7,0.007850035093724728,0.007850086316466331,0,10
8,0.007112391293048859,0.007112449966371059,0,10
9,0.005794718861579895,0.005794769152998924,0,10
10,0.00443953787907958,0.004439553711563349,0,10
11,0.003559248521924019,0.0035592729691416025,0,10
12,0.0020932236220687628,0.002093259012326598,0,10
13,0.0018058597343042493,0.0018058833666145802,0,10
14,0.000993622001260519,0.0009936026763170958,0,10
15,0.0014648244250565767,0.0014589147176593542,0,10
16,0.0008913811179809272,0.0008914369391277432,0,10
17,0.0010890602134168148,0.0010890942066907883,0,10
18,-0.00011448391160229221,0.00011452102626208216,10,10
19,0.0004381255421321839,0.00043813808588311076,0,10
20,0.0006069241208024323,0.0006069781957194209,0,10
21,-0.0004352308460511267,0.00043523311614990234,10,10
22,3.177556209266186e-05,3.1761141144670546e-05,0,10
23,-0.00018385538714937866,0.00018387181626167148,10,10
24,-0.0002379659708822146,0.00023794923617970198,10,10
25,-0.00031416083220392466,0.0003141164779663086,10,10
26,-0.000140014395583421,0.00014006311539560556,10,10
27,-0.00015101354802027345,0.00015104807971511036,10,10
28,0.0001920010836329311,0.00019199334201402962,0,10
29,-0.00027588108787313104,0.0002758502960205078,10,10
30,0.0001597263471921906,0.00015975165297277272,0,10
31,-0.00045299279736354947,0.00045299530029296875,10,10
32,-0.0011310932459309697,0.0011310577392578125,10,10
33,-0.0011259866878390312,0.0011260351166129112,10,10
34,-0.0013495668536052108,0.0013496092287823558,10,10
35,-0.0012573730200529099,0.0012574195861816406,10,10
36,-0.002104454440996051,0.002104471204802394,10,10
37,-0.0021065659821033478,0.0021065473556518555,10,10
38,-0.0026999025139957666,0.0026998519897460938,10,10
0,0.03491806611418724,0.03491812199354172,0,10
1,0.029672883450984955,0.029672926291823387,0,10
2,0.025762060657143593,0.02576211281120777,0,10
3,0.021185586228966713,0.02118564210832119,0,10
4,0.017345940694212914,0.017345977947115898,0,10
5,0.01432807557284832,0.014328127726912498,0,10
6,0.011255496181547642,0.011255543678998947,0,10
7,0.007850035093724728,0.007850080728530884,0,10
8,0.007112391293048859,0.007112365216016769,0,10
9,0.005794718861579895,0.005794754717499018,0,10
10,0.00443953787907958,0.004439596552401781,0,10
11,0.003559248521924019,0.003559271339327097,0,10
12,0.0020932236220687628,0.0020932666957378387,0,10
13,0.0018058597343042493,0.0018059187568724155,0,10
14,0.000993622001260519,0.0009936171118170023,0,10
15,0.0014648244250565767,0.0014648657524958253,0,10
16,0.0008913811179809272,0.0008914237259887159,0,10
17,0.0010890602134168148,0.0010891034035012126,0,10
18,-0.00011448391160229221,0.00011446690041339025,10,10
19,0.0004381255421321839,0.0004381293838378042,0,10
20,0.0006069241208024323,0.0006069682422094047,0,10
21,-0.0004352308460511267,0.00043523311614990234,10,10
22,3.177556209266186e-05,3.1759416742715985e-05,0,10
23,-0.00018385538714937866,0.0001838207244873047,10,10
24,-0.0002379659708822146,0.00023794174194335938,10,10
25,-0.00031416083220392466,0.00031421383027918637,10,10
26,-0.000140014395583421,0.00014007091522216797,10,10
27,-0.00015101354802027345,0.00015106998034752905,10,10
28,0.0001920010836329311,0.0001920328359119594,0,10
29,-0.00027588108787313104,0.0002758502960205078,10,10
30,0.0001597263471921906,0.00013310430222190917,0,10
31,-0.00045299279736354947,0.00045299530029296875,10,10
32,-0.0011310932459309697,0.0011310577392578125,10,10
33,-0.0011259866878390312,0.001125946408137679,10,10
34,-0.0013495668536052108,0.0013496109750121832,10,10
35,-0.0012573730200529099,0.0012574195861816406,10,10
36,-0.002104454440996051,0.0021044015884399414,10,10
37,-0.0021065659821033478,0.0021066078916192055,10,10
38,-0.0026999025139957666,0.0026998897083103657,10,10
39,-0.002826932119205594,0.0028269290924072266,10,10
0,0.03491806611418724,0.03491812199354172,0,10
1,0.029672883450984955,0.02967294119298458,0,10
2,0.025762060657143593,0.025762101635336876,0,10
3,0.021185586228966713,0.021185630932450294,0,10
4,0.017345940694212914,0.01734599471092224,0,10
5,0.01432807557284832,0.0143281240016222,0,10
6,0.011255496181547642,0.011255549266934395,0,10
7,0.007850035093724728,0.007850082591176033,0,10
8,0.007112391293048859,0.007112409919500351,0,10
9,0.005794718861579895,0.0057947649620473385,0,10
10,0.00443953787907958,0.004439493641257286,0,10
11,0.003559248521924019,0.0035592701751738787,0,10
12,0.0020932236220687628,0.0020932466723024845,0,10
13,0.0018058597343042493,0.0018058879068121314,0,10
14,0.000993622001260519,0.0009864444145932794,0,10
15,0.0014648244250565767,0.0014648729702457786,0,10
16,0.0008913811179809272,0.0008913384517654777,0,10
17,0.0010890602134168148,0.0010890596313402057,0,10
18,-0.00011448391160229221,0.00011445026757428423,10,10
19,0.0004381255421321839,0.0004381456528790295,0,10
20,0.0006069241208024323,0.0006069617229513824,0,10
21,-0.0004352308460511267,0.00043523311614990234,10,10
22,3.177556209266186e-05,3.178993210894987e-05,0,10
23,-0.00018385538714937866,0.0001838207244873047,10,10
24,-0.0002379659708822146,0.00023794174194335938,10,10
25,-0.00031416083220392466,0.000314202974550426,10,10
26,-0.000140014395583421,0.00014007091522216797,10,10
27,-0.00015101354802027345,0.00015103816986083984,10,10
28,0.0001920010836329311,0.00019194734340999275,0,10
29,-0.00027588108787313104,0.0002660301688592881,10,10
30,0.0001597263471921906,0.00015971242100931704,0,10
31,-0.00045299279736354947,0.00045299530029296875,10,10
32,-0.0011310932459309697,0.0011310577392578125,10,10
33,-0.0011259866878390312,0.0011260408209636807,10,10
34,-0.0013495668536052108,0.0013495683670043945,10,10
35,-0.0012573730200529099,0.0012573610292747617,10,10
36,-0.002104454440996051,0.0021044015884399414,10,10
37,-0.0021065659821033478,0.0021065473556518555,10,10
38,-0.0026999025139957666,0.0026998519897460938,10,10
39,-0.002826932119205594,0.0028269290924072266,10,10
40,-0.003713733283802867,0.0037137269973754883,10,10
0,0.03491806611418724,0.03491812199354172,0,10
1,0.029672883450984955,0.029672937467694283,0,10
2,0.025762060657143593,0.02576209232211113,0,10
3,0.021185586228966713,0.02118564024567604,0,10
4,0.017345940694212914,0.01734595187008381,0,10
5,0.01432807557284832,0.014328117482364178,0,10
6,0.011255496181547642,0.011255545541644096,0,10
7,0.007850035093724728,0.007850069552659988,0,10
8,0.007112391293048859,0.007112434133887291,0,10
9,0.005794718861579895,0.005794771481305361,0,10
10,0.00443953787907958,0.004439572803676128,0,10
11,0.003559248521924019,0.0035592266358435154,0,10
12,0.0020932236220687628,0.0020932750776410103,0,10
13,0.0018058597343042493,0.0018058223649859428,0,10
14,0.000993622001260519,0.0009936511050909758,0,10
15,0.0014648244250565767,0.0014648600481450558,0,10
16,0.0008913811179809272,0.0008913620258681476,0,10
17,0.0010890602134168148,0.0010724582243710756,0,10
18,-0.00011448391160229221,0.00011452098988229409,10,10
19,0.0004381255421321839,0.0004381219914648682,0,10
20,0.0006069241208024323,0.0006069057853892446,0,10
21,-0.0004352308460511267,0.00043527456000447273,10,10
22,3.177556209266186e-05,3.183187072863802e-05,0,10
23,-0.00018385538714937866,0.0001838207244873047,10,10
24,-0.0002379659708822146,0.00023794174194335938,10,10
25,-0.00031416083220392466,0.00031414933619089425,10,10
26,-0.000140014395583421,0.00014007091522216797,10,10
27,-0.00015101354802027345,0.00015103816986083984,10,10
28,0.0001920010836329311,0.00019203018746338785,0,10
29,-0.00027588108787313104,0.0002758502960205078,10,10
30,0.0001597263471921906,0.00015975868154782802,0,10
31,-0.00045299279736354947,0.00045299530029296875,10,10
32,-0.0011310932459309697,0.0011310734553262591,10,10
33,-0.0011259866878390312,0.0010193586349487305,10,10
34,-0.0013495668536052108,0.0013495683670043945,10,10
35,-0.0012573730200529099,0.0012574195861816406,10,10
36,-0.002104454440996051,0.0021044015884399414,10,10
37,-0.0021065659821033478,0.002106574596837163,10,10
38,-0.0026999025139957666,0.0026998519897460938,10,10
39,-0.002826932119205594,0.0028268771711736917,10,10
40,-0.003713733283802867,0.003666996955871582,10,10
41,-0.00490033021196723,0.004900336265563965,10,10
0,0.03491806611418724,0.03491811826825142,0,10
1,0.029672883450984955,0.029672924429178238,0,10
2,0.025762060657143593,0.025762110948562622,0,10
3,0.021185586228966713,0.02118564583361149,0,10
4,0.017345940694212914,0.017345992848277092,0,10
5,0.01432807557284832,0.014328130520880222,0,10
6,0.011255496181547642,0.011255552060902119,0,10
7,0.007850035093724728,0.007850072346627712,0,10
8,0.007112391293048859,0.0071124364621937275,0,10
9,0.005794718861579895,0.005794696044176817,0,10
10,0.00443953787907958,0.004439563490450382,0,10
11,0.003559248521924019,0.00355927599593997,0,10
12,0.0020932236220687628,0.0020116372033953667,0,10
13,0.0018058597343042493,0.0018059061840176582,0,10
14,0.000993622001260519,0.0009936245623975992,0,10
15,0.0014648244250565767,0.0014648173237219453,0,10
16,0.0008913811179809272,0.0008913250640034676,0,10
17,0.0010890602134168148,0.0010890639387071133,0,10
18,-0.00011448391160229221,0.00011444091796875,10,10
19,0.0004381255421321839,0.000438147020759061,0,10
20,0.0006069241208024323,0.0006069638184271753,0,10
21,-0.0004352308460511267,0.000435274705523625,10,10
22,3.177556209266186e-05,3.1797368137631565e-05,0,10
23,-0.00018385538714937866,0.00018389610340818763,10,10
24,-0.0002379659708822146,0.00023802458599675447,10,10
25,-0.00031416083220392466,0.0003141164779663086,10,10
26,-0.000140014395583421,0.00014005602861288935,10,10
27,-0.00015101354802027345,0.0001510475412942469,10,10
28,0.0001920010836329311,0.00019196182256564498,0,10
29,-0.00027588108787313104,0.00026166439056396484,10,10
30,0.0001597263471921906,0.00015969581727404147,0,10
31,-0.00045299279736354947,0.00045299530029296875,10,10
32,-0.0011310932459309697,0.0011311169946566224,10,10
33,-0.0011259866878390312,0.0011259891325607896,10,10
34,-0.0013495668536052108,0.0013495683670043945,10,10
35,-0.0012573730200529099,0.0012574195861816406,10,10
36,-0.002104454440996051,0.0021044015884399414,10,10
37,-0.0021065659821033478,0.002106619067490101,10,10
38,-0.0026999025139957666,0.0026998519897460938,10,10
39,-0.002826932119205594,0.0028269155882298946,10,10
40,-0.003713733283802867,0.0037137812469154596,10,10
41,-0.00490033021196723,0.004472970962524414,10,10
42,-0.006125571206212044,0.0061255693435668945,10,10
0,0.03491806611418724,0.03491812199354172,0,10
1,0.029672883450984955,0.029672926291823387,0,10
2,0.025762060657143593,0.025762110948562622,0,10
3,0.021185586228966713,0.021185629069805145,0,10
4,0.017345940694212914,0.01734599843621254,0,10
5,0.01432807557284832,0.014328114688396454,0,10
6,0.011255496181547642,0.011255511082708836,0,10
7,0.007850035093724728,0.007850083522498608,0,10
8,0.007112391293048859,0.007112422958016396,0,10
9,0.005794718861579895,0.005794708617031574,0,10
10,0.00443953787907958,0.0044395094737410545,0,10
11,0.003559248521924019,0.0035592690110206604,0,10
12,0.0020932236220687628,0.002093210816383362,0,10
13,0.0018058597343042493,0.0018059170106425881,0,10
14,0.000993622001260519,0.000993667053990066,0,10
15,0.0014648244250565767,0.0014648515498265624,0,10
16,0.0008913811179809272,0.000891409523319453,0,10
17,0.0010890602134168148,0.0010890531120821834,0,10
18,-0.00011448391160229221,0.00011130800703540444,10,10
19,0.0004381255421321839,0.00043818095582537353,0,10
20,0.0006069241208024323,0.0006068979273550212,0,10
21,-0.0004352308460511267,0.00043527677189558744,10,10
22,3.177556209266186e-05,3.181821739417501e-05,0,10
23,-0.00018385538714937866,0.00018389095203019679,10,10
24,-0.0002379659708822146,0.0002379502257099375,10,10
25,-0.00031416083220392466,0.0003141164779663086,10,10
26,-0.000140014395583421,0.00014007091522216797,10,10
27,-0.00015101354802027345,0.0001510177826276049,10,10
28,0.0001920010836329311,0.00019201786199118942,0,10
29,-0.00027588108787313104,0.00027586380019783974,10,10
30,0.0001597263471921906,0.00015975332644302398,0,10
31,-0.00045299279736354947,0.00045299530029296875,10,10
32,-0.0011310932459309697,0.0011310577392578125,10,10
33,-0.0011259866878390312,0.0010412567062303424,10,10
34,-0.0013495668536052108,0.001349619240500033,10,10
35,-0.0012573730200529099,0.0012574195861816406,10,10
36,-0.002104454440996051,0.002104491228237748,10,10
37,-0.0021065659821033478,0.002106552943587303,10,10
38,-0.0026999025139957666,0.0026998519897460938,10,10
39,-0.002826932119205594,0.0028269290924072266,10,10
40,-0.003713733283802867,0.0035761594772338867,10,10
41,-0.00490033021196723,0.00490030599758029,10,10
42,-0.006125571206212044,0.0061255693435668945,10,10
43,-0.007276609074324369,0.007276654243469238,10,10
0,0.03491806611418724,0.03491811081767082,0,10
1,0.029672883450984955,0.02967291884124279,0,10
2,0.025762060657143593,0.025762096047401428,0,10
3,0.021185586228966713,0.021185632795095444,0,10
4,0.017345940694212914,0.017345990985631943,0,10
5,0.01432807557284832,0.014328124932944775,0,10
6,0.011255496181547642,0.011255552060902119,0,10
7,0.007850035093724728,0.007850082591176033,0,10
8,0.007112391293048859,0.007112409453839064,0,10
9,0.005794718861579895,0.005794765427708626,0,10
10,0.00443953787907958,0.004439554642885923,0,10
11,0.003559248521924019,0.0035593004431575537,0,10
12,0.0020932236220687628,0.0020932182669639587,0,10
13,0.0018058597343042493,0.001805848558433354,0,10
14,0.000993622001260519,0.0009935795096680522,0,10
15,0.0014648244250565767,0.0014648610958829522,0,10
16,0.0008913811179809272,0.0008913828642107546,0,10
17,0.0010890602134168148,0.0010890604462474585,0,10
18,-0.00011448391160229221,0.00011444091796875,10,10
19,0.0004381255421321839,0.0004381538019515574,0,10
20,0.0006069241208024323,0.0006069755181670189,0,10
21,-0.0004352308460511267,0.00043523311614990234,10,10
22,3.177556209266186e-05,3.181738065904938e-05,0,10
23,-0.00018385538714937866,0.0001838207244873047,10,10
24,-0.0002379659708822146,0.00023794174194335938,10,10
25,-0.00031416083220392466,0.0003141456109005958,10,10
26,-0.000140014395583421,0.00014007091522216797,10,10
27,-0.00015101354802027345,0.00015103816986083984,10,10
28,0.0001920010836329311,0.00017650202789809555,0,10
29,-0.00027588108787313104,0.00027582523762248456,10,10
30,0.0001597263471921906,0.0001597832888364792,0,10
31,-0.00045299279736354947,0.00045299530029296875,10,10
32,-0.0011310932459309697,0.0011311450507491827,10,10
33,-0.0011259866878390312,0.0011260237079113722,10,10
34,-0.0013495668536052108,0.0013495964230969548,10,10
35,-0.0012573730200529099,0.0012574195861816406,10,10
36,-0.002104454440996051,0.0021044211462140083,10,10
37,-0.0021065659821033478,0.0021065473556518555,10,10
38,-0.0026999025139957666,0.0026998519897460938,10,10
39,-0.002826932119205594,0.0028269290924072266,10,10
40,-0.003713733283802867,0.00371378380805254,10,10
41,-0.00490033021196723,0.004900336265563965,10,10
42,-0.006125571206212044,0.0061255693435668945,10,10
43,-0.007276609074324369,0.007276654243469238,10,10
44,-0.00952059868723154,0.009520649909973145,10,10
0,0.03491806611418724,0.03491811826825142,0,10
1,0.029672883450984955,0.029672931879758835,0,10
2,0.025762060657143593,0.02576211839914322,0,10
3,0.021185586228966713,0.02118564397096634,0,10
4,0.017345940694212914,0.01734600029885769,0,10
5,0.01432807557284832,0.014328118413686752,0,10
6,0.011255496181547642,0.011255528777837753,0,10
7,0.007850035093724728,0.007850082591176033,0,10
8,0.007112391293048859,0.00711244298145175,0,10
9,0.005794718861579895,0.00579475425183773,0,10
10,0.00443953787907958,0.004439494106918573,0,10
11,0.003559248521924019,0.00355922756716609,0,10
12,0.0020932236220687628,0.002093210583552718,0,10
13,0.0018058597343042493,0.0018059019930660725,0,10
14,0.000993622001260519,0.0009936527349054813,0,10
15,0.0014648244250565767,0.001464805449359119,0,10
16,0.0008913811179809272,0.0008913670317269862,0,10
17,0.0010890602134168148,0.0010890334378927946,0,10
18,-0.00011448391160229221,0.00011452593025751412,10,10
19,0.0004381255421321839,0.0004381651524454355,0,10
20,0.0006069241208024323,0.0006069663795642555,0,10
21,-0.0004352308460511267,0.00043523311614990234,10,10
22,3.177556209266186e-05,3.1000508897705004e-05,0,10
23,-0.00018385538714937866,0.0001838207244873047,10,10
24,-0.0002379659708822146,0.00023798683832865208,10,10
25,-0.00031416083220392466,0.0003141164779663086,10,10
26,-0.000140014395583421,0.0001399695611326024,10,10
27,-0.00015101354802027345,0.00015103816986083984,10,10
28,0.0001920010836329311,0.00019199766393285245,0,10
29,-0.00027588108787313104,0.00027587582007981837,10,10
30,0.0001597263471921906,0.00015971949324011803,0,10
31,-0.00045299279736354947,0.00045299530029296875,10,10
32,-0.0011310932459309697,0.001131112570874393,10,10
33,-0.0011259866878390312,0.0011260303435847163,10,10
34,-0.0013495668536052108,0.0013495683670043945,10,10
35,-0.0012573730200529099,0.0012573497369885445,10,10
36,-0.002104454440996051,0.0021044015884399414,10,10
37,-0.0021065659821033478,0.0021065473556518555,10,10
38,-0.0026999025139957666,0.0026999544352293015,10,10
39,-0.002826932119205594,0.0028160810470581055,10,10
40,-0.003713733283802867,0.0037137269973754883,10,10
41,-0.00490033021196723,0.004900336265563965,10,10
42,-0.006125571206212044,0.006125531159341335,10,10
43,-0.007276609074324369,0.007276654243469238,10,10
44,-0.00952059868723154,0.009520655497908592,10,10
45,-0.011087821796536446,0.011087791062891483,10,10
0,0.03491806611418724,0.034918103367090225,0,10
1,0.029672883450984955,0.029672931879758835,0,10
2,0.025762060657143593,0.02576211839914322,0,10
3,0.021185586228966713,0.021185630932450294,0,10
4,0.017345940694212914,0.01734599843621254,0,10
5,0.01432807557284832,0.014328129589557648,0,10
6,0.011255496181547642,0.011255533434450626,0,10
7,0.007850035093724728,0.00785006582736969,0,10
8,0.007112391293048859,0.007112438790500164,0,10
9,0.005794718861579895,0.005794730968773365,0,10
10,0.00443953787907958,0.004439518321305513,0,10
11,0.003559248521924019,0.0033030908089131117,0,10
12,0.0020932236220687628,0.002093234099447727,0,10
13,0.0018058597343042493,0.0018058581044897437,0,10
14,0.000993622001260519,0.0009936735732480884,0,10
15,0.0014648244250565767,0.001464851782657206,0,10
16,0.0008913811179809272,0.0008913451456464827,0,10
17,0.0010890602134168148,0.0010890709236264229,0,10
18,-0.00011448391160229221,0.00011444091796875,10,10
19,0.0004381255421321839,0.00043813855154439807,0,10
20,0.0006069241208024323,0.0006069466471672058,0,10
21,-0.0004352308460511267,0.00043523311614990234,10,10
22,3.177556209266186e-05,3.175134406774305e-05,0,10
23,-0.00018385538714937866,0.00018382338748779148,10,10
24,-0.0002379659708822146,0.0002379594516241923,10,10
25,-0.00031416083220392466,0.00031420346931554377,10,10
26,-0.000140014395583421,0.00014007091522216797,10,10
27,-0.00015101354802027345,0.00015103816986083984,10,10
28,0.0001920010836329311,0.00019197864457964897,0,10
29,-0.00027588108787313104,0.00027589243836700916,10,10
30,0.0001597263471921906,0.0001597487716935575,0,10
31,-0.00045299279736354947,0.00045299530029296875,10,10
32,-0.0011310932459309697,0.0011310577392578125,10,10
33,-0.0011259866878390312,0.0011260098544880748,10,10
34,-0.0013495668536052108,0.0013495683670043945,10,10
35,-0.0012573730200529099,0.0012574195861816406,10,10
36,-0.002104454440996051,0.0021044560708105564,10,10
37,-0.0021065659821033478,0.0021065473556518555,10,10
38,-0.0026999025139957666,0.0026999455876648426,10,10
39,-0.002826932119205594,0.0028269567992538214,10,10
40,-0.003713733283802867,0.0035727808717638254,10,10
41,-0.00490033021196723,0.004900336265563965,10,10
42,-0.006125571206212044,0.0061255693435668945,10,10
43,-0.007276609074324369,0.007276654243469238,10,10
44,-0.00952059868723154,0.009520649909973145,10,10
45,-0.011087821796536446,0.011087775230407715,10,10
46,-0.014367575757205486,0.01436758041381836,10,10
0,0.03491806611418724,0.03491811081767082,0,10
1,0.029672883450984955,0.029672931879758835,0,10
2,0.025762060657143593,0.025762103497982025,0,10
3,0.021185586228966713,0.021185608580708504,0,10
4,0.017345940694212914,0.01734599843621254,0,10
5,0.01432807557284832,0.014328133314847946,0,10
6,0.011255496181547642,0.011255541816353798,0,10
7,0.007850035093724728,0.007850062102079391,0,10
8,0.007112391293048859,0.007112446241080761,0,10
9,0.005794718861579895,0.005794697441160679,0,10
10,0.00443953787907958,0.0044395579025149345,0,10
11,0.003559248521924019,0.0035593071952462196,0,10
12,0.0020932236220687628,0.002093201968818903,0,10
13,0.0018058597343042493,0.0018058487912639976,0,10
14,0.000993622001260519,0.000993656343780458,0,10
15,0.0014648244250565767,0.0014647991629317403,0,10
16,0.0008913811179809272,0.0008914049249142408,0,10
17,0.0010890602134168148,0.001089085591956973,0,10
18,-0.00011448391160229221,0.00011444310075603426,10,10
19,0.0004381255421321839,0.00043810109491460025,0,10
20,0.0006069241208024323,0.000606902816798538,0,10
21,-0.0004352308460511267,0.00043523311614990234,10,10
22,3.177556209266186e-05,3.18321654049214e-05,0,10
23,-0.00018385538714937866,0.0001838207244873047,10,10
24,-0.0002379659708822146,0.00023801664065103978,10,10
25,-0.00031416083220392466,0.00031419977312907577,10,10
26,-0.000140014395583421,0.00014007091522216797,10,10
27,-0.00015101354802027345,0.00015103816986083984,10,10
28,0.0001920010836329311,0.0001920492941280827,0,10
29,-0.00027588108787313104,0.00027589628007262945,10,10
30,0.0001597263471921906,0.000159702860401012,0,10
31,-0.00045299279736354947,0.00045299530029296875,10,10
32,-0.0011310932459309697,0.0011310577392578125,10,10
33,-0.0011259866878390312,0.001125931739807129,10,10
34,-0.0013495668536052108,0.0013495683670043945,10,10
35,-0.0012573730200529099,0.0012574195861816406,10,10
36,-0.002104454440996051,0.0021044015884399414,10,10
37,-0.0021065659821033478,0.0021065473556518555,10,10
38,-0.0026999025139957666,0.0026998519897460938,10,10
39,-0.002826932119205594,0.0028269290924072266,10,10
40,-0.003713733283802867,0.0037137269973754883,10,10
41,-0.00490033021196723,0.004900336265563965,10,10
42,-0.006125571206212044,0.005959969479590654,10,10
43,-0.007276609074324369,0.007276594173163176,10,10
44,-0.00952059868723154,0.009520656429231167,10,10
45,-0.011087821796536446,0.011087775230407715,10,10
46,-0.014367575757205486,0.014367613941431046,10,10
47,-0.017632735893130302,0.017632722854614258,10,10
0,0.03491806611418724,0.03491811454296112,0,10
1,0.029672883450984955,0.029672939330339432,0,10
2,0.025762060657143593,0.025762103497982025,0,10
3,0.021185586228966713,0.021185630932450294,0,10
4,0.017345940694212914,0.01734599471092224,0,10
5,0.01432807557284832,0.014328127726912498,0,10
6,0.011255496181547642,0.01125554833561182,0,10
7,0.007850035093724728,0.007850087247788906,0,10
8,0.007112391293048859,0.007112422026693821,0,10
9,0.005794718861579895,0.005794740281999111,0,10
10,0.00443953787907958,0.004439521115273237,0,10
11,0.003559248521924019,0.0035591970663517714,0,10
12,0.0020932236220687628,0.002093228977173567,0,10
13,0.0018058597343042493,0.0018058173591271043,0,10
14,0.000993622001260519,0.0009935989510267973,0,10
15,0.0014648244250565767,0.0014648113865405321,0,10
16,0.0008913811179809272,0.0008913757046684623,0,10
17,0.0010890602134168148,0.0010742582380771637,0,10
18,-0.00011448391160229221,0.00011444091796875,10,10
19,0.0004381255421321839,0.00043494190322235227,0,10
20,0.0006069241208024323,0.0006069609662517905,0,10
21,-0.0004352308460511267,0.00041735172271728516,10,10
22,3.177556209266186e-05,3.179808481945656e-05,0,10
23,-0.00018385538714937866,0.00018386625743005425,10,10
24,-0.0002379659708822146,0.00023794174194335938,10,10
25,-0.00031416083220392466,0.0003141164779663086,10,10
26,-0.000140014395583421,0.00014007091522216797,10,10
27,-0.00015101354802027345,0.00015103816986083984,10,10
28,0.0001920010836329311,0.00019203458214178681,0,10
29,-0.00027588108787313104,0.00027582229813560843,10,10
30,0.0001597263471921906,0.0001597408263478428,0,10
31,-0.00045299279736354947,0.00045299530029296875,10,10
32,-0.0011310932459309697,0.0011310577392578125,10,10
33,-0.0011259866878390312,0.0011260175378993154,10,10
34,-0.0013495668536052108,0.0013495683670043945,10,10
35,-0.0012573730200529099,0.0012574195861816406,10,10
36,-0.002104454440996051,0.002104486571624875,10,10
37,-0.0021065659821033478,0.0021065473556518555,10,10
38,-0.0026999025139957666,0.0026998992543667555,10,10
39,-0.002826932119205594,0.0028269290924072266,10,10
40,-0.003713733283802867,0.0037137269973754883,10,10
41,-0.00490033021196723,0.004900336265563965,10,10
42,-0.006125571206212044,0.006125597283244133,10,10
43,-0.007276609074324369,0.007276654243469238,10,10
44,-0.00952059868723154,0.009520649909973145,10,10
45,-0.011087821796536446,0.010742444545030594,10,10
46,-0.014367575757205486,0.01436758041381836,10,10
47,-0.017632735893130302,0.017632722854614258,10,10
48,-0.02322014980018139,0.023220162838697433,10,10
0,0.03491806611418724,0.03491812199354172,0,10
1,0.029672883450984955,0.029672939330339432,0,10
2,0.025762060657143593,0.02576211467385292,0,10
3,0.021185586228966713,0.02118563838303089,0,10
4,0.017345940694212914,0.017345985397696495,0,10
5,0.01432807557284832,0.014328093267977238,0,10
6,0.011255496181547642,0.01125555019825697,0,10
7,0.007850035093724728,0.00785009190440178,0,10
8,0.007112391293048859,0.007112408522516489,0,10
9,0.005794718861579895,0.005794776137918234,0,10
10,0.00443953787907958,0.004439493641257286,0,10
11,0.003559248521924019,0.003559272736310959,0,10
12,0.0020932236220687628,0.0020932196639478207,0,10
13,0.0018058597343042493,0.0018058650894090533,0,10
14,0.000993622001260519,0.0009935981361195445,0,10
15,0.0014648244250565767,0.0014648771611973643,0,10
16,0.0008913811179809272,0.0008913406054489315,0,10
17,0.0010890602134168148,0.0010890733683481812,0,10
18,-0.00011448391160229221,0.00011444091796875,10,10
19,0.0004381255421321839,0.00043809410999529064,0,10
20,0.0006069241208024323,0.0006069635855965316,0,10
21,-0.0004352308460511267,0.00043523311614990234,10,10
22,3.177556209266186e-05,3.173468212480657e-05,0,10
23,-0.00018385538714937866,0.00016701221466064453,10,10
24,-0.0002379659708822146,0.00023794174194335938,10,10
25,-0.00031416083220392466,0.0003141164779663086,10,10
26,-0.000140014395583421,0.00014007091522216797,10,10
27,-0.00015101354802027345,0.00015103816986083984,10,10
28,0.0001920010836329311,0.0001920093345688656,0,10
29,-0.00027588108787313104,0.0002759363269433379,10,10
30,0.0001597263471921906,0.00015973088738974184,0,10
31,-0.00045299279736354947,0.00045299530029296875,10,10
32,-0.0011310932459309697,0.0011310577392578125,10,10
33,-0.0011259866878390312,0.001125931739807129,10,10
34,-0.0013495668536052108,0.001349572790786624,10,10
35,-0.0012573730200529099,0.0012574195861816406,10,10
36,-0.002104454440996051,0.0019344091415405273,10,10
37,-0.0021065659821033478,0.0021065473556518555,10,10
38,-0.0026999025139957666,0.0026998629327863455,10,10
39,-0.002826932119205594,0.0028269290924072266,10,10
40,-0.003713733283802867,0.0037137269973754883,10,10
41,-0.00490033021196723,0.004900336265563965,10,10
42,-0.006125571206212044,0.0061255148611962795,10,10
43,-0.007276609074324369,0.007276654243469238,10,10
44,-0.00952059868723154,0.009520649909973145,10,10
45,-0.011087821796536446,0.011087775230407715,10,10
46,-0.014367575757205486,0.01436758041381836,10,10
47,-0.017632735893130302,0.017632722854614258,10,10
48,-0.02322014980018139,0.02322009764611721,10,10
49,-0.029732009395956993,0.02973198890686035,10,10
0,0.03491806611418724,0.03491809964179993,0,10
1,0.029672883450984955,0.029672937467694283,0,10
2,0.025762060657143593,0.02576211839914322,0,10
3,0.021185586228966713,0.02118564024567604,0,10
4,0.017345940694212914,0.017345989122986794,0,10
5,0.01432807557284832,0.014328129589557648,0,10
6,0.011255496181547642,0.011255552992224693,0,10
7,0.007850035093724728,0.007850071415305138,0,10
8,0.007112391293048859,0.007112392224371433,0,10
9,0.005794718861579895,0.0057946983724832535,0,10
10,0.00443953787907958,0.0044395811855793,0,10
11,0.003559248521924019,0.0035592536441981792,0,10
12,0.0020932236220687628,0.0020932473707944155,0,10
13,0.0018058597343042493,0.0018058140994980931,0,10
14,0.000993622001260519,0.000993575667962432,0,10
15,0.0014648244250565767,0.0014648521319031715,0,10
16,0.0008913811179809272,0.0008914342033676803,0,10
17,0.0010890602134168148,0.0010890972334891558,0,10
18,-0.00011448391160229221,0.00011449617159087211,10,10
19,0.0004381255421321839,0.00043813622323796153,0,10
20,0.0006069241208024323,0.0006069259252399206,0,10
21,-0.0004352308460511267,0.00043521696352399886,10,10
22,3.177556209266186e-05,3.179336999892257e-05,0,10
23,-0.00018385538714937866,0.00018382420239504427,10,10
24,-0.0002379659708822146,0.00023794174194335938,10,10
25,-0.00031416083220392466,0.0003141164779663086,10,10
26,-0.000140014395583421,0.00014007091522216797,10,10
27,-0.00015101354802027345,0.00015103816986083984,10,10
28,0.0001920010836329311,0.00019197110668756068,0,10
29,-0.00027588108787313104,0.0002759152848739177,10,10
30,0.0001597263471921906,0.0001597448281245306,0,10
31,-0.00045299279736354947,0.0004298686981201172,10,10
32,-0.0011310932459309697,0.0011310577392578125,10,10
33,-0.0011259866878390312,0.0011259763268753886,10,10
34,-0.0013495668536052108,0.00128173700068146,10,10
35,-0.0012573730200529099,0.0012573889689520001,10,10
36,-0.002104454440996051,0.002104430692270398,10,10
37,-0.0021065659821033478,0.0021065473556518555,10,10
38,-0.0026999025139957666,0.0026999348774552345,10,10
39,-0.002826932119205594,0.0028269290924072266,10,10
40,-0.003713733283802867,0.0037137269973754883,10,10
41,-0.00490033021196723,0.004900360945612192,10,10
42,-0.006125571206212044,0.006125553511083126,10,10
43,-0.007276609074324369,0.007276654243469238,10,10
44,-0.00952059868723154,0.009520634077489376,10,10
45,-0.011087821796536446,0.010239481925964355,10,10
46,-0.014367575757205486,0.01436758041381836,10,10
47,-0.017632735893130302,0.017632722854614258,10,10
48,-0.02322014980018139,0.023220181465148926,10,10
49,-0.029732009395956993,0.02973198890686035,10,10
50,-0.037767548114061356,0.03776752948760986,10,10
0,0.03491806611418724,0.034918107092380524,0,10
1,0.029672883450984955,0.029672937467694283,0,10
2,0.025762060657143593,0.025762110948562622,0,10
3,0.021185586228966713,0.02118564583361149,0,10
4,0.017345940694212914,0.01734599471092224,0,10
5,0.01432807557284832,0.014328133314847946,0,10
6,0.011255496181547642,0.0112555380910635,0,10
7,0.007850035093724728,0.007850090973079205,0,10
8,0.007112391293048859,0.007112408056855202,0,10
9,0.005794718861579895,0.005794767756015062,0,10
10,0.00443953787907958,0.004439574666321278,0,10
11,0.003559248521924019,0.0035592694766819477,0,10
12,0.0020932236220687628,0.0020931800827383995,0,10
13,0.0018058597343042493,0.0018058246932923794,0,10
14,0.000993622001260519,0.0009714904590509832,0,10
15,0.0014648244250565767,0.001464877394028008,0,10
16,0.0008913811179809272,0.0008913434576243162,0,10
17,0.0010890602134168148,0.0010435148142278194,0,10
18,-0.00011448391160229221,0.00011447402357589453,10,10
19,0.0004381255421321839,0.0004381695471238345,0,10
20,0.0006069241208024323,0.0005617677234113216,0,10
21,-0.0004352308460511267,0.0004352849500719458,10,10
22,3.177556209266186e-05,3.1795305403647944e-05,0,10
23,-0.00018385538714937866,0.0001838866010075435,10,10
24,-0.0002379659708822146,0.00023794174194335938,10,10
25,-0.00031416083220392466,0.0003141495690215379,10,10
26,-0.000140014395583421,0.00014007091522216797,10,10
27,-0.00015101354802027345,0.00015103816986083984,10,10
28,0.0001920010836329311,0.00019196873472537845,0,10
29,-0.00027588108787313104,0.0002758502960205078,10,10
30,0.0001597263471921906,0.00015977091970853508,0,10
31,-0.00045299279736354947,0.00045299530029296875,10,10
32,-0.0011310932459309697,0.0011310577392578125,10,10
33,-0.0011259866878390312,0.0011259891325607896,10,10
34,-0.0013495668536052108,0.0013495683670043945,10,10
35,-0.0012573730200529099,0.0012574195861816406,10,10
36,-0.002104454440996051,0.0021044015884399414,10,10
37,-0.0021065659821033478,0.0021065473556518555,10,10
38,-0.0026999025139957666,0.002699945354834199,10,10
39,-0.002826932119205594,0.0028269290924072266,10,10
40,-0.003713733283802867,0.0037137269973754883,10,10
41,-0.00490033021196723,0.004900336265563965,10,10
42,-0.006125571206212044,0.0061255693435668945,10,10
43,-0.007276609074324369,0.007276654243469238,10,10
44,-0.00952059868723154,0.009520649909973145,10,10
45,-0.011087821796536446,0.011087775230407715,10,10
46,-0.014367575757205486,0.01436758041381836,10,10
47,-0.017632735893130302,0.01763276942074299,10,10
48,-0.02322014980018139,0.023220181465148926,10,10
49,-0.029732009395956993,0.02973198890686035,10,10
50,-0.037767548114061356,0.03776752948760986,10,10
51,-0.03828055411577225,0.038280606269836426,10,10
0,0.03491806611418724,0.03491812199354172,0,10
1,0.029672883450984955,0.029672905802726746,0,10
2,0.025762060657143593,0.02576211839914322,0,10
3,0.021185586228966713,0.02118562161922455,0,10
4,0.017345940694212914,0.01734599657356739,0,10
5,0.01432807557284832,0.014328133314847946,0,10
6,0.011255496181547642,0.011255521327257156,0,10
7,0.007850035093724728,0.00785009190440178,0,10
8,0.007112391293048859,0.007112434599548578,0,10
9,0.005794718861579895,0.005794706754386425,0,10
10,0.00443953787907958,0.004439567215740681,0,10
11,0.003559248521924019,0.0035592943895608187,0,10
12,0.0020932236220687628,0.002093281364068389,0,10
13,0.0018058597343042493,0.0018058918649330735,0,10
14,0.000993622001260519,0.0009935925481840968,0,10
15,0.0014648244250565767,0.0014648274518549442,0,10
16,0.0008913811179809272,0.0008914034115150571,0,10
17,0.0010890602134168148,0.0010891041019931436,0,10
18,-0.00011448391160229221,0.00011449869634816423,10,10
19,0.0004381255421321839,0.0004244426090735942,0,10
20,0.0006069241208024323,0.0006068810471333563,0,10
21,-0.0004352308460511267,0.0004352400719653815,10,10
22,3.177556209266186e-05,3.172467404510826e-05,0,10
23,-0.00018385538714937866,0.00018383003771305084,10,10
24,-0.0002379659708822146,0.00021586005459539592,10,10
25,-0.00031416083220392466,0.0003141772176604718,10,10
26,-0.000140014395583421,0.00014007091522216797,10,10
27,-0.00015101354802027345,0.00014913082122802734,10,10
28,0.0001920010836329311,0.00019199612142983824,0,10
29,-0.00027588108787313104,0.0002758502960205078,10,10
30,0.0001597263471921906,0.0001597636437509209,0,10
31,-0.00045299279736354947,0.0004530141595751047,10,10
32,-0.0011310932459309697,0.0011310644913464785,10,10
33,-0.0011259866878390312,0.001125931739807129,10,10
34,-0.0013495668536052108,0.0013495683670043945,10,10
35,-0.0012573730200529099,0.0012574210995808244,10,10
36,-0.002104454440996051,0.0021044015884399414,10,10
37,-0.0021065659821033478,0.0021065883338451385,10,10
38,-0.0026999025139957666,0.0026998519897460938,10,10
39,-0.002826932119205594,0.0028269290924072266,10,10
40,-0.003713733283802867,0.0037137866020202637,10,10
41,-0.00490033021196723,0.004900326486676931,10,10
42,-0.006125571206212044,0.0061255693435668945,10,10
43,-0.007276609074324369,0.007276654243469238,10,10
44,-0.00952059868723154,0.00917363166809082,10,10
45,-0.011087821796536446,0.011087829247117043,10,10
46,-0.014367575757205486,0.01436758041381836,10,10
47,-0.017632735893130302,0.01763274148106575,10,10
48,-0.02322014980018139,0.023220181465148926,10,10
49,-0.029732009395956993,0.028817415237426758,10,10
50,-0.037767548114061356,0.03776752948760986,10,10
51,-0.03828055411577225,0.038280609995126724,10,10
52,-0.038294754922389984,0.03829478472471237,10,10
0,0.03491806611418724,0.03491809964179993,0,10
1,0.029672883450984955,0.029672935605049133,0,10
2,0.025762060657143593,0.025762103497982025,0,10
3,0.021185586228966713,0.02118564210832119,0,10
4,0.017345940694212914,0.01734599657356739,0,10
5,0.01432807557284832,0.014328131452202797,0,10
6,0.011255496181547642,0.011255546472966671,0,10
7,0.007850035093724728,0.007850087247788906,0,10
8,0.007112391293048859,0.007112409453839064,0,10
9,0.005794718861579895,0.005794707685709,0,10
10,0.00443953787907958,0.004439569544047117,0,10
11,0.003559248521924019,0.0035592776257544756,0,10
12,0.0020932236220687628,0.002093197777867317,0,10
13,0.0018058597343042493,0.001805804786272347,0,10
14,0.000993622001260519,0.0009936020942404866,0,10
15,0.0014648244250565767,0.0014648440992459655,0,10
16,0.0008913811179809272,0.0008913801284506917,0,10
17,0.0010890602134168148,0.0010890349512919784,0,10
18,-0.00011448391160229221,0.00011448059376562014,10,10
19,0.0004381255421321839,0.0004381813923828304,0,10
20,0.0006069241208024323,0.0006069056689739227,0,10
21,-0.0004352308460511267,0.0004153251647949219,10,10
22,3.177556209266186e-05,3.1737548852106556e-05,0,10
23,-0.00018385538714937866,0.0001838207244873047,10,10
24,-0.0002379659708822146,0.00023794174194335938,10,10
25,-0.00031416083220392466,0.0003141164779663086,10,10
26,-0.000140014395583421,0.00014007091522216797,10,10
27,-0.00015101354802027345,0.00015103816986083984,10,10
28,0.0001920010836329311,0.00019206029537599534,0,10
29,-0.00027588108787313104,0.0002758502960205078,10,10
30,0.0001597263471921906,0.0001597707305336371,0,10
31,-0.00045299279736354947,0.00045299530029296875,10,10
32,-0.0011310932459309697,0.0011310577392578125,10,10
33,-0.0011259866878390312,0.001125931739807129,10,10
34,-0.0013495668536052108,0.0013495683670043945,10,10
35,-0.0012573730200529099,0.0012574195861816406,10,10
36,-0.002104454440996051,0.0021044767927378416,10,10
37,-0.0021065659821033478,0.0021065473556518555,10,10
38,-0.0026999025139957666,0.0026998664252460003,10,10
39,-0.002826932119205594,0.0028269290924072266,10,10
40,-0.003713733283802867,0.003713729325681925,10,10
41,-0.00490033021196723,0.004900336265563965,10,10
42,-0.006125571206212044,0.0061255693435668945,10,10
43,-0.007276609074324369,0.007276654243469238,10,10
44,-0.00952059868723154,0.009520649909973145,10,10
45,-0.011087821796536446,0.011087799444794655,10,10
46,-0.014367575757205486,0.01436758041381836,10,10
47,-0.017632735893130302,0.017632735893130302,10,10
48,-0.02322014980018139,0.023220181465148926,10,10
49,-0.029732009395956993,0.02973198890686035,10,10
50,-0.037767548114061356,0.03776752948760986,10,10
51,-0.03828055411577225,0.038280606269836426,10,10
52,-0.038294754922389984,0.03829479217529297,10,10
53,-0.03745748847723007,0.03745745122432709,10,10
0,0.03491806611418724,0.03491811081767082,0,10
1,0.029672883450984955,0.029672939330339432,0,10
2,0.025762060657143593,0.025762122124433517,0,10
3,0.021185586228966713,0.02118563838303089,0,10
4,0.017345940694212914,0.0173459742218256,0,10
5,0.01432807557284832,0.014328131452202797,0,10
6,0.011255496181547642,0.011255532503128052,0,10
7,0.007850035093724728,0.00785007793456316,0,10
8,0.007112391293048859,0.007112419232726097,0,10
9,0.005794718861579895,0.0057946727611124516,0,10
10,0.00443953787907958,0.004439542535692453,0,10
11,0.003559248521924019,0.0032741224858909845,0,10
12,0.0020932236220687628,0.0020932478364557028,0,10
13,0.0018058597343042493,0.0018058806890621781,0,10
14,0.000993622001260519,0.0009936424903571606,0,10
15,0.0014648244250565767,0.0014648231444880366,0,10
16,0.0008913811179809272,0.0008913635392673314,0,10
17,0.0010890602134168148,0.0010890814010053873,0,10
18,-0.00011448391160229221,0.00011444091796875,10,10
19,0.0004381255421321839,0.00043807586189359426,0,10
20,0.0006069241208024323,0.0006069618975743651,0,10
21,-0.0004352308460511267,0.00043523311614990234,10,10
22,3.177556209266186e-05,3.175240271957591e-05,0,10
23,-0.00018385538714937866,0.0001838207244873047,10,10
24,-0.0002379659708822146,0.00023794174194335938,10,10
25,-0.00031416083220392466,0.0003141164779663086,10,10
26,-0.000140014395583421,0.00014007091522216797,10,10
27,-0.00015101354802027345,0.00014151778304949403,10,10
28,0.0001920010836329311,0.00019203881674911827,0,10
29,-0.00027588108787313104,0.0002758502960205078,10,10
30,0.0001597263471921906,0.00015966924547683448,0,10
31,-0.00045299279736354947,0.0004529414582066238,10,10
32,-0.0011310932459309697,0.0011310577392578125,10,10
33,-0.0011259866878390312,0.001125931739807129,10,10
34,-0.0013495668536052108,0.0013495683670043945,10,10
35,-0.0012573730200529099,0.0012574195861816406,10,10
36,-0.002104454440996051,0.002104404615238309,10,10
37,-0.0021065659821033478,0.0021065473556518555,10,10
38,-0.0026999025139957666,0.002699953271076083,10,10
39,-0.002826932119205594,0.0025265817530453205,10,10
40,-0.003713733283802867,0.003713774960488081,10,10
41,-0.00490033021196723,0.004900336265563965,10,10
42,-0.006125571206212044,0.005643963813781738,10,10
43,-0.007276609074324369,0.007276654243469238,10,10
44,-0.00952059868723154,0.009520575404167175,10,10
45,-0.011087821796536446,0.011087775230407715,10,10
46,-0.014367575757205486,0.01436758041381836,10,10
47,-0.017632735893130302,0.017632778733968735,10,10
48,-0.02322014980018139,0.023220159113407135,10,10
49,-0.029732009395956993,0.02973198890686035,10,10
50,-0.037767548114061356,0.03776755928993225,10,10
51,-0.03828055411577225,0.038280606269836426,10,10
52,-0.038294754922389984,0.03829479217529297,10,10
53,-0.03745748847723007,0.03745747730135918,10,10
54,-0.03769651800394058,0.03769652545452118,10,10
0,0.03491806611418724,0.03491811081767082,0,10
1,0.029672883450984955,0.029672937467694283,0,10
2,0.025762060657143593,0.025762101635336876,0,10
3,0.021185586228966713,0.02118564210832119,0,10
4,0.017345940694212914,0.017345992848277092,0,10
5,0.01432807557284832,0.014328117482364178,0,10
6,0.011255496181547642,0.011255552060902119,0,10
7,0.007850035093724728,0.007850063033401966,0,10
8,0.007112391293048859,0.007112422958016396,0,10
9,0.005794718861579895,0.005794739816337824,0,10
10,0.00443953787907958,0.004439579788595438,0,10
11,0.003559248521924019,0.00355919380672276,0,10
12,0.0020932236220687628,0.0020932615734636784,0,10
13,0.0018058597343042493,0.0018058725399896502,0,10
14,0.000993622001260519,0.0009936451679095626,0,10
15,0.0014648244250565767,0.0013376453425735235,0,10
16,0.0008913811179809272,0.0008913882193155587,0,10
17,0.0010890602134168148,0.0010891116689890623,0,10
18,-0.00011448391160229221,0.00011444091796875,10,10
19,0.0004381255421321839,0.00043815840035676956,0,10
20,0.0006069241208024323,0.0006069133523851633,0,10
21,-0.0004352308460511267,0.00043523311614990234,10,10
22,3.177556209266186e-05,3.1828629289520904e-05,0,10
23,-0.00018385538714937866,0.000183838841621764,10,10
24,-0.0002379659708822146,0.00023797090398147702,10,10
25,-0.00031416083220392466,0.0003141164779663086,10,10
26,-0.000140014395583421,0.00014000642113387585,10,10
27,-0.00015101354802027345,0.00015103816986083984,10,10
28,0.0001920010836329311,0.00019203670672141016,0,10
29,-0.00027588108787313104,0.0002758502960205078,10,10
30,0.0001597263471921906,0.0001597021473571658,0,10
31,-0.00045299279736354947,0.00045299530029296875,10,10
32,-0.0011310932459309697,0.0011311150155961514,10,10
33,-0.0011259866878390312,0.001126031973399222,10,10
34,-0.0013495668536052108,0.001349584199488163,10,10
35,-0.0012573730200529099,0.0012574195861816406,10,10
36,-0.002104454440996051,0.0019363164901733398,10,10
37,-0.0021065659821033478,0.0021065473556518555,10,10
38,-0.0026999025139957666,0.0026878269854933023,10,10
39,-0.002826932119205594,0.0028269290924072266,10,10
40,-0.003713733283802867,0.0037137269973754883,10,10
41,-0.00490033021196723,0.004434347152709961,10,10
42,-0.006125571206212044,0.0061255693435668945,10,10
43,-0.007276609074324369,0.007276654243469238,10,10
44,-0.00952059868723154,0.009345293045043945,10,10
45,-0.011087821796536446,0.010965466499328613,10,10
46,-0.014367575757205486,0.014367613941431046,10,10
47,-0.017632735893130302,0.01763279363512993,10,10
48,-0.02322014980018139,0.023220133036375046,10,10
49,-0.029732009395956993,0.0297319907695055,10,10
50,-0.037767548114061356,0.03776752948760986,10,10
51,-0.03828055411577225,0.038280606269836426,10,10
52,-0.038294754922389984,0.03829474374651909,10,10
53,-0.03745748847723007,0.037457503378391266,10,10
54,-0.03769651800394058,0.03769654780626297,10,10
55,-0.0373716875910759,0.03737163543701172,10,10
0,0.03491806611418724,0.034918107092380524,0,10
1,0.029672883450984955,0.029672924429178238,0,10
2,0.025762060657143593,0.025762120261788368,0,10
3,0.021185586228966713,0.02118564024567604,0,10
4,0.017345940694212914,0.01734597608447075,0,10
5,0.01432807557284832,0.014328126795589924,0,10
6,0.011255496181547642,0.011255539022386074,0,10
7,0.007850035093724728,0.00785007793456316,0,10
8,0.007112391293048859,0.007112447638064623,0,10
9,0.005794718861579895,0.005794736556708813,0,10
10,0.00443953787907958,0.004439554177224636,0,10
11,0.003559248521924019,0.0035592650528997183,0,10
12,0.0020932236220687628,0.002093252493068576,0,10
13,0.0018058597343042493,0.0018058678833767772,0,10
14,0.000993622001260519,0.00099363608751446,0,10
15,0.0014648244250565767,0.0014648718060925603,0,10
16,0.0008913811179809272,0.0008572717779316008,0,10
17,0.0010890602134168148,0.0010891053825616837,0,10
18,-0.00011448391160229221,0.00011447075667092577,10,10
19,0.0004381255421321839,0.0004381090693641454,0,10
20,0.0006069241208024323,0.000606980815064162,0,10
21,-0.0004352308460511267,0.00043523311614990234,10,10
22,3.177556209266186e-05,3.173717050231062e-05,0,10
23,-0.00018385538714937866,0.00018387728778179735,10,10
24,-0.0002379659708822146,0.0002379955112701282,10,10
25,-0.00031416083220392466,0.0003141710767522454,10,10
26,-0.000140014395583421,0.00013995816698297858,10,10
27,-0.00015101354802027345,0.00015100199379958212,10,10
28,0.0001920010836329311,0.00019202275143470615,0,10
29,-0.00027588108787313104,0.0002758502960205078,10,10
30,0.0001597263471921906,0.00015976464783307165,0,10
31,-0.00045299279736354947,0.0004530142177827656,10,10
32,-0.0011310932459309697,0.0011310577392578125,10,10
33,-0.0011259866878390312,0.0011259389575570822,10,10
34,-0.0013495668536052108,0.0013496089959517121,10,10
35,-0.0012573730200529099,0.0012574039865285158,10,10
36,-0.002104454440996051,0.0021044453606009483,10,10
37,-0.0021065659821033478,0.0021065473556518555,10,10
38,-0.0026999025139957666,0.0026998519897460938,10,10
39,-0.002826932119205594,0.0028269290924072266,10,10
40,-0.003713733283802867,0.003713732585310936,10,10
41,-0.00490033021196723,0.004900336265563965,10,10
42,-0.006125571206212044,0.006125601939857006,10,10
43,-0.007276609074324369,0.007276627235114574,10,10
44,-0.00952059868723154,0.009411334991455078,10,10
45,-0.011087821796536446,0.011087875813245773,10,10
46,-0.014367575757205486,0.01436758041381836,10,10
47,-0.017632735893130302,0.017632722854614258,10,10
48,-0.02322014980018139,0.020810212939977646,10,10
49,-0.029732009395956993,0.02973201312124729,10,10
50,-0.037767548114061356,0.03776752948760986,10,10
51,-0.03828055411577225,0.038280606269836426,10,10
52,-0.038294754922389984,0.03829479217529297,10,10
53,-0.03745748847723007,0.03745746612548828,10,10
54,-0.03769651800394058,0.03414705768227577,10,10
55,-0.0373716875910759,0.037371691316366196,10,10
56,-0.037688110023736954,0.03768816590309143,10,10
0,0.03491806611418724,0.034918107092380524,0,10
1,0.029672883450984955,0.029672933742403984,0,10
2,0.025762060657143593,0.02576211653649807,0,10
3,0.021185586228966713,0.02118564210832119,0,10
4,0.017345940694212914,0.01734599843621254,0,10
5,0.01432807557284832,0.014328126795589924,0,10
6,0.011255496181547642,0.011255535297095776,0,10
7,0.007850035093724728,0.007850090973079205,0,10
8,0.007112391293048859,0.007112440653145313,0,10
9,0.005794718861579895,0.005794754717499018,0,10
10,0.00443953787907958,0.004439564887434244,0,10
11,0.003559248521924019,0.0035592475906014442,0,10
12,0.0020932236220687628,0.0020932231564074755,0,10
13,0.0018058597343042493,0.0018058663699775934,0,10
14,0.000993622001260519,0.0009935902198776603,0,10
15,0.0014648244250565767,0.0014648224459961057,0,10
16,0.0008913811179809272,0.0008913325145840645,0,10
17,0.0010890602134168148,0.00108900957275182,0,10
18,-0.00011448391160229221,0.00011444091796875,10,10
19,0.0004381255421321839,0.00043815464596264064,0,10
20,0.0006069241208024323,0.0006069441442377865,0,10
21,-0.0004352308460511267,0.00042722333455458283,10,10
22,3.177556209266186e-05,3.175564779667184e-05,0,10
23,-0.00018385538714937866,0.00018387152522336692,10,10
24,-0.0002379659708822146,0.00023794174194335938,10,10
25,-0.00031416083220392466,0.0003141951165162027,10,10
26,-0.000140014395583421,0.00014007091522216797,10,10
27,-0.00015101354802027345,0.00015103816986083984,10,10
28,0.0001920010836329311,0.00019203255942557007,0,10
29,-0.00027588108787313104,0.0002758502960205078,10,10
30,0.0001597263471921906,0.00015977122529875487,0,10
31,-0.00045299279736354947,0.00045299530029296875,10,10
32,-0.0011310932459309697,0.0011310577392578125,10,10
33,-0.0011259866878390312,0.001126023125834763,10,10
34,-0.0013495668536052108,0.0013495683670043945,10,10
35,-0.0012573730200529099,0.0012574102729558945,10,10
36,-0.002104454440996051,0.0021044015884399414,10,10
37,-0.0021065659821033478,0.002106589963659644,10,10
38,-0.0026999025139957666,0.00269990018568933,10,10
39,-0.002826932119205594,0.0028269290924072266,10,10
40,-0.003713733283802867,0.0037137269973754883,10,10
41,-0.00490033021196723,0.004900336265563965,10,10
42,-0.006125571206212044,0.0061255693435668945,10,10
43,-0.007276609074324369,0.007276654243469238,10,10
44,-0.00952059868723154,0.009520557709038258,10,10
45,-0.011087821796536446,0.011087775230407715,10,10
46,-0.014367575757205486,0.01436758041381836,10,10
47,-0.017632735893130302,0.01680612564086914,10,10
48,-0.02322014980018139,0.023220181465148926,10,10
49,-0.029732009395956993,0.02973198890686035,10,10
50,-0.037767548114061356,0.03776758536696434,10,10
51,-0.03828055411577225,0.038280606269836426,10,10
52,-0.038294754922389984,0.03829479217529297,10,10
53,-0.03745748847723007,0.03745746612548828,10,10
54,-0.03769651800394058,0.03389871120452881,10,10
55,-0.0373716875910759,0.03737174719572067,10,10
56,-0.037688110023736954,0.03768813610076904,10,10
57,-0.03860975429415703,0.038609810173511505,10,10
0,0.03491806611418724,0.03491811081767082,0,10
1,0.029672883450984955,0.029672939330339432,0,10
2,0.025762060657143593,0.02576211467385292,0,10
3,0.021185586228966713,0.02118564024567604,0,10
4,0.017345940694212914,0.01734597235918045,0,10
5,0.01432807557284832,0.014328120276331902,0,10
6,0.011255496181547642,0.011255553923547268,0,10
7,0.007850035093724728,0.007850082591176033,0,10
8,0.007112391293048859,0.007112426683306694,0,10
9,0.005794718861579895,0.0057947663590312,0,10
10,0.00443953787907958,0.004439570941030979,0,10
11,0.003559248521924019,0.003559207310900092,0,10
12,0.0020932236220687628,0.0020932599436491728,0,10
13,0.0018058597343042493,0.001805916428565979,0,10
14,0.000993622001260519,0.000993584399111569,0,10
15,0.0014648244250565767,0.0014648567885160446,0,10
16,0.0008913811179809272,0.0008914319914765656,0,10
17,0.0010890602134168148,0.001089097699150443,0,10
18,-0.00011448391160229221,0.00011444091796875,10,10
19,0.0004381255421321839,0.00043807693873532116,0,10
20,0.0006069241208024323,0.0006068757502362132,0,10
21,-0.0004352308460511267,0.00043523311614990234,10,10
22,3.177556209266186e-05,3.176682366756722e-05,0,10
23,-0.00018385538714937866,0.0001838539174059406,10,10
24,-0.0002379659708822146,0.00023794174194335938,10,10
25,-0.00031416083220392466,0.0003141164779663086,10,10
26,-0.000140014395583421,0.00014007091522216797,10,10
27,-0.00015101354802027345,0.00015103816986083984,10,10
28,0.0001920010836329311,0.0001920272334245965,0,10
29,-0.00027588108787313104,0.00027588647208176553,10,10
30,0.0001597263471921906,0.00015305880515370518,0,10
31,-0.00045299279736354947,0.00045299530029296875,10,10
32,-0.0011310932459309697,0.0011311526177451015,10,10
33,-0.0011259866878390312,0.0011259798193350434,10,10
34,-0.0013495668536052108,0.0013495683670043945,10,10
35,-0.0012573730200529099,0.0012573284329846501,10,10
36,-0.002104454440996051,0.0021044015884399414,10,10
37,-0.0021065659821033478,0.0021065473556518555,10,10
38,-0.0026999025139957666,0.002699899720028043,10,10
39,-0.002826932119205594,0.0028269290924072266,10,10
40,-0.003713733283802867,0.003713728627189994,10,10
41,-0.00490033021196723,0.004900354892015457,10,10
42,-0.006125571206212044,0.0061255693435668945,10,10
43,-0.007276609074324369,0.006713151931762695,10,10
44,-0.00952059868723154,0.009520649909973145,10,10
45,-0.011087821796536446,0.011087775230407715,10,10
46,-0.014367575757205486,0.01436758041381836,10,10
47,-0.017632735893130302,0.017632722854614258,10,10
48,-0.02322014980018139,0.023220183327794075,10,10
49,-0.029732009395956993,0.02973201684653759,10,10
50,-0.037767548114061356,0.03776752948760986,10,10
51,-0.03828055411577225,0.038280513137578964,10,10
52,-0.038294754922389984,0.03829479590058327,10,10
53,-0.03745748847723007,0.03745746612548828,10,10
54,-0.03769651800394058,0.037696510553359985,10,10
55,-0.0373716875910759,0.037371713668107986,10,10
56,-0.037688110023736954,0.03768813610076904,10,10
57,-0.03860975429415703,0.03860980644822121,10,10
58,-0.03847575932741165,0.03847580403089523,10,10
0,0.03491806611418724,0.03491809964179993,0,10
1,0.029672883450984955,0.029672930017113686,0,10
2,0.025762060657143593,0.025762105360627174,0,10
3,0.021185586228966713,0.021185623481869698,0,10
4,0.017345940694212914,0.01734599471092224,0,10
5,0.01432807557284832,0.014328128658235073,0,10
6,0.011255496181547642,0.011255533434450626,0,10
7,0.007850035093724728,0.007850080728530884,0,10
8,0.007112391293048859,0.007112438324838877,0,10
9,0.005794718861579895,0.005794749595224857,0,10
10,0.00443953787907958,0.0044395881704986095,0,10
11,0.003559248521924019,0.003559300908818841,0,10
12,0.0020932236220687628,0.0020932394545525312,0,10
13,0.0018058597343042493,0.0018059051362797618,0,10
14,0.000993622001260519,0.0009936337592080235,0,10
15,0.0014648244250565767,0.0014648446813225746,0,10
16,0.0008913811179809272,0.0008913700003176928,0,10
17,0.0010890602134168148,0.0010891077108681202,0,10
18,-0.00011448391160229221,0.00011444091796875,10,10
19,0.0004381255421321839,0.0004381532780826092,0,10
20,0.0006069241208024323,0.0006069638766348362,0,10
21,-0.0004352308460511267,0.0004352451069280505,10,10
22,3.177556209266186e-05,3.172943615936674e-05,0,10
23,-0.00018385538714937866,0.00018382503185421228,10,10
24,-0.0002379659708822146,0.00023794174194335938,10,10
25,-0.00031416083220392466,0.0003141164779663086,10,10
26,-0.000140014395583421,0.00014007091522216797,10,10
27,-0.00015101354802027345,0.00015103816986083984,10,10
28,0.0001920010836329311,0.0001920579670695588,0,10
29,-0.00027588108787313104,0.00026023387908935547,10,10
30,0.0001597263471921906,0.00015970760432537645,0,10
31,-0.00045299279736354947,0.00045299530029296875,10,10
32,-0.0011310932459309697,0.0011310726404190063,10,10
33,-0.0011259866878390312,0.001125931739807129,10,10
34,-0.0013495668536052108,0.0013495517196133733,10,10
35,-0.0012573730200529099,0.001257427386008203,10,10
36,-0.002104454440996051,0.0019230842590332031,10,10
37,-0.0021065659821033478,0.0021065473556518555,10,10
38,-0.0026999025139957666,0.0026999276597052813,10,10
39,-0.002826932119205594,0.0028269290924072266,10,10
40,-0.003713733283802867,0.0037137269973754883,10,10
41,-0.00490033021196723,0.004900336265563965,10,10
42,-0.006125571206212044,0.005860328674316406,10,10
43,-0.007276609074324369,0.007276657037436962,10,10
44,-0.00952059868723154,0.009520649909973145,10,10
45,-0.011087821796536446,0.011087789200246334,10,10
46,-0.014367575757205486,0.014367600902915001,10,10
47,-0.017632735893130302,0.017632722854614258,10,10
48,-0.02322014980018139,0.023220188915729523,10,10
49,-0.029732009395956993,0.029731962829828262,10,10
50,-0.037767548114061356,0.037767503410577774,10,10
51,-0.03828055411577225,0.038280606269836426,10,10
52,-0.038294754922389984,0.03829481080174446,10,10
53,-0.03745748847723007,0.03745746985077858,10,10
54,-0.03769651800394058,0.0376964807510376,10,10
55,-0.0373716875910759,0.03737163543701172,10,10
56,-0.037688110023736954,0.03768813610076904,10,10
57,-0.03860975429415703,0.038609810173511505,10,10
58,-0.03847575932741165,0.03847581520676613,10,10
59,-0.03834042325615883,0.03782200813293457,10,10
0,0.03491806611418724,0.03491812199354172,0,10
1,0.029672883450984955,0.02967294119298458,0,10
2,0.025762060657143593,0.02576211839914322,0,10
3,0.021185586228966713,0.021185632795095444,0,10
4,0.017345940694212914,0.017345981672406197,0,10
5,0.01432807557284832,0.014328130520880222,0,10
6,0.011255496181547642,0.01125551387667656,0,10
7,0.007850035093724728,0.007850070483982563,0,10
8,0.007112391293048859,0.007112393621355295,0,10
9,0.005794718861579895,0.0057947710156440735,0,10
10,0.00443953787907958,0.0044394852593541145,0,10
11,0.003559248521924019,0.0035592152271419764,0,10
12,0.0020932236220687628,0.002093252260237932,0,10
13,0.0018058597343042493,0.0018058535642921925,0,10
14,0.000993622001260519,0.0009936720598489046,0,10
15,0.0014648244250565767,0.001464771805331111,0,10
16,0.0008913811179809272,0.0008256810833700001,0,10
17,0.0010890602134168148,0.0010890777921304107,0,10
18,-0.00011448391160229221,0.00011444091796875,10,10
19,0.0004381255421321839,0.0004380970203783363,0,10
20,0.0006069241208024323,0.0006069117807783186,0,10
21,-0.0004352308460511267,0.0004352361720521003,10,10
22,3.177556209266186e-05,3.174549783580005e-05,0,10
23,-0.00018385538714937866,0.0001838207244873047,10,10
24,-0.0002379659708822146,0.00023794174194335938,10,10
25,-0.00031416083220392466,0.0003141164779663086,10,10
26,-0.000140014395583421,0.00014007091522216797,10,10
27,-0.00015101354802027345,0.00015103816986083984,10,10
28,0.0001920010836329311,0.00019204065029043704,0,10
29,-0.00027588108787313104,0.0002758502960205078,10,10
30,0.0001597263471921906,0.0001510986767243594,0,10
31,-0.00045299279736354947,0.00045299530029296875,10,10
32,-0.0011310932459309697,0.0011310626287013292,10,10
33,-0.0011259866878390312,0.0011259940220043063,10,10
34,-0.0013495668536052108,0.0013495683670043945,10,10
35,-0.0012573730200529099,0.0012574210995808244,10,10
36,-0.002104454440996051,0.002104466548189521,10,10
37,-0.0021065659821033478,0.0021065473556518555,10,10
38,-0.0026999025139957666,0.0026998519897460938,10,10
39,-0.002826932119205594,0.002826991491019726,10,10
40,-0.003713733283802867,0.0037137269973754883,10,10
41,-0.00490033021196723,0.004900336265563965,10,10
42,-0.006125571206212044,0.0061255693435668945,10,10
43,-0.007276609074324369,0.007276654243469238,10,10
44,-0.00952059868723154,0.009520649909973145,10,10
45,-0.011087821796536446,0.011087775230407715,10,10
46,-0.014367575757205486,0.01436758041381836,10,10
47,-0.017632735893130302,0.017632722854614258,10,10
48,-0.02322014980018139,0.023220181465148926,10,10
49,-0.029732009395956993,0.02973198890686035,10,10
50,-0.037767548114061356,0.03776758536696434,10,10
51,-0.03828055411577225,0.038280606269836426,10,10
52,-0.038294754922389984,0.03829476237297058,10,10
53,-0.03745748847723007,0.03745746612548828,10,10
54,-0.03769651800394058,0.0376964807510376,10,10
55,-0.0373716875910759,0.03348886966705322,10,10
56,-0.037688110023736954,0.03768813610076904,10,10
57,-0.03860975429415703,0.03618776798248291,10,10
58,-0.03847575932741165,0.038475751876831055,10,10
59,-0.03834042325615883,0.03834047168493271,10,10
60,-0.03873567655682564,0.03873569145798683,10,10
0,0.03491806611418724,0.03491811826825142,0,10
1,0.029672883450984955,0.029672926291823387,0,10
2,0.025762060657143593,0.025762097910046577,0,10
3,0.021185586228966713,0.02118564397096634,0,10
4,0.017345940694212914,0.01734599843621254,0,10
5,0.01432807557284832,0.014328081160783768,0,10
6,0.011255496181547642,0.01125554833561182,0,10
7,0.007850035093724728,0.007850089110434055,0,10
8,0.007112391293048859,0.007112447172403336,0,10
9,0.005794718861579895,0.005794768687337637,0,10
10,0.00443953787907958,0.0044395579025149345,0,10
11,0.003559248521924019,0.003559271339327097,0,10
12,0.0020932236220687628,0.002093208720907569,0,10
13,0.0018058597343042493,0.0018058877903968096,0,10
14,0.000993622001260519,0.0009935982525348663,0,10
15,0.0014648244250565767,0.001464836997911334,0,10
16,0.0008913811179809272,0.0008913655183278024,0,10
17,0.0010890602134168148,0.0010891089914366603,0,10
18,-0.00011448391160229221,0.00011283417552476749,10,10
19,0.0004381255421321839,0.0004380716709420085,0,10
20,0.0006069241208024323,0.0006069408846087754,0,10
21,-0.0004352308460511267,0.00043525523506104946,10,10
22,3.177556209266186e-05,3.173603909090161e-05,0,10
23,-0.00018385538714937866,0.00018383363203611225,10,10
24,-0.0002379659708822146,0.00023794174194335938,10,10
25,-0.00031416083220392466,0.0003141164779663086,10,10
26,-0.000140014395583421,0.00014007091522216797,10,10
27,-0.00015101354802027345,0.00015103816986083984,10,10
28,0.0001920010836329311,0.00019205643911845982,0,10
29,-0.00027588108787313104,0.0002758502960205078,10,10
30,0.0001597263471921906,0.00015978439478203654,0,10
31,-0.00045299279736354947,0.00045299530029296875,10,10
32,-0.0011310932459309697,0.001110265962779522,10,10
33,-0.0011259866878390312,0.001125931739807129,10,10
34,-0.0013495668536052108,0.0013495939783751965,10,10
35,-0.0012573730200529099,0.0012574195861816406,10,10
36,-0.002104454440996051,0.0020018815994262695,10,10
37,-0.0021065659821033478,0.0021065473556518555,10,10
38,-0.0026999025139957666,0.0026998519897460938,10,10
39,-0.002826932119205594,0.0028269290924072266,10,10
40,-0.003713733283802867,0.0037137269973754883,10,10
41,-0.00490033021196723,0.004900336265563965,10,10
42,-0.006125571206212044,0.0061255693435668945,10,10
43,-0.007276609074324369,0.007276654243469238,10,10
44,-0.00952059868723154,0.009520649909973145,10,10
45,-0.011087821796536446,0.011087775230407715,10,10
46,-0.014367575757205486,0.01436758041381836,10,10
47,-0.017632735893130302,0.016207456588745117,10,10
48,-0.02322014980018139,0.023220181465148926,10,10
49,-0.029732009395956993,0.02973198890686035,10,10
50,-0.037767548114061356,0.03776752948760986,10,10
51,-0.03828055411577225,0.038280606269836426,10,10
52,-0.038294754922389984,0.03829478845000267,10,10
53,-0.03745748847723007,0.03745746612548828,10,10
54,-0.03769651800394058,0.036579132080078125,10,10
55,-0.0373716875910759,0.03737163543701172,10,10
56,-0.037688110023736954,0.03768813610076904,10,10
57,-0.03860975429415703,0.03611721098423004,10,10
58,-0.03847575932741165,0.038475751876831055,10,10
59,-0.03834042325615883,0.03834044933319092,10,10
60,-0.03873567655682564,0.038735635578632355,10,10
61,-0.038632918149232864,0.038632918149232864,10,10
0,0.03491806611418724,0.034918125718832016,0,10
1,0.029672883450984955,0.029672928154468536,0,10
2,0.025762060657143593,0.025762107223272324,0,10
3,0.021185586228966713,0.02118564397096634,0,10
4,0.017345940694212914,0.017345977947115898,0,10
5,0.01432807557284832,0.01432811189442873,0,10
6,0.011255496181547642,0.011255530640482903,0,10
7,0.007850035093724728,0.00785009004175663,0,10
8,0.007112391293048859,0.007112429011613131,0,10
9,0.005794718861579895,0.0057947635650634766,0,10
10,0.00443953787907958,0.004439533222466707,0,10
11,0.003559248521924019,0.003559198696166277,0,10
12,0.0020932236220687628,0.002093266462907195,0,10
13,0.0018058597343042493,0.0018059008289128542,0,10
14,0.000993622001260519,0.000993602559901774,0,10
15,0.0014648244250565767,0.0014648622600361705,0,10
16,0.0008913811179809272,0.0008913991041481495,0,10
17,0.0010890602134168148,0.001089086290448904,0,10
18,-0.00011448391160229221,0.00011444091796875,10,10
19,0.0004381255421321839,0.000438178947661072,0,10
20,0.0006069241208024323,0.0006069468217901886,0,10
21,-0.0004352308460511267,0.00043523311614990234,10,10
22,3.177556209266186e-05,3.1732135539641604e-05,0,10
23,-0.00018385538714937866,0.00014674663543701172,10,10
24,-0.0002379659708822146,0.00023794174194335938,10,10
25,-0.00031416083220392466,0.00031412552925758064,10,10
26,-0.000140014395583421,0.00014007091522216797,10,10
27,-0.00015101354802027345,0.00015103816986083984,10,10
28,0.0001920010836329311,0.00019203510601073503,0,10
29,-0.00027588108787313104,0.0002758502960205078,10,10
30,0.0001597263471921906,0.00015977714792825282,0,10
31,-0.00045299279736354947,0.00045299530029296875,10,10
32,-0.0011310932459309697,0.0011310578556731343,10,10
33,-0.0011259866878390312,0.001125931739807129,10,10
34,-0.0013495668536052108,0.0013495683670043945,10,10
35,-0.0012573730200529099,0.0012574195861816406,10,10
36,-0.002104454440996051,0.0021044015884399414,10,10
37,-0.0021065659821033478,0.0021065473556518555,10,10
38,-0.0026999025139957666,0.0026998519897460938,10,10
39,-0.002826932119205594,0.002826968440786004,10,10
40,-0.003713733283802867,0.0037137269973754883,10,10
41,-0.00490033021196723,0.004842281341552734,10,10
42,-0.006125571206212044,0.006125583313405514,10,10
43,-0.007276609074324369,0.007276654243469238,10,10
44,-0.00952059868723154,0.009520594030618668,10,10
45,-0.011087821796536446,0.011087775230407715,10,10
46,-0.014367575757205486,0.01436758041381836,10,10
47,-0.017632735893130302,0.017632734030485153,10,10
48,-0.02322014980018139,0.023220181465148926,10,10
49,-0.029732009395956993,0.02973198890686035,10,10
50,-0.037767548114061356,0.03776752948760986,10,10
51,-0.03828055411577225,0.03686833381652832,10,10
52,-0.038294754922389984,0.03829479217529297,10,10
53,-0.03745748847723007,0.037457432597875595,10,10
54,-0.03769651800394058,0.0376964807510376,10,10
55,-0.0373716875910759,0.03737163543701172,10,10
56,-0.037688110023736954,0.033301591873168945,10,10
57,-0.03860975429415703,0.03860972821712494,10,10
58,-0.03847575932741165,0.038475751876831055,10,10
59,-0.03834042325615883,0.03834044933319092,10,10
60,-0.03873567655682564,0.03873572126030922,10,10
61,-0.038632918149232864,0.038632869720458984,10,10
62,-0.038333356380462646,0.038333382457494736,10,10
0,0.03491806611418724,0.03491811454296112,0,10
1,0.029672883450984955,0.029672939330339432,0,10
2,0.025762060657143593,0.025762086734175682,0,10
3,0.021185586228966713,0.02118562161922455,0,10
4,0.017345940694212914,0.017345968633890152,0,10
5,0.01432807557284832,0.014328120276331902,0,10
6,0.011255496181547642,0.011255535297095776,0,10
7,0.007850035093724728,0.007850080728530884,0,10
8,0.007112391293048859,0.007112444844096899,0,10
9,0.005794718861579895,0.0057947030290961266,0,10
10,0.00443953787907958,0.004439542535692453,0,10
11,0.003559248521924019,0.0035591942723840475,0,10
12,0.0020932236220687628,0.0020932373590767384,0,10
13,0.0018058597343042493,0.00180591712705791,0,10
14,0.000993622001260519,0.0009936728747561574,0,10
15,0.0014648244250565767,0.0014647962525486946,0,10
16,0.0008913811179809272,0.0008913815836422145,0,10
17,0.0010890602134168148,0.0010890300618484616,0,10
18,-0.00011448391160229221,0.00011446612916188315,10,10
19,0.0004381255421321839,0.00043818229460157454,0,10
20,0.0006069241208024323,0.0006069176597520709,0,10
21,-0.0004352308460511267,0.00043523311614990234,10,10
22,3.177556209266186e-05,3.1784322345629334e-05,0,10
23,-0.00018385538714937866,0.00018390256445854902,10,10
24,-0.0002379659708822146,0.00023794174194335938,10,10
25,-0.00031416083220392466,0.0003141164779663086,10,10
26,-0.000140014395583421,0.00013813332770951092,10,10
27,-0.00015101354802027345,0.00015096327115315944,10,10
28,0.0001920010836329311,0.0001787345827324316,0,10
29,-0.00027588108787313104,0.0002758502960205078,10,10
30,0.0001597263471921906,0.00015977407747413963,0,10
31,-0.00045299279736354947,0.00045299530029296875,10,10
32,-0.0011310932459309697,0.0011310577392578125,10,10
33,-0.0011259866878390312,0.0011260005412623286,10,10
34,-0.0013495668536052108,0.0013495683670043945,10,10
35,-0.0012573730200529099,0.0012574195861816406,10,10
36,-0.002104454440996051,0.0021044015884399414,10,10
37,-0.0021065659821033478,0.0021065473556518555,10,10
38,-0.0026999025139957666,0.0026998519897460938,10,10
39,-0.002826932119205594,0.0028269290924072266,10,10
40,-0.003713733283802867,0.0037137269973754883,10,10
41,-0.00490033021196723,0.004900336265563965,10,10
42,-0.006125571206212044,0.0061255693435668945,10,10
43,-0.007276609074324369,0.007276654243469238,10,10
44,-0.00952059868723154,0.009520649909973145,10,10
45,-0.011087821796536446,0.011087801307439804,10,10
46,-0.014367575757205486,0.01436758041381836,10,10
47,-0.017632735893130302,0.017632722854614258,10,10
48,-0.02322014980018139,0.023220181465148926,10,10
49,-0.029732009395956993,0.02973204478621483,10,10
50,-0.037767548114061356,0.03776752948760986,10,10
51,-0.03828055411577225,0.038280606269836426,10,10
52,-0.038294754922389984,0.03829479217529297,10,10
53,-0.03745748847723007,0.03745752200484276,10,10
54,-0.03769651800394058,0.03428781032562256,10,10
55,-0.0373716875910759,0.03737163543701172,10,10
56,-0.037688110023736954,0.03768813610076904,10,10
57,-0.03860975429415703,0.03860974311828613,10,10
58,-0.03847575932741165,0.038475751876831055,10,10
59,-0.03834042325615883,0.03534800186753273,10,10
60,-0.03873567655682564,0.03873562067747116,10,10
61,-0.038632918149232864,0.038632869720458984,10,10
62,-0.038333356380462646,0.03833341598510742,10,10
63,-0.03850676491856575,0.03850673884153366,10,10
0,0.03491806611418724,0.03491811826825142,0,10
1,0.029672883450984955,0.029672930017113686,0,10
2,0.025762060657143593,0.025762101635336876,0,10
3,0.021185586228966713,0.021185630932450294,0,10
4,0.017345940694212914,0.01734599843621254,0,10
5,0.01432807557284832,0.014328108169138432,0,10
6,0.011255496181547642,0.011255509220063686,0,10
7,0.007850035093724728,0.007850086316466331,0,10
8,0.007112391293048859,0.007112402003258467,0,10
9,0.005794718861579895,0.005794712342321873,0,10
10,0.00443953787907958,0.004439533222466707,0,10
11,0.003559248521924019,0.0035439631901681423,0,10
12,0.0020932236220687628,0.001913045416586101,0,10
13,0.0018058597343042493,0.0017902444815263152,0,10
14,0.000993622001260519,0.0009936318965628743,0,10
15,0.0014648244250565767,0.0014648438664153218,0,10
16,0.0008913811179809272,0.0008913871715776622,0,10
17,0.0010890602134168148,0.001089115859940648,0,10
18,-0.00011448391160229221,0.00011444091796875,10,10
19,0.0004381255421321839,0.0004381728358566761,0,10
20,0.0006069241208024323,0.0006068842485547066,0,10
21,-0.0004352308460511267,0.00043523311614990234,10,10
22,3.177556209266186e-05,3.179440682288259e-05,0,10
23,-0.00018385538714937866,0.0001838207244873047,10,10
24,-0.0002379659708822146,0.00023794174194335938,10,10
25,-0.00031416083220392466,0.00031415963894687593,10,10
26,-0.000140014395583421,0.00013208389282226562,10,10
27,-0.00015101354802027345,0.00015103816986083984,10,10
28,0.0001920010836329311,0.00019198375230189413,0,10
29,-0.00027588108787313104,0.0002758502960205078,10,10
30,0.0001597263471921906,0.00014794259914197028,0,10
31,-0.00045299279736354947,0.00045299530029296875,10,10
32,-0.0011310932459309697,0.0010625123977661133,10,10
33,-0.0011259866878390312,0.001126016490161419,10,10
34,-0.0013495668536052108,0.0013495683670043945,10,10
35,-0.0012573730200529099,0.0012574195861816406,10,10
36,-0.002104454440996051,0.0021044015884399414,10,10
37,-0.0021065659821033478,0.002106588799506426,10,10
38,-0.0026999025139957666,0.002699853153899312,10,10
39,-0.002826932119205594,0.0028269290924072266,10,10
40,-0.003713733283802867,0.0037137316539883614,10,10
41,-0.00490033021196723,0.004830479621887207,10,10
42,-0.006125571206212044,0.0061255693435668945,10,10
43,-0.007276609074324369,0.007276654243469238,10,10
44,-0.00952059868723154,0.009520649909973145,10,10
45,-0.011087821796536446,0.011087869293987751,10,10
46,-0.014367575757205486,0.01436758041381836,10,10
47,-0.017632735893130302,0.017632722854614258,10,10
48,-0.02322014980018139,0.021559303626418114,10,10
49,-0.029732009395956993,0.029350874945521355,10,10
50,-0.037767548114061356,0.035626400262117386,10,10
51,-0.03828055411577225,0.038280583918094635,10,10
52,-0.038294754922389984,0.0382947213947773,10,10
53,-0.03745748847723007,0.03745746612548828,10,10
54,-0.03769651800394058,0.0376964807510376,10,10
55,-0.0373716875910759,0.03737163543701172,10,10
56,-0.037688110023736954,0.03768813610076904,10,10
57,-0.03860975429415703,0.03860974311828613,10,10
58,-0.03847575932741165,0.038475800305604935,10,10
59,-0.03834042325615883,0.03834044933319092,10,10
60,-0.03873567655682564,0.03873562812805176,10,10
61,-0.038632918149232864,0.038632892072200775,10,10
62,-0.038333356380462646,0.036478519439697266,10,10
63,-0.03850676491856575,0.03850674629211426,10,10
64,-0.037860237061977386,0.03786027431488037,10,10
0,0.03491806611418724,0.03491812199354172,0,10
1,0.029672883450984955,0.029672911390662193,0,10
2,0.025762060657143593,0.02576211281120777,0,10
3,0.021185586228966713,0.021185634657740593,0,10
4,0.017345940694212914,0.017345990985631943,0,10
5,0.01432807557284832,0.0143281240016222,0,10
6,0.011255496181547642,0.01125555019825697,0,10
7,0.007850035093724728,0.00785006769001484,0,10
8,0.007112391293048859,0.007112396880984306,0,10
9,0.005794718861579895,0.005794730503112078,0,10
10,0.00443953787907958,0.004439568147063255,0,10
11,0.003559248521924019,0.0035592992790043354,0,10
12,0.0020932236220687628,0.0019358309218659997,0,10
13,0.0018058597343042493,0.0018059121211990714,0,10
14,0.000993622001260519,0.000993605819530785,0,10
15,0.0014648244250565767,0.0014648149954155087,0,10
16,0.0008913811179809272,0.0008913965430110693,0,10
17,0.0010890602134168148,0.001089103170670569,0,10
18,-0.00011448391160229221,0.00011444366100477055,10,10
19,0.0004381255421321839,0.0004381540056783706,0,10
20,0.0006069241208024323,0.0006069501978345215,0,10
21,-0.0004352308460511267,0.00043523311614990234,10,10
22,3.177556209266186e-05,3.182923319400288e-05,0,10
23,-0.00018385538714937866,0.0001838207244873047,10,10
24,-0.0002379659708822146,0.00023794174194335938,10,10
25,-0.00031416083220392466,0.00031420131563208997,10,10
26,-0.000140014395583421,0.00013904037768952549,10,10
27,-0.00015101354802027345,0.00013685226440429688,10,10
28,0.0001920010836329311,0.00019194306514691561,0,10
29,-0.00027588108787313104,0.0002758502960205078,10,10
30,0.0001597263471921906,0.0001596891670487821,0,10
31,-0.00045299279736354947,0.00045299530029296875,10,10
32,-0.0011310932459309697,0.0011310609988868237,10,10
33,-0.0011259866878390312,0.001125931739807129,10,10
34,-0.0013495668536052108,0.0013495928142219782,10,10
35,-0.0012573730200529099,0.0012574195861816406,10,10
36,-0.002104454440996051,0.0021044015884399414,10,10
37,-0.0021065659821033478,0.002106619067490101,10,10
38,-0.0026999025139957666,0.0025391578674316406,10,10
39,-0.002826932119205594,0.0028269444592297077,10,10
40,-0.003713733283802867,0.0037137269973754883,10,10
41,-0.00490033021196723,0.004900336265563965,10,10
42,-0.006125571206212044,0.0061255693435668945,10,10
43,-0.007276609074324369,0.007276654243469238,10,10
44,-0.00952059868723154,0.009520649909973145,10,10
45,-0.011087821796536446,0.011087863706052303,10,10
46,-0.014367575757205486,0.014367629773914814,10,10
47,-0.017632735893130302,0.017632678151130676,10,10
48,-0.02322014980018139,0.02322012186050415,10,10
49,-0.029732009395956993,0.02973198890686035,10,10
50,-0.037767548114061356,0.037767525762319565,10,10
51,-0.03828055411577225,0.038280609995126724,10,10
52,-0.038294754922389984,0.03829479217529297,10,10
53,-0.03745748847723007,0.037457529455423355,10,10
54,-0.03769651800394058,0.037696510553359985,10,10
55,-0.0373716875910759,0.03737163543701172,10,10
56,-0.037688110023736954,0.03768813610076904,10,10
57,-0.03860975429415703,0.03860970586538315,10,10
58,-0.03847575932741165,0.038475751876831055,10,10
59,-0.03834042325615883,0.038340456783771515,10,10
60,-0.03873567655682564,0.03873562812805176,10,10
61,-0.038632918149232864,0.03863288089632988,10,10
62,-0.038333356380462646,0.03833341598510742,10,10
63,-0.03850676491856575,0.03850674629211426,10,10
64,-0.037860237061977386,0.03786029294133186,10,10
65,-0.03780272230505943,0.037802696228027344,10,10
0,0.03491806611418724,0.03491812199354172,0,10
1,0.029672883450984955,0.02967291884124279,0,10
2,0.025762060657143593,0.02576211467385292,0,10
3,0.021185586228966713,0.021185636520385742,0,10
4,0.017345940694212914,0.017345989122986794,0,10
5,0.01432807557284832,0.014328116551041603,0,10
6,0.011255496181547642,0.011255537159740925,0,10
7,0.007850035093724728,0.007850092835724354,0,10
8,0.007112391293048859,0.007112425286322832,0,10
9,0.005794718861579895,0.0057947770692408085,0,10
10,0.00443953787907958,0.004439572803676128,0,10
11,0.003559248521924019,0.0035592657513916492,0,10
12,0.0020932236220687628,0.0020485902205109596,0,10
13,0.0018058597343042493,0.0018058980349451303,0,10
14,0.000993622001260519,0.0009935629786923528,0,10
15,0.0014648244250565767,0.0014647773932665586,0,10
16,0.0008913811179809272,0.0008913894998840988,0,10
17,0.0010890602134168148,0.00108909304253757,0,10
18,-0.00011448391160229221,0.00011444091796875,10,10
19,0.0004381255421321839,0.00043806922622025013,0,10
20,0.0006069241208024323,0.0006069228402338922,0,10
21,-0.0004352308460511267,0.00043523311614990234,10,10
22,3.177556209266186e-05,3.1819497962715104e-05,0,10
23,-0.00018385538714937866,0.00018387709860689938,10,10
24,-0.0002379659708822146,0.00023794174194335938,10,10
25,-0.00031416083220392466,0.00031420006416738033,10,10
26,-0.000140014395583421,0.00014007091522216797,10,10
27,-0.00015101354802027345,0.00015101073950063437,10,10
28,0.0001920010836329311,0.0001920503709698096,0,10
29,-0.00027588108787313104,0.0002758502960205078,10,10
30,0.0001597263471921906,0.0001597749360371381,0,10
31,-0.00045299279736354947,0.0004530475416686386,10,10
32,-0.0011310932459309697,0.0011310577392578125,10,10
33,-0.0011259866878390312,0.001125931739807129,10,10
34,-0.0013495668536052108,0.0013495683670043945,10,10
35,-0.0012573730200529099,0.0012574195861816406,10,10
36,-0.002104454440996051,0.0021044015884399414,10,10
37,-0.0021065659821033478,0.0021065473556518555,10,10
38,-0.0026999025139957666,0.0026998519897460938,10,10
39,-0.002826932119205594,0.0028269290924072266,10,10
40,-0.003713733283802867,0.0037137269973754883,10,10
41,-0.00490033021196723,0.0049003674648702145,10,10
42,-0.006125571206212044,0.0061255889013409615,10,10
43,-0.007276609074324369,0.007276654243469238,10,10
44,-0.00952059868723154,0.009520649909973145,10,10
45,-0.011087821796536446,0.011087775230407715,10,10
46,-0.014367575757205486,0.01436758041381836,10,10
47,-0.017632735893130302,0.0168613214045763,10,10
48,-0.02322014980018139,0.023220181465148926,10,10
49,-0.029732009395956993,0.029732059687376022,10,10
50,-0.037767548114061356,0.03776758164167404,10,10
51,-0.03828055411577225,0.038280606269836426,10,10
52,-0.038294754922389984,0.03829479217529297,10,10
53,-0.03745748847723007,0.037457484751939774,10,10
54,-0.03769651800394058,0.0376964807510376,10,10
55,-0.0373716875910759,0.037371743470430374,10,10
56,-0.037688110023736954,0.03768813610076904,10,10
57,-0.03860975429415703,0.03860979154706001,10,10
58,-0.03847575932741165,0.038475751876831055,10,10
59,-0.03834042325615883,0.03834047541022301,10,10
60,-0.03873567655682564,0.03873571380972862,10,10
61,-0.038632918149232864,0.038632869720458984,10,10
62,-0.038333356380462646,0.03833341598510742,10,10
63,-0.03850676491856575,0.03850674629211426,10,10
64,-0.037860237061977386,0.03786027431488037,10,10
65,-0.03780272230505943,0.03505361080169678,10,10
66,-0.03761334717273712,0.03761330991983414,10,10
0,0.03491806611418724,0.034918107092380524,0,10
1,0.029672883450984955,0.029672907665371895,0,10
2,0.025762060657143593,0.025762103497982025,0,10
3,0.021185586228966713,0.02118564397096634,0,10
4,0.017345940694212914,0.017345990985631943,0,10
5,0.01432807557284832,0.014328130520880222,0,10
6,0.011255496181547642,0.011255552992224693,0,10
7,0.007850035093724728,0.007850056514143944,0,10
8,0.007112391293048859,0.007112443912774324,0,10
9,0.005794718861579895,0.005794745869934559,0,10
10,0.00443953787907958,0.00443957420065999,0,10
11,0.003559248521924019,0.0035592808853834867,0,10
12,0.0020932236220687628,0.0020932655315846205,0,10
13,0.0018058597343042493,0.0018058432033285499,0,10
14,0.000993622001260519,0.0009936121059581637,0,10
15,0.0014648244250565767,0.001464839675463736,0,10
16,0.0008913811179809272,0.0008914056234061718,0,10
17,0.0010890602134168148,0.0010621779365465045,0,10
18,-0.00011448391160229221,0.00011444091796875,10,10
19,0.0004381255421321839,0.000438140268670395,0,10
20,0.0006069241208024323,0.0006069493829272687,0,10
21,-0.0004352308460511267,0.00043523311614990234,10,10
22,3.177556209266186e-05,3.1803287129150704e-05,0,10
23,-0.00018385538714937866,0.0001838495663832873,10,10
24,-0.0002379659708822146,0.00023794174194335938,10,10
25,-0.00031416083220392466,0.0003141215711366385,10,10
26,-0.000140014395583421,0.00014007091522216797,10,10
27,-0.00015101354802027345,0.00015103816986083984,10,10
28,0.0001920010836329311,0.00019203788542654365,0,10
29,-0.00027588108787313104,0.0002758502960205078,10,10
30,0.0001597263471921906,0.0001251905196113512,0,10
31,-0.00045299279736354947,0.00045299530029296875,10,10
32,-0.0011310932459309697,0.00110626220703125,10,10
33,-0.0011259866878390312,0.001125931739807129,10,10
34,-0.0013495668536052108,0.0013495683670043945,10,10
35,-0.0012573730200529099,0.001224517822265625,10,10
36,-0.002104454440996051,0.0021044015884399414,10,10
37,-0.0021065659821033478,0.0021065473556518555,10,10
38,-0.0026999025139957666,0.0026998519897460938,10,10
39,-0.002826932119205594,0.0028269467875361443,10,10
40,-0.003713733283802867,0.0037137805484235287,10,10
41,-0.00490033021196723,0.004900336265563965,10,10
42,-0.006125571206212044,0.0061255693435668945,10,10
43,-0.007276609074324369,0.007276654243469238,10,10
44,-0.00952059868723154,0.00952061265707016,10,10
45,-0.011087821796536446,0.011087775230407715,10,10
46,-0.014367575757205486,0.014367610216140747,10,10
47,-0.017632735893130302,0.017632722854614258,10,10
48,-0.02322014980018139,0.023220181465148926,10,10
49,-0.029732009395956993,0.029732048511505127,10,10
50,-0.037767548114061356,0.0372498482465744,10,10
51,-0.03828055411577225,0.03828056901693344,10,10
52,-0.038294754922389984,0.03829479217529297,10,10
53,-0.03745748847723007,0.03745746612548828,10,10
54,-0.03769651800394058,0.0376964807510376,10,10
55,-0.0373716875910759,0.037371695041656494,10,10
56,-0.037688110023736954,0.034504737704992294,10,10
57,-0.03860975429415703,0.03860974311828613,10,10
58,-0.03847575932741165,0.038475751876831055,10,10
59,-0.03834042325615883,0.038299720734357834,10,10
60,-0.03873567655682564,0.038735661655664444,10,10
61,-0.038632918149232864,0.038632869720458984,10,10
62,-0.038333356380462646,0.03833341598510742,10,10
63,-0.03850676491856575,0.03850674629211426,10,10
64,-0.037860237061977386,0.03786027431488037,10,10
65,-0.03780272230505943,0.03780271112918854,10,10
66,-0.03761334717273712,0.0376133918762207,10,10
67,-0.03801606222987175,0.03801608085632324,10,10
0,0.03491806611418724,0.03491812199354172,0,10
1,0.029672883450984955,0.02967292070388794,0,10
2,0.025762060657143593,0.025762109085917473,0,10
3,0.021185586228966713,0.02118564210832119,0,10
4,0.017345940694212914,0.017345981672406197,0,10
5,0.01432807557284832,0.014328127726912498,0,10
6,0.011255496181547642,0.011255543678998947,0,10
7,0.007850035093724728,0.007850071415305138,0,10
8,0.007112391293048859,0.007112446706742048,0,10
9,0.005794718861579895,0.005794695112854242,0,10
10,0.00443953787907958,0.004439528100192547,0,10
11,0.003559248521924019,0.0035592697095125914,0,10
12,0.0020932236220687628,0.0020932562183588743,0,10
13,0.0018058597343042493,0.0018059102585539222,0,10
14,0.000993622001260519,0.000993631430901587,0,10
15,0.0014648244250565767,0.0014648240758106112,0,10
16,0.0008913811179809272,0.0008040511165745556,0,10
17,0.0010890602134168148,0.0010890732519328594,0,10
18,-0.00011448391160229221,0.00011444091796875,10,10
19,0.0004381255421321839,0.000438174931332469,0,10
20,0.0006069241208024323,0.0006069227820262313,0,10
21,-0.0004352308460511267,0.00043523311614990234,10,10
22,3.177556209266186e-05,3.1813629902899265e-05,0,10
23,-0.00018385538714937866,0.0001838207244873047,10,10
24,-0.0002379659708822146,0.00023794174194335938,10,10
25,-0.00031416083220392466,0.0003141164779663086,10,10
26,-0.000140014395583421,0.00014007091522216797,10,10
27,-0.00015101354802027345,0.00015103816986083984,10,10
28,0.0001920010836329311,0.00017950317123904824,0,10
29,-0.00027588108787313104,0.0002758502960205078,10,10
30,0.0001597263471921906,0.00015939395234454423,0,10
31,-0.00045299279736354947,0.0004469156265258789,10,10
32,-0.0011310932459309697,0.0010999441146850586,10,10
33,-0.0011259866878390312,0.0011259689927101135,10,10
34,-0.0013495668536052108,0.001248002052307129,10,10
35,-0.0012573730200529099,0.0012574195861816406,10,10
36,-0.002104454440996051,0.002104496816173196,10,10
37,-0.0021065659821033478,0.0021065473556518555,10,10
38,-0.0026999025139957666,0.0026998519897460938,10,10
39,-0.002826932119205594,0.0028269290924072266,10,10
40,-0.003713733283802867,0.0037137751933187246,10,10
41,-0.00490033021196723,0.004900338593870401,10,10
42,-0.006125571206212044,0.006125603802502155,10,10
43,-0.007276609074324369,0.00727658998221159,10,10
44,-0.00952059868723154,0.009520649909973145,10,10
45,-0.011087821796536446,0.01108777616173029,10,10
46,-0.014367575757205486,0.014367596246302128,10,10
47,-0.017632735893130302,0.017632722854614258,10,10
48,-0.02322014980018139,0.023220205679535866,10,10
49,-0.029732009395956993,0.02973204478621483,10,10
50,-0.037767548114061356,0.037767570465803146,10,10
51,-0.03828055411577225,0.038280606269836426,10,10
52,-0.038294754922389984,0.03829478472471237,10,10
53,-0.03745748847723007,0.03745746612548828,10,10
54,-0.03769651800394058,0.037696536630392075,10,10
55,-0.0373716875910759,0.03737163543701172,10,10
56,-0.037688110023736954,0.037688132375478745,10,10
57,-0.03860975429415703,0.03860975801944733,10,10
58,-0.03847575932741165,0.038475751876831055,10,10
59,-0.03834042325615883,0.03834044933319092,10,10
60,-0.03873567655682564,0.03873565420508385,10,10
61,-0.038632918149232864,0.038632869720458984,10,10
62,-0.038333356380462646,0.03701406344771385,10,10
63,-0.03850676491856575,0.038506705313920975,10,10
64,-0.037860237061977386,0.0369030237197876,10,10
65,-0.03780272230505943,0.037802696228027344,10,10
66,-0.03761334717273712,0.0376133918762207,10,10
67,-0.03801606222987175,0.037129998207092285,10,10
68,-0.037355780601501465,0.037355780601501465,10,10
0,0.03491806611418724,0.03491811081767082,0,10
1,0.029672883450984955,0.029672924429178238,0,10
2,0.025762060657143593,0.025762107223272324,0,10
3,0.021185586228966713,0.02118564397096634,0,10
4,0.017345940694212914,0.017345987260341644,0,10
5,0.01432807557284832,0.014328128658235073,0,10
6,0.011255496181547642,0.01125555019825697,0,10
7,0.007850035093724728,0.007850077003240585,0,10
8,0.007112391293048859,0.00711243599653244,0,10
9,0.005794718861579895,0.005794761702418327,0,10
10,0.00443953787907958,0.004439555108547211,0,10
11,0.003559248521924019,0.0034960531629621983,0,10
12,0.0020932236220687628,0.002093277871608734,0,10
13,0.0018058597343042493,0.0018058775458484888,0,10
14,0.000993622001260519,0.000993582303635776,0,10
15,0.0014648244250565767,0.0014647870557382703,0,10
16,0.0008913811179809272,0.000891363073606044,0,10
17,0.0010890602134168148,0.001089019700884819,0,10
18,-0.00011448391160229221,0.00011444091796875,10,10
19,0.0004381255421321839,0.0004380777827464044,0,10
20,0.0006069241208024323,0.000606946530751884,0,10
21,-0.0004352308460511267,0.0004254579544067383,10,10
22,3.177556209266186e-05,3.178181577823125e-05,0,10
23,-0.00018385538714937866,0.0001838851167121902,10,10
24,-0.0002379659708822146,0.00023794174194335938,10,10
25,-0.00031416083220392466,0.00031415827106684446,10,10
26,-0.000140014395583421,0.00014007091522216797,10,10
27,-0.00015101354802027345,0.00015103816986083984,10,10
28,0.0001920010836329311,0.00019197177607566118,0,10
29,-0.00027588108787313104,0.0002758502960205078,10,10
30,0.0001597263471921906,0.0001597744267201051,0,10
31,-0.00045299279736354947,0.0004530275473371148,10,10
32,-0.0011310932459309697,0.0011310887057334185,10,10
33,-0.0011259866878390312,0.0011260260362178087,10,10
34,-0.0013495668536052108,0.0012897253036499023,10,10
35,-0.0012573730200529099,0.0012574023567140102,10,10
36,-0.002104454440996051,0.002104479819536209,10,10
37,-0.0021065659821033478,0.0021065473556518555,10,10
38,-0.0026999025139957666,0.0026999146211892366,10,10
39,-0.002826932119205594,0.0028269290924072266,10,10
40,-0.003713733283802867,0.00371369207277894,10,10
41,-0.00490033021196723,0.004900336265563965,10,10
42,-0.006125571206212044,0.0061256252229213715,10,10
43,-0.007276609074324369,0.007276654243469238,10,10
44,-0.00952059868723154,0.009520649909973145,10,10
45,-0.011087821796536446,0.011087775230407715,10,10
46,-0.014367575757205486,0.014367621392011642,10,10
47,-0.017632735893130302,0.017548084259033203,10,10
48,-0.02322014980018139,0.023220181465148926,10,10
49,-0.029732009395956993,0.02973198890686035,10,10
50,-0.037767548114061356,0.03776752948760986,10,10
51,-0.03828055411577225,0.0382753349840641,10,10
52,-0.038294754922389984,0.03829479217529297,10,10
53,-0.03745748847723007,0.03745749965310097,10,10
54,-0.03769651800394058,0.0376964807510376,10,10
55,-0.0373716875910759,0.03737163543701172,10,10
56,-0.037688110023736954,0.03768816590309143,10,10
57,-0.03860975429415703,0.03860974311828613,10,10
58,-0.03847575932741165,0.038475751876831055,10,10
59,-0.03834042325615883,0.03762655705213547,10,10
60,-0.03873567655682564,0.03778409957885742,10,10
61,-0.038632918149232864,0.038632892072200775,10,10
62,-0.038333356380462646,0.03833341598510742,10,10
63,-0.03850676491856575,0.03850674629211426,10,10
64,-0.037860237061977386,0.03786018490791321,10,10
65,-0.03780272230505943,0.03780270367860794,10,10
66,-0.03761334717273712,0.03758916258811951,10,10
67,-0.03801606222987175,0.03801608085632324,10,10
68,-0.037355780601501465,0.037355780601501465,10,10
69,-0.038624927401542664,0.038624927401542664,10,10
0,0.03491806611418724,0.03491811826825142,0,10
1,0.029672883450984955,0.029672930017113686,0,10
2,0.025762060657143593,0.02576211653649807,0,10
3,0.021185586228966713,0.02118564397096634,0,10
4,0.017345940694212914,0.017345990985631943,0,10
5,0.01432807557284832,0.014328129589557648,0,10
6,0.011255496181547642,0.011255539022386074,0,10
7,0.007850035093724728,0.007850089110434055,0,10
8,0.007112391293048859,0.007112442050129175,0,10
9,0.005794718861579895,0.0057946923188865185,0,10
10,0.00443953787907958,0.0044394913129508495,0,10
11,0.003559248521924019,0.003559225471690297,0,10
12,0.0020932236220687628,0.002093266462907195,0,10
13,0.0018058597343042493,0.0018058164278045297,0,10
14,0.000993622001260519,0.000993639463558793,0,10
15,0.0014648244250565767,0.001464816159568727,0,10
16,0.0008913811179809272,0.0008913737256079912,0,10
17,0.0010890602134168148,0.0010890968842431903,0,10
18,-0.00011448391160229221,0.00011444091796875,10,10
19,0.0004381255421321839,0.000438166520325467,0,10
20,0.0006069241208024323,0.0006069818045943975,0,10
21,-0.0004352308460511267,0.00043523311614990234,10,10
22,3.177556209266186e-05,3.1781230063643306e-05,0,10
23,-0.00018385538714937866,0.0001838418102124706,10,10
24,-0.0002379659708822146,0.00023794174194335938,10,10
25,-0.00031416083220392466,0.0003141164779663086,10,10
26,-0.000140014395583421,0.00014007091522216797,10,10
27,-0.00015101354802027345,0.00015103816986083984,10,10
28,0.0001920010836329311,0.00019205687567591667,0,10
29,-0.00027588108787313104,0.0002758502960205078,10,10
30,0.0001597263471921906,0.00015968548541422933,0,10
31,-0.00045299279736354947,0.00045302658691070974,10,10
32,-0.0011310932459309697,0.0011310577392578125,10,10
33,-0.0011259866878390312,0.001125931739807129,10,10
34,-0.0013495668536052108,0.0013496187748387456,10,10
35,-0.0012573730200529099,0.0012574195861816406,10,10
36,-0.002104454440996051,0.002104443032294512,10,10
37,-0.0021065659821033478,0.0021065473556518555,10,10
38,-0.0026999025139957666,0.0026998654939234257,10,10
39,-0.002826932119205594,0.0028269290924072266,10,10
40,-0.003713733283802867,0.0037137269973754883,10,10
41,-0.00490033021196723,0.004900336265563965,10,10
42,-0.006125571206212044,0.0061255889013409615,10,10
43,-0.007276609074324369,0.007276654243469238,10,10
44,-0.00952059868723154,0.009520649909973145,10,10
45,-0.011087821796536446,0.011087869293987751,10,10
46,-0.014367575757205486,0.01436758041381836,10,10
47,-0.017632735893130302,0.017632722854614258,10,10
48,-0.02322014980018139,0.023220181465148926,10,10
49,-0.029732009395956993,0.0297319944947958,10,10
50,-0.037767548114061356,0.03776755556464195,10,10
51,-0.03828055411577225,0.03784775733947754,10,10
52,-0.038294754922389984,0.03829478472471237,10,10
53,-0.03745748847723007,0.03701126575469971,10,10
54,-0.03769651800394058,0.037696462124586105,10,10
55,-0.0373716875910759,0.03737163543701172,10,10
56,-0.037688110023736954,0.0309774000197649,10,10
57,-0.03860975429415703,0.03860979527235031,10,10
58,-0.03847575932741165,0.033541083335876465,10,10
59,-0.03834042325615883,0.03717872500419617,10,10
60,-0.03873567655682564,0.03873571380972862,10,10
61,-0.038632918149232864,0.038632940500974655,10,10
62,-0.038333356380462646,0.03833341598510742,10,10
63,-0.03850676491856575,0.03850680962204933,10,10
64,-0.037860237061977386,0.03786022216081619,10,10
65,-0.03780272230505943,0.037802696228027344,10,10
66,-0.03761334717273712,0.03449356555938721,10,10
67,-0.03801606222987175,0.03801608085632324,10,10
68,-0.037355780601501465,0.037355780601501465,10,10
69,-0.038624927401542664,0.038624972105026245,10,10
70,-0.03777141869068146,0.03777146339416504,10,10
0,0.03491806611418724,0.03491812199354172,0,10
1,0.029672883450984955,0.029672933742403984,0,10
2,0.025762060657143593,0.02576211467385292,0,10
3,0.021185586228966713,0.021185630932450294,0,10
4,0.017345940694212914,0.017345968633890152,0,10
5,0.01432807557284832,0.014328112825751305,0,10
6,0.011255496181547642,0.011255552060902119,0,10
7,0.007850035093724728,0.007850086316466331,0,10
8,0.007112391293048859,0.007112441118806601,0,10
9,0.005794718861579895,0.005794761702418327,0,10
10,0.00443953787907958,0.00443951366469264,0,10
11,0.003559248521924019,0.003559236414730549,0,10
12,0.0020932236220687628,0.0020932615734636784,0,10
13,0.0018058597343042493,0.0018058251589536667,0,10
14,0.000993622001260519,0.0009936459828168154,0,10
15,0.0014648244250565767,0.0014648298965767026,0,10
16,0.0008913811179809272,0.0008913998608477414,0,10
17,0.0010890602134168148,0.0010890864068642259,0,10
18,-0.00011448391160229221,0.00011444091796875,10,10
19,0.0004381255421321839,0.00043816916877403855,0,10
20,0.0006069241208024323,0.0006069205119274557,0,10
21,-0.0004352308460511267,0.00043524435022845864,10,10
22,3.177556209266186e-05,3.1823987228563055e-05,0,10
23,-0.00018385538714937866,0.0001838509924709797,10,10
24,-0.0002379659708822146,0.00023794174194335938,10,10
25,-0.00031416083220392466,0.0003141164779663086,10,10
26,-0.000140014395583421,0.00014005255070514977,10,10
27,-0.00015101354802027345,0.0001509566354798153,10,10
28,0.0001920010836329311,0.00019202774274162948,0,10
29,-0.00027588108787313104,0.0002758502960205078,10,10
30,0.0001597263471921906,0.00015974244161043316,0,10
31,-0.00045299279736354947,0.00045299530029296875,10,10
32,-0.0011310932459309697,0.0011310577392578125,10,10
33,-0.0011259866878390312,0.001125931739807129,10,10
34,-0.0013495668536052108,0.0013495683670043945,10,10
35,-0.0012573730200529099,0.0012574195861816406,10,10
36,-0.002104454440996051,0.002073526382446289,10,10
37,-0.0021065659821033478,0.0021065473556518555,10,10
38,-0.0026999025139957666,0.002699866658076644,10,10
39,-0.002826932119205594,0.0028269351460039616,10,10
40,-0.003713733283802867,0.0037137269973754883,10,10
41,-0.00490033021196723,0.004900312051177025,10,10
42,-0.006125571206212044,0.0061255693435668945,10,10
43,-0.007276609074324369,0.007276654243469238,10,10
44,-0.00952059868723154,0.009520649909973145,10,10
45,-0.011087821796536446,0.011087775230407715,10,10
46,-0.014367575757205486,0.014367629773914814,10,10
47,-0.017632735893130302,0.017632722854614258,10,10
48,-0.02322014980018139,0.020951271057128906,10,10
49,-0.029732009395956993,0.02973198890686035,10,10
50,-0.037767548114061356,0.03776752948760986,10,10
51,-0.03828055411577225,0.038280606269836426,10,10
52,-0.038294754922389984,0.03829479217529297,10,10
53,-0.03745748847723007,0.03745746612548828,10,10
54,-0.03769651800394058,0.0376964807510376,10,10
55,-0.0373716875910759,0.03737163543701172,10,10
56,-0.037688110023736954,0.03768813610076904,10,10
57,-0.03860975429415703,0.03860974311828613,10,10
58,-0.03847575932741165,0.038475751876831055,10,10
59,-0.03834042325615883,0.03834041953086853,10,10
60,-0.03873567655682564,0.038735728710889816,10,10
61,-0.038632918149232864,0.03863294795155525,10,10
62,-0.038333356380462646,0.03833341598510742,10,10
63,-0.03850676491856575,0.03850674629211426,10,10
64,-0.037860237061977386,0.03660973906517029,10,10
65,-0.03780272230505943,0.037061408162117004,10,10
66,-0.03761334717273712,0.03262317180633545,10,10
67,-0.03801606222987175,0.03801608085632324,10,10
68,-0.037355780601501465,0.037355780601501465,10,10
69,-0.038624927401542664,0.038624901324510574,10,10
70,-0.03777141869068146,0.03777143731713295,10,10
71,-0.03771744668483734,0.037717461585998535,10,10
0,0.03491806611418724,0.03491812199354172,0,10
1,0.029672883450984955,0.029672931879758835,0,10
2,0.025762060657143593,0.02576211281120777,0,10
3,0.021185586228966713,0.02118564210832119,0,10
4,0.017345940694212914,0.017345992848277092,0,10
5,0.01432807557284832,0.014328126795589924,0,10
6,0.011255496181547642,0.01125555019825697,0,10
7,0.007850035093724728,0.007850093767046928,0,10
8,0.007112391293048859,0.00711244298145175,0,10
9,0.005794718861579895,0.005794772412627935,0,10
10,0.00443953787907958,0.0044395592994987965,0,10
11,0.003559248521924019,0.003559298813343048,0,10
12,0.0020932236220687628,0.0020932285115122795,0,10
13,0.0018058597343042493,0.001805859967134893,0,10
14,0.000993622001260519,0.0009936339920386672,0,10
15,0.0014648244250565767,0.0014648392098024487,0,10
16,0.0008913811179809272,0.0008913720957934856,0,10
17,0.0010890602134168148,0.0010890922276303172,0,10
18,-0.00011448391160229221,0.00011444091796875,10,10
19,0.0004381255421321839,0.00043807117617689073,0,10
20,0.0006069241208024323,0.0006069447845220566,0,10
21,-0.0004352308460511267,0.00042188167572021484,10,10
22,3.177556209266186e-05,3.174418452545069e-05,0,10
23,-0.00018385538714937866,0.000183886440936476,10,10
24,-0.0002379659708822146,0.00023794174194335938,10,10
25,-0.00031416083220392466,0.00031411403324455023,10,10
26,-0.000140014395583421,0.00014007091522216797,10,10
27,-0.00015101354802027345,0.00015103816986083984,10,10
28,0.0001920010836329311,0.00018593863933347166,0,10
29,-0.00027588108787313104,0.0002758529444690794,10,10
30,0.0001597263471921906,0.0001597634982317686,0,10
31,-0.00045299279736354947,0.00045299530029296875,10,10
32,-0.0011310932459309697,0.0011310577392578125,10,10
33,-0.0011259866878390312,0.0011020898818969727,10,10
34,-0.0013495668536052108,0.0013495683670043945,10,10
35,-0.0012573730200529099,0.0012574195861816406,10,10
36,-0.002104454440996051,0.002104479819536209,10,10
37,-0.0021065659821033478,0.0021065473556518555,10,10
38,-0.0026999025139957666,0.0026998519897460938,10,10
39,-0.002826932119205594,0.0028269290924072266,10,10
40,-0.003713733283802867,0.003713722340762615,10,10
41,-0.00490033021196723,0.004900386091321707,10,10
42,-0.006125571206212044,0.00612562196329236,10,10
43,-0.007276609074324369,0.007276654243469238,10,10
44,-0.00952059868723154,0.009520649909973145,10,10
45,-0.011087821796536446,0.011087775230407715,10,10
46,-0.014367575757205486,0.01436758041381836,10,10
47,-0.017632735893130302,0.017632722854614258,10,10
48,-0.02322014980018139,0.023220205679535866,10,10
49,-0.029732009395956993,0.029732057824730873,10,10
50,-0.037767548114061356,0.03776752948760986,10,10
51,-0.03828055411577225,0.038280606269836426,10,10
52,-0.038294754922389984,0.038294777274131775,10,10
53,-0.03745748847723007,0.034769415855407715,10,10
54,-0.03769651800394058,0.037696536630392075,10,10
55,-0.0373716875910759,0.037371695041656494,10,10
56,-0.037688110023736954,0.03768813610076904,10,10
57,-0.03860975429415703,0.03860979154706001,10,10
58,-0.03847575932741165,0.038475751876831055,10,10
59,-0.03834042325615883,0.03627181053161621,10,10
60,-0.03873567655682564,0.03873562812805176,10,10
61,-0.038632918149232864,0.03863294795155525,10,10
62,-0.038333356380462646,0.038333311676979065,10,10
63,-0.03850676491856575,0.03850674629211426,10,10
64,-0.037860237061977386,0.03786027431488037,10,10
65,-0.03780272230505943,0.037802696228027344,10,10
66,-0.03761334717273712,0.0376133918762207,10,10
67,-0.03801606222987175,0.03801608830690384,10,10
68,-0.037355780601501465,0.037355780601501465,10,10
69,-0.038624927401542664,0.03862488269805908,10,10
70,-0.03777141869068146,0.03777146339416504,10,10
71,-0.03771744668483734,0.037717461585998535,10,10
72,-0.03761538490653038,0.037615418434143066,10,10
0,0.03491806611418724,0.03491812199354172,0,10
1,0.029672883450984955,0.029672937467694283,0,10
2,0.025762060657143593,0.02576211653649807,0,10
3,0.021185586228966713,0.021185634657740593,0,10
4,0.017345940694212914,0.01734599657356739,0,10
5,0.01432807557284832,0.01432812586426735,0,10
6,0.011255496181547642,0.011255543678998947,0,10
7,0.007850035093724728,0.007850093767046928,0,10
8,0.007112391293048859,0.007112445775419474,0,10
9,0.005794718861579895,0.0057947454042732716,0,10
10,0.00443953787907958,0.0044395811855793,0,10
11,0.003559248521924019,0.0035592468921095133,0,10
12,0.0020932236220687628,0.0020932210609316826,0,10
13,0.0018058597343042493,0.0017858690116554499,0,10
14,0.000993622001260519,0.0009936720598489046,0,10
15,0.0014648244250565767,0.0014648346696048975,0,10
16,0.0008913811179809272,0.0008913474739529192,0,10
17,0.0010890602134168148,0.0010890669655054808,0,10
18,-0.00011448391160229221,0.00011444091796875,10,10
19,0.0004381255421321839,0.00043810755596496165,0,10
20,0.0006069241208024323,0.0006068800576031208,0,10
21,-0.0004352308460511267,0.00043022632598876953,10,10
22,3.177556209266186e-05,3.182848377036862e-05,0,10
23,-0.00018385538714937866,0.00018386771262157708,10,10
24,-0.0002379659708822146,0.00023799457994755358,10,10
25,-0.00031416083220392466,0.0003141164779663086,10,10
26,-0.000140014395583421,0.00014007091522216797,10,10
27,-0.00015101354802027345,0.00015103816986083984,10,10
28,0.0001920010836329311,0.0001920130307553336,0,10
29,-0.00027588108787313104,0.0002758502960205078,10,10
30,0.0001597263471921906,0.00015973945846781135,0,10
31,-0.00045299279736354947,0.000453051965450868,10,10
32,-0.0011310932459309697,0.0011310577392578125,10,10
33,-0.0011259866878390312,0.0011260344181209803,10,10
34,-0.0013495668536052108,0.0013495683670043945,10,10
35,-0.0012573730200529099,0.0012574195861816406,10,10
36,-0.002104454440996051,0.0021044262684881687,10,10
37,-0.0021065659821033478,0.0021065473556518555,10,10
38,-0.0026999025139957666,0.002699865959584713,10,10
39,-0.002826932119205594,0.0028269290924072266,10,10
40,-0.003713733283802867,0.0037137269973754883,10,10
41,-0.00490033021196723,0.004900279920548201,10,10
42,-0.006125571206212044,0.0061255693435668945,10,10
43,-0.007276609074324369,0.007276654243469238,10,10
44,-0.00952059868723154,0.009520582854747772,10,10
45,-0.011087821796536446,0.011087869293987751,10,10
46,-0.014367575757205486,0.01436758041381836,10,10
47,-0.017632735893130302,0.017632747069001198,10,10
48,-0.02322014980018139,0.023220181465148926,10,10
49,-0.029732009395956993,0.02973198890686035,10,10
50,-0.037767548114061356,0.03776752948760986,10,10
51,-0.03828055411577225,0.038280606269836426,10,10
52,-0.038294754922389984,0.03829479217529297,10,10
53,-0.03745748847723007,0.03745746612548828,10,10
54,-0.03769651800394058,0.0376964807510376,10,10
55,-0.0373716875910759,0.03737163543701172,10,10
56,-0.037688110023736954,0.03768813610076904,10,10
57,-0.03860975429415703,0.03629210218787193,10,10
58,-0.03847575932741165,0.038475751876831055,10,10
59,-0.03834042325615883,0.03834044933319092,10,10
60,-0.03873567655682564,0.038735657930374146,10,10
61,-0.038632918149232864,0.03863295167684555,10,10
62,-0.038333356380462646,0.03833341598510742,10,10
63,-0.03850676491856575,0.03850674629211426,10,10
64,-0.037860237061977386,0.0350034236907959,10,10
65,-0.03780272230505943,0.03780277445912361,10,10
66,-0.03761334717273712,0.0376133918762207,10,10
67,-0.03801606222987175,0.03801603242754936,10,10
68,-0.037355780601501465,0.037355780601501465,10,10
69,-0.038624927401542664,0.035149455070495605,10,10
70,-0.03777141869068146,0.03777143731713295,10,10
71,-0.03771744668483734,0.037717461585998535,10,10
72,-0.03761538490653038,0.037615418434143066,10,10
73,-0.0375271774828434,0.03752720355987549,10,10
0,0.03491806611418724,0.03491811826825142,0,10
1,0.029672883450984955,0.02967294119298458,0,10
2,0.025762060657143593,0.025762099772691727,0,10
3,0.021185586228966713,0.021185602992773056,0,10
4,0.017345940694212914,0.01734599843621254,0,10
5,0.01432807557284832,0.014328088611364365,0,10
6,0.011255496181547642,0.011255552060902119,0,10
7,0.007850035093724728,0.00785009190440178,0,10
8,0.007112391293048859,0.007112409919500351,0,10
9,0.005794718861579895,0.005794755648821592,0,10
10,0.00443953787907958,0.004439552314579487,0,10
11,0.003559248521924019,0.003559236414730549,0,10
12,0.0020932236220687628,0.0020932003390043974,0,10
13,0.0018058597343042493,0.0018059108406305313,0,10
14,0.000993622001260519,0.000993648893199861,0,10
15,0.0014648244250565767,0.001433280180208385,0,10
16,0.0008913811179809272,0.0008913524798117578,0,10
17,0.0010890602134168148,0.0010890965349972248,0,10
18,-0.00011448391160229221,0.00011444091796875,10,10
19,0.0004381255421321839,0.00043810828356072307,0,10
20,0.0006069241208024323,0.0006068974616937339,0,10
21,-0.0004352308460511267,0.00043523311614990234,10,10
22,3.177556209266186e-05,3.175508390995674e-05,0,10
23,-0.00018385538714937866,0.0001838207244873047,10,10
24,-0.0002379659708822146,0.0002379466750426218,10,10
25,-0.00031416083220392466,0.00031417611171491444,10,10
26,-0.000140014395583421,0.00014007091522216797,10,10
27,-0.00015101354802027345,0.00015106837963685393,10,10
28,0.0001920010836329311,0.00019196103676222265,0,10
29,-0.00027588108787313104,0.0002758502960205078,10,10
30,0.0001597263471921906,0.00015978584997355938,0,10
31,-0.00045299279736354947,0.00045299530029296875,10,10
32,-0.0011310932459309697,0.0011311027919873595,10,10
33,-0.0011259866878390312,0.001125931739807129,10,10
34,-0.0013495668536052108,0.0013495683670043945,10,10
35,-0.0012573730200529099,0.0012574195861816406,10,10
36,-0.002104454440996051,0.0021044015884399414,10,10
37,-0.0021065659821033478,0.002106607425957918,10,10
38,-0.0026999025139957666,0.00247967429459095,10,10
39,-0.002826932119205594,0.0028269290924072266,10,10
40,-0.003713733283802867,0.0037137269973754883,10,10
41,-0.00490033021196723,0.004900336265563965,10,10
42,-0.006125571206212044,0.0061255693435668945,10,10
43,-0.007276609074324369,0.007276654243469238,10,10
44,-0.00952059868723154,0.009520649909973145,10,10
45,-0.011087821796536446,0.011087862774729729,10,10
46,-0.014367575757205486,0.01436758041381836,10,10
47,-0.017632735893130302,0.017632722854614258,10,10
48,-0.02322014980018139,0.023220181465148926,10,10
49,-0.029732009395956993,0.02973198890686035,10,10
50,-0.037767548114061356,0.03776752948760986,10,10
51,-0.03828055411577225,0.038280606269836426,10,10
52,-0.038294754922389984,0.03829479217529297,10,10
53,-0.03745748847723007,0.03489477559924126,10,10
54,-0.03769651800394058,0.03769655153155327,10,10
55,-0.0373716875910759,0.03737173229455948,10,10
56,-0.037688110023736954,0.03768813610076904,10,10
57,-0.03860975429415703,0.03860974311828613,10,10
58,-0.03847575932741165,0.038475751876831055,10,10
59,-0.03834042325615883,0.03834044933319092,10,10
60,-0.03873567655682564,0.03873562812805176,10,10
61,-0.038632918149232864,0.038632869720458984,10,10
62,-0.038333356380462646,0.03833341598510742,10,10
63,-0.03850676491856575,0.03850679099559784,10,10
64,-0.037860237061977386,0.03786027431488037,10,10
65,-0.03780272230505943,0.03438415750861168,10,10
66,-0.03761334717273712,0.03761329501867294,10,10
67,-0.03801606222987175,0.038016099482774734,10,10
68,-0.037355780601501465,0.03735583275556564,10,10
69,-0.038624927401542664,0.03586500883102417,10,10
70,-0.03777141869068146,0.03777145594358444,10,10
71,-0.03771744668483734,0.037717461585998535,10,10
72,-0.03761538490653038,0.03564119338989258,10,10
73,-0.0375271774828434,0.03580772876739502,10,10
74,-0.03768450394272804,0.03768448159098625,10,10
0,0.03491806611418724,0.03491811454296112,0,10
1,0.029672883450984955,0.029672935605049133,0,10
2,0.025762060657143593,0.025762097910046577,0,10
3,0.021185586228966713,0.02118564583361149,0,10
4,0.017345940694212914,0.01734599471092224,0,10
5,0.01432807557284832,0.014328127726912498,0,10
6,0.011255496181547642,0.011255545541644096,0,10
7,0.007850035093724728,0.007850072346627712,0,10
8,0.007112391293048859,0.007112414576113224,0,10
9,0.005794718861579895,0.005794737488031387,0,10
10,0.00443953787907958,0.004439586773514748,0,10
11,0.003559248521924019,0.0035593032371252775,0,10
12,0.0020932236220687628,0.0020931686740368605,0,10
13,0.0018058597343042493,0.0018058638088405132,0,10
14,0.000993622001260519,0.0009936548303812742,0,10
15,0.0014648244250565767,0.0014648335054516792,0,10
16,0.0008913811179809272,0.0008913619676604867,0,10
17,0.0010890602134168148,0.001089027849957347,0,10
18,-0.00011448391160229221,0.00011444091796875,10,10
19,0.0004381255421321839,0.0004381509206723422,0,10
20,0.0006069241208024323,0.0006069335504435003,0,10
21,-0.0004352308460511267,0.0004351937968749553,10,10
22,3.177556209266186e-05,3.179367558914237e-05,0,10
23,-0.00018385538714937866,0.0001838207244873047,10,10
24,-0.0002379659708822146,0.00023794174194335938,10,10
25,-0.00031416083220392466,0.0003141164779663086,10,10
26,-0.000140014395583421,0.00014007091522216797,10,10
27,-0.00015101354802027345,0.00015103816986083984,10,10
28,0.0001920010836329311,0.00019204095588065684,0,10
29,-0.00027588108787313104,0.0002758502960205078,10,10
30,0.0001597263471921906,0.0001597003429196775,0,10
31,-0.00045299279736354947,0.00045299530029296875,10,10
32,-0.0011310932459309697,0.0011310577392578125,10,10
33,-0.0011259866878390312,0.0011259830789640546,10,10
34,-0.0013495668536052108,0.0013185256393626332,10,10
35,-0.0012573730200529099,0.0012574195861816406,10,10
36,-0.002104454440996051,0.0021044015884399414,10,10
37,-0.0021065659821033478,0.0021065473556518555,10,10
38,-0.0026999025139957666,0.0026998519897460938,10,10
39,-0.002826932119205594,0.0028269290924072266,10,10
40,-0.003713733283802867,0.0037137269973754883,10,10
41,-0.00490033021196723,0.004900336265563965,10,10
42,-0.006125571206212044,0.0061255693435668945,10,10
43,-0.007276609074324369,0.007276654243469238,10,10
44,-0.00952059868723154,0.009520649909973145,10,10
45,-0.011087821796536446,0.011087832041084766,10,10
46,-0.014367575757205486,0.01436758041381836,10,10
47,-0.017632735893130302,0.017632722854614258,10,10
48,-0.02322014980018139,0.02322019636631012,10,10
49,-0.029732009395956993,0.02973198890686035,10,10
50,-0.037767548114061356,0.03776752948760986,10,10
51,-0.03828055411577225,0.03828054293990135,10,10
52,-0.038294754922389984,0.03829479217529297,10,10
53,-0.03745748847723007,0.03745746612548828,10,10
54,-0.03769651800394058,0.03769649192690849,10,10
55,-0.0373716875910759,0.03737163543701172,10,10
56,-0.037688110023736954,0.03768813610076904,10,10
57,-0.03860975429415703,0.03860974311828613,10,10
58,-0.03847575932741165,0.038475751876831055,10,10
59,-0.03834042325615883,0.03834044933319092,10,10
60,-0.03873567655682564,0.03815591335296631,10,10
61,-0.038632918149232864,0.03863291069865227,10,10
62,-0.038333356380462646,0.03833341598510742,10,10
63,-0.03850676491856575,0.03850674629211426,10,10
64,-0.037860237061977386,0.03786027431488037,10,10
65,-0.03780272230505943,0.037802696228027344,10,10
66,-0.03761334717273712,0.0376133993268013,10,10
67,-0.03801606222987175,0.03801608085632324,10,10
68,-0.037355780601501465,0.03709888830780983,10,10
69,-0.038624927401542664,0.03862488269805908,10,10
70,-0.03777141869068146,0.03777146339416504,10,10
71,-0.03771744668483734,0.037717461585998535,10,10
72,-0.03761538490653038,0.037615418434143066,10,10
73,-0.0375271774828434,0.03752720355987549,10,10
74,-0.03768450394272804,0.03768455982208252,10,10
75,-0.037421293556690216,0.037421341985464096,10,10
0,0.03491806611418724,0.034918103367090225,0,10
1,0.029672883450984955,0.02967291697859764,0,10
2,0.025762060657143593,0.025762107223272324,0,10
3,0.021185586228966713,0.02118564024567604,0,10
4,0.017345940694212914,0.01734597235918045,0,10
5,0.01432807557284832,0.014328124932944775,0,10
6,0.011255496181547642,0.011255543678998947,0,10
7,0.007850035093724728,0.007850089110434055,0,10
8,0.007112391293048859,0.007112408056855202,0,10
9,0.005794718861579895,0.005794745869934559,0,10
10,0.00443953787907958,0.004439564421772957,0,10
11,0.003559248521924019,0.00355922756716609,0,10
12,0.0020932236220687628,0.002093193121254444,0,10
13,0.0018058597343042493,0.00180591840762645,0,10
14,0.000993622001260519,0.0009936265414580703,0,10
15,0.0014648244250565767,0.0014098082901909947,0,10
16,0.0008913811179809272,0.0008914312929846346,0,10
17,0.0010890602134168148,0.001065281219780445,0,10
18,-0.00011448391160229221,0.00011444091796875,10,10
19,0.0004381255421321839,0.00043807367910631,0,10
20,0.0006069241208024323,0.0006069315713830292,0,10
21,-0.0004352308460511267,0.00043528841342777014,10,10
22,3.177556209266186e-05,3.183036460541189e-05,0,10
23,-0.00018385538714937866,0.0001838207244873047,10,10
24,-0.0002379659708822146,0.0002380062942393124,10,10
25,-0.00031416083220392466,0.0003141538763884455,10,10
26,-0.000140014395583421,0.00014007091522216797,10,10
27,-0.00015101354802027345,0.00015103816986083984,10,10
28,0.0001920010836329311,0.00019198856898583472,0,10
29,-0.00027588108787313104,0.0002758502960205078,10,10
30,0.0001597263471921906,0.00015972659457474947,0,10
31,-0.00045299279736354947,0.00045299530029296875,10,10
32,-0.0011310932459309697,0.0011310577392578125,10,10
33,-0.0011259866878390312,0.0011259809834882617,10,10
34,-0.0013495668536052108,0.001349565340206027,10,10
35,-0.0012573730200529099,0.0012574195861816406,10,10
36,-0.002104454440996051,0.0021044015884399414,10,10
37,-0.0021065659821033478,0.0021065473556518555,10,10
38,-0.0026999025139957666,0.0026998519897460938,10,10
39,-0.002826932119205594,0.0028269137255847454,10,10
40,-0.003713733283802867,0.0037137269973754883,10,10
41,-0.00490033021196723,0.004900336265563965,10,10
42,-0.006125571206212044,0.00572359561920166,10,10
43,-0.007276609074324369,0.007276654243469238,10,10
44,-0.00952059868723154,0.009520649909973145,10,10
45,-0.011087821796536446,0.011087775230407715,10,10
46,-0.014367575757205486,0.01436758041381836,10,10
47,-0.017632735893130302,0.01763276942074299,10,10
48,-0.02322014980018139,0.023220181465148926,10,10
49,-0.029732009395956993,0.029732048511505127,10,10
50,-0.037767548114061356,0.037767551839351654,10,10
51,-0.03828055411577225,0.038280606269836426,10,10
52,-0.038294754922389984,0.03286480903625488,10,10
53,-0.03745748847723007,0.037457529455423355,10,10
54,-0.03769651800394058,0.0376964807510376,10,10
55,-0.0373716875910759,0.03357354924082756,10,10
56,-0.037688110023736954,0.03768816217780113,10,10
57,-0.03860975429415703,0.03860975056886673,10,10
58,-0.03847575932741165,0.038475796580314636,10,10
59,-0.03834042325615883,0.03834044933319092,10,10
60,-0.03873567655682564,0.03873562812805176,10,10
61,-0.038632918149232864,0.038632869720458984,10,10
62,-0.038333356380462646,0.03833338990807533,10,10
63,-0.03850676491856575,0.038506776094436646,10,10
64,-0.037860237061977386,0.03278931975364685,10,10
65,-0.03780272230505943,0.03772342577576637,10,10
66,-0.03761334717273712,0.0376133918762207,10,10
67,-0.03801606222987175,0.03801611810922623,10,10
68,-0.037355780601501465,0.037355780601501465,10,10
69,-0.038624927401542664,0.03862495347857475,10,10
70,-0.03777141869068146,0.03777146339416504,10,10
71,-0.03771744668483734,0.037717461585998535,10,10
72,-0.03761538490653038,0.037615418434143066,10,10
73,-0.0375271774828434,0.0375271737575531,10,10
74,-0.03768450394272804,0.03768455982208252,10,10
75,-0.037421293556690216,0.03574490547180176,10,10
76,-0.03772257640957832,0.03772258758544922,10,10
0,0.03491806611418724,0.03491811081767082,0,10
1,0.029672883450984955,0.029672939330339432,0,10
2,0.025762060657143593,0.02576211839914322,0,10
3,0.021185586228966713,0.02118564024567604,0,10
4,0.017345940694212914,0.017345992848277092,0,10
5,0.01432807557284832,0.014328127726912498,0,10
6,0.011255496181547642,0.011255552060902119,0,10
7,0.007850035093724728,0.007850084453821182,0,10
8,0.007112391293048859,0.007112366613000631,0,10
9,0.005794718861579895,0.005794768687337637,0,10
10,0.00443953787907958,0.0044395592994987965,0,10
11,0.003559248521924019,0.003559248987585306,0,10
12,0.0020932236220687628,0.0020932776387780905,0,10
13,0.0018058597343042493,0.0018058452988043427,0,10
14,0.000993622001260519,0.00099367240909487,0,10
15,0.0014648244250565767,0.0014648684300482273,0,10
16,0.0008913811179809272,0.0008914005593396723,0,10
17,0.0010890602134168148,0.001081582042388618,0,10
18,-0.00011448391160229221,0.00011444311530794948,10,10
19,0.0004381255421321839,0.00043815915705636144,0,10
20,0.0006069241208024323,0.000606912886723876,0,10
21,-0.0004352308460511267,0.0004075765609741211,10,10
22,3.177556209266186e-05,3.181870124535635e-05,0,10
23,-0.00018385538714937866,0.0001838948082877323,10,10
24,-0.0002379659708822146,0.00023794174194335938,10,10
25,-0.00031416083220392466,0.0003141164779663086,10,10
26,-0.000140014395583421,0.00014007091522216797,10,10
27,-0.00015101354802027345,0.0001510213769506663,10,10
28,0.0001920010836329311,0.0001817461452446878,0,10
29,-0.00027588108787313104,0.0002758502960205078,10,10
30,0.0001597263471921906,0.00015971851826179773,0,10
31,-0.00045299279736354947,0.00045299530029296875,10,10
32,-0.0011310932459309697,0.0011310577392578125,10,10
33,-0.0011259866878390312,0.001125998911447823,10,10
34,-0.0013495668536052108,0.0013495683670043945,10,10
35,-0.0012573730200529099,0.0012574195861816406,10,10
36,-0.002104454440996051,0.0021044835448265076,10,10
37,-0.0021065659821033478,0.001936650020070374,10,10
38,-0.0026999025139957666,0.0026998519897460938,10,10
39,-0.002826932119205594,0.0028269290924072266,10,10
40,-0.003713733283802867,0.0037137269973754883,10,10
41,-0.00490033021196723,0.004900336265563965,10,10
42,-0.006125571206212044,0.0061255693435668945,10,10
43,-0.007276609074324369,0.007276654243469238,10,10
44,-0.00952059868723154,0.009520649909973145,10,10
45,-0.011087821796536446,0.011087775230407715,10,10
46,-0.014367575757205486,0.01436758041381836,10,10
47,-0.017632735893130302,0.017632722854614258,10,10
48,-0.02322014980018139,0.023220181465148926,10,10
49,-0.029732009395956993,0.029732054099440575,10,10
50,-0.037767548114061356,0.03776752948760986,10,10
51,-0.03828055411577225,0.038280606269836426,10,10
52,-0.038294754922389984,0.03829479217529297,10,10
53,-0.03745748847723007,0.033726248890161514,10,10
54,-0.03769651800394058,0.03684917092323303,10,10
55,-0.0373716875910759,0.03737172856926918,10,10
56,-0.037688110023736954,0.037688128650188446,10,10
57,-0.03860975429415703,0.03860974311828613,10,10
58,-0.03847575932741165,0.038475751876831055,10,10
59,-0.03834042325615883,0.03402876853942871,10,10
60,-0.03873567655682564,0.03873562812805176,10,10
61,-0.038632918149232864,0.038632914423942566,10,10
62,-0.038333356380462646,0.03797590732574463,10,10
63,-0.03850676491856575,0.038506776094436646,10,10
64,-0.037860237061977386,0.03786027431488037,10,10
65,-0.03780272230505943,0.036832451820373535,10,10
66,-0.03761334717273712,0.032103538513183594,10,10
67,-0.03801606222987175,0.03801611438393593,10,10
68,-0.037355780601501465,0.03735582157969475,10,10
69,-0.038624927401542664,0.03862493112683296,10,10
70,-0.03777141869068146,0.03475189208984375,10,10
71,-0.03771744668483734,0.037717461585998535,10,10
72,-0.03761538490653038,0.037615418434143066,10,10
73,-0.0375271774828434,0.03752720355987549,10,10
74,-0.03768450394272804,0.03768455982208252,10,10
75,-0.037421293556690216,0.037421345710754395,10,10
76,-0.03772257640957832,0.03772258758544922,10,10
77,-0.03870106860995293,0.03870106115937233,10,10
0,0.03491806611418724,0.03491811454296112,0,10
1,0.029672883450984955,0.029672905802726746,0,10
2,0.025762060657143593,0.02576209232211113,0,10
3,0.021185586228966713,0.021185632795095444,0,10
4,0.017345940694212914,0.017345990985631943,0,10
5,0.01432807557284832,0.014328130520880222,0,10
6,0.011255496181547642,0.011255554854869843,0,10
7,0.007850035093724728,0.007850089110434055,0,10
8,0.007112391293048859,0.007112417370080948,0,10
9,0.005794718861579895,0.005794741678982973,0,10
10,0.00443953787907958,0.004348525311797857,0,10
11,0.003559248521924019,0.0035592452622950077,0,10
12,0.0020932236220687628,0.00209324830211699,0,10
13,0.0018058597343042493,0.0018058533314615488,0,10
14,0.000993622001260519,0.0009935895213857293,0,10
15,0.0014648244250565767,0.0014648591168224812,0,10
16,0.0008913811179809272,0.0008914197678677738,0,10
17,0.0010890602134168148,0.0010890368139371276,0,10
18,-0.00011448391160229221,0.00011444091796875,10,10
19,0.0004381255421321839,0.0004381667822599411,0,10
20,0.0006069241208024323,0.0006069210357964039,0,10
21,-0.0004352308460511267,0.0004352577670942992,10,10
22,3.177556209266186e-05,3.1829204090172425e-05,0,10
23,-0.00018385538714937866,0.0001838207244873047,10,10
24,-0.0002379659708822146,0.00023797668109182268,10,10
25,-0.00031416083220392466,0.0003141164779663086,10,10
26,-0.000140014395583421,0.00014007091522216797,10,10
27,-0.00015101354802027345,0.00015103816986083984,10,10
28,0.0001920010836329311,0.00019201783288735896,0,10
29,-0.00027588108787313104,0.00025747602921910584,10,10
30,0.0001597263471921906,0.00015978045121300966,0,10
31,-0.00045299279736354947,0.00041418211185373366,10,10
32,-0.0011310932459309697,0.001131086959503591,10,10
33,-0.0011259866878390312,0.0011259473394602537,10,10
34,-0.0013495668536052108,0.0013495193561539054,10,10
35,-0.0012573730200529099,0.0012574195861816406,10,10
36,-0.002104454440996051,0.002104496816173196,10,10
37,-0.0021065659821033478,0.0021066165063530207,10,10
38,-0.0026999025139957666,0.0026998519897460938,10,10
39,-0.002826932119205594,0.0028268923051655293,10,10
40,-0.003713733283802867,0.0034668445587158203,10,10
41,-0.00490033021196723,0.004900336265563965,10,10
42,-0.006125571206212044,0.0061255693435668945,10,10
43,-0.007276609074324369,0.00727660721167922,10,10
44,-0.00952059868723154,0.009014129638671875,10,10
45,-0.011087821796536446,0.011087775230407715,10,10
46,-0.014367575757205486,0.01436758041381836,10,10
47,-0.017632735893130302,0.01640152931213379,10,10
48,-0.02322014980018139,0.023220108821988106,10,10
49,-0.029732009395956993,0.02973198890686035,10,10
50,-0.037767548114061356,0.03770923614501953,10,10
51,-0.03828055411577225,0.03828050196170807,10,10
52,-0.038294754922389984,0.03829479217529297,10,10
53,-0.03745748847723007,0.035309433937072754,10,10
54,-0.03769651800394058,0.037696488201618195,10,10
55,-0.0373716875910759,0.037371713668107986,10,10
56,-0.037688110023736954,0.03768812119960785,10,10
57,-0.03860975429415703,0.03860974311828613,10,10
58,-0.03847575932741165,0.03847574070096016,10,10
59,-0.03834042325615883,0.036337971687316895,10,10
60,-0.03873567655682564,0.03873569890856743,10,10
61,-0.038632918149232864,0.038632869720458984,10,10
62,-0.038333356380462646,0.03833340108394623,10,10
63,-0.03850676491856575,0.03850676119327545,10,10
64,-0.037860237061977386,0.03786027431488037,10,10
65,-0.03780272230505943,0.03780267387628555,10,10
66,-0.03761334717273712,0.0376133918762207,10,10
67,-0.03801606222987175,0.03801608085632324,10,10
68,-0.037355780601501465,0.037355776876211166,10,10
69,-0.038624927401542664,0.03862488269805908,10,10
70,-0.03777141869068146,0.03777146339416504,10,10
71,-0.03771744668483734,0.037717461585998535,10,10
72,-0.03761538490653038,0.037615418434143066,10,10
73,-0.0375271774828434,0.03752720355987549,10,10
74,-0.03768450394272804,0.03768455982208252,10,10
75,-0.037421293556690216,0.037421345710754395,10,10
76,-0.03772257640957832,0.03772258758544922,10,10
77,-0.03870106860995293,0.03870111331343651,10,10
78,-0.03823503479361534,0.03659844398498535,10,10
0,0.03491806611418724,0.03491811826825142,0,10
1,0.029672883450984955,0.029672931879758835,0,10
2,0.025762060657143593,0.02576211839914322,0,10
3,0.021185586228966713,0.02118562161922455,0,10
4,0.017345940694212914,0.017345985397696495,0,10
5,0.01432807557284832,0.014328121207654476,0,10
6,0.011255496181547642,0.01125553622841835,0,10
7,0.007850035093724728,0.00785005185753107,0,10
8,0.007112391293048859,0.007112438790500164,0,10
9,0.005794718861579895,0.005794699769467115,0,10
10,0.00443953787907958,0.004439533222466707,0,10
11,0.003559248521924019,0.0035592473577708006,0,10
12,0.0020932236220687628,0.0020932757761329412,0,10
13,0.0018058597343042493,0.0018058916321024299,0,10
14,0.000993622001260519,0.0009935750858858228,0,10
15,0.0014648244250565767,0.0014648676151409745,0,10
16,0.0008913811179809272,0.00089139404008165,0,10
17,0.0010890602134168148,0.0010890887351706624,0,10
18,-0.00011448391160229221,0.00011444091796875,10,10
19,0.0004381255421321839,0.0004381400940474123,0,10
20,0.0006069241208024323,0.0006069482187740505,0,10
21,-0.0004352308460511267,0.00043528334936127067,10,10
22,3.177556209266186e-05,3.177926191710867e-05,0,10
23,-0.00018385538714937866,0.00018388441822025925,10,10
24,-0.0002379659708822146,0.00023794174194335938,10,10
25,-0.00031416083220392466,0.00031419433071278036,10,10
26,-0.000140014395583421,0.00014007091522216797,10,10
27,-0.00015101354802027345,0.00015102801262401044,10,10
28,0.0001920010836329311,0.00019197608344256878,0,10
29,-0.00027588108787313104,0.0002758502960205078,10,10
30,0.0001597263471921906,0.0001464233355363831,0,10
31,-0.00045299279736354947,0.00045299530029296875,10,10
32,-0.0011310932459309697,0.0011310577392578125,10,10
33,-0.0011259866878390312,0.0011259934399276972,10,10
34,-0.0013495668536052108,0.0013495683670043945,10,10
35,-0.0012573730200529099,0.0012574195861816406,10,10
36,-0.002104454440996051,0.0021044015884399414,10,10
37,-0.0021065659821033478,0.0021065915934741497,10,10
38,-0.0026999025139957666,0.0026998519897460938,10,10
39,-0.002826932119205594,0.0028269290924072266,10,10
40,-0.003713733283802867,0.0037137269973754883,10,10
41,-0.00490033021196723,0.004811733495444059,10,10
42,-0.006125571206212044,0.005967766512185335,10,10
43,-0.007276609074324369,0.007276564836502075,10,10
44,-0.00952059868723154,0.009520649909973145,10,10
45,-0.011087821796536446,0.011087775230407715,10,10
46,-0.014367575757205486,0.01436758041381836,10,10
47,-0.017632735893130302,0.017632722854614258,10,10
48,-0.02322014980018139,0.023220181465148926,10,10
49,-0.029732009395956993,0.02973204478621483,10,10
50,-0.037767548114061356,0.03776760399341583,10,10
51,-0.03828055411577225,0.038280606269836426,10,10
52,-0.038294754922389984,0.03383779525756836,10,10
53,-0.03745748847723007,0.03745754435658455,10,10
54,-0.03769651800394058,0.0376964807510376,10,10
55,-0.0373716875910759,0.037371713668107986,10,10
56,-0.037688110023736954,0.03768813610076904,10,10
57,-0.03860975429415703,0.03860974311828613,10,10
58,-0.03847575932741165,0.038475751876831055,10,10
59,-0.03834042325615883,0.03834044933319092,10,10
60,-0.03873567655682564,0.03873562812805176,10,10
61,-0.038632918149232864,0.03863295912742615,10,10
62,-0.038333356380462646,0.03833341598510742,10,10
63,-0.03850676491856575,0.03850679472088814,10,10
64,-0.037860237061977386,0.037860240787267685,10,10
65,-0.03780272230505943,0.037802696228027344,10,10
66,-0.03761334717273712,0.0376133918762207,10,10
67,-0.03801606222987175,0.03801608085632324,10,10
68,-0.037355780601501465,0.037355780601501465,10,10
69,-0.038624927401542664,0.03862488269805908,10,10
70,-0.03777141869068146,0.03777137026190758,10,10
71,-0.03771744668483734,0.037717461585998535,10,10
72,-0.03761538490653038,0.037615418434143066,10,10
73,-0.0375271774828434,0.03728795051574707,10,10
74,-0.03768450394272804,0.03768455982208252,10,10
75,-0.037421293556690216,0.03742135316133499,10,10
76,-0.03772257640957832,0.032616496086120605,10,10
77,-0.03870106860995293,0.03767028823494911,10,10
78,-0.03823503479361534,0.03823508322238922,10,10
79,-0.03764248266816139,0.03764251619577408,10,10
0,0.03491806611418724,0.034918125718832016,0,10
1,0.029672883450984955,0.029672937467694283,0,10
2,0.025762060657143593,0.025762079283595085,0,10
3,0.021185586228966713,0.021185632795095444,0,10
4,0.017345940694212914,0.01734597235918045,0,10
5,0.01432807557284832,0.014328129589557648,0,10
6,0.011255496181547642,0.01125554833561182,0,10
7,0.007850035093724728,0.007850083522498608,0,10
8,0.007112391293048859,0.007112445309758186,0,10
9,0.005794718861579895,0.005794771946966648,0,10
10,0.00443953787907958,0.004439540673047304,0,10
11,0.003559248521924019,0.003559287404641509,0,10
12,0.0020932236220687628,0.0020932541228830814,0,10
13,0.0018058597343042493,0.0018059097928926349,0,10
14,0.000993622001260519,0.0009936690330505371,0,10
15,0.0014648244250565767,0.0014647956704720855,0,10
16,0.0008913811179809272,0.0008913878118619323,0,10
17,0.0010890602134168148,0.0010891089914366603,0,10
18,-0.00011448391160229221,0.00011444091796875,10,10
19,0.0004381255421321839,0.0004381403559818864,0,10
20,0.0006069241208024323,0.0006069269147701561,0,10
21,-0.0004352308460511267,0.00043523311614990234,10,10
22,3.177556209266186e-05,3.154513979097828e-05,0,10
23,-0.00018385538714937866,0.0001838207244873047,10,10
24,-0.0002379659708822146,0.00023799328482709825,10,10
25,-0.00031416083220392466,0.0003056590794585645,10,10
26,-0.000140014395583421,0.00014002613897901028,10,10
27,-0.00015101354802027345,0.00015103816986083984,10,10
28,0.0001920010836329311,0.00019203490228392184,0,10
29,-0.00027588108787313104,0.00027587180375121534,10,10
30,0.0001597263471921906,0.00015970149252098054,0,10
31,-0.00045299279736354947,0.00045299530029296875,10,10
32,-0.0011310932459309697,0.0011310577392578125,10,10
33,-0.0011259866878390312,0.001125931739807129,10,10
34,-0.0013495668536052108,0.001349622500129044,10,10
35,-0.0012573730200529099,0.0012574195861816406,10,10
36,-0.002104454440996051,0.0021044015884399414,10,10
37,-0.0021065659821033478,0.0021065473556518555,10,10
38,-0.0026999025139957666,0.0026998519897460938,10,10
39,-0.002826932119205594,0.0028269828762859106,10,10
40,-0.003713733283802867,0.00371372839435935,10,10
41,-0.00490033021196723,0.004900336265563965,10,10
42,-0.006125571206212044,0.0061255693435668945,10,10
43,-0.007276609074324369,0.007276654243469238,10,10
44,-0.00952059868723154,0.009520653635263443,10,10
45,-0.011087821796536446,0.011087858118116856,10,10
46,-0.014367575757205486,0.01436758041381836,10,10
47,-0.017632735893130302,0.017632747069001198,10,10
48,-0.02322014980018139,0.023220181465148926,10,10
49,-0.029732009395956993,0.02973198890686035,10,10
50,-0.037767548114061356,0.03776752948760986,10,10
51,-0.03828055411577225,0.038280606269836426,10,10
52,-0.038294754922389984,0.03829479217529297,10,10
53,-0.03745748847723007,0.037457458674907684,10,10
54,-0.03769651800394058,0.0376964807510376,10,10
55,-0.0373716875910759,0.037371695041656494,10,10
56,-0.037688110023736954,0.03768813610076904,10,10
57,-0.03860975429415703,0.03745608404278755,10,10
58,-0.03847575932741165,0.038475751876831055,10,10
59,-0.03834042325615883,0.03834044933319092,10,10
60,-0.03873567655682564,0.03459608554840088,10,10
61,-0.038632918149232864,0.038632869720458984,10,10
62,-0.038333356380462646,0.03833341598510742,10,10
63,-0.03850676491856575,0.03850679472088814,10,10
64,-0.037860237061977386,0.037860237061977386,10,10
65,-0.03780272230505943,0.037802696228027344,10,10
66,-0.03761334717273712,0.0376133918762207,10,10
67,-0.03801606222987175,0.03801608085632324,10,10
68,-0.037355780601501465,0.03554419055581093,10,10
69,-0.038624927401542664,0.03862488269805908,10,10
70,-0.03777141869068146,0.03777146339416504,10,10
71,-0.03771744668483734,0.03771740198135376,10,10
72,-0.03761538490653038,0.033150672912597656,10,10
73,-0.0375271774828434,0.03752720355987549,10,10
74,-0.03768450394272804,0.03768452629446983,10,10
75,-0.037421293556690216,0.03589165210723877,10,10
76,-0.03772257640957832,0.037722598761320114,10,10
77,-0.03870106860995293,0.03870105743408203,10,10
78,-0.03823503479361534,0.03823506832122803,10,10
79,-0.03764248266816139,0.03538203239440918,10,10
80,-0.038281090557575226,0.03767383098602295,10,10
0,0.03491806611418724,0.03491808474063873,0,10
1,0.029672883450984955,0.02967291697859764,0,10
2,0.025762060657143593,0.02576211839914322,0,10
3,0.021185586228966713,0.02118564024567604,0,10
4,0.017345940694212914,0.017345987260341644,0,10
5,0.01432807557284832,0.014328119345009327,0,10
6,0.011255496181547642,0.01125555019825697,0,10
7,0.007850035093724728,0.007850089110434055,0,10
8,0.007112391293048859,0.007112423423677683,0,10
9,0.005794718861579895,0.005794755648821592,0,10
10,0.00443953787907958,0.0044395579025149345,0,10
11,0.003559248521924019,0.003559260629117489,0,10
12,0.0020932236220687628,0.002093215472996235,0,10
13,0.0018058597343042493,0.0018058506539091468,0,10
14,0.000993622001260519,0.0009936797432601452,0,10
15,0.0014648244250565767,0.0014648203505203128,0,10
16,0.0008913811179809272,0.0008914378704503179,0,10
17,0.0010890602134168148,0.001089100493118167,0,10
18,-0.00011448391160229221,0.00011451137106632814,10,10
19,0.0004381255421321839,0.00043816480319947004,0,10
20,0.0006069241208024323,0.0006069341325201094,0,10
21,-0.0004352308460511267,0.00043523311614990234,10,10
22,3.177556209266186e-05,3.179083432769403e-05,0,10
23,-0.00018385538714937866,0.0001838524913182482,10,10
24,-0.0002379659708822146,0.00023794174194335938,10,10
25,-0.00031416083220392466,0.0003141164779663086,10,10
26,-0.000140014395583421,0.00014007091522216797,10,10
27,-0.00015101354802027345,0.00013709068298339844,10,10
28,0.0001920010836329311,0.0001772673858795315,0,10
29,-0.00027588108787313104,0.00027588315424509346,10,10
30,0.0001597263471921906,0.00015970133244991302,0,10
31,-0.00045299279736354947,0.00045299530029296875,10,10
32,-0.0011310932459309697,0.0011310577392578125,10,10
33,-0.0011259866878390312,0.0011260169558227062,10,10
34,-0.0013495668536052108,0.0013495683670043945,10,10
35,-0.0012573730200529099,0.0012574195861816406,10,10
36,-0.002104454440996051,0.0021044015884399414,10,10
37,-0.0021065659821033478,0.0021065473556518555,10,10
38,-0.0026999025139957666,0.0026998519897460938,10,10
39,-0.002826932119205594,0.0028269290924072266,10,10
40,-0.003713733283802867,0.0037137269973754883,10,10
41,-0.00490033021196723,0.004900336265563965,10,10
42,-0.006125571206212044,0.0061255693435668945,10,10
43,-0.007276609074324369,0.007276654243469238,10,10
44,-0.00952059868723154,0.009520649909973145,10,10
45,-0.011087821796536446,0.011087775230407715,10,10
46,-0.014367575757205486,0.014367548748850822,10,10
47,-0.017632735893130302,0.017632722854614258,10,10
48,-0.02322014980018139,0.023220181465148926,10,10
49,-0.029732009395956993,0.02973198890686035,10,10
50,-0.037767548114061356,0.03776758164167404,10,10
51,-0.03828055411577225,0.038280606269836426,10,10
52,-0.038294754922389984,0.03735983371734619,10,10
53,-0.03745748847723007,0.03745746612548828,10,10
54,-0.03769651800394058,0.0376964807510376,10,10
55,-0.0373716875910759,0.03737163543701172,10,10
56,-0.037688110023736954,0.03768813610076904,10,10
57,-0.03860975429415703,0.03860974311828613,10,10
58,-0.03847575932741165,0.034859657287597656,10,10
59,-0.03834042325615883,0.038340482860803604,10,10
60,-0.03873567655682564,0.03873570263385773,10,10
61,-0.038632918149232864,0.03863292932510376,10,10
62,-0.038333356380462646,0.03833341598510742,10,10
63,-0.03850676491856575,0.03850674629211426,10,10
64,-0.037860237061977386,0.03786027431488037,10,10
65,-0.03780272230505943,0.037802763283252716,10,10
66,-0.03761334717273712,0.0376133918762207,10,10
67,-0.03801606222987175,0.038016002625226974,10,10
68,-0.037355780601501465,0.03735583275556564,10,10
69,-0.038624927401542664,0.03862488269805908,10,10
70,-0.03777141869068146,0.036344289779663086,10,10
71,-0.03771744668483734,0.03771750628948212,10,10
72,-0.03761538490653038,0.037615418434143066,10,10
73,-0.0375271774828434,0.03752720355987549,10,10
74,-0.03768450394272804,0.03768455237150192,10,10
75,-0.037421293556690216,0.03742130845785141,10,10
76,-0.03772257640957832,0.03772260993719101,10,10
77,-0.03870106860995293,0.03870111703872681,10,10
78,-0.03823503479361534,0.03823506832122803,10,10
79,-0.03764248266816139,0.037642478942871094,10,10
80,-0.038281090557575226,0.03828108310699463,10,10
81,-0.03767527639865875,0.03767526149749756,10,10
0,0.03491806611418724,0.03491811826825142,0,10
1,0.029672883450984955,0.029672939330339432,0,10
2,0.025762060657143593,0.02576211653649807,0,10
3,0.021185586228966713,0.021185636520385742,0,10
4,0.017345940694212914,0.01734599657356739,0,10
5,0.01432807557284832,0.014328119345009327,0,10
6,0.011255496181547642,0.011255543678998947,0,10
7,0.007850035093724728,0.007850071415305138,0,10
8,0.007112391293048859,0.007112444844096899,0,10
9,0.005794718861579895,0.005794719327241182,0,10
10,0.00443953787907958,0.004366809502243996,0,10
11,0.003559248521924019,0.0035592017229646444,0,10
12,0.0020932236220687628,0.0020932680927217007,0,10
13,0.0018058597343042493,0.0018058547284454107,0,10
14,0.000993622001260519,0.0009935982525348663,0,10
15,0.0014648244250565767,0.0014648734359070659,0,10
16,0.0008913811179809272,0.0008913578349165618,0,10
17,0.0010890602134168148,0.0010890045668929815,0,10
18,-0.00011448391160229221,0.00011444091796875,10,10
19,0.0004381255421321839,0.00043815659591928124,0,10
20,0.0006069241208024323,0.0006069297669455409,0,10
21,-0.0004352308460511267,0.00043523311614990234,10,10
22,3.177556209266186e-05,3.1742114515509456e-05,0,10
23,-0.00018385538714937866,0.0001838207244873047,10,10
24,-0.0002379659708822146,0.00023794174194335938,10,10
25,-0.00031416083220392466,0.00029778480529785156,10,10
26,-0.000140014395583421,0.00014007091522216797,10,10
27,-0.00015101354802027345,0.00015103816986083984,10,10
28,0.0001920010836329311,0.0001920153881656006,0,10
29,-0.00027588108787313104,0.0002758502960205078,10,10
30,0.0001597263471921906,0.00015975635324139148,0,10
31,-0.00045299279736354947,0.0004407167434692383,10,10
32,-0.0011310932459309697,0.0011310577392578125,10,10
33,-0.0011259866878390312,0.0011157989501953125,10,10
34,-0.0013495668536052108,0.0013495683670043945,10,10
35,-0.0012573730200529099,0.0012574195861816406,10,10
36,-0.002104454440996051,0.0021044015884399414,10,10
37,-0.0021065659821033478,0.0021065473556518555,10,10
38,-0.0026999025139957666,0.0026998519897460938,10,10
39,-0.002826932119205594,0.0028269290924072266,10,10
40,-0.003713733283802867,0.0037137269973754883,10,10
41,-0.00490033021196723,0.004453284665942192,10,10
42,-0.006125571206212044,0.005691647529602051,10,10
43,-0.007276609074324369,0.007276654243469238,10,10
44,-0.00952059868723154,0.009520649909973145,10,10
45,-0.011087821796536446,0.011087775230407715,10,10
46,-0.014367575757205486,0.01436758041381836,10,10
47,-0.017632735893130302,0.01662302017211914,10,10
48,-0.02322014980018139,0.023220181465148926,10,10
49,-0.029732009395956993,0.02973198890686035,10,10
50,-0.037767548114061356,0.03776752948760986,10,10
51,-0.03828055411577225,0.0333331823348999,10,10
52,-0.038294754922389984,0.03829479217529297,10,10
53,-0.03745748847723007,0.03745746612548828,10,10
54,-0.03769651800394058,0.0376964807510376,10,10
55,-0.0373716875910759,0.036611031740903854,10,10
56,-0.037688110023736954,0.03768813610076904,10,10
57,-0.03860975429415703,0.03703717514872551,10,10
58,-0.03847575932741165,0.038475751876831055,10,10
59,-0.03834042325615883,0.03834044933319092,10,10
60,-0.03873567655682564,0.038735684007406235,10,10
61,-0.038632918149232864,0.038632869720458984,10,10
62,-0.038333356380462646,0.03833341598510742,10,10
63,-0.03850676491856575,0.03850674629211426,10,10
64,-0.037860237061977386,0.03662550449371338,10,10
65,-0.03780272230505943,0.03780277073383331,10,10
66,-0.03761334717273712,0.03761335089802742,10,10
67,-0.03801606222987175,0.03801609203219414,10,10
68,-0.037355780601501465,0.037355758249759674,10,10
69,-0.038624927401542664,0.038624946027994156,10,10
70,-0.03777141869068146,0.03777144104242325,10,10
71,-0.03771744668483734,0.037717461585998535,10,10
72,-0.03761538490653038,0.037615418434143066,10,10
73,-0.0375271774828434,0.03752715885639191,10,10
74,-0.03768450394272804,0.03652644157409668,10,10
75,-0.037421293556690216,0.03529524803161621,10,10
76,-0.03772257640957832,0.03772258758544922,10,10
77,-0.03870106860995293,0.038024187088012695,10,10
78,-0.03823503479361534,0.03823499754071236,10,10
79,-0.03764248266816139,0.037642478942871094,10,10
80,-0.038281090557575226,0.03828108310699463,10,10
81,-0.03767527639865875,0.037675272673368454,10,10
82,-0.038208939135074615,0.038208961486816406,10,10
0,0.03491806611418724,0.03491811454296112,0,10
1,0.029672883450984955,0.02967294119298458,0,10
2,0.025762060657143593,0.02576211653649807,0,10
3,0.021185586228966713,0.0211856197565794,0,10
4,0.017345940694212914,0.017345929518342018,0,10
5,0.01432807557284832,0.01432812586426735,0,10
6,0.011255496181547642,0.011255541816353798,0,10
7,0.007850035093724728,0.007850085385143757,0,10
8,0.007112391293048859,0.007112403400242329,0,10
9,0.005794718861579895,0.0057946969754993916,0,10
10,0.00443953787907958,0.004439522046595812,0,10
11,0.003559248521924019,0.0035592298954725266,0,10
12,0.0020932236220687628,0.002093270653858781,0,10
13,0.0018058597343042493,0.0018059128196910024,0,10
14,0.000993622001260519,0.000993628054857254,0,10
15,0.0014648244250565767,0.0014648712240159512,0,10
16,0.0008913811179809272,0.0008914191275835037,0,10
17,0.0010890602134168148,0.0010890424018725753,0,10
18,-0.00011448391160229221,0.00011445122072473168,10,10
19,0.0004381255421321839,0.0004381590406410396,0,10
20,0.0006069241208024323,0.0006069277296774089,0,10
21,-0.0004352308460511267,0.00043523311614990234,10,10
22,3.177556209266186e-05,3.1810679502086714e-05,0,10
23,-0.00018385538714937866,0.0001838207244873047,10,10
24,-0.0002379659708822146,0.00023794174194335938,10,10
25,-0.00031416083220392466,0.0003141164779663086,10,10
26,-0.000140014395583421,0.00014007091522216797,10,10
27,-0.00015101354802027345,0.00015103816986083984,10,10
28,0.0001920010836329311,0.00019196498033124954,0,10
29,-0.00027588108787313104,0.0002759303024504334,10,10
30,0.0001597263471921906,0.00015972153050825,0,10
31,-0.00045299279736354947,0.00041676635737530887,10,10
32,-0.0011310932459309697,0.0011310577392578125,10,10
33,-0.0011259866878390312,0.001125931739807129,10,10
34,-0.0013495668536052108,0.0013495683670043945,10,10
35,-0.0012573730200529099,0.0012574195861816406,10,10
36,-0.002104454440996051,0.002104410668835044,10,10
37,-0.0021065659821033478,0.0021065473556518555,10,10
38,-0.0026999025139957666,0.002699919044971466,10,10
39,-0.002826932119205594,0.0028269290924072266,10,10
40,-0.003713733283802867,0.0037137430626899004,10,10
41,-0.00490033021196723,0.004900336265563965,10,10
42,-0.006125571206212044,0.006056070327758789,10,10
43,-0.007276609074324369,0.007276654243469238,10,10
44,-0.00952059868723154,0.009520649909973145,10,10
45,-0.011087821796536446,0.01108783669769764,10,10
46,-0.014367575757205486,0.01436758041381836,10,10
47,-0.017632735893130302,0.017632722854614258,10,10
48,-0.02322014980018139,0.023220179602503777,10,10
49,-0.029732009395956993,0.02973206155002117,10,10
50,-0.037767548114061356,0.037767548114061356,10,10
51,-0.03828055411577225,0.038280606269836426,10,10
52,-0.038294754922389984,0.03829479217529297,10,10
53,-0.03745748847723007,0.03745754435658455,10,10
54,-0.03769651800394058,0.0376964807510376,10,10
55,-0.0373716875910759,0.03737166151404381,10,10
56,-0.037688110023736954,0.037688158452510834,10,10
57,-0.03860975429415703,0.03860974311828613,10,10
58,-0.03847575932741165,0.03463542461395264,10,10
59,-0.03834042325615883,0.03497195243835449,10,10
60,-0.03873567655682564,0.03873562812805176,10,10
61,-0.038632918149232864,0.038632869720458984,10,10
62,-0.038333356380462646,0.03833341598510742,10,10
63,-0.03850676491856575,0.03850674629211426,10,10
64,-0.037860237061977386,0.03786027431488037,10,10
65,-0.03780272230505943,0.03780272230505943,10,10
66,-0.03761334717273712,0.0376133918762207,10,10
67,-0.03801606222987175,0.03801601752638817,10,10
68,-0.037355780601501465,0.03735583648085594,10,10
69,-0.038624927401542664,0.038624927401542664,10,10
70,-0.03777141869068146,0.037771452218294144,10,10
71,-0.03771744668483734,0.037717461585998535,10,10
72,-0.03761538490653038,0.0376153290271759,10,10
73,-0.0375271774828434,0.03752720355987549,10,10
74,-0.03768450394272804,0.037370242178440094,10,10
75,-0.037421293556690216,0.03742130845785141,10,10
76,-0.03772257640957832,0.03772258758544922,10,10
77,-0.03870106860995293,0.03870103508234024,10,10
78,-0.03823503479361534,0.03823506832122803,10,10
79,-0.03764248266816139,0.037642478942871094,10,10
80,-0.038281090557575226,0.038281068205833435,10,10
81,-0.03767527639865875,0.03413796424865723,10,10
82,-0.038208939135074615,0.03788864612579346,10,10
83,-0.037421535700559616,0.037421584129333496,10,10
0,0.03491806611418724,0.03491811454296112,0,10
1,0.029672883450984955,0.02967291884124279,0,10
2,0.025762060657143593,0.02576211839914322,0,10
3,0.021185586228966713,0.021185627207159996,0,10
4,0.017345940694212914,0.01734597608447075,0,10
5,0.01432807557284832,0.014328094199299812,0,10
6,0.011255496181547642,0.011255552060902119,0,10
7,0.007850035093724728,0.007850080728530884,0,10
8,0.007112391293048859,0.007112366147339344,0,10
9,0.005794718861579895,0.005794730968773365,0,10
10,0.00443953787907958,0.004281600005924702,0,10
11,0.003559248521924019,0.0035592811182141304,0,10
12,0.0020932236220687628,0.002093263203278184,0,10
13,0.0018058597343042493,0.0018058785935863853,0,10
14,0.000993622001260519,0.0009936720598489046,0,10
15,0.0014648244250565767,0.0014647975331172347,0,10
16,0.0008913811179809272,0.0008914089412428439,0,10
17,0.0010890602134168148,0.0010890569537878036,0,10
18,-0.00011448391160229221,0.00011444091796875,10,10
19,0.0004381255421321839,0.0004381203616503626,0,10
20,0.0006069241208024323,0.0006069079972803593,0,10
21,-0.0004352308460511267,0.00043523311614990234,10,10
22,3.177556209266186e-05,3.1828967621549964e-05,0,10
23,-0.00018385538714937866,0.0001838207244873047,10,10
24,-0.0002379659708822146,0.00023800696362741292,10,10
25,-0.00031416083220392466,0.0003141164779663086,10,10
26,-0.000140014395583421,0.00014007091522216797,10,10
27,-0.00015101354802027345,0.00015103816986083984,10,10
28,0.0001920010836329311,0.00019200547831133008,0,10
29,-0.00027588108787313104,0.0002758502960205078,10,10
30,0.0001597263471921906,0.0001597297377884388,0,10
31,-0.00045299279736354947,0.00045299530029296875,10,10
32,-0.0011310932459309697,0.00113108498044312,10,10
33,-0.0011259866878390312,0.0011259994935244322,10,10
34,-0.0013495668536052108,0.001349569414742291,10,10
35,-0.0012573730200529099,0.0012422800064086914,10,10
36,-0.002104454440996051,0.0021044204477220774,10,10
37,-0.0021065659821033478,0.0021065459586679935,10,10
38,-0.0026999025139957666,0.0026999369729310274,10,10
39,-0.002826932119205594,0.002826973097398877,10,10
40,-0.003713733283802867,0.0037137269973754883,10,10
41,-0.00490033021196723,0.004900343716144562,10,10
42,-0.006125571206212044,0.0061255693435668945,10,10
43,-0.007276609074324369,0.007276654243469238,10,10
44,-0.00952059868723154,0.009520548395812511,10,10
45,-0.011087821796536446,0.011087775230407715,10,10
46,-0.014367575757205486,0.01436758041381836,10,10
47,-0.017632735893130302,0.017632722854614258,10,10
48,-0.02322014980018139,0.023220181465148926,10,10
49,-0.029732009395956993,0.02973198890686035,10,10
50,-0.037767548114061356,0.03776752948760986,10,10
51,-0.03828055411577225,0.038280557841062546,10,10
52,-0.038294754922389984,0.038294702768325806,10,10
53,-0.03745748847723007,0.03745746612548828,10,10
54,-0.03769651800394058,0.0376964807510376,10,10
55,-0.0373716875910759,0.03737172856926918,10,10
56,-0.037688110023736954,0.03768813610076904,10,10
57,-0.03860975429415703,0.03860974311828613,10,10
58,-0.03847575932741165,0.038475751876831055,10,10
59,-0.03834042325615883,0.03834046423435211,10,10
60,-0.03873567655682564,0.03421863913536072,10,10
61,-0.038632918149232864,0.035613708198070526,10,10
62,-0.038333356380462646,0.03833336383104324,10,10
63,-0.03850676491856575,0.03850674629211426,10,10
64,-0.037860237061977386,0.03786027431488037,10,10
65,-0.03780272230505943,0.03780277818441391,10,10
66,-0.03761334717273712,0.03761335462331772,10,10
67,-0.03801606222987175,0.03801608085632324,10,10
68,-0.037355780601501465,0.037355780601501465,10,10
69,-0.038624927401542664,0.038624897599220276,10,10
70,-0.03777141869068146,0.03777141869068146,10,10
71,-0.03771744668483734,0.03771748021245003,10,10
72,-0.03761538490653038,0.037615418434143066,10,10
73,-0.0375271774828434,0.03752720355987549,10,10
74,-0.03768450394272804,0.03768455982208252,10,10
75,-0.037421293556690216,0.03742124140262604,10,10
76,-0.03772257640957832,0.03772258758544922,10,10
77,-0.03870106860995293,0.038701124489307404,10,10
78,-0.03823503479361534,0.03823506832122803,10,10
79,-0.03764248266816139,0.03580069541931152,10,10
80,-0.038281090557575226,0.038281116634607315,10,10
81,-0.03767527639865875,0.03767526149749756,10,10
82,-0.038208939135074615,0.03820892050862312,10,10
83,-0.037421535700559616,0.037421584129333496,10,10
84,-0.037637367844581604,0.03763735294342041,10,10
0,0.03491806611418724,0.03491811826825142,0,10
1,0.029672883450984955,0.02967292256653309,0,10
2,0.025762060657143593,0.02576209045946598,0,10
3,0.021185586228966713,0.021185627207159996,0,10
4,0.017345940694212914,0.01734599657356739,0,10
5,0.01432807557284832,0.014328105375170708,0,10
6,0.011255496181547642,0.011255530640482903,0,10
7,0.007850035093724728,0.00785009190440178,0,10
8,0.007112391293048859,0.007112344726920128,0,10
9,0.005794718861579895,0.0057947663590312,0,10
10,0.00443953787907958,0.004439487121999264,0,10
11,0.003559248521924019,0.003559240372851491,0,10
12,0.0020932236220687628,0.0020931786857545376,0,10
13,0.0018058597343042493,0.0018058791756629944,0,10
14,0.000993622001260519,0.0009935911512002349,0,10
15,0.0014648244250565767,0.0014648225624114275,0,10
16,0.0008913811179809272,0.0008913982892408967,0,10
17,0.0010890602134168148,0.0010890429839491844,0,10
18,-0.00011448391160229221,0.00011443113180575892,10,10
19,0.0004381255421321839,0.00043812638614326715,0,10
20,0.0006069241208024323,0.0006069584051147103,0,10
21,-0.0004352308460511267,0.00043523311614990234,10,10
22,3.177556209266186e-05,3.1822084565646946e-05,0,10
23,-0.00018385538714937866,0.00018385671137366444,10,10
24,-0.0002379659708822146,0.00023796033929102123,10,10
25,-0.00031416083220392466,0.0003141164779663086,10,10
26,-0.000140014395583421,0.00014007091522216797,10,10
27,-0.00015101354802027345,0.00015103816986083984,10,10
28,0.0001920010836329311,0.00019196530047338456,0,10
29,-0.00027588108787313104,0.00027592055266723037,10,10
30,0.0001597263471921906,0.00015973248810041696,0,10
31,-0.00045299279736354947,0.00045299530029296875,10,10
32,-0.0011310932459309697,0.0011311094276607037,10,10
33,-0.0011259866878390312,0.001125931739807129,10,10
34,-0.0013495668536052108,0.0013495683670043945,10,10
35,-0.0012573730200529099,0.0012574195861816406,10,10
36,-0.002104454440996051,0.0021044015884399414,10,10
37,-0.0021065659821033478,0.002106600906699896,10,10
38,-0.0026999025139957666,0.0026999213732779026,10,10
39,-0.002826932119205594,0.0028268874157220125,10,10
40,-0.003713733283802867,0.0037137269973754883,10,10
41,-0.00490033021196723,0.004900336265563965,10,10
42,-0.006125571206212044,0.0061255693435668945,10,10
43,-0.007276609074324369,0.007276654243469238,10,10
44,-0.00952059868723154,0.009520649909973145,10,10
45,-0.011087821796536446,0.011087775230407715,10,10
46,-0.014367575757205486,0.013664711266756058,10,10
47,-0.017632735893130302,0.017632722854614258,10,10
48,-0.02322014980018139,0.023220181465148926,10,10
49,-0.029732009395956993,0.02973198890686035,10,10
50,-0.037767548114061356,0.03776752948760986,10,10
51,-0.03828055411577225,0.03538976237177849,10,10
52,-0.038294754922389984,0.03829479217529297,10,10
53,-0.03745748847723007,0.03745747730135918,10,10
54,-0.03769651800394058,0.037696562707424164,10,10
55,-0.0373716875910759,0.03737170249223709,10,10
56,-0.037688110023736954,0.037688057869672775,10,10
57,-0.03860975429415703,0.03722664713859558,10,10
58,-0.03847575932741165,0.038475751876831055,10,10
59,-0.03834042325615883,0.03834044933319092,10,10
60,-0.03873567655682564,0.03873562812805176,10,10
61,-0.038632918149232864,0.038632869720458984,10,10
62,-0.038333356380462646,0.03833332285284996,10,10
63,-0.03850676491856575,0.03850679099559784,10,10
64,-0.037860237061977386,0.03786027431488037,10,10
65,-0.03780272230505943,0.037802696228027344,10,10
66,-0.03761334717273712,0.0376133918762207,10,10
67,-0.03801606222987175,0.0373302698135376,10,10
68,-0.037355780601501465,0.03735579177737236,10,10
69,-0.038624927401542664,0.03862488269805908,10,10
70,-0.03777141869068146,0.03230917453765869,10,10
71,-0.03771744668483734,0.037717461585998535,10,10
72,-0.03761538490653038,0.0376153402030468,10,10
73,-0.0375271774828434,0.0364840030670166,10,10
74,-0.03768450394272804,0.03768455982208252,10,10
75,-0.037421293556690216,0.037421345710754395,10,10
76,-0.03772257640957832,0.03527900204062462,10,10
77,-0.03870106860995293,0.038701072335243225,10,10
78,-0.03823503479361534,0.03823506832122803,10,10
79,-0.03764248266816139,0.03764250874519348,10,10
80,-0.038281090557575226,0.03828115016222,10,10
81,-0.03767527639865875,0.03767526149749756,10,10
82,-0.038208939135074615,0.035589881241321564,10,10
83,-0.037421535700559616,0.037421584129333496,10,10
84,-0.037637367844581604,0.03597421571612358,10,10
85,-0.03770343214273453,0.03770339488983154,10,10
0,0.03491806611418724,0.034918125718832016,0,10
1,0.029672883450984955,0.029672937467694283,0,10
2,0.025762060657143593,0.025762103497982025,0,10
3,0.021185586228966713,0.02118564024567604,0,10
4,0.017345940694212914,0.017345981672406197,0,10
5,0.01432807557284832,0.014328124932944775,0,10
6,0.011255496181547642,0.011255547404289246,0,10
7,0.007850035093724728,0.007850082591176033,0,10
8,0.007112391293048859,0.007112413179129362,0,10
9,0.005794718861579895,0.005794714204967022,0,10
10,0.00443953787907958,0.00443949643522501,0,10
11,0.003559248521924019,0.003559269243851304,0,10
12,0.0020932236220687628,0.002093216869980097,0,10
13,0.0018058597343042493,0.001805896288715303,0,10
14,0.000993622001260519,0.0009936310816556215,0,10
15,0.0014648244250565767,0.0014648220967501402,0,10
16,0.0008913811179809272,0.0008914130739867687,0,10
17,0.0010890602134168148,0.001089103170670569,0,10
18,-0.00011448391160229221,0.00011447557335486636,10,10
19,0.0004381255421321839,0.0004381137259770185,0,10
20,0.0006069241208024323,0.0006069148075766861,0,10
21,-0.0004352308460511267,0.0004056142352055758,10,10
22,3.177556209266186e-05,3.1428404327016324e-05,0,10
23,-0.00018385538714937866,0.0001838207244873047,10,10
24,-0.0002379659708822146,0.0002379624347668141,10,10
25,-0.00031416083220392466,0.0003141164779663086,10,10
26,-0.000140014395583421,0.00014007091522216797,10,10
27,-0.00015101354802027345,0.00015102828911039978,10,10
28,0.0001920010836329311,0.00019204561249352992,0,10
29,-0.00027588108787313104,0.0002758502960205078,10,10
30,0.0001597263471921906,0.0001597313239471987,0,10
31,-0.00045299279736354947,0.00045299530029296875,10,10
32,-0.0011310932459309697,0.0011310577392578125,10,10
33,-0.0011259866878390312,0.0011260081082582474,10,10
34,-0.0013495668536052108,0.0013496078317984939,10,10
35,-0.0012573730200529099,0.0012574195861816406,10,10
36,-0.002104454440996051,0.0021044518798589706,10,10
37,-0.0021065659821033478,0.0019033214775845408,10,10
38,-0.0026999025139957666,0.002699893666431308,10,10
39,-0.002826932119205594,0.0028269290924072266,10,10
40,-0.003713733283802867,0.0037137269973754883,10,10
41,-0.00490033021196723,0.004900320898741484,10,10
42,-0.006125571206212044,0.00608217716217041,10,10
43,-0.007276609074324369,0.007276654243469238,10,10
44,-0.00952059868723154,0.009520649909973145,10,10
45,-0.011087821796536446,0.011087775230407715,10,10
46,-0.014367575757205486,0.014248371124267578,10,10
47,-0.017632735893130302,0.017632687464356422,10,10
48,-0.02322014980018139,0.023220181465148926,10,10
49,-0.029732009395956993,0.02973198890686035,10,10
50,-0.037767548114061356,0.03776755556464195,10,10
51,-0.03828055411577225,0.038280606269836426,10,10
52,-0.038294754922389984,0.03829479217529297,10,10
53,-0.03745748847723007,0.037457481026649475,10,10
54,-0.03769651800394058,0.037696536630392075,10,10
55,-0.0373716875910759,0.03737163543701172,10,10
56,-0.037688110023736954,0.03768813610076904,10,10
57,-0.03860975429415703,0.03860974311828613,10,10
58,-0.03847575932741165,0.038475751876831055,10,10
59,-0.03834042325615883,0.03834044933319092,10,10
60,-0.03873567655682564,0.03873562812805176,10,10
61,-0.038632918149232864,0.03863293305039406,10,10
62,-0.038333356380462646,0.03833341598510742,10,10
63,-0.03850676491856575,0.03850679472088814,10,10
64,-0.037860237061977386,0.03786027431488037,10,10
65,-0.03780272230505943,0.037802740931510925,10,10
66,-0.03761334717273712,0.03761337697505951,10,10
67,-0.03801606222987175,0.03801608085632324,10,10
68,-0.037355780601501465,0.037355780601501465,10,10
69,-0.038624927401542664,0.0367085225880146,10,10
70,-0.03777141869068146,0.03777147829532623,10,10
71,-0.03771744668483734,0.03771747276186943,10,10
72,-0.03761538490653038,0.03761535882949829,10,10
73,-0.0375271774828434,0.03752722963690758,10,10
74,-0.03768450394272804,0.03768455982208252,10,10
75,-0.037421293556690216,0.037421345710754395,10,10
76,-0.03772257640957832,0.03772258758544922,10,10
77,-0.03870106860995293,0.03673449531197548,10,10
78,-0.03823503479361534,0.03823508322238922,10,10
79,-0.03764248266816139,0.03764251619577408,10,10
80,-0.038281090557575226,0.03828108310699463,10,10
81,-0.03767527639865875,0.03767523914575577,10,10
82,-0.038208939135074615,0.038208961486816406,10,10
83,-0.037421535700559616,0.037421487271785736,10,10
84,-0.037637367844581604,0.037637416273355484,10,10
85,-0.03770343214273453,0.03770337998867035,10,10
86,-0.03766131401062012,0.0376613549888134,10,10
0,0.03491806611418724,0.03491811826825142,0,10
1,0.029672883450984955,0.029672931879758835,0,10
2,0.025762060657143593,0.025762101635336876,0,10
3,0.021185586228966713,0.021185632795095444,0,10
4,0.017345940694212914,0.017345987260341644,0,10
5,0.01432807557284832,0.014328130520880222,0,10
6,0.011255496181547642,0.01125554833561182,0,10
7,0.007850035093724728,0.007850083522498608,0,10
8,0.007112391293048859,0.007112443447113037,0,10
9,0.005794718861579895,0.005794711410999298,0,10
10,0.00443953787907958,0.004439525306224823,0,10
11,0.003559248521924019,0.003559247823432088,0,10
12,0.0020932236220687628,0.0020932499319314957,0,10
13,0.0018058597343042493,0.0018058489076793194,0,10
14,0.000993622001260519,0.000993663677945733,0,10
15,0.0014648244250565767,0.0014616340631619096,0,10
16,0.0008913811179809272,0.000891328149009496,0,10
17,0.0010890602134168148,0.0010891117854043841,0,10
18,-0.00011448391160229221,0.00011444091796875,10,10
19,0.0004381255421321839,0.00043812653166241944,0,10
20,0.0006069241208024323,0.0006069769151508808,0,10
21,-0.0004352308460511267,0.00043523311614990234,10,10
22,3.177556209266186e-05,3.180685598636046e-05,0,10
23,-0.00018385538714937866,0.0001838207244873047,10,10
24,-0.0002379659708822146,0.00021541118621826172,10,10
25,-0.00031416083220392466,0.0003141164779663086,10,10
26,-0.000140014395583421,0.00014007091522216797,10,10
27,-0.00015101354802027345,0.00015103816986083984,10,10
28,0.0001920010836329311,0.00019204398267902434,0,10
29,-0.00027588108787313104,0.0002758502960205078,10,10
30,0.0001597263471921906,0.0001597768859937787,0,10
31,-0.00045299279736354947,0.00045294908341020346,10,10
32,-0.0011310932459309697,0.0011310577392578125,10,10
33,-0.0011259866878390312,0.001125931739807129,10,10
34,-0.0013495668536052108,0.0013495683670043945,10,10
35,-0.0012573730200529099,0.0012574195861816406,10,10
36,-0.002104454440996051,0.002104424173012376,10,10
37,-0.0021065659821033478,0.0021065473556518555,10,10
38,-0.0026999025139957666,0.0026998519897460938,10,10
39,-0.002826932119205594,0.002826923970133066,10,10
40,-0.003713733283802867,0.0037137269973754883,10,10
41,-0.00490033021196723,0.004900336265563965,10,10
42,-0.006125571206212044,0.0061255693435668945,10,10
43,-0.007276609074324369,0.007276642136275768,10,10
44,-0.00952059868723154,0.009520649909973145,10,10
45,-0.011087821796536446,0.011087775230407715,10,10
46,-0.014367575757205486,0.014367611147463322,10,10
47,-0.017632735893130302,0.017632722854614258,10,10
48,-0.02322014980018139,0.023220177739858627,10,10
49,-0.029732009395956993,0.02973198890686035,10,10
50,-0.037767548114061356,0.037767503410577774,10,10
51,-0.03828055411577225,0.038280606269836426,10,10
52,-0.038294754922389984,0.03829479217529297,10,10
53,-0.03745748847723007,0.03745746612548828,10,10
54,-0.03769651800394058,0.03769651800394058,10,10
55,-0.0373716875910759,0.03737163543701172,10,10
56,-0.037688110023736954,0.03768813610076904,10,10
57,-0.03860975429415703,0.038609787821769714,10,10
58,-0.03847575932741165,0.038475774228572845,10,10
59,-0.03834042325615883,0.03834044933319092,10,10
60,-0.03873567655682564,0.03873562812805176,10,10
61,-0.038632918149232864,0.038632869720458984,10,10
62,-0.038333356380462646,0.03833339735865593,10,10
63,-0.03850676491856575,0.03850676491856575,10,10
64,-0.037860237061977386,0.035535335540771484,10,10
65,-0.03780272230505943,0.03711320087313652,10,10
66,-0.03761334717273712,0.037613291293382645,10,10
67,-0.03801606222987175,0.03388047218322754,10,10
68,-0.037355780601501465,0.033791542053222656,10,10
69,-0.038624927401542664,0.0379670076072216,10,10
70,-0.03777141869068146,0.03777146339416504,10,10
71,-0.03771744668483734,0.03771749511361122,10,10
72,-0.03761538490653038,0.037615418434143066,10,10
73,-0.0375271774828434,0.03752720355987549,10,10
74,-0.03768450394272804,0.037684451788663864,10,10
75,-0.037421293556690216,0.037421341985464096,10,10
76,-0.03772257640957832,0.03772258758544922,10,10
77,-0.03870106860995293,0.038701124489307404,10,10
78,-0.03823503479361534,0.038235027343034744,10,10
79,-0.03764248266816139,0.037642478942871094,10,10
80,-0.038281090557575226,0.03664441406726837,10,10
81,-0.03767527639865875,0.03288984298706055,10,10
82,-0.038208939135074615,0.038208965212106705,10,10
83,-0.037421535700559616,0.037421584129333496,10,10
84,-0.037637367844581604,0.0376373752951622,10,10
85,-0.03770343214273453,0.03322915360331535,10,10
86,-0.03766131401062012,0.03516199812293053,10,10
87,-0.037638045847415924,0.03763805329799652,10,10
0,0.03491806611418724,0.03491811081767082,0,10
1,0.029672883450984955,0.029672935605049133,0,10
2,0.025762060657143593,0.025762086734175682,0,10
3,0.021185586228966713,0.02118564397096634,0,10
4,0.017345940694212914,0.017345981672406197,0,10
5,0.01432807557284832,0.01432809792459011,0,10
6,0.011255496181547642,0.011255516670644283,0,10
7,0.007850035093724728,0.007850074209272861,0,10
8,0.007112391293048859,0.00711238756775856,0,10
9,0.005794718861579895,0.005794724449515343,0,10
10,0.00443953787907958,0.004439585376530886,0,10
11,0.003559248521924019,0.0035592070780694485,0,10
12,0.0020932236220687628,0.00209317309781909,0,10
13,0.0018058597343042493,0.0018058990826830268,0,10
14,0.000993622001260519,0.0009936792775988579,0,10
15,0.0014648244250565767,0.0014648499200120568,0,10
16,0.0008913811179809272,0.0008914252393878996,0,10
17,0.0010890602134168148,0.0010890573030337691,0,10
18,-0.00011448391160229221,0.00011444091796875,10,10
19,0.0004381255421321839,0.000438160786870867,0,10
20,0.0006069241208024323,0.0006069605587981641,0,10
21,-0.0004352308460511267,0.00043523311614990234,10,10
22,3.177556209266186e-05,3.178870247211307e-05,0,10
23,-0.00018385538714937866,0.00018382881535217166,10,10
24,-0.0002379659708822146,0.00023794174194335938,10,10
25,-0.00031416083220392466,0.0003141164779663086,10,10
26,-0.000140014395583421,0.00014007091522216797,10,10
27,-0.00015101354802027345,0.00015096947026904672,10,10
28,0.0001920010836329311,0.00019204337149858475,0,10
29,-0.00027588108787313104,0.0002758502960205078,10,10
30,0.0001597263471921906,0.0001597250666236505,0,10
31,-0.00045299279736354947,0.00045299530029296875,10,10
32,-0.0011310932459309697,0.001024484634399414,10,10
33,-0.0011259866878390312,0.001125931739807129,10,10
34,-0.0013495668536052108,0.0013496254105120897,10,10
35,-0.0012573730200529099,0.0012574195861816406,10,10
36,-0.002104454440996051,0.0021044015884399414,10,10
37,-0.0021065659821033478,0.0021065878681838512,10,10
38,-0.0026999025139957666,0.0026998519897460938,10,10
39,-0.002826932119205594,0.0028269290924072266,10,10
40,-0.003713733283802867,0.0037137269973754883,10,10
41,-0.00490033021196723,0.004900336265563965,10,10
42,-0.006125571206212044,0.0061255693435668945,10,10
43,-0.007276609074324369,0.007276654243469238,10,10
44,-0.00952059868723154,0.0095206368714571,10,10
45,-0.011087821796536446,0.011087775230407715,10,10
46,-0.014367575757205486,0.013507843017578125,10,10
47,-0.017632735893130302,0.017632722854614258,10,10
48,-0.02322014980018139,0.023220181465148926,10,10
49,-0.029732009395956993,0.02973198890686035,10,10
50,-0.037767548114061356,0.0362623929977417,10,10
51,-0.03828055411577225,0.038280606269836426,10,10
52,-0.038294754922389984,0.03829479217529297,10,10
53,-0.03745748847723007,0.03745746612548828,10,10
54,-0.03769651800394058,0.0376964807510376,10,10
55,-0.0373716875910759,0.03737163543701172,10,10
56,-0.037688110023736954,0.03768813610076904,10,10
57,-0.03860975429415703,0.03443622589111328,10,10
58,-0.03847575932741165,0.03847579285502434,10,10
59,-0.03834042325615883,0.03586292266845703,10,10
60,-0.03873567655682564,0.03873566910624504,10,10
61,-0.038632918149232864,0.038632914423942566,10,10
62,-0.038333356380462646,0.03833332285284996,10,10
63,-0.03850676491856575,0.03819632530212402,10,10
64,-0.037860237061977386,0.03786027431488037,10,10
65,-0.03780272230505943,0.037802696228027344,10,10
66,-0.03761334717273712,0.0376133918762207,10,10
67,-0.03801606222987175,0.03801608085632324,10,10
68,-0.037355780601501465,0.037355780601501465,10,10
69,-0.038624927401542664,0.03862488269805908,10,10
70,-0.03777141869068146,0.03705871105194092,10,10
71,-0.03771744668483734,0.037717413157224655,10,10
72,-0.03761538490653038,0.037615422159433365,10,10
73,-0.0375271774828434,0.03752712532877922,10,10
74,-0.03768450394272804,0.03768455982208252,10,10
75,-0.037421293556690216,0.03742125630378723,10,10
76,-0.03772257640957832,0.03772258758544922,10,10
77,-0.03870106860995293,0.03870105743408203,10,10
78,-0.03823503479361534,0.03823506832122803,10,10
79,-0.03764248266816139,0.037642478942871094,10,10
80,-0.038281090557575226,0.035028573125600815,10,10
81,-0.03767527639865875,0.037675272673368454,10,10
82,-0.038208939135074615,0.03820890560746193,10,10
83,-0.037421535700559616,0.037421584129333496,10,10
84,-0.037637367844581604,0.037637367844581604,10,10
85,-0.03770343214273453,0.037075042724609375,10,10
86,-0.03766131401062012,0.03766131401062012,10,10
87,-0.037638045847415924,0.037638068199157715,10,10
88,-0.03779604285955429,0.0377960205078125,10,10
0,0.03491806611418724,0.034918125718832016,0,10
1,0.029672883450984955,0.029672930017113686,0,10
2,0.025762060657143593,0.025762099772691727,0,10
3,0.021185586228966713,0.021185630932450294,0,10
4,0.017345940694212914,0.01734599843621254,0,10
5,0.01432807557284832,0.01432812586426735,0,10
6,0.011255496181547642,0.0112555380910635,0,10
7,0.007850035093724728,0.007850077003240585,0,10
8,0.007112391293048859,0.007112427614629269,0,10
9,0.005794718861579895,0.00579476822167635,0,10
10,0.00443953787907958,0.004439531359821558,0,10
11,0.003559248521924019,0.0035592985805124044,0,10
12,0.0020932236220687628,0.0020932252518832684,0,10
13,0.0018058597343042493,0.0018058345885947347,0,10
14,0.000993622001260519,0.0009936046553775668,0,10
15,0.0014648244250565767,0.0014648763462901115,0,10
16,0.0008913811179809272,0.0008727778331376612,0,10
17,0.0010890602134168148,0.0010890209814533591,0,10
18,-0.00011448391160229221,0.00011444091796875,10,10
19,0.0004381255421321839,0.0004381255421321839,0,10
20,0.0006069241208024323,0.0006069736555218697,0,10
21,-0.0004352308460511267,0.00043523311614990234,10,10
22,3.177556209266186e-05,3.1403847970068455e-05,0,10
23,-0.00018385538714937866,0.00018388057651463896,10,10
24,-0.0002379659708822146,0.00023801108181942254,10,10
25,-0.00031416083220392466,0.00030732154846191406,10,10
26,-0.000140014395583421,0.00014007091522216797,10,10
27,-0.00015101354802027345,0.00015103816986083984,10,10
28,0.0001920010836329311,0.00019200899987481534,0,10
29,-0.00027588108787313104,0.0002758502960205078,10,10
30,0.0001597263471921906,0.00015970408276189119,0,10
31,-0.00045299279736354947,0.00045299530029296875,10,10
32,-0.0011310932459309697,0.0011311484267935157,10,10
33,-0.0011259866878390312,0.001125931739807129,10,10
34,-0.0013495668536052108,0.0013495907187461853,10,10
35,-0.0012573730200529099,0.0012574032880365849,10,10
36,-0.002104454440996051,0.002104429295286536,10,10
37,-0.0021065659821033478,0.0021065473556518555,10,10
38,-0.0026999025139957666,0.0026998519897460938,10,10
39,-0.002826932119205594,0.002781323390081525,10,10
40,-0.003713733283802867,0.0037137269973754883,10,10
41,-0.00490033021196723,0.004900375846773386,10,10
42,-0.006125571206212044,0.006125610321760178,10,10
43,-0.007276609074324369,0.006985505111515522,10,10
44,-0.00952059868723154,0.009520589374005795,10,10
45,-0.011087821796536446,0.011087789200246334,10,10
46,-0.014367575757205486,0.01436758041381836,10,10
47,-0.017632735893130302,0.017632722854614258,10,10
48,-0.02322014980018139,0.023220181465148926,10,10
49,-0.029732009395956993,0.02973198890686035,10,10
50,-0.037767548114061356,0.03776758536696434,10,10
51,-0.03828055411577225,0.038280606269836426,10,10
52,-0.038294754922389984,0.038294717669487,10,10
53,-0.03745748847723007,0.037457436323165894,10,10
54,-0.03769651800394058,0.037696536630392075,10,10
55,-0.0373716875910759,0.03737165033817291,10,10
56,-0.037688110023736954,0.03768813610076904,10,10
57,-0.03860975429415703,0.03860974311828613,10,10
58,-0.03847575932741165,0.038475751876831055,10,10
59,-0.03834042325615883,0.03834044933319092,10,10
60,-0.03873567655682564,0.03873562812805176,10,10
61,-0.038632918149232864,0.03863295540213585,10,10
62,-0.038333356380462646,0.03833330050110817,10,10
63,-0.03850676491856575,0.03850674629211426,10,10
64,-0.037860237061977386,0.03786029294133186,10,10
65,-0.03780272230505943,0.037802696228027344,10,10
66,-0.03761334717273712,0.0376133918762207,10,10
67,-0.03801606222987175,0.03801608085632324,10,10
68,-0.037355780601501465,0.03735578432679176,10,10
69,-0.038624927401542664,0.03862488269805908,10,10
70,-0.03777141869068146,0.03777146339416504,10,10
71,-0.03771744668483734,0.03771746903657913,10,10
72,-0.03761538490653038,0.037615418434143066,10,10
73,-0.0375271774828434,0.03752720355987549,10,10
74,-0.03768450394272804,0.037526726722717285,10,10
75,-0.037421293556690216,0.037421345710754395,10,10
76,-0.03772257640957832,0.03772258758544922,10,10
77,-0.03870106860995293,0.03870105743408203,10,10
78,-0.03823503479361534,0.03823506832122803,10,10
79,-0.03764248266816139,0.0376424677670002,10,10
80,-0.038281090557575226,0.03828108683228493,10,10
81,-0.03767527639865875,0.03767526149749756,10,10
82,-0.038208939135074615,0.038208961486816406,10,10
83,-0.037421535700559616,0.037421584129333496,10,10
84,-0.037637367844581604,0.03763735294342041,10,10
85,-0.03770343214273453,0.03770337626338005,10,10
86,-0.03766131401062012,0.03766131401062012,10,10
87,-0.037638045847415924,0.037638094276189804,10,10
88,-0.03779604285955429,0.03779599070549011,10,10
89,-0.03855077549815178,0.03855082392692566,10,10
0,0.03491806611418724,0.03491811081767082,0,10
1,0.029672883450984955,0.029672939330339432,0,10
2,0.025762060657143593,0.02576211467385292,0,10
3,0.021185586228966713,0.02118564024567604,0,10
4,0.017345940694212914,0.017345990985631943,0,10
5,0.01432807557284832,0.014328123070299625,0,10
6,0.011255496181547642,0.01125551387667656,0,10
7,0.007850035093724728,0.00785009004175663,0,10
8,0.007112391293048859,0.0071123819798231125,0,10
9,0.005794718861579895,0.0057947393506765366,0,10
10,0.00443953787907958,0.0044395229779183865,0,10
11,0.003559248521924019,0.0035592722706496716,0,10
12,0.0020932236220687628,0.002093262504786253,0,10
13,0.0018058597343042493,0.001805835054256022,0,10
14,0.000993622001260519,0.0009935954585671425,0,10
15,0.0014648244250565767,0.0014648701762780547,0,10
16,0.0008913811179809272,0.0008914230857044458,0,10
17,0.0010890602134168148,0.0010890179546549916,0,10
18,-0.00011448391160229221,0.00011444091796875,10,10
19,0.0004381255421321839,0.0004381515027489513,0,10
20,0.0006069241208024323,0.0006068853545002639,0,10
21,-0.0004352308460511267,0.0004352309333626181,10,10
22,3.177556209266186e-05,3.1786697945790365e-05,0,10
23,-0.00018385538714937866,0.0001838207244873047,10,10
24,-0.0002379659708822146,0.00023794174194335938,10,10
25,-0.00031416083220392466,0.00031417945865541697,10,10
26,-0.000140014395583421,0.00014007091522216797,10,10
27,-0.00015101354802027345,0.00015103816986083984,10,10
28,0.0001920010836329311,0.00019200349925085902,0,10
29,-0.00027588108787313104,0.0002758502960205078,10,10
30,0.0001597263471921906,0.0001597333321115002,0,10
31,-0.00045299279736354947,0.0004183053970336914,10,10
32,-0.0011310932459309697,0.0011310575064271688,10,10
33,-0.0011259866878390312,0.001125931739807129,10,10
34,-0.0013495668536052108,0.0013496211031451821,10,10
35,-0.0012573730200529099,0.0012574195861816406,10,10
36,-0.002104454440996051,0.0021045042667537928,10,10
37,-0.0021065659821033478,0.0021065473556518555,10,10
38,-0.0026999025139957666,0.0026998608373105526,10,10
39,-0.002826932119205594,0.0028269290924072266,10,10
40,-0.003713733283802867,0.0037137591280043125,10,10
41,-0.00490033021196723,0.004900336265563965,10,10
42,-0.006125571206212044,0.0061255693435668945,10,10
43,-0.007276609074324369,0.007276654243469238,10,10
44,-0.00952059868723154,0.009520649909973145,10,10
45,-0.011087821796536446,0.01108787301927805,10,10
46,-0.014367575757205486,0.01436758041381836,10,10
47,-0.017632735893130302,0.017632722854614258,10,10
48,-0.02322014980018139,0.023220151662826538,10,10
49,-0.029732009395956993,0.029732029885053635,10,10
50,-0.037767548114061356,0.03776752948760986,10,10
51,-0.03828055411577225,0.038280606269836426,10,10
52,-0.038294754922389984,0.038294799625873566,10,10
53,-0.03745748847723007,0.03745746612548828,10,10
54,-0.03769651800394058,0.0376964807510376,10,10
55,-0.0373716875910759,0.03737163543701172,10,10
56,-0.037688110023736954,0.03768814355134964,10,10
57,-0.03860975429415703,0.03860976919531822,10,10
58,-0.03847575932741165,0.038475751876831055,10,10
59,-0.03834042325615883,0.038340479135513306,10,10
60,-0.03873567655682564,0.03873562812805176,10,10
61,-0.038632918149232864,0.038632944226264954,10,10
62,-0.038333356380462646,0.03833338990807533,10,10
63,-0.03850676491856575,0.03850674629211426,10,10
64,-0.037860237061977386,0.03747892379760742,10,10
65,-0.03780272230505943,0.037802696228027344,10,10
66,-0.03761334717273712,0.03761329501867294,10,10
67,-0.03801606222987175,0.038016051054000854,10,10
68,-0.037355780601501465,0.03735576570034027,10,10
69,-0.038624927401542664,0.03862488269805908,10,10
70,-0.03777141869068146,0.03777146339416504,10,10
71,-0.03771744668483734,0.037717461585998535,10,10
72,-0.03761538490653038,0.037615396082401276,10,10
73,-0.0375271774828434,0.03752720355987549,10,10
74,-0.03768450394272804,0.03768455982208252,10,10
75,-0.037421293556690216,0.037421345710754395,10,10
76,-0.03772257640957832,0.03772258758544922,10,10
77,-0.03870106860995293,0.03870102018117905,10,10
78,-0.03823503479361534,0.03823508322238922,10,10
79,-0.03764248266816139,0.03764253854751587,10,10
80,-0.038281090557575226,0.03828108310699463,10,10
81,-0.03767527639865875,0.03767526149749756,10,10
82,-0.038208939135074615,0.038208961486816406,10,10
83,-0.037421535700559616,0.037421565502882004,10,10
84,-0.037637367844581604,0.03763735294342041,10,10
85,-0.03770343214273453,0.03770339488983154,10,10
86,-0.03766131401062012,0.03766131401062012,10,10
87,-0.037638045847415924,0.0376381017267704,10,10
88,-0.03779604285955429,0.03736460208892822,10,10
89,-0.03855077549815178,0.03855080157518387,10,10
90,-0.037778519093990326,0.037778496742248535,10,10
0,0.03491806611418724,0.034918103367090225,0,10
1,0.029672883450984955,0.029672905802726746,0,10
2,0.025762060657143593,0.02576211839914322,0,10
3,0.021185586228966713,0.02118564583361149,0,10
4,0.017345940694212914,0.01734599657356739,0,10
5,0.01432807557284832,0.014328100718557835,0,10
6,0.011255496181547642,0.011255545541644096,0,10
7,0.007850035093724728,0.00785009004175663,0,10
8,0.007112391293048859,0.0071124364621937275,0,10
9,0.005794718861579895,0.005794726777821779,0,10
10,0.00443953787907958,0.004439580719918013,0,10
11,0.003559248521924019,0.0035592576023191214,0,10
12,0.0020932236220687628,0.0020932708866894245,0,10
13,0.0018058597343042493,0.0018058118876069784,0,10
14,0.000993622001260519,0.0009936782298609614,0,10
15,0.0014648244250565767,0.001464855158701539,0,10
16,0.0008913811179809272,0.0008913982310332358,0,10
17,0.0010890602134168148,0.0010891057318076491,0,10
18,-0.00011448391160229221,0.00011446189455455169,10,10
19,0.0004381255421321839,0.00043816474499180913,0,10
20,0.0006069241208024323,0.0006068918737582862,0,10
21,-0.0004352308460511267,0.00043523311614990234,10,10
22,3.177556209266186e-05,3.178434053552337e-05,0,10
23,-0.00018385538714937866,0.0001838207244873047,10,10
24,-0.0002379659708822146,0.0002379581710556522,10,10
25,-0.00031416083220392466,0.0003141164779663086,10,10
26,-0.000140014395583421,0.00013566017150878906,10,10
27,-0.00015101354802027345,0.00015103816986083984,10,10
28,0.0001920010836329311,0.0001920318027259782,0,10
29,-0.00027588108787313104,0.0002758502960205078,10,10
30,0.0001597263471921906,0.00015972863184288144,0,10
31,-0.00045299279736354947,0.00045299530029296875,10,10
32,-0.0011310932459309697,0.0011310577392578125,10,10
33,-0.0011259866878390312,0.0011086463928222656,10,10
34,-0.0013495668536052108,0.0013495683670043945,10,10
35,-0.0012573730200529099,0.0012574195861816406,10,10
36,-0.002104454440996051,0.0021044015884399414,10,10
37,-0.0021065659821033478,0.0021065319888293743,10,10
38,-0.0026999025139957666,0.0026998871471732855,10,10
39,-0.002826932119205594,0.0028269290924072266,10,10
40,-0.003713733283802867,0.0037137269973754883,10,10
41,-0.00490033021196723,0.004900336265563965,10,10
42,-0.006125571206212044,0.0061255693435668945,10,10
43,-0.007276609074324369,0.007163966074585915,10,10
44,-0.00952059868723154,0.009520592167973518,10,10
45,-0.011087821796536446,0.011087775230407715,10,10
46,-0.014367575757205486,0.01436762697994709,10,10
47,-0.017632735893130302,0.017388157546520233,10,10
48,-0.02322014980018139,0.022971510887145996,10,10
49,-0.029732009395956993,0.02973198890686035,10,10
50,-0.037767548114061356,0.03776758909225464,10,10
51,-0.03828055411577225,0.03782689571380615,10,10
52,-0.038294754922389984,0.03829479217529297,10,10
53,-0.03745748847723007,0.03465975821018219,10,10
54,-0.03769651800394058,0.03769649192690849,10,10
55,-0.0373716875910759,0.03402149677276611,10,10
56,-0.037688110023736954,0.03768813610076904,10,10
57,-0.03860975429415703,0.03287153318524361,10,10
58,-0.03847575932741165,0.0381123423576355,10,10
59,-0.03834042325615883,0.03834044560790062,10,10
60,-0.03873567655682564,0.03873562812805176,10,10
61,-0.038632918149232864,0.038632869720458984,10,10
62,-0.038333356380462646,0.03833341598510742,10,10
63,-0.03850676491856575,0.038506779819726944,10,10
64,-0.037860237061977386,0.03786027431488037,10,10
65,-0.03780272230505943,0.03780277818441391,10,10
66,-0.03761334717273712,0.0376133918762207,10,10
67,-0.03801606222987175,0.03801605850458145,10,10
68,-0.037355780601501465,0.03735582157969475,10,10
69,-0.038624927401542664,0.03862493112683296,10,10
70,-0.03777141869068146,0.03777146339416504,10,10
71,-0.03771744668483734,0.037717461585998535,10,10
72,-0.03761538490653038,0.033405885100364685,10,10
73,-0.0375271774828434,0.03752714768052101,10,10
74,-0.03768450394272804,0.03665971755981445,10,10
75,-0.037421293556690216,0.037421345710754395,10,10
76,-0.03772257640957832,0.03772258758544922,10,10
77,-0.03870106860995293,0.0380837507545948,10,10
78,-0.03823503479361534,0.03823508322238922,10,10
79,-0.03764248266816139,0.03764250501990318,10,10
80,-0.038281090557575226,0.035662055015563965,10,10
81,-0.03767527639865875,0.037675224244594574,10,10
82,-0.038208939135074615,0.038208961486816406,10,10
83,-0.037421535700559616,0.037421584129333496,10,10
84,-0.037637367844581604,0.03763735294342041,10,10
85,-0.03770343214273453,0.03770339488983154,10,10
86,-0.03766131401062012,0.03766131401062012,10,10
87,-0.037638045847415924,0.037638068199157715,10,10
88,-0.03779604285955429,0.0377960205078125,10,10
89,-0.03855077549815178,0.03855076804757118,10,10
90,-0.037778519093990326,0.037778496742248535,10,10
91,-0.03870515897870064,0.03870511054992676,10,10
0,0.03491806611418724,0.03491811826825142,0,10
1,0.029672883450984955,0.029672931879758835,0,10
2,0.025762060657143593,0.025762086734175682,0,10
3,0.021185586228966713,0.02118564583361149,0,10
4,0.017345940694212914,0.0173459742218256,0,10
5,0.01432807557284832,0.01432813424617052,0,10
6,0.011255496181547642,0.011255523189902306,0,10
7,0.007850035093724728,0.007850083522498608,0,10
8,0.007112391293048859,0.007112439256161451,0,10
9,0.005794718861579895,0.005794755648821592,0,10
10,0.00443953787907958,0.0044395895674824715,0,10
11,0.003559248521924019,0.003559287404641509,0,10
12,0.0020932236220687628,0.00209318520501256,0,10
13,0.0018058597343042493,0.0018059040885418653,0,10
14,0.000993622001260519,0.000993650872260332,0,10
15,0.0014648244250565767,0.0014647989301010966,0,10
16,0.0008913811179809272,0.0008914148202165961,0,10
17,0.0010890602134168148,0.001033474924042821,0,10
18,-0.00011448391160229221,0.00011444187839515507,10,10
19,0.0004381255421321839,0.00043812254443764687,0,10
20,0.0006069241208024323,0.0006069314549677074,0,10
21,-0.0004352308460511267,0.00043523311614990234,10,10
22,3.177556209266186e-05,3.180223939125426e-05,0,10
23,-0.00018385538714937866,0.0001838489406509325,10,10
24,-0.0002379659708822146,0.00022935867309570312,10,10
25,-0.00031416083220392466,0.0003141164779663086,10,10
26,-0.000140014395583421,0.00013998860958963633,10,10
27,-0.00015101354802027345,0.00015103816986083984,10,10
28,0.0001920010836329311,0.00019203640113119036,0,10
29,-0.00027588108787313104,0.0002758502960205078,10,10
30,0.0001597263471921906,0.00015978030569385737,0,10
31,-0.00045299279736354947,0.00045295339077711105,10,10
32,-0.0011310932459309697,0.0011310577392578125,10,10
33,-0.0011259866878390312,0.001125931739807129,10,10
34,-0.0013495668536052108,0.0013495441526174545,10,10
35,-0.0012573730200529099,0.0012574195861816406,10,10
36,-0.002104454440996051,0.0021044015884399414,10,10
37,-0.0021065659821033478,0.002106592059135437,10,10
38,-0.0026999025139957666,0.0026998519897460938,10,10
39,-0.002826932119205594,0.002826947020366788,10,10
40,-0.003713733283802867,0.0037137269973754883,10,10
41,-0.00490033021196723,0.004900336265563965,10,10
42,-0.006125571206212044,0.0061255693435668945,10,10
43,-0.007276609074324369,0.007276550866663456,10,10
44,-0.00952059868723154,0.009520555846393108,10,10
45,-0.011087821796536446,0.011087808758020401,10,10
46,-0.014367575757205486,0.014367624185979366,10,10
47,-0.017632735893130302,0.01763268932700157,10,10
48,-0.02322014980018139,0.023220205679535866,10,10
49,-0.029732009395956993,0.029732022434473038,10,10
50,-0.037767548114061356,0.0358203649520874,10,10
51,-0.03828055411577225,0.038280606269836426,10,10
52,-0.038294754922389984,0.03829476609826088,10,10
53,-0.03745748847723007,0.03745746612548828,10,10
54,-0.03769651800394058,0.0376964807510376,10,10
55,-0.0373716875910759,0.03737163543701172,10,10
56,-0.037688110023736954,0.03768808767199516,10,10
57,-0.03860975429415703,0.03860974311828613,10,10
58,-0.03847575932741165,0.038475751876831055,10,10
59,-0.03834042325615883,0.03834044933319092,10,10
60,-0.03873567655682564,0.0360000841319561,10,10
61,-0.038632918149232864,0.038632869720458984,10,10
62,-0.038333356380462646,0.03833341598510742,10,10
63,-0.03850676491856575,0.03850674629211426,10,10
64,-0.037860237061977386,0.03786027431488037,10,10
65,-0.03780272230505943,0.037802696228027344,10,10
66,-0.03761334717273712,0.037613362073898315,10,10
67,-0.03801606222987175,0.03801608085632324,10,10
68,-0.037355780601501465,0.03496390953660011,10,10
69,-0.038624927401542664,0.03862488269805908,10,10
70,-0.03777141869068146,0.03777146339416504,10,10
71,-0.03771744668483734,0.03771745786070824,10,10
72,-0.03761538490653038,0.037615418434143066,10,10
73,-0.0375271774828434,0.03579636663198471,10,10
74,-0.03768450394272804,0.0348736047744751,10,10
75,-0.037421293556690216,0.037421345710754395,10,10
76,-0.03772257640957832,0.03772258758544922,10,10
77,-0.03870106860995293,0.03870105743408203,10,10
78,-0.03823503479361534,0.03376758098602295,10,10
79,-0.03764248266816139,0.037642478942871094,10,10
80,-0.038281090557575226,0.03828108310699463,10,10
81,-0.03767527639865875,0.03767526149749756,10,10
82,-0.038208939135074615,0.03714354708790779,10,10
83,-0.037421535700559616,0.037421584129333496,10,10
84,-0.037637367844581604,0.03763735294342041,10,10
85,-0.03770343214273453,0.03770339488983154,10,10
86,-0.03766131401062012,0.03766131401062012,10,10
87,-0.037638045847415924,0.035871267318725586,10,10
88,-0.03779604285955429,0.03762197494506836,10,10
89,-0.03855077549815178,0.038550734519958496,10,10
90,-0.037778519093990326,0.037778496742248535,10,10
91,-0.03870515897870064,0.03870519995689392,10,10
92,-0.03734372928738594,0.03421282768249512,10,10
0,0.03491806611418724,0.03491811826825142,0,10
1,0.029672883450984955,0.029672935605049133,0,10
2,0.025762060657143593,0.02576211839914322,0,10
3,0.021185586228966713,0.021185623481869698,0,10
4,0.017345940694212914,0.017345992848277092,0,10
5,0.01432807557284832,0.01432812586426735,0,10
6,0.011255496181547642,0.011255534365773201,0,10
7,0.007850035093724728,0.007850074209272861,0,10
8,0.007112391293048859,0.007112434133887291,0,10
9,0.005794718861579895,0.0057946727611124516,0,10
10,0.00443953787907958,0.004439554642885923,0,10
11,0.003559248521924019,0.003559296950697899,0,10
12,0.0020932236220687628,0.0020931728649884462,0,10
13,0.0018058597343042493,0.0018059021094813943,0,10
14,0.000993622001260519,0.0009936603019014,0,10
15,0.0014648244250565767,0.0014321893686428666,0,10
16,0.0008913811179809272,0.0008913773926906288,0,10
17,0.0010890602134168148,0.0010890827979892492,0,10
18,-0.00011448391160229221,0.00011446493590483442,10,10
19,0.0004381255421321839,0.000438157090684399,0,10
20,0.0006069241208024323,0.0006069708615541458,0,10
21,-0.0004352308460511267,0.0004352852702140808,10,10
22,3.177556209266186e-05,3.172985452692956e-05,0,10
23,-0.00018385538714937866,0.0001838207244873047,10,10
24,-0.0002379659708822146,0.00022530555725097656,10,10
25,-0.00031416083220392466,0.0003141587949357927,10,10
26,-0.000140014395583421,0.00014007091522216797,10,10
27,-0.00015101354802027345,0.00015103816986083984,10,10
28,0.0001920010836329311,0.00019199529197067022,0,10
29,-0.00027588108787313104,0.000275875732768327,10,10
30,0.0001597263471921906,0.00015977091970853508,0,10
31,-0.00045299279736354947,0.0004530189326032996,10,10
32,-0.0011310932459309697,0.0011310577392578125,10,10
33,-0.0011259866878390312,0.001126022543758154,10,10
34,-0.0013495668536052108,0.0013495683670043945,10,10
35,-0.0012573730200529099,0.0012574195861816406,10,10
36,-0.002104454440996051,0.0021044015884399414,10,10
37,-0.0021065659821033478,0.0021065473556518555,10,10
38,-0.0026999025139957666,0.0026998519897460938,10,10
39,-0.002826932119205594,0.0028269290924072266,10,10
40,-0.003713733283802867,0.0037137288600206375,10,10
41,-0.00490033021196723,0.004900336265563965,10,10
42,-0.006125571206212044,0.0061255693435668945,10,10
43,-0.007276609074324369,0.007276654243469238,10,10
44,-0.00952059868723154,0.008815407752990723,10,10
45,-0.011087821796536446,0.011087868362665176,10,10
46,-0.014367575757205486,0.014367621392011642,10,10
47,-0.017632735893130302,0.01763279177248478,10,10
48,-0.02322014980018139,0.023220181465148926,10,10
49,-0.029732009395956993,0.029732003808021545,10,10
50,-0.037767548114061356,0.03776752948760986,10,10
51,-0.03828055411577225,0.03828053921461105,10,10
52,-0.038294754922389984,0.03829469159245491,10,10
53,-0.03745748847723007,0.03745752200484276,10,10
54,-0.03769651800394058,0.0376964807510376,10,10
55,-0.0373716875910759,0.03737163543701172,10,10
56,-0.037688110023736954,0.03768816590309143,10,10
57,-0.03860975429415703,0.03860974684357643,10,10
58,-0.03847575932741165,0.03847575932741165,10,10
59,-0.03834042325615883,0.03834044933319092,10,10
60,-0.03873567655682564,0.038735661655664444,10,10
61,-0.038632918149232864,0.03863295167684555,10,10
62,-0.038333356380462646,0.03833341598510742,10,10
63,-0.03850676491856575,0.03850674629211426,10,10
64,-0.037860237061977386,0.03786027431488037,10,10
65,-0.03780272230505943,0.03780268505215645,10,10
66,-0.03761334717273712,0.037316322326660156,10,10
67,-0.03801606222987175,0.03801605477929115,10,10
68,-0.037355780601501465,0.03735576942563057,10,10
69,-0.038624927401542664,0.03862496837973595,10,10
70,-0.03777141869068146,0.03777146339416504,10,10
71,-0.03771744668483734,0.037717435508966446,10,10
72,-0.03761538490653038,0.03301846981048584,10,10
73,-0.0375271774828434,0.03752722591161728,10,10
74,-0.03768450394272804,0.03768447786569595,10,10
75,-0.037421293556690216,0.037421345710754395,10,10
76,-0.03772257640957832,0.0334630161523819,10,10
77,-0.03870106860995293,0.03646533563733101,10,10
78,-0.03823503479361534,0.03823506832122803,10,10
79,-0.03764248266816139,0.037177324295043945,10,10
80,-0.038281090557575226,0.038281120359897614,10,10
81,-0.03767527639865875,0.03767526149749756,10,10
82,-0.038208939135074615,0.0382089838385582,10,10
83,-0.037421535700559616,0.037421584129333496,10,10
84,-0.037637367844581604,0.03341972827911377,10,10
85,-0.03770343214273453,0.03770340606570244,10,10
86,-0.03766131401062012,0.0376613512635231,10,10
87,-0.037638045847415924,0.0376380980014801,10,10
88,-0.03779604285955429,0.0377960205078125,10,10
89,-0.03855077549815178,0.038550734519958496,10,10
90,-0.037778519093990326,0.037778496742248535,10,10
91,-0.03870515897870064,0.03757092356681824,10,10
92,-0.03734372928738594,0.037343740463256836,10,10
93,-0.03760574385523796,0.03760576248168945,10,10
0,0.03491806611418724,0.03491812199354172,0,10
1,0.029672883450984955,0.029672939330339432,0,10
2,0.025762060657143593,0.025762110948562622,0,10
3,0.021185586228966713,0.02118559554219246,0,10
4,0.017345940694212914,0.017345981672406197,0,10
5,0.01432807557284832,0.014328123070299625,0,10
6,0.011255496181547642,0.011255537159740925,0,10
7,0.007850035093724728,0.007850072346627712,0,10
8,0.007112391293048859,0.007112438790500164,0,10
9,0.005794718861579895,0.005794691387563944,0,10
10,0.00443953787907958,0.004439528565853834,0,10
11,0.003559248521924019,0.0035592932254076004,0,10
12,0.0020932236220687628,0.0020932515617460012,0,10
13,0.0018058597343042493,0.0018058849964290857,0,10
14,0.000993622001260519,0.0009936740389093757,0,10
15,0.0014648244250565767,0.0014648399082943797,0,10
16,0.0008913811179809272,0.0008913964848034084,0,10
17,0.0010890602134168148,0.0010890814010053873,0,10
18,-0.00011448391160229221,0.00011444091796875,10,10
19,0.0004381255421321839,0.00043811119394376874,0,10
20,0.0006069241208024323,0.0006069033988751471,0,10
21,-0.0004352308460511267,0.00043521172483451664,10,10
22,3.177556209266186e-05,3.172126889694482e-05,0,10
23,-0.00018385538714937866,0.0001838207244873047,10,10
24,-0.0002379659708822146,0.00023794174194335938,10,10
25,-0.00031416083220392466,0.00029167011962272227,10,10
26,-0.000140014395583421,0.00014007091522216797,10,10
27,-0.00015101354802027345,0.0001510475412942469,10,10
28,0.0001920010836329311,0.00019195384811609983,0,10
29,-0.00027588108787313104,0.000275866303127259,10,10
30,0.0001597263471921906,0.0001597553928149864,0,10
31,-0.00045299279736354947,0.00045299530029296875,10,10
32,-0.0011310932459309697,0.0011310377158224583,10,10
33,-0.0011259866878390312,0.001125931739807129,10,10
34,-0.0013495668536052108,0.0013495683670043945,10,10
35,-0.0012573730200529099,0.0012574195861816406,10,10
36,-0.002104454440996051,0.0021044015884399414,10,10
37,-0.0021065659821033478,0.0021065473556518555,10,10
38,-0.0026999025139957666,0.0026998519897460938,10,10
39,-0.002826932119205594,0.002826912561431527,10,10
40,-0.003713733283802867,0.003713738638907671,10,10
41,-0.00490033021196723,0.004900336265563965,10,10
42,-0.006125571206212044,0.0061255693435668945,10,10
43,-0.007276609074324369,0.007276654243469238,10,10
44,-0.00952059868723154,0.009520649909973145,10,10
45,-0.011087821796536446,0.011087775230407715,10,10
46,-0.014367575757205486,0.01436758041381836,10,10
47,-0.017632735893130302,0.01763276942074299,10,10
48,-0.02322014980018139,0.023220181465148926,10,10
49,-0.029732009395956993,0.02973198890686035,10,10
50,-0.037767548114061356,0.03776752948760986,10,10
51,-0.03828055411577225,0.038280606269836426,10,10
52,-0.038294754922389984,0.03519148379564285,10,10
53,-0.03745748847723007,0.03745745122432709,10,10
54,-0.03769651800394058,0.035875868052244186,10,10
55,-0.0373716875910759,0.0373716875910759,10,10
56,-0.037688110023736954,0.03768812492489815,10,10
57,-0.03860975429415703,0.03860972449183464,10,10
58,-0.03847575932741165,0.038475751876831055,10,10
59,-0.03834042325615883,0.03834044933319092,10,10
60,-0.03873567655682564,0.03873562812805176,10,10
61,-0.038632918149232864,0.03863285854458809,10,10
62,-0.038333356380462646,0.03833341598510742,10,10
63,-0.03850676491856575,0.038506753742694855,10,10
64,-0.037860237061977386,0.03786027431488037,10,10
65,-0.03780272230505943,0.037802696228027344,10,10
66,-0.03761334717273712,0.0376133918762207,10,10
67,-0.03801606222987175,0.03801605477929115,10,10
68,-0.037355780601501465,0.037355780601501465,10,10
69,-0.038624927401542664,0.03745758533477783,10,10
70,-0.03777141869068146,0.03777146339416504,10,10
71,-0.03771744668483734,0.037717461585998535,10,10
72,-0.03761538490653038,0.037615418434143066,10,10
73,-0.0375271774828434,0.03752715885639191,10,10
74,-0.03768450394272804,0.03768455982208252,10,10
75,-0.037421293556690216,0.037421345710754395,10,10
76,-0.03772257640957832,0.03681110590696335,10,10
77,-0.03870106860995293,0.03801107406616211,10,10
78,-0.03823503479361534,0.03823504224419594,10,10
79,-0.03764248266816139,0.037642478942871094,10,10
80,-0.038281090557575226,0.03623247146606445,10,10
81,-0.03767527639865875,0.037675291299819946,10,10
82,-0.038208939135074615,0.037557464092969894,10,10
83,-0.037421535700559616,0.03742149844765663,10,10
84,-0.037637367844581604,0.037637367844581604,10,10
85,-0.03770343214273453,0.037703465670347214,10,10
86,-0.03766131401062012,0.03754091262817383,10,10
87,-0.037638045847415924,0.03763807192444801,10,10
88,-0.03779604285955429,0.0377960205078125,10,10
89,-0.03855077549815178,0.038550734519958496,10,10
90,-0.037778519093990326,0.037778496742248535,10,10
91,-0.03870515897870064,0.038164861500263214,10,10
92,-0.03734372928738594,0.03523147106170654,10,10
93,-0.03760574385523796,0.03760576248168945,10,10
94,-0.037524010986089706,0.0375240258872509,10,10
0,0.03491806611418724,0.03491811826825142,0,10
1,0.029672883450984955,0.02967294119298458,0,10
2,0.025762060657143593,0.02576209045946598,0,10
3,0.021185586228966713,0.02118562161922455,0,10
4,0.017345940694212914,0.01734600029885769,0,10
5,0.01432807557284832,0.014328110963106155,0,10
6,0.011255496181547642,0.011255543678998947,0,10
7,0.007850035093724728,0.007850080728530884,0,10
8,0.007112391293048859,0.007112431805580854,0,10
9,0.005794718861579895,0.00579474214464426,0,10
10,0.00443953787907958,0.0044395895674824715,0,10
11,0.003559248521924019,0.003559237578883767,0,10
12,0.0020932236220687628,0.0020932070910930634,0,10
13,0.0018058597343042493,0.0018058160785585642,0,10
14,0.000993622001260519,0.0009936429560184479,0,10
15,0.0014648244250565767,0.001464836997911334,0,10
16,0.0008913811179809272,0.000891404110006988,0,10
17,0.0010890602134168148,0.0010891142301261425,0,10
18,-0.00011448391160229221,0.00011444091796875,10,10
19,0.0004381255421321839,0.00043811200885102153,0,10
20,0.0006069241208024323,0.0006069155060686171,0,10
21,-0.0004352308460511267,0.00043523311614990234,10,10
22,3.177556209266186e-05,3.1821375159779564e-05,0,10
23,-0.00018385538714937866,0.00018382199050392956,10,10
24,-0.0002379659708822146,0.00022661685943603516,10,10
25,-0.00031416083220392466,0.0003141164779663086,10,10
26,-0.000140014395583421,0.00014007091522216797,10,10
27,-0.00015101354802027345,0.0001494884490966797,10,10
28,0.0001920010836329311,0.00019197915389668196,0,10
29,-0.00027588108787313104,0.00026345252990722656,10,10
30,0.0001597263471921906,0.00015975833230186254,0,10
31,-0.00045299279736354947,0.0004529455618467182,10,10
32,-0.0011310932459309697,0.0011310577392578125,10,10
33,-0.0011259866878390312,0.001125931739807129,10,10
34,-0.0013495668536052108,0.0013496220344677567,10,10
35,-0.0012573730200529099,0.0012574195861816406,10,10
36,-0.002104454440996051,0.0021044015884399414,10,10
37,-0.0021065659821033478,0.0021065473556518555,10,10
38,-0.0026999025139957666,0.0026998519897460938,10,10
39,-0.002826932119205594,0.0028269824106246233,10,10
40,-0.003713733283802867,0.003606438636779785,10,10
41,-0.00490033021196723,0.004900336265563965,10,10
42,-0.006125571206212044,0.0061255693435668945,10,10
43,-0.007276609074324369,0.007276654243469238,10,10
44,-0.00952059868723154,0.009520649909973145,10,10
45,-0.011087821796536446,0.011087775230407715,10,10
46,-0.014367575757205486,0.01436758041381836,10,10
47,-0.017632735893130302,0.017632722854614258,10,10
48,-0.02322014980018139,0.023220181465148926,10,10
49,-0.029732009395956993,0.02973198890686035,10,10
50,-0.037767548114061356,0.03776752948760986,10,10
51,-0.03828055411577225,0.038280606269836426,10,10
52,-0.038294754922389984,0.03829479217529297,10,10
53,-0.03745748847723007,0.037457529455423355,10,10
54,-0.03769651800394058,0.0376964807510376,10,10
55,-0.0373716875910759,0.03737163543701172,10,10
56,-0.037688110023736954,0.03768813610076904,10,10
57,-0.03860975429415703,0.038609735667705536,10,10
58,-0.03847575932741165,0.038475796580314636,10,10
59,-0.03834042325615883,0.03624173253774643,10,10
60,-0.03873567655682564,0.03455079719424248,10,10
61,-0.038632918149232864,0.03788890689611435,10,10
62,-0.038333356380462646,0.03833341598510742,10,10
63,-0.03850676491856575,0.03301815688610077,10,10
64,-0.037860237061977386,0.03786027431488037,10,10
65,-0.03780272230505943,0.037802696228027344,10,10
66,-0.03761334717273712,0.03465771675109863,10,10
67,-0.03801606222987175,0.03801608085632324,10,10
68,-0.037355780601501465,0.037355780601501465,10,10
69,-0.038624927401542664,0.03862491622567177,10,10
70,-0.03777141869068146,0.03777146339416504,10,10
71,-0.03771744668483734,0.03771740198135376,10,10
72,-0.03761538490653038,0.0376153364777565,10,10
73,-0.0375271774828434,0.03752720355987549,10,10
74,-0.03768450394272804,0.03768455982208252,10,10
75,-0.037421293556690216,0.03480172157287598,10,10
76,-0.03772257640957832,0.03772260621190071,10,10
77,-0.03870106860995293,0.03870105743408203,10,10
78,-0.03823503479361534,0.03823506832122803,10,10
79,-0.03764248266816139,0.036684393882751465,10,10
80,-0.038281090557575226,0.03828108310699463,10,10
81,-0.03767527639865875,0.03767526149749756,10,10
82,-0.038208939135074615,0.034612905234098434,10,10
83,-0.037421535700559616,0.03668797016143799,10,10
84,-0.037637367844581604,0.03763735294342041,10,10
85,-0.03770343214273453,0.03770339488983154,10,10
86,-0.03766131401062012,0.03766131401062012,10,10
87,-0.037638045847415924,0.03763807564973831,10,10
88,-0.03779604285955429,0.03779603913426399,10,10
89,-0.03855077549815178,0.038550734519958496,10,10
90,-0.037778519093990326,0.037778496742248535,10,10
91,-0.03870515897870064,0.03870511054992676,10,10
92,-0.03734372928738594,0.03734375536441803,10,10
93,-0.03760574385523796,0.03760576248168945,10,10
94,-0.037524010986089706,0.03480615094304085,10,10
95,-0.03767380118370056,0.03767383098602295,10,10
0,0.03491806611418724,0.03491811454296112,0,10
1,0.029672883450984955,0.029672939330339432,0,10
2,0.025762060657143593,0.025762081146240234,0,10
3,0.021185586228966713,0.02118563838303089,0,10
4,0.017345940694212914,0.017345987260341644,0,10
5,0.01432807557284832,0.014328123070299625,0,10
6,0.011255496181547642,0.011255530640482903,0,10
7,0.007850035093724728,0.007850066758692265,0,10
8,0.007112391293048859,0.007112402003258467,0,10
9,0.005794718861579895,0.005794753786176443,0,10
10,0.00443953787907958,0.0044395169243216515,0,10
11,0.003559248521924019,0.0035592159256339073,0,10
12,0.0020932236220687628,0.0020932352636009455,0,10
13,0.0018058597343042493,0.0018058870919048786,0,10
14,0.000993622001260519,0.0009936551796272397,0,10
15,0.0014648244250565767,0.0014647938078269362,0,10
16,0.0008913811179809272,0.0008914322243072093,0,10
17,0.0010890602134168148,0.0010890611447393894,0,10
18,-0.00011448391160229221,0.00010463303624419495,10,10
19,0.0004381255421321839,0.00040641482337377965,0,10
20,0.0006069241208024323,0.0006069651572033763,0,10
21,-0.0004352308460511267,0.00043518689926713705,10,10
22,3.177556209266186e-05,3.178523911628872e-05,0,10
23,-0.00018385538714937866,0.00018380448454990983,10,10
24,-0.0002379659708822146,0.00023794174194335938,10,10
25,-0.00031416083220392466,0.0003141164779663086,10,10
26,-0.000140014395583421,0.00013697147369384766,10,10
27,-0.00015101354802027345,0.00015103816986083984,10,10
28,0.0001920010836329311,0.00019203274860046804,0,10
29,-0.00027588108787313104,0.00027191638946533203,10,10
30,0.0001597263471921906,0.00015976648137439042,0,10
31,-0.00045299279736354947,0.0004530476580839604,10,10
32,-0.0011310932459309697,0.0011310577392578125,10,10
33,-0.0011259866878390312,0.001125931739807129,10,10
34,-0.0013495668536052108,0.0013495683670043945,10,10
35,-0.0012573730200529099,0.0012574195861816406,10,10
36,-0.002104454440996051,0.0021044015884399414,10,10
37,-0.0021065659821033478,0.0021065473556518555,10,10
38,-0.0026999025139957666,0.0026999160181730986,10,10
39,-0.002826932119205594,0.0028269807808101177,10,10
40,-0.003713733283802867,0.0037137074396014214,10,10
41,-0.00490033021196723,0.0049003716558218,10,10
42,-0.006125571206212044,0.006125582382082939,10,10
43,-0.007276609074324369,0.007276654243469238,10,10
44,-0.00952059868723154,0.009520649909973145,10,10
45,-0.011087821796536446,0.011087775230407715,10,10
46,-0.014367575757205486,0.01436758041381836,10,10
47,-0.017632735893130302,0.01763279177248478,10,10
48,-0.02322014980018139,0.023220181465148926,10,10
49,-0.029732009395956993,0.02973199263215065,10,10
50,-0.037767548114061356,0.037767574191093445,10,10
51,-0.03828055411577225,0.03828050196170807,10,10
52,-0.038294754922389984,0.03829476982355118,10,10
53,-0.03745748847723007,0.037457533180713654,10,10
54,-0.03769651800394058,0.03769656643271446,10,10
55,-0.0373716875910759,0.03737163543701172,10,10
56,-0.037688110023736954,0.037688158452510834,10,10
57,-0.03860975429415703,0.03860975801944733,10,10
58,-0.03847575932741165,0.03454101085662842,10,10
59,-0.03834042325615883,0.03834044933319092,10,10
60,-0.03873567655682564,0.03873562812805176,10,10
61,-0.038632918149232864,0.038632869720458984,10,10
62,-0.038333356380462646,0.03833341598510742,10,10
63,-0.03850676491856575,0.03850674629211426,10,10
64,-0.037860237061977386,0.037860207259655,10,10
65,-0.03780272230505943,0.03713807836174965,10,10
66,-0.03761334717273712,0.0376133918762207,10,10
67,-0.03801606222987175,0.03801608458161354,10,10
68,-0.037355780601501465,0.037355780601501465,10,10
69,-0.038624927401542664,0.036393534392118454,10,10
70,-0.03777141869068146,0.03777146339416504,10,10
71,-0.03771744668483734,0.037717461585998535,10,10
72,-0.03761538490653038,0.03761539235711098,10,10
73,-0.0375271774828434,0.03752714768052101,10,10
74,-0.03768450394272804,0.03768455982208252,10,10
75,-0.037421293556690216,0.037421345710754395,10,10
76,-0.03772257640957832,0.03772258758544922,10,10
77,-0.03870106860995293,0.03870105743408203,10,10
78,-0.03823503479361534,0.03823507949709892,10,10
79,-0.03764248266816139,0.037642478942871094,10,10
80,-0.038281090557575226,0.03828108310699463,10,10
81,-0.03767527639865875,0.03767526149749756,10,10
82,-0.038208939135074615,0.038208961486816406,10,10
83,-0.037421535700559616,0.037421584129333496,10,10
84,-0.037637367844581604,0.03481323644518852,10,10
85,-0.03770343214273453,0.03770339488983154,10,10
86,-0.03766131401062012,0.037661369889974594,10,10
87,-0.037638045847415924,0.037638068199157715,10,10
88,-0.03779604285955429,0.0377960205078125,10,10
89,-0.03855077549815178,0.038550734519958496,10,10
90,-0.037778519093990326,0.037300825119018555,10,10
91,-0.03870515897870064,0.03870517015457153,10,10
92,-0.03734372928738594,0.037343740463256836,10,10
93,-0.03760574385523796,0.03760576248168945,10,10
94,-0.037524010986089706,0.03752398490905762,10,10
95,-0.03767380118370056,0.03767383098602295,10,10
96,-0.0382271334528923,0.038227081298828125,10,10
0,0.03491806611418724,0.03491811081767082,0,10
1,0.029672883450984955,0.029672937467694283,0,10
2,0.025762060657143593,0.025762075558304787,0,10
3,0.021185586228966713,0.02118563838303089,0,10
4,0.017345940694212914,0.01734599843621254,0,10
5,0.01432807557284832,0.0143281240016222,0,10
6,0.011255496181547642,0.0112555380910635,0,10
7,0.007850035093724728,0.00785009190440178,0,10
8,0.007112391293048859,0.007112446241080761,0,10
9,0.005794718861579895,0.005794757977128029,0,10
10,0.00443953787907958,0.0044395336881279945,0,10
11,0.003559248521924019,0.0035592808853834867,0,10
12,0.0020932236220687628,0.002093198709189892,0,10
13,0.0018058597343042493,0.0018058603163808584,0,10
14,0.000993622001260519,0.0009936412097886205,0,10
15,0.0014648244250565767,0.0014648794895038009,0,10
16,0.0008913811179809272,0.0008913989295251667,0,10
17,0.0010890602134168148,0.0010890262201428413,0,10
18,-0.00011448391160229221,0.00011444091796875,10,10
19,0.0004381255421321839,0.00043813171214424074,0,10
20,0.0006069241208024323,0.0005884633865207434,0,10
21,-0.0004352308460511267,0.00043523311614990234,10,10
22,3.177556209266186e-05,3.172194556100294e-05,0,10
23,-0.00018385538714937866,0.00017642974853515625,10,10
24,-0.0002379659708822146,0.00023794174194335938,10,10
25,-0.00031416083220392466,0.0003141164779663086,10,10
26,-0.000140014395583421,0.00014007091522216797,10,10
27,-0.00015101354802027345,0.0001509621797595173,10,10
28,0.0001920010836329311,0.00019199459347873926,0,10
29,-0.00027588108787313104,0.0002758502960205078,10,10
30,0.0001597263471921906,0.00015969858213793486,0,10
31,-0.00045299279736354947,0.00045299530029296875,10,10
32,-0.0011310932459309697,0.0011310577392578125,10,10
33,-0.0011259866878390312,0.001125931739807129,10,10
34,-0.0013495668536052108,0.0013495683670043945,10,10
35,-0.0012573730200529099,0.0012574195861816406,10,10
36,-0.002104454440996051,0.0021044015884399414,10,10
37,-0.0021065659821033478,0.0021065473556518555,10,10
38,-0.0026999025139957666,0.002699946751818061,10,10
39,-0.002826932119205594,0.002826980547979474,10,10
40,-0.003713733283802867,0.003713755402714014,10,10
41,-0.00490033021196723,0.004900336265563965,10,10
42,-0.006125571206212044,0.0061255693435668945,10,10
43,-0.007276609074324369,0.0072766258381307125,10,10
44,-0.00952059868723154,0.009520649909973145,10,10
45,-0.011087821796536446,0.011087829247117043,10,10
46,-0.014367575757205486,0.01436758041381836,10,10
47,-0.017632735893130302,0.017632722854614258,10,10
48,-0.02322014980018139,0.023220181465148926,10,10
49,-0.029732009395956993,0.02937500923871994,10,10
50,-0.037767548114061356,0.03776752948760986,10,10
51,-0.03828055411577225,0.038280606269836426,10,10
52,-0.038294754922389984,0.03829479217529297,10,10
53,-0.03745748847723007,0.03745746612548828,10,10
54,-0.03769651800394058,0.0376964807510376,10,10
55,-0.0373716875910759,0.03736400604248047,10,10
56,-0.037688110023736954,0.03768813610076904,10,10
57,-0.03860975429415703,0.034978535026311874,10,10
58,-0.03847575932741165,0.03847581148147583,10,10
59,-0.03834042325615883,0.03834044933319092,10,10
60,-0.03873567655682564,0.03873562812805176,10,10
61,-0.038632918149232864,0.038632895797491074,10,10
62,-0.038333356380462646,0.033197641372680664,10,10
63,-0.03850676491856575,0.03850674629211426,10,10
64,-0.037860237061977386,0.03786024823784828,10,10
65,-0.03780272230505943,0.03780273348093033,10,10
66,-0.03761334717273712,0.0376133918762207,10,10
67,-0.03801606222987175,0.03801608085632324,10,10
68,-0.037355780601501465,0.03735581040382385,10,10
69,-0.038624927401542664,0.03862496092915535,10,10
70,-0.03777141869068146,0.03777146339416504,10,10
71,-0.03771744668483734,0.037717461585998535,10,10
72,-0.03761538490653038,0.03531128913164139,10,10
73,-0.0375271774828434,0.03752722591161728,10,10
74,-0.03768450394272804,0.03768455982208252,10,10
75,-0.037421293556690216,0.03579509258270264,10,10
76,-0.03772257640957832,0.03772258758544922,10,10
77,-0.03870106860995293,0.03456041216850281,10,10
78,-0.03823503479361534,0.03823506832122803,10,10
79,-0.03764248266816139,0.03764248639345169,10,10
80,-0.038281090557575226,0.03828108310699463,10,10
81,-0.03767527639865875,0.03767525777220726,10,10
82,-0.038208939135074615,0.038208961486816406,10,10
83,-0.037421535700559616,0.037421584129333496,10,10
84,-0.037637367844581604,0.03763741999864578,10,10
85,-0.03770343214273453,0.03586595132946968,10,10
86,-0.03766131401062012,0.037661343812942505,10,10
87,-0.037638045847415924,0.037638068199157715,10,10
88,-0.03779604285955429,0.037796057760715485,10,10
89,-0.03855077549815178,0.03855076804757118,10,10
90,-0.037778519093990326,0.03777853026986122,10,10
91,-0.03870515897870064,0.03870518133044243,10,10
92,-0.03734372928738594,0.034151434898376465,10,10
93,-0.03760574385523796,0.03760576248168945,10,10
94,-0.037524010986089706,0.037523988634347916,10,10
95,-0.03767380118370056,0.03767380863428116,10,10
96,-0.0382271334528923,0.038227081298828125,10,10
97,-0.03860173001885414,0.03416180610656738,10,10
0,0.03491806611418724,0.03491811826825142,0,10
1,0.029672883450984955,0.029672931879758835,0,10
2,0.025762060657143593,0.025762099772691727,0,10
3,0.021185586228966713,0.02118564024567604,0,10
4,0.017345940694212914,0.017345985397696495,0,10
5,0.01432807557284832,0.014328132383525372,0,10
6,0.011255496181547642,0.011255554854869843,0,10
7,0.007850035093724728,0.007850086316466331,0,10
8,0.007112391293048859,0.007112417370080948,0,10
9,0.005794718861579895,0.005794759374111891,0,10
10,0.00443953787907958,0.004439514130353928,0,10
11,0.003559248521924019,0.003559279255568981,0,10
12,0.0020932236220687628,0.0020932175684720278,0,10
13,0.0018058597343042493,0.0018058469286188483,0,10
14,0.000993622001260519,0.0009936494752764702,0,10
15,0.0014648244250565767,0.001464859931729734,0,10
16,0.0008913811179809272,0.0008913647616282105,0,10
17,0.0010890602134168148,0.0010890585836023092,0,10
18,-0.00011448391160229221,0.00011444091796875,10,10
19,0.0004381255421321839,0.0004381591861601919,0,10
20,0.0006069241208024323,0.0006069155060686171,0,10
21,-0.0004352308460511267,0.00043523311614990234,10,10
22,3.177556209266186e-05,3.181130887242034e-05,0,10
23,-0.00018385538714937866,0.0001838207244873047,10,10
24,-0.0002379659708822146,0.00023794174194335938,10,10
25,-0.00031416083220392466,0.0003142020432278514,10,10
26,-0.000140014395583421,0.00014007091522216797,10,10
27,-0.00015101354802027345,0.00015103816986083984,10,10
28,0.0001920010836329311,0.00018895552784670144,0,10
29,-0.00027588108787313104,0.00027589238015934825,10,10
30,0.0001597263471921906,0.00015977889415808022,0,10
31,-0.00045299279736354947,0.0004530016449280083,10,10
32,-0.0011310932459309697,0.00113113468978554,10,10
33,-0.0011259866878390312,0.001125931739807129,10,10
34,-0.0013495668536052108,0.0013495319290086627,10,10
35,-0.0012573730200529099,0.0012574195861816406,10,10
36,-0.002104454440996051,0.0021044015884399414,10,10
37,-0.0021065659821033478,0.0021065815817564726,10,10
38,-0.0026999025139957666,0.0026998519897460938,10,10
39,-0.002826932119205594,0.0027159452438354492,10,10
40,-0.003713733283802867,0.003543376922607422,10,10
41,-0.00490033021196723,0.004900336265563965,10,10
42,-0.006125571206212044,0.0061255693435668945,10,10
43,-0.007276609074324369,0.007276654243469238,10,10
44,-0.00952059868723154,0.009520649909973145,10,10
45,-0.011087821796536446,0.011087879538536072,10,10
46,-0.014367575757205486,0.014367629773914814,10,10
47,-0.017632735893130302,0.016687385737895966,10,10
48,-0.02322014980018139,0.023220181465148926,10,10
49,-0.029732009395956993,0.029732054099440575,10,10
50,-0.037767548114061356,0.03776752948760986,10,10
51,-0.03828055411577225,0.038280606269836426,10,10
52,-0.038294754922389984,0.03829479217529297,10,10
53,-0.03745748847723007,0.03745746612548828,10,10
54,-0.03769651800394058,0.0376964807510376,10,10
55,-0.0373716875910759,0.0373716838657856,10,10
56,-0.037688110023736954,0.03768813610076904,10,10
57,-0.03860975429415703,0.03860972821712494,10,10
58,-0.03847575932741165,0.03847574442625046,10,10
59,-0.03834042325615883,0.03721427917480469,10,10
60,-0.03873567655682564,0.03873562812805176,10,10
61,-0.038632918149232864,0.03863288834691048,10,10
62,-0.038333356380462646,0.03833341598510742,10,10
63,-0.03850676491856575,0.03850673884153366,10,10
64,-0.037860237061977386,0.03786027431488037,10,10
65,-0.03780272230505943,0.037802696228027344,10,10
66,-0.03761334717273712,0.0376133918762207,10,10
67,-0.03801606222987175,0.03801608085632324,10,10
68,-0.037355780601501465,0.03735583275556564,10,10
69,-0.038624927401542664,0.03862490504980087,10,10
70,-0.03777141869068146,0.03777146339416504,10,10
71,-0.03771744668483734,0.037717487663030624,10,10
72,-0.03761538490653038,0.037615418434143066,10,10
73,-0.0375271774828434,0.03752720355987549,10,10
74,-0.03768450394272804,0.03768455982208252,10,10
75,-0.037421293556690216,0.03712058067321777,10,10
76,-0.03772257640957832,0.03772258758544922,10,10
77,-0.03870106860995293,0.03870105743408203,10,10
78,-0.03823503479361534,0.03823506832122803,10,10
79,-0.03764248266816139,0.0375751256942749,10,10
80,-0.038281090557575226,0.03828112408518791,10,10
81,-0.03767527639865875,0.037675272673368454,10,10
82,-0.038208939135074615,0.03820893540978432,10,10
83,-0.037421535700559616,0.037421584129333496,10,10
84,-0.037637367844581604,0.03763735294342041,10,10
85,-0.03770343214273453,0.03770339488983154,10,10
86,-0.03766131401062012,0.03766131401062012,10,10
87,-0.037638045847415924,0.037638068199157715,10,10
88,-0.03779604285955429,0.03422141075134277,10,10
89,-0.03855077549815178,0.038550734519958496,10,10
90,-0.037778519093990326,0.037778545171022415,10,10
91,-0.03870515897870064,0.03870511054992676,10,10
92,-0.03734372928738594,0.037343740463256836,10,10
93,-0.03760574385523796,0.03760576248168945,10,10
94,-0.037524010986089706,0.036709014326334,10,10
95,-0.03767380118370056,0.03767383098602295,10,10
96,-0.0382271334528923,0.03822709247469902,10,10
97,-0.03860173001885414,0.03860175609588623,10,10
98,-0.038276251405477524,0.0382763110101223,10,10
0,0.03491806611418724,0.03491811081767082,0,10
1,0.029672883450984955,0.029672935605049133,0,10
2,0.025762060657143593,0.025762096047401428,0,10
3,0.021185586228966713,0.02118564397096634,0,10
4,0.017345940694212914,0.01734599843621254,0,10
5,0.01432807557284832,0.01432812213897705,0,10
6,0.011255496181547642,0.011255552992224693,0,10
7,0.007850035093724728,0.007850084453821182,0,10
8,0.007112391293048859,0.0071124061942100525,0,10
9,0.005794718861579895,0.005794736556708813,0,10
10,0.00443953787907958,0.004439523909240961,0,10
11,0.003559248521924019,0.0035592687781900167,0,10
12,0.0020932236220687628,0.002093265298753977,0,10
13,0.0018058597343042493,0.0018058624118566513,0,10
14,0.000993622001260519,0.0009936803253367543,0,10
15,0.0014648244250565767,0.001464782515540719,0,10
16,0.0008913811179809272,0.0008914078352972865,0,10
17,0.0010890602134168148,0.0010890628909692168,0,10
18,-0.00011448391160229221,0.00011444091796875,10,10
19,0.0004381255421321839,0.00043813540833070874,0,10
20,0.0006069241208024323,0.0006069355877116323,0,10
21,-0.0004352308460511267,0.00043523311614990234,10,10
22,3.177556209266186e-05,3.1722564017400146e-05,0,10
23,-0.00018385538714937866,0.00018389620527159423,10,10
24,-0.0002379659708822146,0.00023797634639777243,10,10
25,-0.00031416083220392466,0.00031418746220879257,10,10
26,-0.000140014395583421,0.00013327598571777344,10,10
27,-0.00015101354802027345,0.00015103816986083984,10,10
28,0.0001920010836329311,0.00019196815264876932,0,10
29,-0.00027588108787313104,0.0002758502960205078,10,10
30,0.0001597263471921906,0.00015978347801137716,0,10
31,-0.00045299279736354947,0.00045299530029296875,10,10
32,-0.0011310932459309697,0.0011310577392578125,10,10
33,-0.0011259866878390312,0.001125931739807129,10,10
34,-0.0013495668536052108,0.0013495683670043945,10,10
35,-0.0012573730200529099,0.0012574195861816406,10,10
36,-0.002104454440996051,0.0021044015884399414,10,10
37,-0.0021065659821033478,0.0019356012344360352,10,10
38,-0.0026999025139957666,0.0026998519897460938,10,10
39,-0.002826932119205594,0.002632799791172147,10,10
40,-0.003713733283802867,0.0037137269973754883,10,10
41,-0.00490033021196723,0.004900273401290178,10,10
42,-0.006125571206212044,0.0061255693435668945,10,10
43,-0.007276609074324369,0.006908297538757324,10,10
44,-0.00952059868723154,0.009520649909973145,10,10
45,-0.011087821796536446,0.011087775230407715,10,10
46,-0.014367575757205486,0.014367608353495598,10,10
47,-0.017632735893130302,0.017632722854614258,10,10
48,-0.02322014980018139,0.02322019450366497,10,10
49,-0.029732009395956993,0.02973198890686035,10,10
50,-0.037767548114061356,0.03776754066348076,10,10
51,-0.03828055411577225,0.038280606269836426,10,10
52,-0.038294754922389984,0.0382947102189064,10,10
53,-0.03745748847723007,0.03745746612548828,10,10
54,-0.03769651800394058,0.037696536630392075,10,10
55,-0.0373716875910759,0.03737163543701172,10,10
56,-0.037688110023736954,0.03578948974609375,10,10
57,-0.03860975429415703,0.03860979527235031,10,10
58,-0.03847575932741165,0.03733910247683525,10,10
59,-0.03834042325615883,0.03834044933319092,10,10
60,-0.03873567655682564,0.03873564675450325,10,10
61,-0.038632918149232864,0.03863297402858734,10,10
62,-0.038333356380462646,0.03833341598510742,10,10
63,-0.03850676491856575,0.03733670711517334,10,10
64,-0.037860237061977386,0.037860263139009476,10,10
65,-0.03780272230505943,0.03780273720622063,10,10
66,-0.03761334717273712,0.037613335996866226,10,10
67,-0.03801606222987175,0.03801608085632324,10,10
68,-0.037355780601501465,0.036887191236019135,10,10
69,-0.038624927401542664,0.03862488269805908,10,10
70,-0.03777141869068146,0.03513598442077637,10,10
71,-0.03771744668483734,0.037717461585998535,10,10
72,-0.03761538490653038,0.03761538490653038,10,10
73,-0.0375271774828434,0.03752720355987549,10,10
74,-0.03768450394272804,0.03768455982208252,10,10
75,-0.037421293556690216,0.037421345710754395,10,10
76,-0.03772257640957832,0.03772258758544922,10,10
77,-0.03870106860995293,0.03870110958814621,10,10
78,-0.03823503479361534,0.03823506832122803,10,10
79,-0.03764248266816139,0.037642478942871094,10,10
80,-0.038281090557575226,0.03828108310699463,10,10
81,-0.03767527639865875,0.03652196377515793,10,10
82,-0.038208939135074615,0.038208961486816406,10,10
83,-0.037421535700559616,0.034677863121032715,10,10
84,-0.037637367844581604,0.03763735294342041,10,10
85,-0.03770343214273453,0.03770339488983154,10,10
86,-0.03766131401062012,0.03766131401062012,10,10
87,-0.037638045847415924,0.03763806074857712,10,10
88,-0.03779604285955429,0.0377960205078125,10,10
89,-0.03855077549815178,0.038550734519958496,10,10
90,-0.037778519093990326,0.037778496742248535,10,10
91,-0.03870515897870064,0.03870515152812004,10,10
92,-0.03734372928738594,0.037343740463256836,10,10
93,-0.03760574385523796,0.03760576248168945,10,10
94,-0.037524010986089706,0.03724503517150879,10,10
95,-0.03767380118370056,0.03767385333776474,10,10
96,-0.0382271334528923,0.03822708502411842,10,10
97,-0.03860173001885414,0.03860175609588623,10,10
98,-0.038276251405477524,0.03827619552612305,10,10
99,-0.03827850893139839,0.038190245628356934,10,10
