function,E,lipschitz_factor,kernel,local_std_label,local_std_value,seed,init_x,safety_violations,no_opt_possible,final_pred_opt,avg_pred_opt,true_optimum,ratio,n_observations,setting,L_base,L_source,violation_class
braninmod_2D,0.05,1.1,matern52,medium,0.05,0,"[-3.019542694091797, 4.611342430114746]",0,False,0.9923591017723083,0.9298259558216218,1.0,0.9923591017723083,31,old_L_factored,0.5,old,none
braninmod_2D,0.05,1.1,matern52,medium,0.05,1,"[6.364474296569824, 4.189663410186768]",0,False,0.9980233907699585,0.9560773641832413,1.0,0.9980233907699585,31,old_L_factored,0.5,old,none
braninmod_2D,0.05,1.1,matern52,medium,0.05,2,"[4.220426559448242, 5.715192794799805]",0,False,0.9763174653053284,0.9764053840791026,1.0,0.9763174653053284,31,old_L_factored,0.5,old,none
braninmod_2D,0.05,1.1,matern52,medium,0.05,3,"[8.317850112915039, 6.765470027923584]",0,False,0.9894233345985413,0.9663154944296806,1.0,0.9894233345985413,31,old_L_factored,0.5,old,none
braninmod_2D,0.05,1.1,matern52,medium,0.05,4,"[3.3945789337158203, 8.386385917663574]",0,False,0.9916796684265137,0.9519582583058265,1.0,0.9916796684265137,31,old_L_factored,0.5,old,none
braninmod_2D,0.05,1.1,matern52,medium,0.05,5,"[7.453778266906738, 1.891663670539856]",0,False,0.9959489703178406,0.9925521246848568,1.0,0.9959489703178406,31,old_L_factored,0.5,old,none
braninmod_2D,0.05,1.1,matern52,medium,0.05,6,"[3.582962989807129, 8.30813217163086]",0,False,0.9948743581771851,0.961146468116391,1.0,0.9948743581771851,31,old_L_factored,0.5,old,none
braninmod_2D,0.05,1.1,matern52,medium,0.05,7,"[3.0238380432128906, 2.9820477962493896]",0,False,0.9953410625457764,0.9951644847469945,1.0,0.9953410625457764,31,old_L_factored,0.5,old,none
braninmod_2D,0.05,1.1,matern52,medium,0.05,8,"[-0.5520453453063965, 7.707027912139893]",0,False,0.9896731376647949,0.9786614371884254,1.0,0.9896731376647949,31,old_L_factored,0.5,old,none
braninmod_2D,0.05,1.1,matern52,medium,0.05,9,"[4.836767196655273, 4.530340194702148]",0,False,0.9755103588104248,0.9744464485876022,1.0,0.9755103588104248,31,old_L_factored,0.5,old,none
braninmod_2D,0.05,1.1,matern52,medium,0.05,10,"[1.871269702911377, 7.2428483963012695]",0,False,0.9955752491950989,0.96326312903435,1.0,0.9955752491950989,31,old_L_factored,0.5,old,none
braninmod_2D,0.05,1.1,matern52,medium,0.05,11,"[-2.764374256134033, 7.298296928405762]",0,False,0.9853653907775879,0.9758206509774731,1.0,0.9853653907775879,31,old_L_factored,0.5,old,none
braninmod_2D,0.05,1.1,matern52,medium,0.05,12,"[1.9853119850158691, 3.491502046585083]",0,False,0.994320809841156,0.9924089793236025,1.0,0.994320809841156,31,old_L_factored,0.5,old,none
braninmod_2D,0.05,1.1,matern52,medium,0.05,13,"[-3.622744560241699, 7.190709114074707]",0,False,0.9956056475639343,0.9773406847830741,1.0,0.9956056475639343,31,old_L_factored,0.5,old,none
braninmod_2D,0.05,1.1,matern52,medium,0.05,14,"[3.5424232482910156, 0.07080316543579102]",0,False,0.9969145655632019,0.9923656063695108,1.0,0.9969145655632019,31,old_L_factored,0.5,old,none
braninmod_2D,0.05,1.1,matern52,medium,0.05,15,"[-0.5400586128234863, 4.14893102645874]",0,False,0.9920756220817566,0.9735320229684153,1.0,0.9920756220817566,31,old_L_factored,0.5,old,none
braninmod_2D,0.05,1.1,matern52,medium,0.05,16,"[-2.5622572898864746, 9.359648704528809]",0,False,0.9885095953941345,0.986353003209637,1.0,0.9885095953941345,31,old_L_factored,0.5,old,none
braninmod_2D,0.05,1.1,matern52,medium,0.05,17,"[1.5136184692382812, 8.026643753051758]",0,False,0.985173761844635,0.9430931172063274,1.0,0.985173761844635,31,old_L_factored,0.5,old,none
braninmod_2D,0.05,1.1,matern52,medium,0.05,18,"[2.4370951652526855, 6.881349563598633]",0,False,0.9906883835792542,0.9815603590780689,1.0,0.9906883835792542,31,old_L_factored,0.5,old,none
braninmod_2D,0.05,1.1,matern52,medium,0.05,19,"[9.529044151306152, 2.997992515563965]",0,False,0.9981958270072937,0.9944626977366786,1.0,0.9981958270072937,31,old_L_factored,0.5,old,none
braninmod_2D,0.05,1.1,matern52,medium,0.05,0,"[-3.019542694091797, 4.611342430114746]",0,False,0.9877276420593262,0.9335292885380406,1.0,0.9877276420593262,31,new_L_factored,0.4456325778841921,new,none
braninmod_2D,0.05,1.1,matern52,medium,0.05,1,"[6.364474296569824, 4.189663410186768]",0,False,0.9983261227607727,0.9744805866672147,1.0,0.9983261227607727,31,new_L_factored,0.4456325778841921,new,none
braninmod_2D,0.05,1.1,matern52,medium,0.05,2,"[4.220426559448242, 5.715192794799805]",0,False,0.9972171783447266,0.9848455729023102,1.0,0.9972171783447266,31,new_L_factored,0.4456325778841921,new,none
braninmod_2D,0.05,1.1,matern52,medium,0.05,3,"[8.317850112915039, 6.765470027923584]",0,False,0.9879982471466064,0.9768084979826405,1.0,0.9879982471466064,31,new_L_factored,0.4456325778841921,new,none
braninmod_2D,0.05,1.1,matern52,medium,0.05,4,"[3.3945789337158203, 8.386385917663574]",0,False,0.9874555468559265,0.9573923387835103,1.0,0.9874555468559265,31,new_L_factored,0.4456325778841921,new,none
braninmod_2D,0.05,1.1,matern52,medium,0.05,5,"[7.453778266906738, 1.891663670539856]",0,False,0.9986528754234314,0.994090864735265,1.0,0.9986528754234314,31,new_L_factored,0.4456325778841921,new,none
braninmod_2D,0.05,1.1,matern52,medium,0.05,6,"[3.582962989807129, 8.30813217163086]",0,False,0.9910228252410889,0.9559082177377516,1.0,0.9910228252410889,31,new_L_factored,0.4456325778841921,new,none
braninmod_2D,0.05,1.1,matern52,medium,0.05,7,"[3.0238380432128906, 2.9820477962493896]",0,False,0.9950639605522156,0.9948763905032989,1.0,0.9950639605522156,31,new_L_factored,0.4456325778841921,new,none
braninmod_2D,0.05,1.1,matern52,medium,0.05,8,"[-0.5520453453063965, 7.707027912139893]",0,False,0.9971916675567627,0.9810507585925441,1.0,0.9971916675567627,31,new_L_factored,0.4456325778841921,new,none
braninmod_2D,0.05,1.1,matern52,medium,0.05,9,"[4.836767196655273, 4.530340194702148]",0,False,0.9943657517433167,0.986289668467737,1.0,0.9943657517433167,31,new_L_factored,0.4456325778841921,new,none
braninmod_2D,0.05,1.1,matern52,medium,0.05,10,"[1.871269702911377, 7.2428483963012695]",0,False,0.9972230792045593,0.976232519072871,1.0,0.9972230792045593,31,new_L_factored,0.4456325778841921,new,none
braninmod_2D,0.05,1.1,matern52,medium,0.05,11,"[-2.764374256134033, 7.298296928405762]",0,False,0.9811015725135803,0.9758855758174774,1.0,0.9811015725135803,31,new_L_factored,0.4456325778841921,new,none
braninmod_2D,0.05,1.1,matern52,medium,0.05,12,"[1.9853119850158691, 3.491502046585083]",0,False,0.9984176754951477,0.9942905326043406,1.0,0.9984176754951477,31,new_L_factored,0.4456325778841921,new,none
braninmod_2D,0.05,1.1,matern52,medium,0.05,13,"[-3.622744560241699, 7.190709114074707]",0,False,0.9913303852081299,0.9765629787598887,1.0,0.9913303852081299,31,new_L_factored,0.4456325778841921,new,none
braninmod_2D,0.05,1.1,matern52,medium,0.05,14,"[3.5424232482910156, 0.07080316543579102]",0,False,0.9822229743003845,0.9902418198124054,1.0,0.9822229743003845,31,new_L_factored,0.4456325778841921,new,none
braninmod_2D,0.05,1.1,matern52,medium,0.05,15,"[-0.5400586128234863, 4.14893102645874]",0,False,0.9885615110397339,0.9718215927000968,1.0,0.9885615110397339,31,new_L_factored,0.4456325778841921,new,none
braninmod_2D,0.05,1.1,matern52,medium,0.05,16,"[-2.5622572898864746, 9.359648704528809]",0,False,0.9889542460441589,0.9909158406719085,1.0,0.9889542460441589,31,new_L_factored,0.4456325778841921,new,none
braninmod_2D,0.05,1.1,matern52,medium,0.05,17,"[1.5136184692382812, 8.026643753051758]",0,False,0.9872310161590576,0.9690070652192638,1.0,0.9872310161590576,31,new_L_factored,0.4456325778841921,new,none
braninmod_2D,0.05,1.1,matern52,medium,0.05,18,"[2.4370951652526855, 6.881349563598633]",0,False,0.9883110523223877,0.9779256793760485,1.0,0.9883110523223877,31,new_L_factored,0.4456325778841921,new,none
braninmod_2D,0.05,1.1,matern52,medium,0.05,19,"[9.529044151306152, 2.997992515563965]",0,False,0.987148106098175,0.9945235867654124,1.0,0.987148106098175,31,new_L_factored,0.4456325778841921,new,none
braninmod_2D,0.0,1.0,matern52,medium,0.05,0,"[-3.019542694091797, 4.611342430114746]",0,False,0.9893436431884766,0.9537014884333457,1.0,0.9893436431884766,31,old_L_raw,0.5,old,none
braninmod_2D,0.0,1.0,matern52,medium,0.05,1,"[6.364474296569824, 4.189663410186768]",0,False,0.9917172193527222,0.9716974919842135,1.0,0.9917172193527222,31,old_L_raw,0.5,old,none
braninmod_2D,0.0,1.0,matern52,medium,0.05,2,"[4.220426559448242, 5.715192794799805]",0,False,0.9757412672042847,0.9804936070596019,1.0,0.9757412672042847,31,old_L_raw,0.5,old,none
braninmod_2D,0.0,1.0,matern52,medium,0.05,3,"[8.317850112915039, 6.765470027923584]",0,False,0.9986487030982971,0.9806893064129737,1.0,0.9986487030982971,31,old_L_raw,0.5,old,none
braninmod_2D,0.0,1.0,matern52,medium,0.05,4,"[3.3945789337158203, 8.386385917663574]",0,False,0.9896348118782043,0.9615893056315761,1.0,0.9896348118782043,31,old_L_raw,0.5,old,none
braninmod_2D,0.0,1.0,matern52,medium,0.05,5,"[7.453778266906738, 1.891663670539856]",0,False,0.9980462789535522,0.9921598453675547,1.0,0.9980462789535522,31,old_L_raw,0.5,old,none
braninmod_2D,0.0,1.0,matern52,medium,0.05,6,"[3.582962989807129, 8.30813217163086]",0,False,0.9842271208763123,0.9624048356086977,1.0,0.9842271208763123,31,old_L_raw,0.5,old,none
braninmod_2D,0.0,1.0,matern52,medium,0.05,7,"[3.0238380432128906, 2.9820477962493896]",0,False,0.9884977340698242,0.9967796417974657,1.0,0.9884977340698242,31,old_L_raw,0.5,old,none
braninmod_2D,0.0,1.0,matern52,medium,0.05,8,"[-0.5520453453063965, 7.707027912139893]",0,False,0.9955888986587524,0.9815185723766204,1.0,0.9955888986587524,31,old_L_raw,0.5,old,none
braninmod_2D,0.0,1.0,matern52,medium,0.05,9,"[4.836767196655273, 4.530340194702148]",0,False,0.9981948733329773,0.9815747026474245,1.0,0.9981948733329773,31,old_L_raw,0.5,old,none
braninmod_2D,0.0,1.0,matern52,medium,0.05,10,"[1.871269702911377, 7.2428483963012695]",0,False,0.9980349540710449,0.977661665408842,1.0,0.9980349540710449,31,old_L_raw,0.5,old,none
braninmod_2D,0.0,1.0,matern52,medium,0.05,11,"[-2.764374256134033, 7.298296928405762]",0,False,0.9905405640602112,0.986679865467933,1.0,0.9905405640602112,31,old_L_raw,0.5,old,none
braninmod_2D,0.0,1.0,matern52,medium,0.05,12,"[1.9853119850158691, 3.491502046585083]",0,False,0.99532550573349,0.9927173256874084,1.0,0.99532550573349,31,old_L_raw,0.5,old,none
braninmod_2D,0.0,1.0,matern52,medium,0.05,13,"[-3.622744560241699, 7.190709114074707]",0,False,0.9955567717552185,0.9643674396699474,1.0,0.9955567717552185,31,old_L_raw,0.5,old,none
braninmod_2D,0.0,1.0,matern52,medium,0.05,14,"[3.5424232482910156, 0.07080316543579102]",0,False,0.9914566278457642,0.9863591271062051,1.0,0.9914566278457642,31,old_L_raw,0.5,old,none
braninmod_2D,0.0,1.0,matern52,medium,0.05,15,"[-0.5400586128234863, 4.14893102645874]",0,False,0.9983120560646057,0.9641686812523873,1.0,0.9983120560646057,31,old_L_raw,0.5,old,none
braninmod_2D,0.0,1.0,matern52,medium,0.05,16,"[-2.5622572898864746, 9.359648704528809]",0,False,0.9951953291893005,0.9900708890730335,1.0,0.9951953291893005,31,old_L_raw,0.5,old,none
braninmod_2D,0.0,1.0,matern52,medium,0.05,17,"[1.5136184692382812, 8.026643753051758]",0,False,0.98788982629776,0.9714727228687655,1.0,0.98788982629776,31,old_L_raw,0.5,old,none
braninmod_2D,0.0,1.0,matern52,medium,0.05,18,"[2.4370951652526855, 6.881349563598633]",0,False,0.9929380416870117,0.9665774164661285,1.0,0.9929380416870117,31,old_L_raw,0.5,old,none
braninmod_2D,0.0,1.0,matern52,medium,0.05,19,"[9.529044151306152, 2.997992515563965]",0,False,0.9883717894554138,0.9953018426895142,1.0,0.9883717894554138,31,old_L_raw,0.5,old,none
braninmod_2D,0.0,1.0,matern52,medium,0.05,0,"[-3.019542694091797, 4.611342430114746]",0,False,0.996500551700592,0.9561427331739857,1.0,0.996500551700592,31,new_L_raw,0.4456325778841921,new,none
braninmod_2D,0.0,1.0,matern52,medium,0.05,1,"[6.364474296569824, 4.189663410186768]",0,False,0.9947121143341064,0.9791152035036395,1.0,0.9947121143341064,31,new_L_raw,0.4456325778841921,new,none
braninmod_2D,0.0,1.0,matern52,medium,0.05,2,"[4.220426559448242, 5.715192794799805]",0,False,0.9985334277153015,0.9849415133076329,1.0,0.9985334277153015,31,new_L_raw,0.4456325778841921,new,none
braninmod_2D,0.0,1.0,matern52,medium,0.05,3,"[8.317850112915039, 6.765470027923584]",0,False,0.9985001683235168,0.9703505789079974,1.0,0.9985001683235168,31,new_L_raw,0.4456325778841921,new,none
braninmod_2D,0.0,1.0,matern52,medium,0.05,4,"[3.3945789337158203, 8.386385917663574]",0,False,0.9974555373191833,0.9774163499955209,1.0,0.9974555373191833,31,new_L_raw,0.4456325778841921,new,none
braninmod_2D,0.0,1.0,matern52,medium,0.05,5,"[7.453778266906738, 1.891663670539856]",0,False,0.9897472262382507,0.9874516667858246,1.0,0.9897472262382507,31,new_L_raw,0.4456325778841921,new,none
braninmod_2D,0.0,1.0,matern52,medium,0.05,6,"[3.582962989807129, 8.30813217163086]",0,False,0.9904953837394714,0.9583518235914169,1.0,0.9904953837394714,31,new_L_raw,0.4456325778841921,new,none
braninmod_2D,0.0,1.0,matern52,medium,0.05,7,"[3.0238380432128906, 2.9820477962493896]",0,False,0.9981580376625061,0.9959428656485773,1.0,0.9981580376625061,31,new_L_raw,0.4456325778841921,new,none
braninmod_2D,0.0,1.0,matern52,medium,0.05,8,"[-0.5520453453063965, 7.707027912139893]",0,False,0.9946588277816772,0.9803962745974141,1.0,0.9946588277816772,31,new_L_raw,0.4456325778841921,new,none
braninmod_2D,0.0,1.0,matern52,medium,0.05,9,"[4.836767196655273, 4.530340194702148]",0,False,0.9969143867492676,0.9839289515249191,1.0,0.9969143867492676,31,new_L_raw,0.4456325778841921,new,none
braninmod_2D,0.0,1.0,matern52,medium,0.05,10,"[1.871269702911377, 7.2428483963012695]",0,False,0.9971920847892761,0.9770755883186094,1.0,0.9971920847892761,31,new_L_raw,0.4456325778841921,new,none
braninmod_2D,0.0,1.0,matern52,medium,0.05,11,"[-2.764374256134033, 7.298296928405762]",0,False,0.9886742234230042,0.9852337952583067,1.0,0.9886742234230042,31,new_L_raw,0.4456325778841921,new,none
braninmod_2D,0.0,1.0,matern52,medium,0.05,12,"[1.9853119850158691, 3.491502046585083]",0,False,0.9985472559928894,0.9931698076186641,1.0,0.9985472559928894,31,new_L_raw,0.4456325778841921,new,none
braninmod_2D,0.0,1.0,matern52,medium,0.05,13,"[-3.622744560241699, 7.190709114074707]",0,False,0.9885541796684265,0.9649992815909847,1.0,0.9885541796684265,31,new_L_raw,0.4456325778841921,new,none
braninmod_2D,0.0,1.0,matern52,medium,0.05,14,"[3.5424232482910156, 0.07080316543579102]",0,False,0.9908443093299866,0.9895453722246231,1.0,0.9908443093299866,31,new_L_raw,0.4456325778841921,new,none
braninmod_2D,0.0,1.0,matern52,medium,0.05,15,"[-0.5400586128234863, 4.14893102645874]",0,False,0.9901959300041199,0.9600249721157935,1.0,0.9901959300041199,31,new_L_raw,0.4456325778841921,new,none
braninmod_2D,0.0,1.0,matern52,medium,0.05,16,"[-2.5622572898864746, 9.359648704528809]",0,False,0.9955528974533081,0.9895669567969537,1.0,0.9955528974533081,31,new_L_raw,0.4456325778841921,new,none
braninmod_2D,0.0,1.0,matern52,medium,0.05,17,"[1.5136184692382812, 8.026643753051758]",0,False,0.9901522994041443,0.9737495645400016,1.0,0.9901522994041443,31,new_L_raw,0.4456325778841921,new,none
braninmod_2D,0.0,1.0,matern52,medium,0.05,18,"[2.4370951652526855, 6.881349563598633]",0,False,0.9862781763076782,0.9862617734939821,1.0,0.9862781763076782,31,new_L_raw,0.4456325778841921,new,none
braninmod_2D,0.0,1.0,matern52,medium,0.05,19,"[9.529044151306152, 2.997992515563965]",0,False,0.9971050024032593,0.9955795234249484,1.0,0.9971050024032593,31,new_L_raw,0.4456325778841921,new,none
camel_2D,0.05,1.1,matern52,medium,0.05,0,"[-0.014973640441894531, 0.5364435911178589]",0,False,0.9206613302230835,0.8612493007413803,1.0316,0.8924596066528533,31,old_L_factored,20.0,old,none
camel_2D,0.05,1.1,matern52,medium,0.05,1,"[-0.4114506244659424, 0.5087438821792603]",0,False,0.7702386379241943,0.6057250240156727,1.0316,0.746644666463934,31,old_L_factored,20.0,old,none
camel_2D,0.05,1.1,matern52,medium,0.05,2,"[-0.10215568542480469, 0.4271876811981201]",0,False,0.8020808696746826,0.6988992940995001,1.0316,0.7775115060824763,31,old_L_factored,20.0,old,none
camel_2D,0.05,1.1,matern52,medium,0.05,3,"[-0.16237902641296387, -0.6487895250320435]",0,False,1.0158684253692627,0.9509688365843988,1.0316,0.9847503154025423,31,old_L_factored,20.0,old,none
camel_2D,0.05,1.1,matern52,medium,0.05,4,"[0.04232025146484375, -0.787883996963501]",0,False,1.0055172443389893,1.001324959339634,1.0316,0.9747162120385704,31,old_L_factored,20.0,old,none
camel_2D,0.05,1.1,matern52,medium,0.05,5,"[-0.04635190963745117, 0.5929257869720459]",0,False,0.9791009426116943,0.9593219084124411,1.0316,0.9491090952032709,31,old_L_factored,20.0,old,none
camel_2D,0.05,1.1,matern52,medium,0.05,6,"[0.43211841583251953, -0.5306880474090576]",0,False,0.8713021278381348,0.6349759592163947,1.0316,0.8446123767333605,31,old_L_factored,20.0,old,none
camel_2D,0.05,1.1,matern52,medium,0.05,7,"[0.13969016075134277, -0.602393627166748]",0,False,1.0032947063446045,0.9580975232585784,1.0316,0.972561754890078,31,old_L_factored,20.0,old,none
camel_2D,0.05,1.1,matern52,medium,0.05,8,"[-0.12680530548095703, -0.6635421514511108]",0,False,0.9832248687744141,0.9563774216559625,1.0316,0.9531066971446432,31,old_L_factored,20.0,old,none
camel_2D,0.05,1.1,matern52,medium,0.05,9,"[-0.3582608699798584, 0.9020411968231201]",0,False,0.8006702065467834,0.6631728776039616,1.0316,0.7761440544268936,31,old_L_factored,20.0,old,none
camel_2D,0.05,1.1,matern52,medium,0.05,10,"[0.4600865840911865, -0.5721054077148438]",0,False,0.8101086616516113,0.6282942131642373,1.0316,0.7852933905114494,31,old_L_factored,20.0,old,none
camel_2D,0.05,1.1,matern52,medium,0.05,11,"[0.3323395252227783, -0.7431244850158691]",0,False,1.014663815498352,0.9477252056521754,1.0316,0.9835826051748274,31,old_L_factored,20.0,old,none
camel_2D,0.05,1.1,matern52,medium,0.05,12,"[-0.13725018501281738, -0.5344663858413696]",0,False,0.8582943677902222,0.8084636407513772,1.0316,0.8320030707543836,31,old_L_factored,20.0,old,none
camel_2D,0.05,1.1,matern52,medium,0.05,13,"[0.33281445503234863, -0.527551531791687]",0,False,0.8897680640220642,0.7605315619899381,1.0316,0.8625126638445756,31,old_L_factored,20.0,old,none
camel_2D,0.05,1.1,matern52,medium,0.05,14,"[0.11661005020141602, -0.7068843841552734]",0,False,1.02896249294281,1.0144052832357344,1.0316,0.9974432851326193,31,old_L_factored,20.0,old,none
camel_2D,0.05,1.1,matern52,medium,0.05,15,"[-0.4524829387664795, 0.8339680433273315]",0,False,0.9237076044082642,0.7513421091341204,1.0316,0.8954125672821482,31,old_L_factored,20.0,old,none
camel_2D,0.05,1.1,matern52,medium,0.05,16,"[0.211775541305542, 0.703214168548584]",0,False,1.0230594873428345,0.890733092061935,1.0316,0.991721100564981,31,old_L_factored,20.0,old,none
camel_2D,0.05,1.1,matern52,medium,0.05,17,"[-0.07904505729675293, 0.9267851114273071]",0,False,0.8583037853240967,0.7182143330574036,1.0316,0.8320121998100976,31,old_L_factored,20.0,old,none
camel_2D,0.05,1.1,matern52,medium,0.05,18,"[0.08810830116271973, -0.43156373500823975]",0,False,0.7377979755401611,0.6835379562070293,1.0316,0.7151977273557203,31,old_L_factored,20.0,old,none
camel_2D,0.05,1.1,matern52,medium,0.05,19,"[0.15922760963439941, -0.7723689079284668]",0,False,1.003584861755371,1.0019273161888123,1.0316,0.9728430222522014,31,old_L_factored,20.0,old,none
camel_2D,0.05,1.1,matern52,medium,0.05,0,"[-0.014973640441894531, 0.5364435911178589]",0,False,0.9007489085197449,0.8549457923058541,1.0316,0.8731571428070423,31,new_L_factored,17.042300314218146,new,none
camel_2D,0.05,1.1,matern52,medium,0.05,1,"[-0.4114506244659424, 0.5087438821792603]",0,False,0.8381059169769287,0.6259310812719406,1.0316,0.81243303313002,31,new_L_factored,17.042300314218146,new,none
camel_2D,0.05,1.1,matern52,medium,0.05,2,"[-0.10215568542480469, 0.4271876811981201]",0,False,0.8077384829521179,0.6880774267258183,1.0316,0.7829958151920491,31,new_L_factored,17.042300314218146,new,none
camel_2D,0.05,1.1,matern52,medium,0.05,3,"[-0.16237902641296387, -0.6487895250320435]",0,False,1.0262898206710815,0.9499736505170022,1.0316,0.9948524822325334,31,new_L_factored,17.042300314218146,new,none
camel_2D,0.05,1.1,matern52,medium,0.05,4,"[0.04232025146484375, -0.787883996963501]",0,False,1.0294286012649536,1.0073485893587912,1.0316,0.9978951156116261,31,new_L_factored,17.042300314218146,new,none
camel_2D,0.05,1.1,matern52,medium,0.05,5,"[-0.04635190963745117, 0.5929257869720459]",0,False,1.0073105096817017,0.966406608781507,1.0316,0.9764545460272408,31,new_L_factored,17.042300314218146,new,none
camel_2D,0.05,1.1,matern52,medium,0.05,6,"[0.43211841583251953, -0.5306880474090576]",0,False,0.8411346673965454,0.6510802709287212,1.0316,0.815369006782227,31,new_L_factored,17.042300314218146,new,none
camel_2D,0.05,1.1,matern52,medium,0.05,7,"[0.13969016075134277, -0.602393627166748]",0,False,0.9910430312156677,0.9644053789877123,1.0316,0.9606853734157306,31,new_L_factored,17.042300314218146,new,none
camel_2D,0.05,1.1,matern52,medium,0.05,8,"[-0.12680530548095703, -0.6635421514511108]",0,False,1.02839994430542,0.9760656356811523,1.0316,0.9968979685007947,31,new_L_factored,17.042300314218146,new,none
camel_2D,0.05,1.1,matern52,medium,0.05,9,"[-0.3582608699798584, 0.9020411968231201]",0,False,0.872955858707428,0.6792354247262401,1.0316,0.846215450472497,31,new_L_factored,17.042300314218146,new,none
camel_2D,0.05,1.1,matern52,medium,0.05,10,"[0.4600865840911865, -0.5721054077148438]",0,False,0.8959457874298096,0.6958685180833263,1.0316,0.8685011510564264,31,new_L_factored,17.042300314218146,new,none
camel_2D,0.05,1.1,matern52,medium,0.05,11,"[0.3323395252227783, -0.7431244850158691]",0,False,1.0309693813323975,0.9596292799518954,1.0316,0.9993886984610288,31,new_L_factored,17.042300314218146,new,none
camel_2D,0.05,1.1,matern52,medium,0.05,12,"[-0.13725018501281738, -0.5344663858413696]",0,False,0.915214478969574,0.8423511770463759,1.0316,0.8871796034990054,31,new_L_factored,17.042300314218146,new,none
camel_2D,0.05,1.1,matern52,medium,0.05,13,"[0.33281445503234863, -0.527551531791687]",0,False,0.8822886943817139,0.7682490560316271,1.0316,0.855262402463856,31,new_L_factored,17.042300314218146,new,none
camel_2D,0.05,1.1,matern52,medium,0.05,14,"[0.11661005020141602, -0.7068843841552734]",0,False,1.024206280708313,1.0240798727158578,1.0316,0.9928327653240723,31,new_L_factored,17.042300314218146,new,none
camel_2D,0.05,1.1,matern52,medium,0.05,15,"[-0.4524829387664795, 0.8339680433273315]",0,False,0.9432711601257324,0.784813831890783,1.0316,0.9143768516147076,31,new_L_factored,17.042300314218146,new,none
camel_2D,0.05,1.1,matern52,medium,0.05,16,"[0.211775541305542, 0.703214168548584]",0,False,1.011173963546753,0.9023049262262159,1.0316,0.9801996544656387,31,new_L_factored,17.042300314218146,new,none
camel_2D,0.05,1.1,matern52,medium,0.05,17,"[-0.07904505729675293, 0.9267851114273071]",0,False,0.8856993317604065,0.7800656037945901,1.0316,0.8585685651031469,31,new_L_factored,17.042300314218146,new,none
camel_2D,0.05,1.1,matern52,medium,0.05,18,"[0.08810830116271973, -0.43156373500823975]",0,False,0.7977679371833801,0.6871762256468495,1.0316,0.7733306874596549,31,new_L_factored,17.042300314218146,new,none
camel_2D,0.05,1.1,matern52,medium,0.05,19,"[0.15922760963439941, -0.7723689079284668]",0,False,1.0139251947402954,1.0017572429872328,1.0316,0.9828666098684522,31,new_L_factored,17.042300314218146,new,none
camel_2D,0.0,1.0,matern52,medium,0.05,0,"[-0.014973640441894531, 0.5364435911178589]",0,False,0.9514355063438416,0.8841790518453044,1.0316,0.9222911073515331,31,old_L_raw,20.0,old,none
camel_2D,0.0,1.0,matern52,medium,0.05,1,"[-0.4114506244659424, 0.5087438821792603]",0,False,0.8045311570167542,0.6215247550318318,1.0316,0.7798867361542788,31,old_L_raw,20.0,old,none
camel_2D,0.0,1.0,matern52,medium,0.05,2,"[-0.10215568542480469, 0.4271876811981201]",0,False,0.7218132615089417,0.6758702954938335,1.0316,0.6997026575309632,31,old_L_raw,20.0,old,none
camel_2D,0.0,1.0,matern52,medium,0.05,3,"[-0.16237902641296387, -0.6487895250320435]",0,False,1.0278388261795044,0.9585790730291798,1.0316,0.9963540385609775,31,old_L_raw,20.0,old,none
camel_2D,0.0,1.0,matern52,medium,0.05,4,"[0.04232025146484375, -0.787883996963501]",0,False,1.017938494682312,1.0049974110818678,1.0316,0.9867569742946025,31,old_L_raw,20.0,old,none
camel_2D,0.0,1.0,matern52,medium,0.05,5,"[-0.04635190963745117, 0.5929257869720459]",0,False,0.9840291738510132,0.9614951418292138,1.0316,0.9538863647256816,31,old_L_raw,20.0,old,none
camel_2D,0.0,1.0,matern52,medium,0.05,6,"[0.43211841583251953, -0.5306880474090576]",0,False,0.8962737321853638,0.6878544197928521,1.0316,0.868819050199073,31,old_L_raw,20.0,old,none
camel_2D,0.0,1.0,matern52,medium,0.05,7,"[0.13969016075134277, -0.602393627166748]",0,False,0.9990803599357605,0.95874846366144,1.0316,0.9684765024580849,31,old_L_raw,20.0,old,none
camel_2D,0.0,1.0,matern52,medium,0.05,8,"[-0.12680530548095703, -0.6635421514511108]",0,False,1.0291790962219238,0.9736486692582408,1.0316,0.9976532534140401,31,old_L_raw,20.0,old,none
camel_2D,0.0,1.0,matern52,medium,0.05,9,"[-0.3582608699798584, 0.9020411968231201]",0,False,0.9031736850738525,0.7392121601489282,1.0316,0.8755076435380501,31,old_L_raw,20.0,old,none
camel_2D,0.0,1.0,matern52,medium,0.05,10,"[0.4600865840911865, -0.5721054077148438]",0,False,0.889978289604187,0.708701649019795,1.0316,0.8627164497907978,31,old_L_raw,20.0,old,none
camel_2D,0.0,1.0,matern52,medium,0.05,11,"[0.3323395252227783, -0.7431244850158691]",0,False,1.0187276601791382,0.9526776786773435,1.0316,0.9875219660518981,31,old_L_raw,20.0,old,none
camel_2D,0.0,1.0,matern52,medium,0.05,12,"[-0.13725018501281738, -0.5344663858413696]",0,False,0.9164425134658813,0.8139737863694468,1.0316,0.8883700208083378,31,old_L_raw,20.0,old,none
camel_2D,0.0,1.0,matern52,medium,0.05,13,"[0.33281445503234863, -0.527551531791687]",0,False,0.8575201034545898,0.7599905498566166,1.0316,0.8312525237054961,31,old_L_raw,20.0,old,none
camel_2D,0.0,1.0,matern52,medium,0.05,14,"[0.11661005020141602, -0.7068843841552734]",0,False,1.018484354019165,1.018457378110578,1.0316,0.9872861128530098,31,old_L_raw,20.0,old,none
camel_2D,0.0,1.0,matern52,medium,0.05,15,"[-0.4524829387664795, 0.8339680433273315]",0,False,0.9297499656677246,0.7626190300910703,1.0316,0.9012698387628194,31,old_L_raw,20.0,old,none
camel_2D,0.0,1.0,matern52,medium,0.05,16,"[0.211775541305542, 0.703214168548584]",0,False,1.0206395387649536,0.9133377921196723,1.0316,0.9893752799194975,31,old_L_raw,20.0,old,none
camel_2D,0.0,1.0,matern52,medium,0.05,17,"[-0.07904505729675293, 0.9267851114273071]",0,False,0.8444364070892334,0.7263457832797882,1.0316,0.8185696074924712,31,old_L_raw,20.0,old,none
camel_2D,0.0,1.0,matern52,medium,0.05,18,"[0.08810830116271973, -0.43156373500823975]",0,False,0.8045855164527893,0.7146020454745139,1.0316,0.7799394304505518,31,old_L_raw,20.0,old,none
camel_2D,0.0,1.0,matern52,medium,0.05,19,"[0.15922760963439941, -0.7723689079284668]",0,False,1.0213769674301147,1.0143704702777248,1.0316,0.9900901196491999,31,old_L_raw,20.0,old,none
camel_2D,0.0,1.0,matern52,medium,0.05,0,"[-0.014973640441894531, 0.5364435911178589]",0,False,0.94297856092453,0.884364995264238,1.0316,0.9140932153204051,31,new_L_raw,17.042300314218146,new,none
camel_2D,0.0,1.0,matern52,medium,0.05,1,"[-0.4114506244659424, 0.5087438821792603]",0,False,0.8990947008132935,0.6468686028834312,1.0316,0.8715536068372367,31,new_L_raw,17.042300314218146,new,none
camel_2D,0.0,1.0,matern52,medium,0.05,2,"[-0.10215568542480469, 0.4271876811981201]",0,False,0.7950432896614075,0.7119101516662105,1.0316,0.7706895014166415,31,new_L_raw,17.042300314218146,new,none
camel_2D,0.0,1.0,matern52,medium,0.05,3,"[-0.16237902641296387, -0.6487895250320435]",0,False,0.9998420476913452,0.957358023812694,1.0316,0.969214858173076,31,new_L_raw,17.042300314218146,new,none
camel_2D,0.0,1.0,matern52,medium,0.05,4,"[0.04232025146484375, -0.787883996963501]",0,False,1.0236059427261353,1.0098320611061589,1.0316,0.9922508169117247,31,new_L_raw,17.042300314218146,new,none
camel_2D,0.0,1.0,matern52,medium,0.05,5,"[-0.04635190963745117, 0.5929257869720459]",0,False,1.0199825763702393,0.9691686995567814,1.0316,0.9887384416151989,31,new_L_raw,17.042300314218146,new,none
camel_2D,0.0,1.0,matern52,medium,0.05,6,"[0.43211841583251953, -0.5306880474090576]",0,False,0.9363916516304016,0.7174680223388057,1.0316,0.9077080764156665,31,new_L_raw,17.042300314218146,new,none
camel_2D,0.0,1.0,matern52,medium,0.05,7,"[0.13969016075134277, -0.602393627166748]",0,False,1.0129022598266602,0.9661126040643261,1.0316,0.9818750095256495,31,new_L_raw,17.042300314218146,new,none
camel_2D,0.0,1.0,matern52,medium,0.05,8,"[-0.12680530548095703, -0.6635421514511108]",0,False,1.0175172090530396,0.9802957946254361,1.0316,0.9863485934984872,31,new_L_raw,17.042300314218146,new,none
camel_2D,0.0,1.0,matern52,medium,0.05,9,"[-0.3582608699798584, 0.9020411968231201]",0,False,0.9657898545265198,0.7806169256087272,1.0316,0.9362057527399377,31,new_L_raw,17.042300314218146,new,none
camel_2D,0.0,1.0,matern52,medium,0.05,10,"[0.4600865840911865, -0.5721054077148438]",0,False,0.8575873374938965,0.6802190436470893,1.0316,0.8313176982298337,31,new_L_raw,17.042300314218146,new,none
camel_2D,0.0,1.0,matern52,medium,0.05,11,"[0.3323395252227783, -0.7431244850158691]",0,False,1.0059775114059448,0.9559595258005203,1.0316,0.9751623801918813,31,new_L_raw,17.042300314218146,new,none
camel_2D,0.0,1.0,matern52,medium,0.05,12,"[-0.13725018501281738, -0.5344663858413696]",0,False,0.846376895904541,0.8199866490979348,1.0316,0.8204506552002142,31,new_L_raw,17.042300314218146,new,none
camel_2D,0.0,1.0,matern52,medium,0.05,13,"[0.33281445503234863, -0.527551531791687]",0,False,0.9388335943222046,0.8052680203991551,1.0316,0.9100752174507605,31,new_L_raw,17.042300314218146,new,none
camel_2D,0.0,1.0,matern52,medium,0.05,14,"[0.11661005020141602, -0.7068843841552734]",0,False,1.0307652950286865,1.0249858710073656,1.0316,0.9991908637346708,31,new_L_raw,17.042300314218146,new,none
camel_2D,0.0,1.0,matern52,medium,0.05,15,"[-0.4524829387664795, 0.8339680433273315]",0,False,0.9331562519073486,0.7887137176529053,1.0316,0.9045717835472553,31,new_L_raw,17.042300314218146,new,none
camel_2D,0.0,1.0,matern52,medium,0.05,16,"[0.211775541305542, 0.703214168548584]",0,False,1.0276466608047485,0.9082368035470286,1.0316,0.996167759601346,31,new_L_raw,17.042300314218146,new,none
camel_2D,0.0,1.0,matern52,medium,0.05,17,"[-0.07904505729675293, 0.9267851114273071]",0,False,0.9220177531242371,0.7813976330141867,1.0316,0.8937744795698304,31,new_L_raw,17.042300314218146,new,none
camel_2D,0.0,1.0,matern52,medium,0.05,18,"[0.08810830116271973, -0.43156373500823975]",0,False,0.8362605571746826,0.7413664767819066,1.0316,0.8106442004407547,31,new_L_raw,17.042300314218146,new,none
camel_2D,0.0,1.0,matern52,medium,0.05,19,"[0.15922760963439941, -0.7723689079284668]",0,False,1.0194233655929565,1.0136429186790221,1.0316,0.9881963605980578,31,new_L_raw,17.042300314218146,new,none
rosenbrock_2D,0.05,1.1,matern52,medium,0.05,0,"[0.5292251110076904, 0.39557385444641113]",0,False,0.9987673163414001,0.9947058827646317,1.0,0.9987673163414001,31,old_L_factored,5.0,old,none
rosenbrock_2D,0.05,1.1,matern52,medium,0.05,1,"[1.0305263996124268, 0.11724352836608887]",0,False,0.9977297186851501,0.9484619594389393,1.0,0.9977297186851501,31,old_L_factored,5.0,old,none
rosenbrock_2D,0.05,1.1,matern52,medium,0.05,2,"[0.45878028869628906, 0.5240514278411865]",0,False,0.9952099323272705,0.9863366734596991,1.0,0.9952099323272705,31,old_L_factored,5.0,old,none
rosenbrock_2D,0.05,1.1,matern52,medium,0.05,3,"[1.08746337890625, 1.9747974872589111]",0,False,0.9926946759223938,0.9507523371327308,1.0,0.9926946759223938,31,old_L_factored,5.0,old,none
rosenbrock_2D,0.05,1.1,matern52,medium,0.05,4,"[0.2385544776916504, 1.2363696098327637]",0,False,0.9982950687408447,0.8699810735640987,1.0,0.9982950687408447,31,old_L_factored,5.0,old,none
rosenbrock_2D,0.05,1.1,matern52,medium,0.05,5,"[1.2797081470489502, 2.6804137229919434]",0,False,0.9967274069786072,0.9458022194523965,1.0,0.9967274069786072,31,old_L_factored,5.0,old,none
rosenbrock_2D,0.05,1.1,matern52,medium,0.05,6,"[0.288790225982666, 1.2155020236968994]",0,False,0.9857016205787659,0.8662791905864593,1.0,0.9857016205787659,31,old_L_factored,5.0,old,none
rosenbrock_2D,0.05,1.1,matern52,medium,0.05,7,"[0.13969016075134277, -0.2047872543334961]",0,False,0.9914509057998657,0.9912082725955594,1.0,0.9914509057998657,31,old_L_factored,5.0,old,none
rosenbrock_2D,0.05,1.1,matern52,medium,0.05,8,"[-0.8138787746429443, 1.0552074909210205]",0,False,0.9779286980628967,0.979978657537891,1.0,0.9779286980628967,31,old_L_factored,5.0,old,none
rosenbrock_2D,0.05,1.1,matern52,medium,0.05,9,"[0.6231379508972168, 0.20809078216552734]",0,False,0.9946630001068115,0.9939084187630685,1.0,0.9946630001068115,31,old_L_factored,5.0,old,none
rosenbrock_2D,0.05,1.1,matern52,medium,0.05,10,"[-0.16766142845153809, 0.9314262866973877]",0,False,0.9867772459983826,0.8968369364738464,1.0,0.9867772459983826,31,old_L_factored,5.0,old,none
rosenbrock_2D,0.05,1.1,matern52,medium,0.05,11,"[-1.4038331508636475, 0.9462125301361084]",0,False,0.9854609370231628,0.9204676151275635,1.0,0.9854609370231628,31,old_L_factored,5.0,old,none
rosenbrock_2D,0.05,1.1,matern52,medium,0.05,12,"[-0.13725018501281738, -0.06893277168273926]",0,False,0.9870395660400391,0.9922480006371776,1.0,0.9870395660400391,31,old_L_factored,5.0,old,none
rosenbrock_2D,0.05,1.1,matern52,medium,0.05,13,"[-1.0728178024291992, 2.4531614780426025]",0,False,0.9759219288825989,0.8540436788912742,1.0,0.9759219288825989,31,old_L_factored,5.0,old,none
rosenbrock_2D,0.05,1.1,matern52,medium,0.05,14,"[0.27797961235046387, -0.9811191558837891]",0,False,0.9818103909492493,0.8612096751889875,1.0,0.9818103909492493,31,old_L_factored,5.0,old,none
rosenbrock_2D,0.05,1.1,matern52,medium,0.05,15,"[-0.8106822967529297, 0.10638165473937988]",0,False,0.9938075542449951,0.9769870504256217,1.0,0.9938075542449951,31,old_L_factored,5.0,old,none
rosenbrock_2D,0.05,1.1,matern52,medium,0.05,16,"[-1.3499352931976318, 1.4959063529968262]",0,False,0.9691020846366882,0.9721102676083965,1.0,0.9691020846366882,31,old_L_factored,5.0,old,none
rosenbrock_2D,0.05,1.1,matern52,medium,0.05,17,"[-0.2630350589752197, 1.1404383182525635]",0,False,0.9929649829864502,0.8657370286603128,1.0,0.9929649829864502,31,old_L_factored,5.0,old,none
rosenbrock_2D,0.05,1.1,matern52,medium,0.05,18,"[-0.016774654388427734, 0.8350265026092529]",0,False,0.9981077313423157,0.9301819166829509,1.0,0.9981077313423157,31,old_L_factored,5.0,old,none
rosenbrock_2D,0.05,1.1,matern52,medium,0.05,19,"[0.648766040802002, -0.13551902770996094]",0,False,0.996350109577179,0.9757606579411414,1.0,0.996350109577179,31,old_L_factored,5.0,old,none
rosenbrock_2D,0.05,1.1,matern52,medium,0.05,0,"[0.5292251110076904, 0.39557385444641113]",0,False,0.9872702956199646,0.9950828283063827,1.0,0.9872702956199646,31,new_L_factored,13.763089123529726,new,none
rosenbrock_2D,0.05,1.1,matern52,medium,0.05,1,"[1.0305263996124268, 0.11724352836608887]",0,False,0.9505720138549805,0.8610598944848583,1.0,0.9505720138549805,31,new_L_factored,13.763089123529726,new,none
rosenbrock_2D,0.05,1.1,matern52,medium,0.05,2,"[0.45878028869628906, 0.5240514278411865]",0,False,0.9970857501029968,0.9864675614141649,1.0,0.9970857501029968,31,new_L_factored,13.763089123529726,new,none
rosenbrock_2D,0.05,1.1,matern52,medium,0.05,3,"[1.08746337890625, 1.9747974872589111]",0,False,0.9978240728378296,0.9157553468981097,1.0,0.9978240728378296,31,new_L_factored,13.763089123529726,new,none
rosenbrock_2D,0.05,1.1,matern52,medium,0.05,4,"[0.2385544776916504, 1.2363696098327637]",0,False,0.7360171675682068,0.6449235735401031,1.0,0.7360171675682068,31,new_L_factored,13.763089123529726,new,none
rosenbrock_2D,0.05,1.1,matern52,medium,0.05,5,"[1.2797081470489502, 2.6804137229919434]",0,False,0.9771823287010193,0.850930723451799,1.0,0.9771823287010193,31,new_L_factored,13.763089123529726,new,none
rosenbrock_2D,0.05,1.1,matern52,medium,0.05,6,"[0.288790225982666, 1.2155020236968994]",0,False,0.7906783819198608,0.6955683885082122,1.0,0.7906783819198608,31,new_L_factored,13.763089123529726,new,none
rosenbrock_2D,0.05,1.1,matern52,medium,0.05,7,"[0.13969016075134277, -0.2047872543334961]",0,False,0.9931811690330505,0.9896069745863637,1.0,0.9931811690330505,31,new_L_factored,13.763089123529726,new,none
rosenbrock_2D,0.05,1.1,matern52,medium,0.05,8,"[-0.8138787746429443, 1.0552074909210205]",0,False,0.987710177898407,0.976131962191674,1.0,0.987710177898407,31,new_L_factored,13.763089123529726,new,none
rosenbrock_2D,0.05,1.1,matern52,medium,0.05,9,"[0.6231379508972168, 0.20809078216552734]",0,False,0.9986249804496765,0.9943907568531651,1.0,0.9986249804496765,31,new_L_factored,13.763089123529726,new,none
rosenbrock_2D,0.05,1.1,matern52,medium,0.05,10,"[-0.16766142845153809, 0.9314262866973877]",0,False,0.8586375713348389,0.8005030866592161,1.0,0.8586375713348389,31,new_L_factored,13.763089123529726,new,none
rosenbrock_2D,0.05,1.1,matern52,medium,0.05,11,"[-1.4038331508636475, 0.9462125301361084]",0,False,0.9587531685829163,0.8386077784722851,1.0,0.9587531685829163,31,new_L_factored,13.763089123529726,new,none
rosenbrock_2D,0.05,1.1,matern52,medium,0.05,12,"[-0.13725018501281738, -0.06893277168273926]",0,False,0.9856908917427063,0.9930132262168392,1.0,0.9856908917427063,31,new_L_factored,13.763089123529726,new,none
rosenbrock_2D,0.05,1.1,matern52,medium,0.05,13,"[-1.0728178024291992, 2.4531614780426025]",0,False,0.8388346433639526,0.6419838349665364,1.0,0.8388346433639526,31,new_L_factored,13.763089123529726,new,none
rosenbrock_2D,0.05,1.1,matern52,medium,0.05,14,"[0.27797961235046387, -0.9811191558837891]",0,False,0.8243093490600586,0.734931891964328,1.0,0.8243093490600586,31,new_L_factored,13.763089123529726,new,none
rosenbrock_2D,0.05,1.1,matern52,medium,0.05,15,"[-0.8106822967529297, 0.10638165473937988]",0,False,0.9783458709716797,0.9527661223565379,1.0,0.9783458709716797,31,new_L_factored,13.763089123529726,new,none
rosenbrock_2D,0.05,1.1,matern52,medium,0.05,16,"[-1.3499352931976318, 1.4959063529968262]",0,False,0.9763108491897583,0.9741852821842316,1.0,0.9763108491897583,31,new_L_factored,13.763089123529726,new,none
rosenbrock_2D,0.05,1.1,matern52,medium,0.05,17,"[-0.2630350589752197, 1.1404383182525635]",0,False,0.7841250896453857,0.693190909201099,1.0,0.7841250896453857,31,new_L_factored,13.763089123529726,new,none
rosenbrock_2D,0.05,1.1,matern52,medium,0.05,18,"[-0.016774654388427734, 0.8350265026092529]",0,False,0.8636084794998169,0.8222622621443963,1.0,0.8636084794998169,31,new_L_factored,13.763089123529726,new,none
rosenbrock_2D,0.05,1.1,matern52,medium,0.05,19,"[0.648766040802002, -0.13551902770996094]",0,False,0.9908781051635742,0.9404602127690469,1.0,0.9908781051635742,31,new_L_factored,13.763089123529726,new,none
rosenbrock_2D,0.0,1.0,matern52,medium,0.05,0,"[0.5292251110076904, 0.39557385444641113]",0,False,0.988983154296875,0.989654790970587,1.0,0.988983154296875,31,old_L_raw,5.0,old,none
rosenbrock_2D,0.0,1.0,matern52,medium,0.05,1,"[1.0305263996124268, 0.11724352836608887]",0,False,0.993991494178772,0.9511423783917581,1.0,0.993991494178772,31,old_L_raw,5.0,old,none
rosenbrock_2D,0.0,1.0,matern52,medium,0.05,2,"[0.45878028869628906, 0.5240514278411865]",0,False,0.9880732297897339,0.9902401143504728,1.0,0.9880732297897339,31,old_L_raw,5.0,old,none
rosenbrock_2D,0.0,1.0,matern52,medium,0.05,3,"[1.08746337890625, 1.9747974872589111]",0,False,0.9968931078910828,0.9624212711088119,1.0,0.9968931078910828,31,old_L_raw,5.0,old,none
rosenbrock_2D,0.0,1.0,matern52,medium,0.05,4,"[0.2385544776916504, 1.2363696098327637]",0,False,0.9968966841697693,0.8895063092631679,1.0,0.9968966841697693,31,old_L_raw,5.0,old,none
rosenbrock_2D,0.0,1.0,matern52,medium,0.05,5,"[1.2797081470489502, 2.6804137229919434]",0,False,0.9974033832550049,0.9404027788869797,1.0,0.9974033832550049,31,old_L_raw,5.0,old,none
rosenbrock_2D,0.0,1.0,matern52,medium,0.05,6,"[0.288790225982666, 1.2155020236968994]",0,False,0.9866878390312195,0.8789537664382688,1.0,0.9866878390312195,31,old_L_raw,5.0,old,none
rosenbrock_2D,0.0,1.0,matern52,medium,0.05,7,"[0.13969016075134277, -0.2047872543334961]",0,False,0.998704731464386,0.9952361141481707,1.0,0.998704731464386,31,old_L_raw,5.0,old,none
rosenbrock_2D,0.0,1.0,matern52,medium,0.05,8,"[-0.8138787746429443, 1.0552074909210205]",0,False,0.9827997088432312,0.9776028202426049,1.0,0.9827997088432312,31,old_L_raw,5.0,old,none
rosenbrock_2D,0.0,1.0,matern52,medium,0.05,9,"[0.6231379508972168, 0.20809078216552734]",0,False,0.9973030686378479,0.9939831379921206,1.0,0.9973030686378479,31,old_L_raw,5.0,old,none
rosenbrock_2D,0.0,1.0,matern52,medium,0.05,10,"[-0.16766142845153809, 0.9314262866973877]",0,False,0.9754003882408142,0.9271733895424874,1.0,0.9754003882408142,31,old_L_raw,5.0,old,none
rosenbrock_2D,0.0,1.0,matern52,medium,0.05,11,"[-1.4038331508636475, 0.9462125301361084]",0,False,0.9856420755386353,0.9419367044202743,1.0,0.9856420755386353,31,old_L_raw,5.0,old,none
rosenbrock_2D,0.0,1.0,matern52,medium,0.05,12,"[-0.13725018501281738, -0.06893277168273926]",0,False,0.9860935211181641,0.992524104733621,1.0,0.9860935211181641,31,old_L_raw,5.0,old,none
rosenbrock_2D,0.0,1.0,matern52,medium,0.05,13,"[-1.0728178024291992, 2.4531614780426025]",0,False,0.9760699272155762,0.8687755023279498,1.0,0.9760699272155762,31,old_L_raw,5.0,old,none
rosenbrock_2D,0.0,1.0,matern52,medium,0.05,14,"[0.27797961235046387, -0.9811191558837891]",0,False,0.9758371710777283,0.8718243183628205,1.0,0.9758371710777283,31,old_L_raw,5.0,old,none
rosenbrock_2D,0.0,1.0,matern52,medium,0.05,15,"[-0.8106822967529297, 0.10638165473937988]",0,False,0.9884107708930969,0.9723659926845182,1.0,0.9884107708930969,31,old_L_raw,5.0,old,none
rosenbrock_2D,0.0,1.0,matern52,medium,0.05,16,"[-1.3499352931976318, 1.4959063529968262]",0,False,0.9696871042251587,0.9803560337712688,1.0,0.9696871042251587,31,old_L_raw,5.0,old,none
rosenbrock_2D,0.0,1.0,matern52,medium,0.05,17,"[-0.2630350589752197, 1.1404383182525635]",0,False,0.9866524338722229,0.8916924384332472,1.0,0.9866524338722229,31,old_L_raw,5.0,old,none
rosenbrock_2D,0.0,1.0,matern52,medium,0.05,18,"[-0.016774654388427734, 0.8350265026092529]",0,False,0.9931037425994873,0.9283179160087339,1.0,0.9931037425994873,31,old_L_raw,5.0,old,none
rosenbrock_2D,0.0,1.0,matern52,medium,0.05,19,"[0.648766040802002, -0.13551902770996094]",0,False,0.9966210722923279,0.9711233992730418,1.0,0.9966210722923279,31,old_L_raw,5.0,old,none
rosenbrock_2D,0.0,1.0,matern52,medium,0.05,0,"[0.5292251110076904, 0.39557385444641113]",0,False,0.9921243190765381,0.9950336121743725,1.0,0.9921243190765381,31,new_L_raw,13.763089123529726,new,none
rosenbrock_2D,0.0,1.0,matern52,medium,0.05,1,"[1.0305263996124268, 0.11724352836608887]",0,False,0.9735488891601562,0.8597746856750981,1.0,0.9735488891601562,31,new_L_raw,13.763089123529726,new,none
rosenbrock_2D,0.0,1.0,matern52,medium,0.05,2,"[0.45878028869628906, 0.5240514278411865]",0,False,0.9984269142150879,0.986831953448634,1.0,0.9984269142150879,31,new_L_raw,13.763089123529726,new,none
rosenbrock_2D,0.0,1.0,matern52,medium,0.05,3,"[1.08746337890625, 1.9747974872589111]",0,False,0.9989129900932312,0.9194411635398865,1.0,0.9989129900932312,31,new_L_raw,13.763089123529726,new,none
rosenbrock_2D,0.0,1.0,matern52,medium,0.05,4,"[0.2385544776916504, 1.2363696098327637]",0,False,0.8039171099662781,0.7046128588338052,1.0,0.8039171099662781,31,new_L_raw,13.763089123529726,new,none
rosenbrock_2D,0.0,1.0,matern52,medium,0.05,5,"[1.2797081470489502, 2.6804137229919434]",0,False,0.998378574848175,0.8765987157821655,1.0,0.998378574848175,31,new_L_raw,13.763089123529726,new,none
rosenbrock_2D,0.0,1.0,matern52,medium,0.05,6,"[0.288790225982666, 1.2155020236968994]",0,False,0.8339169025421143,0.7101739318140091,1.0,0.8339169025421143,31,new_L_raw,13.763089123529726,new,none
rosenbrock_2D,0.0,1.0,matern52,medium,0.05,7,"[0.13969016075134277, -0.2047872543334961]",0,False,0.9967448115348816,0.9924292641301309,1.0,0.9967448115348816,31,new_L_raw,13.763089123529726,new,none
rosenbrock_2D,0.0,1.0,matern52,medium,0.05,8,"[-0.8138787746429443, 1.0552074909210205]",0,False,0.9881085157394409,0.9699014694459976,1.0,0.9881085157394409,31,new_L_raw,13.763089123529726,new,none
rosenbrock_2D,0.0,1.0,matern52,medium,0.05,9,"[0.6231379508972168, 0.20809078216552734]",0,False,0.9888065457344055,0.9871266695760912,1.0,0.9888065457344055,31,new_L_raw,13.763089123529726,new,none
rosenbrock_2D,0.0,1.0,matern52,medium,0.05,10,"[-0.16766142845153809, 0.9314262866973877]",0,False,0.8836361765861511,0.8139215054050568,1.0,0.8836361765861511,31,new_L_raw,13.763089123529726,new,none
rosenbrock_2D,0.0,1.0,matern52,medium,0.05,11,"[-1.4038331508636475, 0.9462125301361084]",0,False,0.9700937867164612,0.8725474842133061,1.0,0.9700937867164612,31,new_L_raw,13.763089123529726,new,none
rosenbrock_2D,0.0,1.0,matern52,medium,0.05,12,"[-0.13725018501281738, -0.06893277168273926]",0,False,0.9963369965553284,0.9935374529130997,1.0,0.9963369965553284,31,new_L_raw,13.763089123529726,new,none
rosenbrock_2D,0.0,1.0,matern52,medium,0.05,13,"[-1.0728178024291992, 2.4531614780426025]",0,False,0.9077190160751343,0.6945118721454374,1.0,0.9077190160751343,31,new_L_raw,13.763089123529726,new,none
rosenbrock_2D,0.0,1.0,matern52,medium,0.05,14,"[0.27797961235046387, -0.9811191558837891]",0,False,0.8388428688049316,0.7338271217961465,1.0,0.8388428688049316,31,new_L_raw,13.763089123529726,new,none
rosenbrock_2D,0.0,1.0,matern52,medium,0.05,15,"[-0.8106822967529297, 0.10638165473937988]",0,False,0.9903430938720703,0.9585566424554394,1.0,0.9903430938720703,31,new_L_raw,13.763089123529726,new,none
rosenbrock_2D,0.0,1.0,matern52,medium,0.05,16,"[-1.3499352931976318, 1.4959063529968262]",0,False,0.9831821918487549,0.9755074304919089,1.0,0.9831821918487549,31,new_L_raw,13.763089123529726,new,none
rosenbrock_2D,0.0,1.0,matern52,medium,0.05,17,"[-0.2630350589752197, 1.1404383182525635]",0,False,0.8041462302207947,0.7309215145726358,1.0,0.8041462302207947,31,new_L_raw,13.763089123529726,new,none
rosenbrock_2D,0.0,1.0,matern52,medium,0.05,18,"[-0.016774654388427734, 0.8350265026092529]",0,False,0.903673529624939,0.8446354020026422,1.0,0.903673529624939,31,new_L_raw,13.763089123529726,new,none
rosenbrock_2D,0.0,1.0,matern52,medium,0.05,19,"[0.648766040802002, -0.13551902770996094]",0,False,0.9609310626983643,0.9380342710402704,1.0,0.9609310626983643,31,new_L_raw,13.763089123529726,new,none
sphere_2D,0.05,1.1,matern52,medium,0.05,0,"[0.49625658988952637, 0.7682217955589294]",0,False,0.989526629447937,0.9454011571022772,1.0,0.989526629447937,31,old_L_factored,2.0,old,none
sphere_2D,0.05,1.1,matern52,medium,0.05,1,"[0.3971373438835144, 0.7543719410896301]",0,False,0.9906806945800781,0.9102240012538049,1.0,0.9906806945800781,31,old_L_factored,2.0,old,none
sphere_2D,0.05,1.1,matern52,medium,0.05,2,"[0.6146950721740723, 0.38101285696029663]",0,False,0.9713516235351562,0.9696096970189002,1.0,0.9713516235351562,31,old_L_factored,2.0,old,none
sphere_2D,0.05,1.1,matern52,medium,0.05,3,"[0.5096188187599182, 0.5824220776557922]",0,False,0.9739431142807007,0.9763655893264278,1.0,0.9739431142807007,31,old_L_factored,2.0,old,none
sphere_2D,0.05,1.1,matern52,medium,0.05,4,"[0.5596386194229126, 0.5590924024581909]",0,False,0.9963359236717224,0.9886077988532281,1.0,0.9963359236717224,31,old_L_factored,2.0,old,none
sphere_2D,0.05,1.1,matern52,medium,0.05,5,"[0.6793861985206604, 0.2638806700706482]",0,False,0.9932627081871033,0.9302840194394512,1.0,0.9932627081871033,31,old_L_factored,2.0,old,none
sphere_2D,0.05,1.1,matern52,medium,0.05,6,"[0.5721975564956665, 0.5538755059242249]",0,False,0.9843304753303528,0.980551952315915,1.0,0.9843304753303528,31,old_L_factored,2.0,old,none
sphere_2D,0.05,1.1,matern52,medium,0.05,7,"[0.35928595066070557, 0.720380425453186]",0,False,0.9962811470031738,0.9412958102841531,1.0,0.9962811470031738,31,old_L_factored,2.0,old,none
sphere_2D,0.05,1.1,matern52,medium,0.05,8,"[0.2965303063392639, 0.5138018727302551]",0,False,0.9889026880264282,0.9613073795072494,1.0,0.9889026880264282,31,old_L_factored,2.0,old,none
sphere_2D,0.05,1.1,matern52,medium,0.05,9,"[0.6557844877243042, 0.30202269554138184]",0,False,0.990325927734375,0.9505822908493781,1.0,0.990325927734375,31,old_L_factored,2.0,old,none
sphere_2D,0.05,1.1,matern52,medium,0.05,10,"[0.4580846428871155, 0.4828565716743469]",0,False,0.990151584148407,0.9885080379824485,1.0,0.990151584148407,31,old_L_factored,2.0,old,none
sphere_2D,0.05,1.1,matern52,medium,0.05,11,"[0.2718876004219055, 0.46323180198669434]",0,False,0.9585890769958496,0.9361406756985572,1.0,0.9585890769958496,31,old_L_factored,2.0,old,none
sphere_2D,0.05,1.1,matern52,medium,0.05,12,"[0.46568745374679565, 0.23276680707931519]",0,False,0.9931850433349609,0.9408037008777741,1.0,0.9931850433349609,31,old_L_factored,2.0,old,none
sphere_2D,0.05,1.1,matern52,medium,0.05,13,"[0.44951313734054565, 0.4030640125274658]",0,False,0.9866852760314941,0.9780738757502648,1.0,0.9866852760314941,31,old_L_factored,2.0,old,none
sphere_2D,0.05,1.1,matern52,medium,0.05,14,"[0.6412646174430847, 0.4447345733642578]",0,False,0.985764741897583,0.9753675172405858,1.0,0.985764741897583,31,old_L_factored,2.0,old,none
sphere_2D,0.05,1.1,matern52,medium,0.05,15,"[0.553842306137085, 0.5646149516105652]",0,False,0.9845866560935974,0.9868287886342695,1.0,0.9845866560935974,31,old_L_factored,2.0,old,none
sphere_2D,0.05,1.1,matern52,medium,0.05,16,"[0.6740992069244385, 0.6338117718696594]",0,False,0.9942442178726196,0.9672335232457807,1.0,0.9942442178726196,31,old_L_factored,2.0,old,none
sphere_2D,0.05,1.1,matern52,medium,0.05,17,"[0.43424123525619507, 0.5351095795631409]",0,False,0.9930835962295532,0.9766987139178861,1.0,0.9930835962295532,31,old_L_factored,2.0,old,none
sphere_2D,0.05,1.1,matern52,medium,0.05,18,"[0.49580633640289307, 0.45875662565231323]",0,False,0.9884700775146484,0.9883706415853193,1.0,0.9884700775146484,31,old_L_factored,2.0,old,none
sphere_2D,0.05,1.1,matern52,medium,0.05,19,"[0.7291476726531982, 0.4304909110069275]",0,False,0.9848147034645081,0.9495358197919784,1.0,0.9848147034645081,31,old_L_factored,2.0,old,none
sphere_2D,0.05,1.1,matern52,medium,0.05,0,"[0.49625658988952637, 0.7682217955589294]",0,False,0.9752219319343567,0.9577583555252321,1.0,0.9752219319343567,31,new_L_factored,1.0,new,none
sphere_2D,0.05,1.1,matern52,medium,0.05,1,"[0.3971373438835144, 0.7543719410896301]",0,False,0.9791948795318604,0.9473026241025617,1.0,0.9791948795318604,31,new_L_factored,1.0,new,none
sphere_2D,0.05,1.1,matern52,medium,0.05,2,"[0.6146950721740723, 0.38101285696029663]",0,False,0.9850457310676575,0.9632087561392015,1.0,0.9850457310676575,31,new_L_factored,1.0,new,none
sphere_2D,0.05,1.1,matern52,medium,0.05,3,"[0.5096188187599182, 0.5824220776557922]",0,False,0.9841197729110718,0.9667735907339281,1.0,0.9841197729110718,31,new_L_factored,1.0,new,none
sphere_2D,0.05,1.1,matern52,medium,0.05,4,"[0.5596386194229126, 0.5590924024581909]",0,False,0.9964180588722229,0.9772463421667775,1.0,0.9964180588722229,31,new_L_factored,1.0,new,none
sphere_2D,0.05,1.1,matern52,medium,0.05,5,"[0.6793861985206604, 0.2638806700706482]",0,False,0.9770585894584656,0.935757000600138,1.0,0.9770585894584656,31,new_L_factored,1.0,new,none
sphere_2D,0.05,1.1,matern52,medium,0.05,6,"[0.5721975564956665, 0.5538755059242249]",0,False,0.9862087368965149,0.9753601627965127,1.0,0.9862087368965149,31,new_L_factored,1.0,new,none
sphere_2D,0.05,1.1,matern52,medium,0.05,7,"[0.35928595066070557, 0.720380425453186]",0,False,0.9861138463020325,0.9551594814946575,1.0,0.9861138463020325,31,new_L_factored,1.0,new,none
sphere_2D,0.05,1.1,matern52,medium,0.05,8,"[0.2965303063392639, 0.5138018727302551]",0,False,0.9862290024757385,0.9635416384666197,1.0,0.9862290024757385,31,new_L_factored,1.0,new,none
sphere_2D,0.05,1.1,matern52,medium,0.05,9,"[0.6557844877243042, 0.30202269554138184]",0,False,0.9967230558395386,0.9544665217399597,1.0,0.9967230558395386,31,new_L_factored,1.0,new,none
sphere_2D,0.05,1.1,matern52,medium,0.05,10,"[0.4580846428871155, 0.4828565716743469]",0,False,0.9903010129928589,0.9804640719967503,1.0,0.9903010129928589,31,new_L_factored,1.0,new,none
sphere_2D,0.05,1.1,matern52,medium,0.05,11,"[0.2718876004219055, 0.46323180198669434]",0,False,0.9750952124595642,0.9547408069333723,1.0,0.9750952124595642,31,new_L_factored,1.0,new,none
sphere_2D,0.05,1.1,matern52,medium,0.05,12,"[0.46568745374679565, 0.23276680707931519]",0,False,0.9726467728614807,0.9485959276076286,1.0,0.9726467728614807,31,new_L_factored,1.0,new,none
sphere_2D,0.05,1.1,matern52,medium,0.05,13,"[0.44951313734054565, 0.4030640125274658]",0,False,0.963089108467102,0.9669377496165614,1.0,0.963089108467102,31,new_L_factored,1.0,new,none
sphere_2D,0.05,1.1,matern52,medium,0.05,14,"[0.6412646174430847, 0.4447345733642578]",0,False,0.9884330034255981,0.9758023427378747,1.0,0.9884330034255981,31,new_L_factored,1.0,new,none
sphere_2D,0.05,1.1,matern52,medium,0.05,15,"[0.553842306137085, 0.5646149516105652]",0,False,0.9802107214927673,0.9805616025001772,1.0,0.9802107214927673,31,new_L_factored,1.0,new,none
sphere_2D,0.05,1.1,matern52,medium,0.05,16,"[0.6740992069244385, 0.6338117718696594]",0,False,0.9797360301017761,0.9675755577702676,1.0,0.9797360301017761,31,new_L_factored,1.0,new,none
sphere_2D,0.05,1.1,matern52,medium,0.05,17,"[0.43424123525619507, 0.5351095795631409]",0,False,0.9701510667800903,0.9711756110191345,1.0,0.9701510667800903,31,new_L_factored,1.0,new,none
sphere_2D,0.05,1.1,matern52,medium,0.05,18,"[0.49580633640289307, 0.45875662565231323]",0,False,0.9925088286399841,0.9765837519399582,1.0,0.9925088286399841,31,new_L_factored,1.0,new,none
sphere_2D,0.05,1.1,matern52,medium,0.05,19,"[0.7291476726531982, 0.4304909110069275]",0,False,0.9759175777435303,0.9558228984955819,1.0,0.9759175777435303,31,new_L_factored,1.0,new,none
sphere_2D,0.0,1.0,matern52,medium,0.05,0,"[0.49625658988952637, 0.7682217955589294]",0,False,0.9455631375312805,0.9466011947201144,1.0,0.9455631375312805,31,old_L_raw,2.0,old,none
sphere_2D,0.0,1.0,matern52,medium,0.05,1,"[0.3971373438835144, 0.7543719410896301]",0,False,0.991381824016571,0.9505482335244456,1.0,0.991381824016571,31,old_L_raw,2.0,old,none
sphere_2D,0.0,1.0,matern52,medium,0.05,2,"[0.6146950721740723, 0.38101285696029663]",0,False,0.9814207553863525,0.9742752217477367,1.0,0.9814207553863525,31,old_L_raw,2.0,old,none
sphere_2D,0.0,1.0,matern52,medium,0.05,3,"[0.5096188187599182, 0.5824220776557922]",0,False,0.9920662641525269,0.978574316347799,1.0,0.9920662641525269,31,old_L_raw,2.0,old,none
sphere_2D,0.0,1.0,matern52,medium,0.05,4,"[0.5596386194229126, 0.5590924024581909]",0,False,0.9959011673927307,0.9862597988497827,1.0,0.9959011673927307,31,old_L_raw,2.0,old,none
sphere_2D,0.0,1.0,matern52,medium,0.05,5,"[0.6793861985206604, 0.2638806700706482]",0,False,0.9723682403564453,0.942181198827682,1.0,0.9723682403564453,31,old_L_raw,2.0,old,none
sphere_2D,0.0,1.0,matern52,medium,0.05,6,"[0.5721975564956665, 0.5538755059242249]",0,False,0.9843106269836426,0.9790469119625707,1.0,0.9843106269836426,31,old_L_raw,2.0,old,none
sphere_2D,0.0,1.0,matern52,medium,0.05,7,"[0.35928595066070557, 0.720380425453186]",0,False,0.9758131504058838,0.9437686070319145,1.0,0.9758131504058838,31,old_L_raw,2.0,old,none
sphere_2D,0.0,1.0,matern52,medium,0.05,8,"[0.2965303063392639, 0.5138018727302551]",0,False,0.98412024974823,0.9661970696141643,1.0,0.98412024974823,31,old_L_raw,2.0,old,none
sphere_2D,0.0,1.0,matern52,medium,0.05,9,"[0.6557844877243042, 0.30202269554138184]",0,False,0.9492215514183044,0.9317503609964924,1.0,0.9492215514183044,31,old_L_raw,2.0,old,none
sphere_2D,0.0,1.0,matern52,medium,0.05,10,"[0.4580846428871155, 0.4828565716743469]",0,False,0.9867507815361023,0.988706979059404,1.0,0.9867507815361023,31,old_L_raw,2.0,old,none
sphere_2D,0.0,1.0,matern52,medium,0.05,11,"[0.2718876004219055, 0.46323180198669434]",0,False,0.9792924523353577,0.9508110361714517,1.0,0.9792924523353577,31,old_L_raw,2.0,old,none
sphere_2D,0.0,1.0,matern52,medium,0.05,12,"[0.46568745374679565, 0.23276680707931519]",0,False,0.9980482459068298,0.9465044563816439,1.0,0.9980482459068298,31,old_L_raw,2.0,old,none
sphere_2D,0.0,1.0,matern52,medium,0.05,13,"[0.44951313734054565, 0.4030640125274658]",0,False,0.9863840341567993,0.9778540711249074,1.0,0.9863840341567993,31,old_L_raw,2.0,old,none
sphere_2D,0.0,1.0,matern52,medium,0.05,14,"[0.6412646174430847, 0.4447345733642578]",0,False,0.9887408018112183,0.9805722890361663,1.0,0.9887408018112183,31,old_L_raw,2.0,old,none
sphere_2D,0.0,1.0,matern52,medium,0.05,15,"[0.553842306137085, 0.5646149516105652]",0,False,0.9914061427116394,0.9847760508137364,1.0,0.9914061427116394,31,old_L_raw,2.0,old,none
sphere_2D,0.0,1.0,matern52,medium,0.05,16,"[0.6740992069244385, 0.6338117718696594]",0,False,0.9636929631233215,0.9548511793536525,1.0,0.9636929631233215,31,old_L_raw,2.0,old,none
sphere_2D,0.0,1.0,matern52,medium,0.05,17,"[0.43424123525619507, 0.5351095795631409]",0,False,0.9903323650360107,0.9792359663594153,1.0,0.9903323650360107,31,old_L_raw,2.0,old,none
sphere_2D,0.0,1.0,matern52,medium,0.05,18,"[0.49580633640289307, 0.45875662565231323]",0,False,0.9866106510162354,0.9875320273060952,1.0,0.9866106510162354,31,old_L_raw,2.0,old,none
sphere_2D,0.0,1.0,matern52,medium,0.05,19,"[0.7291476726531982, 0.4304909110069275]",0,False,0.9243381023406982,0.9294349416609733,1.0,0.9243381023406982,31,old_L_raw,2.0,old,none
sphere_2D,0.0,1.0,matern52,medium,0.05,0,"[0.49625658988952637, 0.7682217955589294]",6,False,0.9718220233917236,0.9582408666610718,1.0,0.9718220233917236,31,new_L_raw,1.0,new,major
sphere_2D,0.0,1.0,matern52,medium,0.05,1,"[0.3971373438835144, 0.7543719410896301]",4,False,0.993260383605957,0.9451950576997572,1.0,0.993260383605957,31,new_L_raw,1.0,new,major
sphere_2D,0.0,1.0,matern52,medium,0.05,2,"[0.6146950721740723, 0.38101285696029663]",3,False,0.991727888584137,0.9658182013419366,1.0,0.991727888584137,31,new_L_raw,1.0,new,major
sphere_2D,0.0,1.0,matern52,medium,0.05,3,"[0.5096188187599182, 0.5824220776557922]",4,False,0.9897992610931396,0.9636861085891724,1.0,0.9897992610931396,31,new_L_raw,1.0,new,major
sphere_2D,0.0,1.0,matern52,medium,0.05,4,"[0.5596386194229126, 0.5590924024581909]",5,False,0.9874069094657898,0.9737790765300873,1.0,0.9874069094657898,31,new_L_raw,1.0,new,major
sphere_2D,0.0,1.0,matern52,medium,0.05,5,"[0.6793861985206604, 0.2638806700706482]",3,False,0.9642874002456665,0.9575616621202038,1.0,0.9642874002456665,31,new_L_raw,1.0,new,major
sphere_2D,0.0,1.0,matern52,medium,0.05,6,"[0.5721975564956665, 0.5538755059242249]",5,False,0.9774255156517029,0.9735951885100333,1.0,0.9774255156517029,31,new_L_raw,1.0,new,major
sphere_2D,0.0,1.0,matern52,medium,0.05,7,"[0.35928595066070557, 0.720380425453186]",5,False,0.9487898945808411,0.952232878054342,1.0,0.9487898945808411,31,new_L_raw,1.0,new,major
sphere_2D,0.0,1.0,matern52,medium,0.05,8,"[0.2965303063392639, 0.5138018727302551]",3,False,0.9887261986732483,0.9591350978420626,1.0,0.9887261986732483,31,new_L_raw,1.0,new,major
sphere_2D,0.0,1.0,matern52,medium,0.05,9,"[0.6557844877243042, 0.30202269554138184]",3,False,0.9249272346496582,0.9414499363591594,1.0,0.9249272346496582,31,new_L_raw,1.0,new,major
sphere_2D,0.0,1.0,matern52,medium,0.05,10,"[0.4580846428871155, 0.4828565716743469]",5,False,0.9765253067016602,0.9758575654798939,1.0,0.9765253067016602,31,new_L_raw,1.0,new,major
sphere_2D,0.0,1.0,matern52,medium,0.05,11,"[0.2718876004219055, 0.46323180198669434]",5,False,0.9894847273826599,0.9571558679303815,1.0,0.9894847273826599,31,new_L_raw,1.0,new,major
sphere_2D,0.0,1.0,matern52,medium,0.05,12,"[0.46568745374679565, 0.23276680707931519]",4,False,0.9683094620704651,0.9451772320655084,1.0,0.9683094620704651,31,new_L_raw,1.0,new,major
sphere_2D,0.0,1.0,matern52,medium,0.05,13,"[0.44951313734054565, 0.4030640125274658]",4,False,0.9961519837379456,0.966852403456165,1.0,0.9961519837379456,31,new_L_raw,1.0,new,major
sphere_2D,0.0,1.0,matern52,medium,0.05,14,"[0.6412646174430847, 0.4447345733642578]",7,False,0.9915032982826233,0.9739510609257606,1.0,0.9915032982826233,31,new_L_raw,1.0,new,major
sphere_2D,0.0,1.0,matern52,medium,0.05,15,"[0.553842306137085, 0.5646149516105652]",4,False,0.9856918454170227,0.9754243512307444,1.0,0.9856918454170227,31,new_L_raw,1.0,new,major
sphere_2D,0.0,1.0,matern52,medium,0.05,16,"[0.6740992069244385, 0.6338117718696594]",3,False,0.98992919921875,0.9621935948248832,1.0,0.98992919921875,31,new_L_raw,1.0,new,major
sphere_2D,0.0,1.0,matern52,medium,0.05,17,"[0.43424123525619507, 0.5351095795631409]",3,False,0.9600785970687866,0.9711287021636963,1.0,0.9600785970687866,31,new_L_raw,1.0,new,major
sphere_2D,0.0,1.0,matern52,medium,0.05,18,"[0.49580633640289307, 0.45875662565231323]",5,False,0.985387921333313,0.9719995817830486,1.0,0.985387921333313,31,new_L_raw,1.0,new,major
sphere_2D,0.0,1.0,matern52,medium,0.05,19,"[0.7291476726531982, 0.4304909110069275]",4,False,0.944913387298584,0.9547626626107001,1.0,0.944913387298584,31,new_L_raw,1.0,new,major
rosenbrock_4D,0.05,1.1,matern52,medium,0.05,0,"[0.10518312454223633, -1.025367021560669, 0.33836936950683594, -1.867389440536499]",0,False,0.8984402418136597,0.8592813418757531,1.0,0.8984402418136597,31,old_L_factored,3.0,old,none
rosenbrock_4D,0.05,1.1,matern52,medium,0.05,1,"[1.0305263996124268, -0.8827564716339111, -0.3877229690551758, 0.9387378692626953]",0,False,0.9068554639816284,0.8700716610877745,1.0,0.9068554639816284,31,old_L_factored,3.0,old,none
rosenbrock_4D,0.05,1.1,matern52,medium,0.05,2,"[0.45878028869628906, -0.4759485721588135, 0.5484573841094971, -0.10215568542480469]",0,False,0.988973081111908,0.9822805023962452,1.0,0.988973081111908,31,old_L_factored,3.0,old,none
rosenbrock_4D,0.05,1.1,matern52,medium,0.05,3,"[-1.7595348358154297, 1.08746337890625, 0.9747974872589111, 0.3776848316192627]",0,False,0.9901911616325378,0.9361720412008224,1.0,0.9901911616325378,31,old_L_factored,3.0,old,none
rosenbrock_4D,0.05,1.1,matern52,medium,0.05,4,"[0.08811616897583008, -0.7170305252075195, 0.42951345443725586, 0.0930476188659668]",0,False,0.97231125831604,0.9802309486173815,1.0,0.97231125831604,31,old_L_factored,3.0,old,none
rosenbrock_4D,0.05,1.1,matern52,medium,0.05,5,"[-0.6840634346008301, -0.14699673652648926, -0.24318766593933105, 1.0685503482818604]",0,False,0.973650336265564,0.9643776532142393,1.0,0.973650336265564,31,old_L_factored,3.0,old,none
rosenbrock_4D,0.05,1.1,matern52,medium,0.05,6,"[-0.20328211784362793, 0.697345495223999, 0.9920296669006348, 0.24043655395507812]",0,False,0.9837499260902405,0.9734133693479723,1.0,0.9837499260902405,31,old_L_factored,3.0,old,none
rosenbrock_4D,0.05,1.1,matern52,medium,0.05,7,"[0.13969016075134277, -1.204787254333496, 0.6368467807769775, 0.627561092376709]",0,False,0.9793391823768616,0.9550755735366575,1.0,0.9793391823768616,31,old_L_factored,3.0,old,none
rosenbrock_4D,0.05,1.1,matern52,medium,0.05,8,"[1.3877930641174316, 1.1538853645324707, 0.45943593978881836, -1.243406057357788]",0,False,0.9439126253128052,0.9097581832639633,1.0,0.9439126253128052,31,old_L_factored,3.0,old,none
rosenbrock_4D,0.05,1.1,matern52,medium,0.05,9,"[0.6231379508972168, -0.7919092178344727, -0.0804142951965332, 1.1094944477081299]",0,False,0.9692638516426086,0.9367256972097582,1.0,0.9692638516426086,31,old_L_factored,3.0,old,none
rosenbrock_4D,0.05,1.1,matern52,medium,0.05,10,"[-0.16766142845153809, -0.0685737133026123, -0.7500066757202148, 0.4600865840911865]",0,False,0.9864721894264221,0.9824596008946819,1.0,0.9864721894264221,31,old_L_factored,3.0,old,none
rosenbrock_4D,0.05,1.1,matern52,medium,0.05,11,"[-0.9226489067077637, 1.1298274993896484, -0.9124495983123779, -0.14707279205322266]",0,False,0.9485110640525818,0.8813562604688829,1.0,0.9485110640525818,31,old_L_factored,3.0,old,none
rosenbrock_4D,0.05,1.1,matern52,medium,0.05,12,"[-0.13725018501281738, -1.0689327716827393, -0.1891160011291504, 0.3484489917755127]",0,False,0.9510570764541626,0.9286886799720026,1.0,0.9510570764541626,31,old_L_factored,3.0,old,none
rosenbrock_4D,0.05,1.1,matern52,medium,0.05,13,"[0.41426897048950195, -1.0728178024291992, 1.4531614780426025, 1.943537712097168]",0,False,0.9598661065101624,0.9490982832447175,1.0,0.9598661065101624,31,old_L_factored,3.0,old,none
rosenbrock_4D,0.05,1.1,matern52,medium,0.05,14,"[-0.4810791015625, 0.014760494232177734, 1.0564165115356445, -0.6918628215789795]",0,False,0.9556684494018555,0.9107328672562877,1.0,0.9556684494018555,31,old_L_factored,3.0,old,none
rosenbrock_4D,0.05,1.1,matern52,medium,0.05,15,"[-0.350006103515625, 0.21536922454833984, 0.25845980644226074, 0.010545492172241211]",0,False,0.9971476793289185,0.9974876949864049,1.0,0.9971476793289185,31,old_L_factored,3.0,old,none
rosenbrock_4D,0.05,1.1,matern52,medium,0.05,16,"[-0.777256965637207, 1.3477816581726074, 0.14002346992492676, 0.11601996421813965]",0,False,0.9941497445106506,0.9516046124119912,1.0,0.9941497445106506,31,old_L_factored,3.0,old,none
rosenbrock_4D,0.05,1.1,matern52,medium,0.05,17,"[0.1975843906402588, -0.4700355529785156, 0.18503880500793457, -0.12688684463500977]",0,False,0.9871612787246704,0.9889953713263234,1.0,0.9871612787246704,31,old_L_factored,3.0,old,none
rosenbrock_4D,0.05,1.1,matern52,medium,0.05,18,"[-0.016774654388427734, -0.16497349739074707, -0.4157428741455078, 1.008500337600708]",0,False,0.9691506624221802,0.9686599373817444,1.0,0.9691506624221802,31,old_L_factored,3.0,old,none
rosenbrock_4D,0.05,1.1,matern52,medium,0.05,19,"[-0.8945887088775635, -0.6088316440582275, 0.20409011840820312, -0.917043924331665]",0,False,0.9699565172195435,0.9457610826338491,1.0,0.9699565172195435,31,old_L_factored,3.0,old,none
rosenbrock_4D,0.05,1.1,matern52,medium,0.05,0,"[0.10518312454223633, -1.025367021560669, 0.33836936950683594, -1.867389440536499]",0,False,0.8685828447341919,0.8372255775236315,1.0,0.8685828447341919,31,new_L_factored,3.2775618987289925,new,none
rosenbrock_4D,0.05,1.1,matern52,medium,0.05,1,"[1.0305263996124268, -0.8827564716339111, -0.3877229690551758, 0.9387378692626953]",0,False,0.9218853116035461,0.8696420538809991,1.0,0.9218853116035461,31,new_L_factored,3.2775618987289925,new,none
rosenbrock_4D,0.05,1.1,matern52,medium,0.05,2,"[0.45878028869628906, -0.4759485721588135, 0.5484573841094971, -0.10215568542480469]",0,False,0.9793666005134583,0.9781451398326505,1.0,0.9793666005134583,31,new_L_factored,3.2775618987289925,new,none
rosenbrock_4D,0.05,1.1,matern52,medium,0.05,3,"[-1.7595348358154297, 1.08746337890625, 0.9747974872589111, 0.3776848316192627]",0,False,0.9729802012443542,0.9242164973289736,1.0,0.9729802012443542,31,new_L_factored,3.2775618987289925,new,none
rosenbrock_4D,0.05,1.1,matern52,medium,0.05,4,"[0.08811616897583008, -0.7170305252075195, 0.42951345443725586, 0.0930476188659668]",0,False,0.9780906438827515,0.9817965799762357,1.0,0.9780906438827515,31,new_L_factored,3.2775618987289925,new,none
rosenbrock_4D,0.05,1.1,matern52,medium,0.05,5,"[-0.6840634346008301, -0.14699673652648926, -0.24318766593933105, 1.0685503482818604]",0,False,0.967409610748291,0.9629679918289185,1.0,0.967409610748291,31,new_L_factored,3.2775618987289925,new,none
rosenbrock_4D,0.05,1.1,matern52,medium,0.05,6,"[-0.20328211784362793, 0.697345495223999, 0.9920296669006348, 0.24043655395507812]",0,False,0.9799687266349792,0.9680827875291148,1.0,0.9799687266349792,31,new_L_factored,3.2775618987289925,new,none
rosenbrock_4D,0.05,1.1,matern52,medium,0.05,7,"[0.13969016075134277, -1.204787254333496, 0.6368467807769775, 0.627561092376709]",0,False,0.974636971950531,0.9459386756343227,1.0,0.974636971950531,31,new_L_factored,3.2775618987289925,new,none
rosenbrock_4D,0.05,1.1,matern52,medium,0.05,8,"[1.3877930641174316, 1.1538853645324707, 0.45943593978881836, -1.243406057357788]",0,False,0.9473977088928223,0.9136537851825837,1.0,0.9473977088928223,31,new_L_factored,3.2775618987289925,new,none
rosenbrock_4D,0.05,1.1,matern52,medium,0.05,9,"[0.6231379508972168, -0.7919092178344727, -0.0804142951965332, 1.1094944477081299]",0,False,0.9537984728813171,0.9286196674070051,1.0,0.9537984728813171,31,new_L_factored,3.2775618987289925,new,none
rosenbrock_4D,0.05,1.1,matern52,medium,0.05,10,"[-0.16766142845153809, -0.0685737133026123, -0.7500066757202148, 0.4600865840911865]",0,False,0.9814749360084534,0.9821778266660629,1.0,0.9814749360084534,31,new_L_factored,3.2775618987289925,new,none
rosenbrock_4D,0.05,1.1,matern52,medium,0.05,11,"[-0.9226489067077637, 1.1298274993896484, -0.9124495983123779, -0.14707279205322266]",0,False,0.9345531463623047,0.8692663254276398,1.0,0.9345531463623047,31,new_L_factored,3.2775618987289925,new,none
rosenbrock_4D,0.05,1.1,matern52,medium,0.05,12,"[-0.13725018501281738, -1.0689327716827393, -0.1891160011291504, 0.3484489917755127]",0,False,0.9702703356742859,0.9434036266419196,1.0,0.9702703356742859,31,new_L_factored,3.2775618987289925,new,none
rosenbrock_4D,0.05,1.1,matern52,medium,0.05,13,"[0.41426897048950195, -1.0728178024291992, 1.4531614780426025, 1.943537712097168]",0,False,0.9524303674697876,0.9495030487737348,1.0,0.9524303674697876,31,new_L_factored,3.2775618987289925,new,none
rosenbrock_4D,0.05,1.1,matern52,medium,0.05,14,"[-0.4810791015625, 0.014760494232177734, 1.0564165115356445, -0.6918628215789795]",0,False,0.9390782117843628,0.8922023446329178,1.0,0.9390782117843628,31,new_L_factored,3.2775618987289925,new,none
rosenbrock_4D,0.05,1.1,matern52,medium,0.05,15,"[-0.350006103515625, 0.21536922454833984, 0.25845980644226074, 0.010545492172241211]",0,False,0.9962358474731445,0.9967769595884508,1.0,0.9962358474731445,31,new_L_factored,3.2775618987289925,new,none
rosenbrock_4D,0.05,1.1,matern52,medium,0.05,16,"[-0.777256965637207, 1.3477816581726074, 0.14002346992492676, 0.11601996421813965]",0,False,0.9916366934776306,0.9469287568523038,1.0,0.9916366934776306,31,new_L_factored,3.2775618987289925,new,none
rosenbrock_4D,0.05,1.1,matern52,medium,0.05,17,"[0.1975843906402588, -0.4700355529785156, 0.18503880500793457, -0.12688684463500977]",0,False,0.9886423945426941,0.9879230260848999,1.0,0.9886423945426941,31,new_L_factored,3.2775618987289925,new,none
rosenbrock_4D,0.05,1.1,matern52,medium,0.05,18,"[-0.016774654388427734, -0.16497349739074707, -0.4157428741455078, 1.008500337600708]",0,False,0.9773073792457581,0.9728683579352594,1.0,0.9773073792457581,31,new_L_factored,3.2775618987289925,new,none
rosenbrock_4D,0.05,1.1,matern52,medium,0.05,19,"[-0.8945887088775635, -0.6088316440582275, 0.20409011840820312, -0.917043924331665]",0,False,0.9627196192741394,0.9202120938608723,1.0,0.9627196192741394,31,new_L_factored,3.2775618987289925,new,none
rosenbrock_4D,0.0,1.0,matern52,medium,0.05,0,"[0.10518312454223633, -1.025367021560669, 0.33836936950683594, -1.867389440536499]",0,False,0.8820781111717224,0.8455240572652509,1.0,0.8820781111717224,31,old_L_raw,3.0,old,none
rosenbrock_4D,0.0,1.0,matern52,medium,0.05,1,"[1.0305263996124268, -0.8827564716339111, -0.3877229690551758, 0.9387378692626953]",0,False,0.9314200282096863,0.8839353265300873,1.0,0.9314200282096863,31,old_L_raw,3.0,old,none
rosenbrock_4D,0.0,1.0,matern52,medium,0.05,2,"[0.45878028869628906, -0.4759485721588135, 0.5484573841094971, -0.10215568542480469]",0,False,0.9735895395278931,0.9738444166798745,1.0,0.9735895395278931,31,old_L_raw,3.0,old,none
rosenbrock_4D,0.0,1.0,matern52,medium,0.05,3,"[-1.7595348358154297, 1.08746337890625, 0.9747974872589111, 0.3776848316192627]",0,False,0.9743515849113464,0.9239510163184135,1.0,0.9743515849113464,31,old_L_raw,3.0,old,none
rosenbrock_4D,0.0,1.0,matern52,medium,0.05,4,"[0.08811616897583008, -0.7170305252075195, 0.42951345443725586, 0.0930476188659668]",0,False,0.9862713813781738,0.9806764221960499,1.0,0.9862713813781738,31,old_L_raw,3.0,old,none
rosenbrock_4D,0.0,1.0,matern52,medium,0.05,5,"[-0.6840634346008301, -0.14699673652648926, -0.24318766593933105, 1.0685503482818604]",0,False,0.9818986058235168,0.9659904991426775,1.0,0.9818986058235168,31,old_L_raw,3.0,old,none
rosenbrock_4D,0.0,1.0,matern52,medium,0.05,6,"[-0.20328211784362793, 0.697345495223999, 0.9920296669006348, 0.24043655395507812]",0,False,0.9632728099822998,0.9681271449212105,1.0,0.9632728099822998,31,old_L_raw,3.0,old,none
rosenbrock_4D,0.0,1.0,matern52,medium,0.05,7,"[0.13969016075134277, -1.204787254333496, 0.6368467807769775, 0.627561092376709]",0,False,0.9813129901885986,0.9490188014122748,1.0,0.9813129901885986,31,old_L_raw,3.0,old,none
rosenbrock_4D,0.0,1.0,matern52,medium,0.05,8,"[1.3877930641174316, 1.1538853645324707, 0.45943593978881836, -1.243406057357788]",0,False,0.934938907623291,0.9163034654432728,1.0,0.934938907623291,31,old_L_raw,3.0,old,none
rosenbrock_4D,0.0,1.0,matern52,medium,0.05,9,"[0.6231379508972168, -0.7919092178344727, -0.0804142951965332, 1.1094944477081299]",0,False,0.9634550213813782,0.9365087439936977,1.0,0.9634550213813782,31,old_L_raw,3.0,old,none
rosenbrock_4D,0.0,1.0,matern52,medium,0.05,10,"[-0.16766142845153809, -0.0685737133026123, -0.7500066757202148, 0.4600865840911865]",0,False,0.9865531325340271,0.9861119466443216,1.0,0.9865531325340271,31,old_L_raw,3.0,old,none
rosenbrock_4D,0.0,1.0,matern52,medium,0.05,11,"[-0.9226489067077637, 1.1298274993896484, -0.9124495983123779, -0.14707279205322266]",0,False,0.9465631246566772,0.8861646498403242,1.0,0.9465631246566772,31,old_L_raw,3.0,old,none
rosenbrock_4D,0.0,1.0,matern52,medium,0.05,12,"[-0.13725018501281738, -1.0689327716827393, -0.1891160011291504, 0.3484489917755127]",0,False,0.9867780804634094,0.9488099582733647,1.0,0.9867780804634094,31,old_L_raw,3.0,old,none
rosenbrock_4D,0.0,1.0,matern52,medium,0.05,13,"[0.41426897048950195, -1.0728178024291992, 1.4531614780426025, 1.943537712097168]",0,False,0.9580457210540771,0.9546932174313453,1.0,0.9580457210540771,31,old_L_raw,3.0,old,none
rosenbrock_4D,0.0,1.0,matern52,medium,0.05,14,"[-0.4810791015625, 0.014760494232177734, 1.0564165115356445, -0.6918628215789795]",0,False,0.9879894852638245,0.9402940119466474,1.0,0.9879894852638245,31,old_L_raw,3.0,old,none
rosenbrock_4D,0.0,1.0,matern52,medium,0.05,15,"[-0.350006103515625, 0.21536922454833984, 0.25845980644226074, 0.010545492172241211]",0,False,0.9880883097648621,0.996010095842423,1.0,0.9880883097648621,31,old_L_raw,3.0,old,none
rosenbrock_4D,0.0,1.0,matern52,medium,0.05,16,"[-0.777256965637207, 1.3477816581726074, 0.14002346992492676, 0.11601996421813965]",0,False,0.977867603302002,0.9484311765240084,1.0,0.977867603302002,31,old_L_raw,3.0,old,none
rosenbrock_4D,0.0,1.0,matern52,medium,0.05,17,"[0.1975843906402588, -0.4700355529785156, 0.18503880500793457, -0.12688684463500977]",0,False,0.9886831641197205,0.9884800161084821,1.0,0.9886831641197205,31,old_L_raw,3.0,old,none
rosenbrock_4D,0.0,1.0,matern52,medium,0.05,18,"[-0.016774654388427734, -0.16497349739074707, -0.4157428741455078, 1.008500337600708]",0,False,0.9825013279914856,0.9772220330853616,1.0,0.9825013279914856,31,old_L_raw,3.0,old,none
rosenbrock_4D,0.0,1.0,matern52,medium,0.05,19,"[-0.8945887088775635, -0.6088316440582275, 0.20409011840820312, -0.917043924331665]",0,False,0.9762189388275146,0.9424211305956687,1.0,0.9762189388275146,31,old_L_raw,3.0,old,none
rosenbrock_4D,0.0,1.0,matern52,medium,0.05,0,"[0.10518312454223633, -1.025367021560669, 0.33836936950683594, -1.867389440536499]",0,False,0.8663430213928223,0.833937487294597,1.0,0.8663430213928223,31,new_L_raw,3.2775618987289925,new,none
rosenbrock_4D,0.0,1.0,matern52,medium,0.05,1,"[1.0305263996124268, -0.8827564716339111, -0.3877229690551758, 0.9387378692626953]",0,False,0.9470871686935425,0.8852114985066075,1.0,0.9470871686935425,31,new_L_raw,3.2775618987289925,new,none
rosenbrock_4D,0.0,1.0,matern52,medium,0.05,2,"[0.45878028869628906, -0.4759485721588135, 0.5484573841094971, -0.10215568542480469]",0,False,0.9915406107902527,0.9775621045020318,1.0,0.9915406107902527,31,new_L_raw,3.2775618987289925,new,none
rosenbrock_4D,0.0,1.0,matern52,medium,0.05,3,"[-1.7595348358154297, 1.08746337890625, 0.9747974872589111, 0.3776848316192627]",0,False,0.98567795753479,0.9313175908980831,1.0,0.98567795753479,31,new_L_raw,3.2775618987289925,new,none
rosenbrock_4D,0.0,1.0,matern52,medium,0.05,4,"[0.08811616897583008, -0.7170305252075195, 0.42951345443725586, 0.0930476188659668]",0,False,0.9875522255897522,0.9790504171002296,1.0,0.9875522255897522,31,new_L_raw,3.2775618987289925,new,none
rosenbrock_4D,0.0,1.0,matern52,medium,0.05,5,"[-0.6840634346008301, -0.14699673652648926, -0.24318766593933105, 1.0685503482818604]",0,False,0.9622693657875061,0.9566117602009927,1.0,0.9622693657875061,31,new_L_raw,3.2775618987289925,new,none
rosenbrock_4D,0.0,1.0,matern52,medium,0.05,6,"[-0.20328211784362793, 0.697345495223999, 0.9920296669006348, 0.24043655395507812]",0,False,0.9726488590240479,0.9784764532119997,1.0,0.9726488590240479,31,new_L_raw,3.2775618987289925,new,none
rosenbrock_4D,0.0,1.0,matern52,medium,0.05,7,"[0.13969016075134277, -1.204787254333496, 0.6368467807769775, 0.627561092376709]",0,False,0.982477068901062,0.9581779972199471,1.0,0.982477068901062,31,new_L_raw,3.2775618987289925,new,none
rosenbrock_4D,0.0,1.0,matern52,medium,0.05,8,"[1.3877930641174316, 1.1538853645324707, 0.45943593978881836, -1.243406057357788]",0,False,0.9435722827911377,0.9195591230546275,1.0,0.9435722827911377,31,new_L_raw,3.2775618987289925,new,none
rosenbrock_4D,0.0,1.0,matern52,medium,0.05,9,"[0.6231379508972168, -0.7919092178344727, -0.0804142951965332, 1.1094944477081299]",0,False,0.9657806754112244,0.9263400608493436,1.0,0.9657806754112244,31,new_L_raw,3.2775618987289925,new,none
rosenbrock_4D,0.0,1.0,matern52,medium,0.05,10,"[-0.16766142845153809, -0.0685737133026123, -0.7500066757202148, 0.4600865840911865]",0,False,0.9940855503082275,0.985122674895871,1.0,0.9940855503082275,31,new_L_raw,3.2775618987289925,new,none
rosenbrock_4D,0.0,1.0,matern52,medium,0.05,11,"[-0.9226489067077637, 1.1298274993896484, -0.9124495983123779, -0.14707279205322266]",0,False,0.9539550542831421,0.8911679290956066,1.0,0.9539550542831421,31,new_L_raw,3.2775618987289925,new,none
rosenbrock_4D,0.0,1.0,matern52,medium,0.05,12,"[-0.13725018501281738, -1.0689327716827393, -0.1891160011291504, 0.3484489917755127]",0,False,0.9859964847564697,0.9504632565283007,1.0,0.9859964847564697,31,new_L_raw,3.2775618987289925,new,none
rosenbrock_4D,0.0,1.0,matern52,medium,0.05,13,"[0.41426897048950195, -1.0728178024291992, 1.4531614780426025, 1.943537712097168]",0,False,0.9575647711753845,0.9512222793794447,1.0,0.9575647711753845,31,new_L_raw,3.2775618987289925,new,none
rosenbrock_4D,0.0,1.0,matern52,medium,0.05,14,"[-0.4810791015625, 0.014760494232177734, 1.0564165115356445, -0.6918628215789795]",0,False,0.9834917187690735,0.9313355876553443,1.0,0.9834917187690735,31,new_L_raw,3.2775618987289925,new,none
rosenbrock_4D,0.0,1.0,matern52,medium,0.05,15,"[-0.350006103515625, 0.21536922454833984, 0.25845980644226074, 0.010545492172241211]",0,False,0.9981542229652405,0.9964121157123197,1.0,0.9981542229652405,31,new_L_raw,3.2775618987289925,new,none
rosenbrock_4D,0.0,1.0,matern52,medium,0.05,16,"[-0.777256965637207, 1.3477816581726074, 0.14002346992492676, 0.11601996421813965]",0,False,0.9745181202888489,0.9304573189827704,1.0,0.9745181202888489,31,new_L_raw,3.2775618987289925,new,none
rosenbrock_4D,0.0,1.0,matern52,medium,0.05,17,"[0.1975843906402588, -0.4700355529785156, 0.18503880500793457, -0.12688684463500977]",0,False,0.9903355836868286,0.9910440848719689,1.0,0.9903355836868286,31,new_L_raw,3.2775618987289925,new,none
rosenbrock_4D,0.0,1.0,matern52,medium,0.05,18,"[-0.016774654388427734, -0.16497349739074707, -0.4157428741455078, 1.008500337600708]",0,False,0.9750393033027649,0.9724160413588246,1.0,0.9750393033027649,31,new_L_raw,3.2775618987289925,new,none
rosenbrock_4D,0.0,1.0,matern52,medium,0.05,19,"[-0.8945887088775635, -0.6088316440582275, 0.20409011840820312, -0.917043924331665]",0,False,0.975847065448761,0.9403222683937319,1.0,0.975847065448761,31,new_L_raw,3.2775618987289925,new,none
sphere_4D,0.05,1.1,matern52,medium,0.05,0,"[0.4368913173675537, 0.5190907716751099, 0.6158523559570312, 0.8101882934570312]",0,False,0.8633754253387451,0.839946775667129,1.0,0.8633754253387451,31,old_L_factored,2.0,old,none
sphere_4D,0.05,1.1,matern52,medium,0.05,1,"[0.6386804580688477, 0.524665892124176, 0.6826140880584717, 0.30514949560165405]",0,False,0.9155521392822266,0.883108425524927,1.0,0.9155521392822266,31,old_L_factored,2.0,old,none
sphere_4D,0.05,1.1,matern52,medium,0.05,2,"[0.6146950721740723, 0.38101285696029663, 0.6371143460273743, 0.47446107864379883]",0,False,0.904543399810791,0.9018768129810211,1.0,0.904543399810791,31,old_L_factored,2.0,old,none
sphere_4D,0.05,1.1,matern52,medium,0.05,3,"[0.5824220776557922, 0.4283205270767212, 0.44330739974975586, 0.17471283674240112]",0,False,0.8868365287780762,0.8224123966309332,1.0,0.8868365287780762,31,old_L_factored,2.0,old,none
sphere_4D,0.05,1.1,matern52,medium,0.05,4,"[0.5220290422439575, 0.3207423686981201, 0.607378363609314, 0.5232619047164917]",0,False,0.943665087223053,0.9016350911509606,1.0,0.943665087223053,31,old_L_factored,2.0,old,none
sphere_4D,0.05,1.1,matern52,medium,0.05,5,"[0.3289841413497925, 0.4632508158683777, 0.43920308351516724, 0.7671375870704651]",0,False,0.8791104555130005,0.8202471675411347,1.0,0.8791104555130005,31,old_L_factored,2.0,old,none
sphere_4D,0.05,1.1,matern52,medium,0.05,6,"[0.449179470539093, 0.6743363738059998, 0.7480074167251587, 0.5601091384887695]",0,False,0.9252821803092957,0.8669741384444698,1.0,0.9252821803092957,31,old_L_factored,2.0,old,none
sphere_4D,0.05,1.1,matern52,medium,0.05,7,"[0.5349225401878357, 0.19880318641662598, 0.6592116951942444, 0.6568902730941772]",0,False,0.9156162142753601,0.8298794781008074,1.0,0.9156162142753601,31,old_L_factored,2.0,old,none
sphere_4D,0.05,1.1,matern52,medium,0.05,8,"[0.3167001008987427, 0.548501193523407, 0.7147504687309265, 0.27130573987960815]",0,False,0.9410189390182495,0.8601310714598625,1.0,0.9410189390182495,31,old_L_factored,2.0,old,none
sphere_4D,0.05,1.1,matern52,medium,0.05,9,"[0.6557844877243042, 0.30202269554138184, 0.4798964262008667, 0.7773736119270325]",0,False,0.8545917272567749,0.7915615208687321,1.0,0.8545917272567749,31,old_L_factored,2.0,old,none
sphere_4D,0.05,1.1,matern52,medium,0.05,10,"[0.4580846428871155, 0.4828565716743469, 0.3124983310699463, 0.6150216460227966]",0,False,0.9479467868804932,0.9093507220668178,1.0,0.9479467868804932,31,old_L_factored,2.0,old,none
sphere_4D,0.05,1.1,matern52,medium,0.05,11,"[0.5638927221298218, 0.612493097782135, 0.22640103101730347, 0.585274338722229]",0,False,0.947095513343811,0.8778091092263499,1.0,0.947095513343811,31,old_L_factored,2.0,old,none
sphere_4D,0.05,1.1,matern52,medium,0.05,12,"[0.46568745374679565, 0.23276680707931519, 0.4527209997177124, 0.5871122479438782]",0,False,0.9657760858535767,0.9313817658732014,1.0,0.9657760858535767,31,old_L_factored,2.0,old,none
sphere_4D,0.05,1.1,matern52,medium,0.05,13,"[0.3278133273124695, 0.40760165452957153, 0.7276241183280945, 0.4506308436393738]",0,False,0.9187742471694946,0.8524564523850718,1.0,0.9187742471694946,31,old_L_factored,2.0,old,none
sphere_4D,0.05,1.1,matern52,medium,0.05,14,"[0.379730224609375, 0.5036901235580444, 0.7641041278839111, 0.3270342946052551]",0,False,0.817999005317688,0.7845750354951427,1.0,0.817999005317688,31,old_L_factored,2.0,old,none
sphere_4D,0.05,1.1,matern52,medium,0.05,15,"[0.41249847412109375, 0.553842306137085, 0.5646149516105652, 0.5026363730430603]",0,False,0.9874097108840942,0.9311842860714081,1.0,0.9874097108840942,31,old_L_factored,2.0,old,none
sphere_4D,0.05,1.1,matern52,medium,0.05,16,"[0.30568575859069824, 0.8369454145431519, 0.5350058674812317, 0.5290049910545349]",0,False,0.8542416095733643,0.7864307626601188,1.0,0.8542416095733643,31,old_L_factored,2.0,old,none
sphere_4D,0.05,1.1,matern52,medium,0.05,17,"[0.5493960976600647, 0.3824911117553711, 0.5462597012519836, 0.46827828884124756]",0,False,0.942766547203064,0.9396630217952113,1.0,0.942766547203064,31,old_L_factored,2.0,old,none
sphere_4D,0.05,1.1,matern52,medium,0.05,18,"[0.49580633640289307, 0.45875662565231323, 0.39606428146362305, 0.752125084400177]",0,False,0.9130142331123352,0.8752488936147382,1.0,0.9130142331123352,31,old_L_factored,2.0,old,none
sphere_4D,0.05,1.1,matern52,medium,0.05,19,"[0.27635282278060913, 0.3477920889854431, 0.5510225296020508, 0.27073901891708374]",0,False,0.8873220086097717,0.840126674021444,1.0,0.8873220086097717,31,old_L_factored,2.0,old,none
sphere_4D,0.05,1.1,matern52,medium,0.05,0,"[0.4368913173675537, 0.5190907716751099, 0.6158523559570312, 0.8101882934570312]",0,False,0.9417734146118164,0.8825539908101482,1.0,0.9417734146118164,31,new_L_factored,1.0,new,none
sphere_4D,0.05,1.1,matern52,medium,0.05,1,"[0.6386804580688477, 0.524665892124176, 0.6826140880584717, 0.30514949560165405]",0,False,0.9267144799232483,0.9084437989419506,1.0,0.9267144799232483,31,new_L_factored,1.0,new,none
sphere_4D,0.05,1.1,matern52,medium,0.05,2,"[0.6146950721740723, 0.38101285696029663, 0.6371143460273743, 0.47446107864379883]",0,False,0.9057866334915161,0.8976637913334754,1.0,0.9057866334915161,31,new_L_factored,1.0,new,none
sphere_4D,0.05,1.1,matern52,medium,0.05,3,"[0.5824220776557922, 0.4283205270767212, 0.44330739974975586, 0.17471283674240112]",0,False,0.9411039352416992,0.8895501417498435,1.0,0.9411039352416992,31,new_L_factored,1.0,new,none
sphere_4D,0.05,1.1,matern52,medium,0.05,4,"[0.5220290422439575, 0.3207423686981201, 0.607378363609314, 0.5232619047164917]",0,False,0.9012627601623535,0.9101876231931871,1.0,0.9012627601623535,31,new_L_factored,1.0,new,none
sphere_4D,0.05,1.1,matern52,medium,0.05,5,"[0.3289841413497925, 0.4632508158683777, 0.43920308351516724, 0.7671375870704651]",0,False,0.902906596660614,0.8714999768041796,1.0,0.902906596660614,31,new_L_factored,1.0,new,none
sphere_4D,0.05,1.1,matern52,medium,0.05,6,"[0.449179470539093, 0.6743363738059998, 0.7480074167251587, 0.5601091384887695]",0,False,0.8699601292610168,0.8545961418459492,1.0,0.8699601292610168,31,new_L_factored,1.0,new,none
sphere_4D,0.05,1.1,matern52,medium,0.05,7,"[0.5349225401878357, 0.19880318641662598, 0.6592116951942444, 0.6568902730941772]",0,False,0.9150664806365967,0.8672436668026832,1.0,0.9150664806365967,31,new_L_factored,1.0,new,none
sphere_4D,0.05,1.1,matern52,medium,0.05,8,"[0.3167001008987427, 0.548501193523407, 0.7147504687309265, 0.27130573987960815]",0,False,0.9435403943061829,0.8771684362042335,1.0,0.9435403943061829,31,new_L_factored,1.0,new,none
sphere_4D,0.05,1.1,matern52,medium,0.05,9,"[0.6557844877243042, 0.30202269554138184, 0.4798964262008667, 0.7773736119270325]",0,False,0.9073120355606079,0.8280110416873809,1.0,0.9073120355606079,31,new_L_factored,1.0,new,none
sphere_4D,0.05,1.1,matern52,medium,0.05,10,"[0.4580846428871155, 0.4828565716743469, 0.3124983310699463, 0.6150216460227966]",0,False,0.9471057057380676,0.8973581560196415,1.0,0.9471057057380676,31,new_L_factored,1.0,new,none
sphere_4D,0.05,1.1,matern52,medium,0.05,11,"[0.5638927221298218, 0.612493097782135, 0.22640103101730347, 0.585274338722229]",0,False,0.9081571102142334,0.8708654219104398,1.0,0.9081571102142334,31,new_L_factored,1.0,new,none
sphere_4D,0.05,1.1,matern52,medium,0.05,12,"[0.46568745374679565, 0.23276680707931519, 0.4527209997177124, 0.5871122479438782]",0,False,0.9261281490325928,0.9060181725409723,1.0,0.9261281490325928,31,new_L_factored,1.0,new,none
sphere_4D,0.05,1.1,matern52,medium,0.05,13,"[0.3278133273124695, 0.40760165452957153, 0.7276241183280945, 0.4506308436393738]",0,False,0.8303792476654053,0.8243023926211942,1.0,0.8303792476654053,31,new_L_factored,1.0,new,none
sphere_4D,0.05,1.1,matern52,medium,0.05,14,"[0.379730224609375, 0.5036901235580444, 0.7641041278839111, 0.3270342946052551]",0,False,0.8942433595657349,0.8739853635911019,1.0,0.8942433595657349,31,new_L_factored,1.0,new,none
sphere_4D,0.05,1.1,matern52,medium,0.05,15,"[0.41249847412109375, 0.553842306137085, 0.5646149516105652, 0.5026363730430603]",0,False,0.9017398357391357,0.9309994578361511,1.0,0.9017398357391357,31,new_L_factored,1.0,new,none
sphere_4D,0.05,1.1,matern52,medium,0.05,16,"[0.30568575859069824, 0.8369454145431519, 0.5350058674812317, 0.5290049910545349]",0,False,0.8999928832054138,0.8563195351631411,1.0,0.8999928832054138,31,new_L_factored,1.0,new,none
sphere_4D,0.05,1.1,matern52,medium,0.05,17,"[0.5493960976600647, 0.3824911117553711, 0.5462597012519836, 0.46827828884124756]",0,False,0.9565166234970093,0.9167625019627232,1.0,0.9565166234970093,31,new_L_factored,1.0,new,none
sphere_4D,0.05,1.1,matern52,medium,0.05,18,"[0.49580633640289307, 0.45875662565231323, 0.39606428146362305, 0.752125084400177]",0,False,0.8920894861221313,0.8752476111535104,1.0,0.8920894861221313,31,new_L_factored,1.0,new,none
sphere_4D,0.05,1.1,matern52,medium,0.05,19,"[0.27635282278060913, 0.3477920889854431, 0.5510225296020508, 0.27073901891708374]",0,False,0.9555912017822266,0.8927049848341173,1.0,0.9555912017822266,31,new_L_factored,1.0,new,none
sphere_4D,0.0,1.0,matern52,medium,0.05,0,"[0.4368913173675537, 0.5190907716751099, 0.6158523559570312, 0.8101882934570312]",0,False,0.9144080877304077,0.8329401862236762,1.0,0.9144080877304077,31,old_L_raw,2.0,old,none
sphere_4D,0.0,1.0,matern52,medium,0.05,1,"[0.6386804580688477, 0.524665892124176, 0.6826140880584717, 0.30514949560165405]",0,False,0.9366254210472107,0.8808081611510246,1.0,0.9366254210472107,31,old_L_raw,2.0,old,none
sphere_4D,0.0,1.0,matern52,medium,0.05,2,"[0.6146950721740723, 0.38101285696029663, 0.6371143460273743, 0.47446107864379883]",0,False,0.9209272861480713,0.8911518204596734,1.0,0.9209272861480713,31,old_L_raw,2.0,old,none
sphere_4D,0.0,1.0,matern52,medium,0.05,3,"[0.5824220776557922, 0.4283205270767212, 0.44330739974975586, 0.17471283674240112]",0,False,0.8598189353942871,0.8209469491435636,1.0,0.8598189353942871,31,old_L_raw,2.0,old,none
sphere_4D,0.0,1.0,matern52,medium,0.05,4,"[0.5220290422439575, 0.3207423686981201, 0.607378363609314, 0.5232619047164917]",0,False,0.8853726983070374,0.889384517746587,1.0,0.8853726983070374,31,old_L_raw,2.0,old,none
sphere_4D,0.0,1.0,matern52,medium,0.05,5,"[0.3289841413497925, 0.4632508158683777, 0.43920308351516724, 0.7671375870704651]",0,False,0.9420914053916931,0.8339229841386119,1.0,0.9420914053916931,31,old_L_raw,2.0,old,none
sphere_4D,0.0,1.0,matern52,medium,0.05,6,"[0.449179470539093, 0.6743363738059998, 0.7480074167251587, 0.5601091384887695]",0,False,0.8534725904464722,0.8325644827658131,1.0,0.8534725904464722,31,old_L_raw,2.0,old,none
sphere_4D,0.0,1.0,matern52,medium,0.05,7,"[0.5349225401878357, 0.19880318641662598, 0.6592116951942444, 0.6568902730941772]",0,False,0.9662809371948242,0.8276759174562269,1.0,0.9662809371948242,31,old_L_raw,2.0,old,none
sphere_4D,0.0,1.0,matern52,medium,0.05,8,"[0.3167001008987427, 0.548501193523407, 0.7147504687309265, 0.27130573987960815]",0,False,0.9248367547988892,0.8173725854965949,1.0,0.9248367547988892,31,old_L_raw,2.0,old,none
sphere_4D,0.0,1.0,matern52,medium,0.05,9,"[0.6557844877243042, 0.30202269554138184, 0.4798964262008667, 0.7773736119270325]",0,False,0.8502199053764343,0.797261897594698,1.0,0.8502199053764343,31,old_L_raw,2.0,old,none
sphere_4D,0.0,1.0,matern52,medium,0.05,10,"[0.4580846428871155, 0.4828565716743469, 0.3124983310699463, 0.6150216460227966]",0,False,0.884369432926178,0.8938377787989955,1.0,0.884369432926178,31,old_L_raw,2.0,old,none
sphere_4D,0.0,1.0,matern52,medium,0.05,11,"[0.5638927221298218, 0.612493097782135, 0.22640103101730347, 0.585274338722229]",0,False,0.962433934211731,0.8733519238810385,1.0,0.962433934211731,31,old_L_raw,2.0,old,none
sphere_4D,0.0,1.0,matern52,medium,0.05,12,"[0.46568745374679565, 0.23276680707931519, 0.4527209997177124, 0.5871122479438782]",0,False,0.9392450451850891,0.9082093065784823,1.0,0.9392450451850891,31,old_L_raw,2.0,old,none
sphere_4D,0.0,1.0,matern52,medium,0.05,13,"[0.3278133273124695, 0.40760165452957153, 0.7276241183280945, 0.4506308436393738]",0,False,0.9010868072509766,0.8350822810203798,1.0,0.9010868072509766,31,old_L_raw,2.0,old,none
sphere_4D,0.0,1.0,matern52,medium,0.05,14,"[0.379730224609375, 0.5036901235580444, 0.7641041278839111, 0.3270342946052551]",0,False,0.8408517837524414,0.8049590568388661,1.0,0.8408517837524414,31,old_L_raw,2.0,old,none
sphere_4D,0.0,1.0,matern52,medium,0.05,15,"[0.41249847412109375, 0.553842306137085, 0.5646149516105652, 0.5026363730430603]",0,False,0.9282242655754089,0.9391316463870387,1.0,0.9282242655754089,31,old_L_raw,2.0,old,none
sphere_4D,0.0,1.0,matern52,medium,0.05,16,"[0.30568575859069824, 0.8369454145431519, 0.5350058674812317, 0.5290049910545349]",0,False,0.9342734813690186,0.8439640787339979,1.0,0.9342734813690186,31,old_L_raw,2.0,old,none
sphere_4D,0.0,1.0,matern52,medium,0.05,17,"[0.5493960976600647, 0.3824911117553711, 0.5462597012519836, 0.46827828884124756]",0,False,0.9449962377548218,0.9404428620492259,1.0,0.9449962377548218,31,old_L_raw,2.0,old,none
sphere_4D,0.0,1.0,matern52,medium,0.05,18,"[0.49580633640289307, 0.45875662565231323, 0.39606428146362305, 0.752125084400177]",0,False,0.9216997027397156,0.8934032205612429,1.0,0.9216997027397156,31,old_L_raw,2.0,old,none
sphere_4D,0.0,1.0,matern52,medium,0.05,19,"[0.27635282278060913, 0.3477920889854431, 0.5510225296020508, 0.27073901891708374]",0,False,0.8769562244415283,0.8337955782490392,1.0,0.8769562244415283,31,old_L_raw,2.0,old,none
sphere_4D,0.0,1.0,matern52,medium,0.05,0,"[0.4368913173675537, 0.5190907716751099, 0.6158523559570312, 0.8101882934570312]",0,False,0.8821514248847961,0.8261257313912914,1.0,0.8821514248847961,31,new_L_raw,1.0,new,none
sphere_4D,0.0,1.0,matern52,medium,0.05,1,"[0.6386804580688477, 0.524665892124176, 0.6826140880584717, 0.30514949560165405]",0,False,0.884157657623291,0.9077312677137314,1.0,0.884157657623291,31,new_L_raw,1.0,new,none
sphere_4D,0.0,1.0,matern52,medium,0.05,2,"[0.6146950721740723, 0.38101285696029663, 0.6371143460273743, 0.47446107864379883]",0,False,0.9223049879074097,0.9052887174390978,1.0,0.9223049879074097,31,new_L_raw,1.0,new,none
sphere_4D,0.0,1.0,matern52,medium,0.05,3,"[0.5824220776557922, 0.4283205270767212, 0.44330739974975586, 0.17471283674240112]",0,False,0.8421283960342407,0.8405708459115797,1.0,0.8421283960342407,31,new_L_raw,1.0,new,none
sphere_4D,0.0,1.0,matern52,medium,0.05,4,"[0.5220290422439575, 0.3207423686981201, 0.607378363609314, 0.5232619047164917]",0,False,0.8581362366676331,0.8993691455933356,1.0,0.8581362366676331,31,new_L_raw,1.0,new,none
sphere_4D,0.0,1.0,matern52,medium,0.05,5,"[0.3289841413497925, 0.4632508158683777, 0.43920308351516724, 0.7671375870704651]",0,False,0.9312793612480164,0.8533203178836454,1.0,0.9312793612480164,31,new_L_raw,1.0,new,none
sphere_4D,0.0,1.0,matern52,medium,0.05,6,"[0.449179470539093, 0.6743363738059998, 0.7480074167251587, 0.5601091384887695]",0,False,0.8396816253662109,0.8446656215575433,1.0,0.8396816253662109,31,new_L_raw,1.0,new,none
sphere_4D,0.0,1.0,matern52,medium,0.05,7,"[0.5349225401878357, 0.19880318641662598, 0.6592116951942444, 0.6568902730941772]",0,False,0.8739912509918213,0.8544746464298617,1.0,0.8739912509918213,31,new_L_raw,1.0,new,none
sphere_4D,0.0,1.0,matern52,medium,0.05,8,"[0.3167001008987427, 0.548501193523407, 0.7147504687309265, 0.27130573987960815]",0,False,0.9126085042953491,0.8474194426690379,1.0,0.9126085042953491,31,new_L_raw,1.0,new,none
sphere_4D,0.0,1.0,matern52,medium,0.05,9,"[0.6557844877243042, 0.30202269554138184, 0.4798964262008667, 0.7773736119270325]",0,False,0.8778561949729919,0.8390658536264973,1.0,0.8778561949729919,31,new_L_raw,1.0,new,none
sphere_4D,0.0,1.0,matern52,medium,0.05,10,"[0.4580846428871155, 0.4828565716743469, 0.3124983310699463, 0.6150216460227966]",0,False,0.8994346857070923,0.8884745586302972,1.0,0.8994346857070923,31,new_L_raw,1.0,new,none
sphere_4D,0.0,1.0,matern52,medium,0.05,11,"[0.5638927221298218, 0.612493097782135, 0.22640103101730347, 0.585274338722229]",0,False,0.8897603154182434,0.8566977843161552,1.0,0.8897603154182434,31,new_L_raw,1.0,new,none
sphere_4D,0.0,1.0,matern52,medium,0.05,12,"[0.46568745374679565, 0.23276680707931519, 0.4527209997177124, 0.5871122479438782]",0,False,0.982860267162323,0.8966524370255009,1.0,0.982860267162323,31,new_L_raw,1.0,new,none
sphere_4D,0.0,1.0,matern52,medium,0.05,13,"[0.3278133273124695, 0.40760165452957153, 0.7276241183280945, 0.4506308436393738]",1,False,0.8617282509803772,0.8601676840935985,1.0,0.8617282509803772,31,new_L_raw,1.0,new,minor
sphere_4D,0.0,1.0,matern52,medium,0.05,14,"[0.379730224609375, 0.5036901235580444, 0.7641041278839111, 0.3270342946052551]",0,False,0.8673855662345886,0.846863704342996,1.0,0.8673855662345886,31,new_L_raw,1.0,new,none
sphere_4D,0.0,1.0,matern52,medium,0.05,15,"[0.41249847412109375, 0.553842306137085, 0.5646149516105652, 0.5026363730430603]",0,False,0.9404313564300537,0.9251788066279504,1.0,0.9404313564300537,31,new_L_raw,1.0,new,none
sphere_4D,0.0,1.0,matern52,medium,0.05,16,"[0.30568575859069824, 0.8369454145431519, 0.5350058674812317, 0.5290049910545349]",0,False,0.88089919090271,0.8788034031468053,1.0,0.88089919090271,31,new_L_raw,1.0,new,none
sphere_4D,0.0,1.0,matern52,medium,0.05,17,"[0.5493960976600647, 0.3824911117553711, 0.5462597012519836, 0.46827828884124756]",0,False,0.9140546321868896,0.908379404775558,1.0,0.9140546321868896,31,new_L_raw,1.0,new,none
sphere_4D,0.0,1.0,matern52,medium,0.05,18,"[0.49580633640289307, 0.45875662565231323, 0.39606428146362305, 0.752125084400177]",0,False,0.8976877331733704,0.8762355677543148,1.0,0.8976877331733704,31,new_L_raw,1.0,new,none
sphere_4D,0.0,1.0,matern52,medium,0.05,19,"[0.27635282278060913, 0.3477920889854431, 0.5510225296020508, 0.27073901891708374]",0,False,0.9230675101280212,0.8618928174818715,1.0,0.9230675101280212,31,new_L_raw,1.0,new,none
sphere_6D,0.05,1.1,matern52,medium,0.05,0,"[0.6510535478591919, 0.7744860053062439, 0.4368913173675537, 0.5190907716751099, 0.6158523559570312, 0.8101882934570312]",0,False,0.7976950407028198,0.6937398660567499,1.0,0.7976950407028198,31,old_L_factored,2.0,old,none
sphere_6D,0.05,1.1,matern52,medium,0.05,1,"[0.7543719410896301, 0.5695084929466248, 0.4387779235839844, 0.6386804580688477, 0.524665892124176, 0.6826140880584717]",0,False,0.8556990027427673,0.8111253592275804,1.0,0.8556990027427673,31,old_L_factored,2.0,old,none
sphere_6D,0.05,1.1,matern52,medium,0.05,2,"[0.6146950721740723, 0.38101285696029663, 0.6371143460273743, 0.47446107864379883, 0.7135938405990601, 0.6190363764762878]",0,False,0.9200925230979919,0.8528085158717248,1.0,0.9200925230979919,31,old_L_factored,2.0,old,none
sphere_6D,0.05,1.1,matern52,medium,0.05,3,"[0.3832530379295349, 0.25122910737991333, 0.5850470662117004, 0.708093523979187, 0.5529508590698242, 0.32506924867630005]",0,False,0.8654193878173828,0.7891174247187953,1.0,0.8654193878173828,31,old_L_factored,2.0,old,none
sphere_6D,0.05,1.1,matern52,medium,0.05,4,"[0.7303948402404785, 0.5949030518531799, 0.23151099681854248, 0.635254442691803, 0.5714796185493469, 0.7806733250617981]",0,False,0.824343204498291,0.7043532575330427,1.0,0.824343204498291,31,old_L_factored,2.0,old,none
sphere_6D,0.05,1.1,matern52,medium,0.05,5,"[0.27795594930648804, 0.1505756378173828, 0.6108596324920654, 0.5321757793426514, 0.4250414967536926, 0.3187493085861206]",0,False,0.8419631719589233,0.743825247210841,1.0,0.8419631719589233,31,old_L_factored,2.0,old,none
sphere_6D,0.05,1.1,matern52,medium,0.05,6,"[0.7480074167251587, 0.5601091384887695, 0.16737735271453857, 0.3333297371864319, 0.4647522568702698, 0.6332442164421082]",0,False,0.8797727823257446,0.7445303913085691,1.0,0.8797727823257446,31,old_L_factored,2.0,old,none
sphere_6D,0.05,1.1,matern52,medium,0.05,7,"[0.5349225401878357, 0.19880318641662598, 0.6592116951942444, 0.6568902730941772, 0.23276156187057495, 0.4250614047050476]",0,False,0.8843683004379272,0.7093634855362677,1.0,0.8843683004379272,31,old_L_factored,2.0,old,none
sphere_6D,0.05,1.1,matern52,medium,0.05,8,"[0.548501193523407, 0.7147504687309265, 0.27130573987960815, 0.43196171522140503, 0.3814800977706909, 0.6342294216156006]",0,False,0.8988223671913147,0.8220142318356422,1.0,0.8988223671913147,31,old_L_factored,2.0,old,none
sphere_6D,0.05,1.1,matern52,medium,0.05,9,"[0.5139003992080688, 0.48499971628189087, 0.5192713737487793, 0.3467782139778137, 0.44765251874923706, 0.6315556168556213]",0,False,0.9016333818435669,0.8742615099876158,1.0,0.9016333818435669,31,old_L_factored,2.0,old,none
sphere_6D,0.05,1.1,matern52,medium,0.05,10,"[0.4580846428871155, 0.4828565716743469, 0.3124983310699463, 0.6150216460227966, 0.21394729614257812, 0.4118261933326721]",0,False,0.8524909615516663,0.7981977212813592,1.0,0.8524909615516663,31,old_L_factored,2.0,old,none
sphere_6D,0.05,1.1,matern52,medium,0.05,11,"[0.18508487939834595, 0.49200600385665894, 0.7170894145965576, 0.45783931016921997, 0.3566368818283081, 0.4831089377403259]",0,False,0.8340307474136353,0.7589376338066594,1.0,0.8340307474136353,31,old_L_factored,2.0,old,none
sphere_6D,0.05,1.1,matern52,medium,0.05,12,"[0.46568745374679565, 0.23276680707931519, 0.4527209997177124, 0.5871122479438782, 0.40864473581314087, 0.1271744966506958]",0,False,0.8126183748245239,0.6990158346391493,1.0,0.8126183748245239,31,old_L_factored,2.0,old,none
sphere_6D,0.05,1.1,matern52,medium,0.05,13,"[0.7546701431274414, 0.5608770847320557, 0.335679829120636, 0.5604491829872131, 0.7824788689613342, 0.47101891040802]",0,False,0.808128833770752,0.7437389742943549,1.0,0.808128833770752,31,old_L_factored,2.0,old,none
sphere_6D,0.05,1.1,matern52,medium,0.05,14,"[0.7328762412071228, 0.599420964717865, 0.5534270405769348, 0.499014675617218, 0.6573499441146851, 0.7229047417640686]",0,False,0.8158819675445557,0.766009509563446,1.0,0.8158819675445557,31,old_L_factored,2.0,old,none
sphere_6D,0.05,1.1,matern52,medium,0.05,15,"[0.5646149516105652, 0.5026363730430603, 0.2205626368522644, 0.6800587773323059, 0.3879770040512085, 0.3152417540550232]",0,False,0.8154122233390808,0.7526261825715342,1.0,0.8154122233390808,31,old_L_factored,2.0,old,none
sphere_6D,0.05,1.1,matern52,medium,0.05,16,"[0.48045456409454346, 0.6446316242218018, 0.6958423256874084, 0.3662593364715576, 0.2343837022781372, 0.49784475564956665]",0,False,0.741986870765686,0.7599221448744496,1.0,0.741986870765686,31,old_L_factored,2.0,old,none
sphere_6D,0.05,1.1,matern52,medium,0.05,17,"[0.48892444372177124, 0.40653616189956665, 0.5629172325134277, 0.8020630478858948, 0.3656269907951355, 0.8449867963790894]",0,False,0.8160791993141174,0.7015609164391795,1.0,0.8160791993141174,31,old_L_factored,2.0,old,none
sphere_6D,0.05,1.1,matern52,medium,0.05,18,"[0.6233026385307312, 0.7810261249542236, 0.5521048903465271, 0.5273920893669128, 0.5611618161201477, 0.6281989216804504]",0,False,0.8355662226676941,0.838393505542509,1.0,0.8355662226676941,31,old_L_factored,2.0,old,none
sphere_6D,0.05,1.1,matern52,medium,0.05,19,"[0.4286051392555237, 0.4418613314628601, 0.600269615650177, 0.43264156579971313, 0.5854141116142273, 0.9162270426750183]",0,False,0.8216350078582764,0.7356046457444468,1.0,0.8216350078582764,31,old_L_factored,2.0,old,none
sphere_6D,0.05,1.1,matern52,medium,0.05,0,"[0.6510535478591919, 0.7744860053062439, 0.4368913173675537, 0.5190907716751099, 0.6158523559570312, 0.8101882934570312]",0,False,0.8502414226531982,0.8163267181765649,1.0,0.8502414226531982,31,new_L_factored,1.0,new,none
sphere_6D,0.05,1.1,matern52,medium,0.05,1,"[0.7543719410896301, 0.5695084929466248, 0.4387779235839844, 0.6386804580688477, 0.524665892124176, 0.6826140880584717]",0,False,0.8538317084312439,0.8074072445592573,1.0,0.8538317084312439,31,new_L_factored,1.0,new,none
sphere_6D,0.05,1.1,matern52,medium,0.05,2,"[0.6146950721740723, 0.38101285696029663, 0.6371143460273743, 0.47446107864379883, 0.7135938405990601, 0.6190363764762878]",0,False,0.8257003426551819,0.8294447006717804,1.0,0.8257003426551819,31,new_L_factored,1.0,new,none
sphere_6D,0.05,1.1,matern52,medium,0.05,3,"[0.3832530379295349, 0.25122910737991333, 0.5850470662117004, 0.708093523979187, 0.5529508590698242, 0.32506924867630005]",0,False,0.8020284175872803,0.7931995026526912,1.0,0.8020284175872803,31,new_L_factored,1.0,new,none
sphere_6D,0.05,1.1,matern52,medium,0.05,4,"[0.7303948402404785, 0.5949030518531799, 0.23151099681854248, 0.635254442691803, 0.5714796185493469, 0.7806733250617981]",0,False,0.9292048215866089,0.8122982748093144,1.0,0.9292048215866089,31,new_L_factored,1.0,new,none
sphere_6D,0.05,1.1,matern52,medium,0.05,5,"[0.27795594930648804, 0.1505756378173828, 0.6108596324920654, 0.5321757793426514, 0.4250414967536926, 0.3187493085861206]",0,False,0.8080397844314575,0.7187413784765428,1.0,0.8080397844314575,31,new_L_factored,1.0,new,none
sphere_6D,0.05,1.1,matern52,medium,0.05,6,"[0.7480074167251587, 0.5601091384887695, 0.16737735271453857, 0.3333297371864319, 0.4647522568702698, 0.6332442164421082]",0,False,0.8600496053695679,0.7998956653379625,1.0,0.8600496053695679,31,new_L_factored,1.0,new,none
sphere_6D,0.05,1.1,matern52,medium,0.05,7,"[0.5349225401878357, 0.19880318641662598, 0.6592116951942444, 0.6568902730941772, 0.23276156187057495, 0.4250614047050476]",0,False,0.8258347511291504,0.7587914313039472,1.0,0.8258347511291504,31,new_L_factored,1.0,new,none
sphere_6D,0.05,1.1,matern52,medium,0.05,8,"[0.548501193523407, 0.7147504687309265, 0.27130573987960815, 0.43196171522140503, 0.3814800977706909, 0.6342294216156006]",0,False,0.833595871925354,0.7800438173355595,1.0,0.833595871925354,31,new_L_factored,1.0,new,none
sphere_6D,0.05,1.1,matern52,medium,0.05,9,"[0.5139003992080688, 0.48499971628189087, 0.5192713737487793, 0.3467782139778137, 0.44765251874923706, 0.6315556168556213]",0,False,0.8631027936935425,0.8606089853471325,1.0,0.8631027936935425,31,new_L_factored,1.0,new,none
sphere_6D,0.05,1.1,matern52,medium,0.05,10,"[0.4580846428871155, 0.4828565716743469, 0.3124983310699463, 0.6150216460227966, 0.21394729614257812, 0.4118261933326721]",0,False,0.7761396765708923,0.7969755818766933,1.0,0.7761396765708923,31,new_L_factored,1.0,new,none
sphere_6D,0.05,1.1,matern52,medium,0.05,11,"[0.18508487939834595, 0.49200600385665894, 0.7170894145965576, 0.45783931016921997, 0.3566368818283081, 0.4831089377403259]",0,False,0.8473103046417236,0.8021920457963021,1.0,0.8473103046417236,31,new_L_factored,1.0,new,none
sphere_6D,0.05,1.1,matern52,medium,0.05,12,"[0.46568745374679565, 0.23276680707931519, 0.4527209997177124, 0.5871122479438782, 0.40864473581314087, 0.1271744966506958]",0,False,0.7568966746330261,0.7777812230971551,1.0,0.7568966746330261,31,new_L_factored,1.0,new,none
sphere_6D,0.05,1.1,matern52,medium,0.05,13,"[0.7546701431274414, 0.5608770847320557, 0.335679829120636, 0.5604491829872131, 0.7824788689613342, 0.47101891040802]",0,False,0.874384880065918,0.7640813069958841,1.0,0.874384880065918,31,new_L_factored,1.0,new,none
sphere_6D,0.05,1.1,matern52,medium,0.05,14,"[0.7328762412071228, 0.599420964717865, 0.5534270405769348, 0.499014675617218, 0.6573499441146851, 0.7229047417640686]",0,False,0.8088377118110657,0.7822791857104148,1.0,0.8088377118110657,31,new_L_factored,1.0,new,none
sphere_6D,0.05,1.1,matern52,medium,0.05,15,"[0.5646149516105652, 0.5026363730430603, 0.2205626368522644, 0.6800587773323059, 0.3879770040512085, 0.3152417540550232]",0,False,0.8145861029624939,0.7809568951206822,1.0,0.8145861029624939,31,new_L_factored,1.0,new,none
sphere_6D,0.05,1.1,matern52,medium,0.05,16,"[0.48045456409454346, 0.6446316242218018, 0.6958423256874084, 0.3662593364715576, 0.2343837022781372, 0.49784475564956665]",0,False,0.8614294528961182,0.8576182953773006,1.0,0.8614294528961182,31,new_L_factored,1.0,new,none
sphere_6D,0.05,1.1,matern52,medium,0.05,17,"[0.48892444372177124, 0.40653616189956665, 0.5629172325134277, 0.8020630478858948, 0.3656269907951355, 0.8449867963790894]",0,False,0.8002266883850098,0.7383922684577203,1.0,0.8002266883850098,31,new_L_factored,1.0,new,none
sphere_6D,0.05,1.1,matern52,medium,0.05,18,"[0.6233026385307312, 0.7810261249542236, 0.5521048903465271, 0.5273920893669128, 0.5611618161201477, 0.6281989216804504]",0,False,0.8491658568382263,0.8210229777520702,1.0,0.8491658568382263,31,new_L_factored,1.0,new,none
sphere_6D,0.05,1.1,matern52,medium,0.05,19,"[0.4286051392555237, 0.4418613314628601, 0.600269615650177, 0.43264156579971313, 0.5854141116142273, 0.9162270426750183]",0,False,0.7943154573440552,0.7045929681870245,1.0,0.7943154573440552,31,new_L_factored,1.0,new,none
sphere_6D,0.0,1.0,matern52,medium,0.05,0,"[0.6510535478591919, 0.7744860053062439, 0.4368913173675537, 0.5190907716751099, 0.6158523559570312, 0.8101882934570312]",0,False,0.8307895064353943,0.7304448370010622,1.0,0.8307895064353943,31,old_L_raw,2.0,old,none
sphere_6D,0.0,1.0,matern52,medium,0.05,1,"[0.7543719410896301, 0.5695084929466248, 0.4387779235839844, 0.6386804580688477, 0.524665892124176, 0.6826140880584717]",0,False,0.8605546951293945,0.7724675786110663,1.0,0.8605546951293945,31,old_L_raw,2.0,old,none
sphere_6D,0.0,1.0,matern52,medium,0.05,2,"[0.6146950721740723, 0.38101285696029663, 0.6371143460273743, 0.47446107864379883, 0.7135938405990601, 0.6190363764762878]",0,False,0.8954339623451233,0.8502386193121633,1.0,0.8954339623451233,31,old_L_raw,2.0,old,none
sphere_6D,0.0,1.0,matern52,medium,0.05,3,"[0.3832530379295349, 0.25122910737991333, 0.5850470662117004, 0.708093523979187, 0.5529508590698242, 0.32506924867630005]",0,False,0.9080995321273804,0.821731686592102,1.0,0.9080995321273804,31,old_L_raw,2.0,old,none
sphere_6D,0.0,1.0,matern52,medium,0.05,4,"[0.7303948402404785, 0.5949030518531799, 0.23151099681854248, 0.635254442691803, 0.5714796185493469, 0.7806733250617981]",0,False,0.82813960313797,0.6963293994626691,1.0,0.82813960313797,31,old_L_raw,2.0,old,none
sphere_6D,0.0,1.0,matern52,medium,0.05,5,"[0.27795594930648804, 0.1505756378173828, 0.6108596324920654, 0.5321757793426514, 0.4250414967536926, 0.3187493085861206]",0,False,0.7913081645965576,0.7053732391326658,1.0,0.7913081645965576,31,old_L_raw,2.0,old,none
sphere_6D,0.0,1.0,matern52,medium,0.05,6,"[0.7480074167251587, 0.5601091384887695, 0.16737735271453857, 0.3333297371864319, 0.4647522568702698, 0.6332442164421082]",0,False,0.7915023565292358,0.6749610804742382,1.0,0.7915023565292358,31,old_L_raw,2.0,old,none
sphere_6D,0.0,1.0,matern52,medium,0.05,7,"[0.5349225401878357, 0.19880318641662598, 0.6592116951942444, 0.6568902730941772, 0.23276156187057495, 0.4250614047050476]",0,False,0.8116427063941956,0.7267179373771914,1.0,0.8116427063941956,31,old_L_raw,2.0,old,none
sphere_6D,0.0,1.0,matern52,medium,0.05,8,"[0.548501193523407, 0.7147504687309265, 0.27130573987960815, 0.43196171522140503, 0.3814800977706909, 0.6342294216156006]",0,False,0.8886461853981018,0.8067948875888702,1.0,0.8886461853981018,31,old_L_raw,2.0,old,none
sphere_6D,0.0,1.0,matern52,medium,0.05,9,"[0.5139003992080688, 0.48499971628189087, 0.5192713737487793, 0.3467782139778137, 0.44765251874923706, 0.6315556168556213]",0,False,0.8780304789543152,0.8679524986974655,1.0,0.8780304789543152,31,old_L_raw,2.0,old,none
sphere_6D,0.0,1.0,matern52,medium,0.05,10,"[0.4580846428871155, 0.4828565716743469, 0.3124983310699463, 0.6150216460227966, 0.21394729614257812, 0.4118261933326721]",0,False,0.857345461845398,0.7991621244338251,1.0,0.857345461845398,31,old_L_raw,2.0,old,none
sphere_6D,0.0,1.0,matern52,medium,0.05,11,"[0.18508487939834595, 0.49200600385665894, 0.7170894145965576, 0.45783931016921997, 0.3566368818283081, 0.4831089377403259]",0,False,0.8012710809707642,0.7296713667531167,1.0,0.8012710809707642,31,old_L_raw,2.0,old,none
sphere_6D,0.0,1.0,matern52,medium,0.05,12,"[0.46568745374679565, 0.23276680707931519, 0.4527209997177124, 0.5871122479438782, 0.40864473581314087, 0.1271744966506958]",0,False,0.7489884495735168,0.7097766591656592,1.0,0.7489884495735168,31,old_L_raw,2.0,old,none
sphere_6D,0.0,1.0,matern52,medium,0.05,13,"[0.7546701431274414, 0.5608770847320557, 0.335679829120636, 0.5604491829872131, 0.7824788689613342, 0.47101891040802]",0,False,0.7183736562728882,0.7003488713695157,1.0,0.7183736562728882,31,old_L_raw,2.0,old,none
sphere_6D,0.0,1.0,matern52,medium,0.05,14,"[0.7328762412071228, 0.599420964717865, 0.5534270405769348, 0.499014675617218, 0.6573499441146851, 0.7229047417640686]",0,False,0.8676906824111938,0.7503367277883715,1.0,0.8676906824111938,31,old_L_raw,2.0,old,none
sphere_6D,0.0,1.0,matern52,medium,0.05,15,"[0.5646149516105652, 0.5026363730430603, 0.2205626368522644, 0.6800587773323059, 0.3879770040512085, 0.3152417540550232]",0,False,0.874189019203186,0.7843007887563398,1.0,0.874189019203186,31,old_L_raw,2.0,old,none
sphere_6D,0.0,1.0,matern52,medium,0.05,16,"[0.48045456409454346, 0.6446316242218018, 0.6958423256874084, 0.3662593364715576, 0.2343837022781372, 0.49784475564956665]",0,False,0.8183029890060425,0.8057366609573364,1.0,0.8183029890060425,31,old_L_raw,2.0,old,none
sphere_6D,0.0,1.0,matern52,medium,0.05,17,"[0.48892444372177124, 0.40653616189956665, 0.5629172325134277, 0.8020630478858948, 0.3656269907951355, 0.8449867963790894]",0,False,0.7563929557800293,0.6985417162218401,1.0,0.7563929557800293,31,old_L_raw,2.0,old,none
sphere_6D,0.0,1.0,matern52,medium,0.05,18,"[0.6233026385307312, 0.7810261249542236, 0.5521048903465271, 0.5273920893669128, 0.5611618161201477, 0.6281989216804504]",0,False,0.7643556594848633,0.7534068726724193,1.0,0.7643556594848633,31,old_L_raw,2.0,old,none
sphere_6D,0.0,1.0,matern52,medium,0.05,19,"[0.4286051392555237, 0.4418613314628601, 0.600269615650177, 0.43264156579971313, 0.5854141116142273, 0.9162270426750183]",0,False,0.7795618176460266,0.746804823798518,1.0,0.7795618176460266,31,old_L_raw,2.0,old,none
sphere_6D,0.0,1.0,matern52,medium,0.05,0,"[0.6510535478591919, 0.7744860053062439, 0.4368913173675537, 0.5190907716751099, 0.6158523559570312, 0.8101882934570312]",0,False,0.8540252447128296,0.7780447967590824,1.0,0.8540252447128296,31,new_L_raw,1.0,new,none
sphere_6D,0.0,1.0,matern52,medium,0.05,1,"[0.7543719410896301, 0.5695084929466248, 0.4387779235839844, 0.6386804580688477, 0.524665892124176, 0.6826140880584717]",0,False,0.8495738506317139,0.7757510850506444,1.0,0.8495738506317139,31,new_L_raw,1.0,new,none
sphere_6D,0.0,1.0,matern52,medium,0.05,2,"[0.6146950721740723, 0.38101285696029663, 0.6371143460273743, 0.47446107864379883, 0.7135938405990601, 0.6190363764762878]",0,False,0.8143070936203003,0.8122502296201645,1.0,0.8143070936203003,31,new_L_raw,1.0,new,none
sphere_6D,0.0,1.0,matern52,medium,0.05,3,"[0.3832530379295349, 0.25122910737991333, 0.5850470662117004, 0.708093523979187, 0.5529508590698242, 0.32506924867630005]",0,False,0.7582207918167114,0.7805230463704755,1.0,0.7582207918167114,31,new_L_raw,1.0,new,none
sphere_6D,0.0,1.0,matern52,medium,0.05,4,"[0.7303948402404785, 0.5949030518531799, 0.23151099681854248, 0.635254442691803, 0.5714796185493469, 0.7806733250617981]",0,False,0.8295974731445312,0.7698278523260548,1.0,0.8295974731445312,31,new_L_raw,1.0,new,none
sphere_6D,0.0,1.0,matern52,medium,0.05,5,"[0.27795594930648804, 0.1505756378173828, 0.6108596324920654, 0.5321757793426514, 0.4250414967536926, 0.3187493085861206]",0,False,0.87172532081604,0.8079186351068558,1.0,0.87172532081604,31,new_L_raw,1.0,new,none
sphere_6D,0.0,1.0,matern52,medium,0.05,6,"[0.7480074167251587, 0.5601091384887695, 0.16737735271453857, 0.3333297371864319, 0.4647522568702698, 0.6332442164421082]",0,False,0.8570840358734131,0.749989184641069,1.0,0.8570840358734131,31,new_L_raw,1.0,new,none
sphere_6D,0.0,1.0,matern52,medium,0.05,7,"[0.5349225401878357, 0.19880318641662598, 0.6592116951942444, 0.6568902730941772, 0.23276156187057495, 0.4250614047050476]",0,False,0.8398798108100891,0.7830733560746715,1.0,0.8398798108100891,31,new_L_raw,1.0,new,none
sphere_6D,0.0,1.0,matern52,medium,0.05,8,"[0.548501193523407, 0.7147504687309265, 0.27130573987960815, 0.43196171522140503, 0.3814800977706909, 0.6342294216156006]",0,False,0.8787024021148682,0.7999498574964462,1.0,0.8787024021148682,31,new_L_raw,1.0,new,none
sphere_6D,0.0,1.0,matern52,medium,0.05,9,"[0.5139003992080688, 0.48499971628189087, 0.5192713737487793, 0.3467782139778137, 0.44765251874923706, 0.6315556168556213]",0,False,0.8865604400634766,0.8495972521843449,1.0,0.8865604400634766,31,new_L_raw,1.0,new,none
sphere_6D,0.0,1.0,matern52,medium,0.05,10,"[0.4580846428871155, 0.4828565716743469, 0.3124983310699463, 0.6150216460227966, 0.21394729614257812, 0.4118261933326721]",0,False,0.7540706992149353,0.7831527090841724,1.0,0.7540706992149353,31,new_L_raw,1.0,new,none
sphere_6D,0.0,1.0,matern52,medium,0.05,11,"[0.18508487939834595, 0.49200600385665894, 0.7170894145965576, 0.45783931016921997, 0.3566368818283081, 0.4831089377403259]",0,False,0.8317674398422241,0.7564296568593671,1.0,0.8317674398422241,31,new_L_raw,1.0,new,none
sphere_6D,0.0,1.0,matern52,medium,0.05,12,"[0.46568745374679565, 0.23276680707931519, 0.4527209997177124, 0.5871122479438782, 0.40864473581314087, 0.1271744966506958]",0,False,0.8089312314987183,0.7969309687614441,1.0,0.8089312314987183,31,new_L_raw,1.0,new,none
sphere_6D,0.0,1.0,matern52,medium,0.05,13,"[0.7546701431274414, 0.5608770847320557, 0.335679829120636, 0.5604491829872131, 0.7824788689613342, 0.47101891040802]",0,False,0.7774654626846313,0.7767189587316206,1.0,0.7774654626846313,31,new_L_raw,1.0,new,none
sphere_6D,0.0,1.0,matern52,medium,0.05,14,"[0.7328762412071228, 0.599420964717865, 0.5534270405769348, 0.499014675617218, 0.6573499441146851, 0.7229047417640686]",0,False,0.8052743077278137,0.8040843509858654,1.0,0.8052743077278137,31,new_L_raw,1.0,new,none
sphere_6D,0.0,1.0,matern52,medium,0.05,15,"[0.5646149516105652, 0.5026363730430603, 0.2205626368522644, 0.6800587773323059, 0.3879770040512085, 0.3152417540550232]",0,False,0.7515532970428467,0.7718533969694569,1.0,0.7515532970428467,31,new_L_raw,1.0,new,none
sphere_6D,0.0,1.0,matern52,medium,0.05,16,"[0.48045456409454346, 0.6446316242218018, 0.6958423256874084, 0.3662593364715576, 0.2343837022781372, 0.49784475564956665]",0,False,0.8901767730712891,0.8543877274759354,1.0,0.8901767730712891,31,new_L_raw,1.0,new,none
sphere_6D,0.0,1.0,matern52,medium,0.05,17,"[0.48892444372177124, 0.40653616189956665, 0.5629172325134277, 0.8020630478858948, 0.3656269907951355, 0.8449867963790894]",0,False,0.7860791683197021,0.7385240043363264,1.0,0.7860791683197021,31,new_L_raw,1.0,new,none
sphere_6D,0.0,1.0,matern52,medium,0.05,18,"[0.6233026385307312, 0.7810261249542236, 0.5521048903465271, 0.5273920893669128, 0.5611618161201477, 0.6281989216804504]",0,False,0.8290266394615173,0.7648824722536148,1.0,0.8290266394615173,31,new_L_raw,1.0,new,none
sphere_6D,0.0,1.0,matern52,medium,0.05,19,"[0.4286051392555237, 0.4418613314628601, 0.600269615650177, 0.43264156579971313, 0.5854141116142273, 0.9162270426750183]",0,False,0.8465957045555115,0.7728143353616038,1.0,0.8465957045555115,31,new_L_raw,1.0,new,none
hartmann_6D,0.05,1.1,matern52,medium,0.05,0,"[0.3748350739479065, 0.2564433217048645, 0.32508331537246704, 0.09018915891647339, 0.3936424255371094, 0.6068782210350037]",0,False,0.6605936884880066,0.5949128827741069,1.0,0.6605936884880066,31,old_L_factored,10.0,old,none
hartmann_6D,0.05,1.1,matern52,medium,0.05,1,"[0.40504658222198486, 0.31567978858947754, 0.7086622714996338, 0.3296985626220703, 0.21910971403121948, 0.6134302020072937]",0,False,0.6836780905723572,0.6314467345514605,1.0,0.6836780905723572,31,old_L_factored,10.0,old,none
hartmann_6D,0.05,1.1,matern52,medium,0.05,2,"[0.34301912784576416, 0.1319928765296936, 0.08796918392181396, 0.31011098623275757, 0.33496421575546265, 0.7390350699424744]",0,False,0.782107949256897,0.7661515858865553,1.0,0.782107949256897,31,old_L_factored,10.0,old,none
hartmann_6D,0.05,1.1,matern52,medium,0.05,3,"[0.4467293620109558, 0.8543365001678467, 0.5019440650939941, 0.6808249354362488, 0.1251136064529419, 0.04168599843978882]",0,False,0.8735933303833008,0.8605745857761752,1.0,0.8735933303833008,31,old_L_factored,10.0,old,none
hartmann_6D,0.05,1.1,matern52,medium,0.05,4,"[0.29264676570892334, 0.11343854665756226, 0.5952439308166504, 0.10994309186935425, 0.2860291004180908, 0.7513458728790283]",0,False,0.7734764218330383,0.7238543033599854,1.0,0.7734764218330383,31,old_L_factored,10.0,old,none
hartmann_6D,0.05,1.1,matern52,medium,0.05,5,"[0.5823620557785034, 0.7910248041152954, 0.10905414819717407, 0.5840199589729309, 0.05671459436416626, 0.008223891258239746]",0,False,0.7420640587806702,0.6555398029665793,1.0,0.7420640587806702,31,old_L_factored,10.0,old,none
hartmann_6D,0.05,1.1,matern52,medium,0.05,6,"[0.23760759830474854, 0.17007440328598022, 0.0859944224357605, 0.3321869373321533, 0.3921067714691162, 0.7397732138633728]",0,False,0.7785661220550537,0.7381385391758334,1.0,0.7785661220550537,31,old_L_factored,10.0,old,none
hartmann_6D,0.05,1.1,matern52,medium,0.05,7,"[0.10808825492858887, 0.33048033714294434, 0.5195767879486084, 0.21469539403915405, 0.28163284063339233, 0.6679388284683228]",0,False,0.8984699845314026,0.8737827270261703,1.0,0.8984699845314026,31,old_L_factored,10.0,old,none
hartmann_6D,0.05,1.1,matern52,medium,0.05,8,"[0.28426414728164673, 0.7969952821731567, 0.17216336727142334, 0.5267587900161743, 0.5262462496757507, 0.12334030866622925]",0,False,0.8227365016937256,0.7335256530392554,1.0,0.8227365016937256,31,old_L_factored,10.0,old,none
hartmann_6D,0.05,1.1,matern52,medium,0.05,9,"[0.47892439365386963, 0.8013331294059753, 0.7103962898254395, 0.4698200821876526, 0.019040465354919434, 0.1861555576324463]",0,False,0.8282954096794128,0.7019504174109428,1.0,0.8282954096794128,31,old_L_factored,10.0,old,none
hartmann_6D,0.05,1.1,matern52,medium,0.05,10,"[0.10331237316131592, 0.21129882335662842, 0.7334774136543274, 0.12142741680145264, 0.37285351753234863, 0.6707851886749268]",0,False,0.784512460231781,0.6919249565370621,1.0,0.784512460231781,31,old_L_factored,10.0,old,none
hartmann_6D,0.05,1.1,matern52,medium,0.05,11,"[0.3886967897415161, 0.6776776313781738, 0.14697378873825073, 0.6032848358154297, 0.36493420600891113, 0.09923088550567627]",0,False,0.7605268359184265,0.7071804231212985,1.0,0.7605268359184265,31,old_L_factored,10.0,old,none
hartmann_6D,0.05,1.1,matern52,medium,0.05,12,"[0.2802622318267822, 0.24759989976882935, 0.4737669825553894, 0.1305726170539856, 0.20236843824386597, 0.6386823058128357]",0,False,0.7940326929092407,0.7435934139836219,1.0,0.7940326929092407,31,old_L_factored,10.0,old,none
hartmann_6D,0.05,1.1,matern52,medium,0.05,13,"[0.43584829568862915, 0.6243765354156494, 0.6860184073448181, 0.5247408151626587, 0.3358990550041199, 0.12501531839370728]",0,False,0.6964437365531921,0.6122069647235255,1.0,0.6964437365531921,31,old_L_factored,10.0,old,none
hartmann_6D,0.05,1.1,matern52,medium,0.05,14,"[0.39613771438598633, 0.1815456748008728, 0.7578650712966919, 0.40793102979660034, 0.36242783069610596, 0.6735631227493286]",0,False,0.6785956025123596,0.6381775890627215,1.0,0.6785956025123596,31,old_L_factored,10.0,old,none
hartmann_6D,0.05,1.1,matern52,medium,0.05,15,"[0.4895423650741577, 0.42789173126220703, 0.39734703302383423, 0.27207475900650024, 0.2587580680847168, 0.5531591176986694]",0,False,0.633427083492279,0.5832914594681032,1.0,0.633427083492279,31,old_L_factored,10.0,old,none
hartmann_6D,0.05,1.1,matern52,medium,0.05,16,"[0.43470895290374756, 0.8528021574020386, 0.6216599345207214, 0.5016374588012695, 0.5250723361968994, 0.07430762052536011]",0,False,0.9269574880599976,0.9069559900991379,1.0,0.9269574880599976,31,old_L_factored,10.0,old,none
hartmann_6D,0.05,1.1,matern52,medium,0.05,17,"[0.4206845760345459, 0.9118525385856628, 0.8467159271240234, 0.6632838845252991, 0.7146787047386169, 0.00847715139389038]",0,False,0.8820168972015381,0.8721712616182142,1.0,0.8820168972015381,31,old_L_factored,10.0,old,none
hartmann_6D,0.05,1.1,matern52,medium,0.05,18,"[0.212471604347229, 0.37321436405181885, 0.22990000247955322, 0.31948548555374146, 0.39627164602279663, 0.7116429209709167]",0,False,0.7397876977920532,0.6969307661056519,1.0,0.7397876977920532,31,old_L_factored,10.0,old,none
hartmann_6D,0.05,1.1,matern52,medium,0.05,19,"[0.2791537642478943, 0.03314399719238281, 0.27768319845199585, 0.30680906772613525, 0.1407904028892517, 0.5933595895767212]",0,False,0.7896603941917419,0.6751692660393254,1.0,0.7896603941917419,31,old_L_factored,10.0,old,none
hartmann_6D,0.05,1.1,matern52,medium,0.05,0,"[0.3748350739479065, 0.2564433217048645, 0.32508331537246704, 0.09018915891647339, 0.3936424255371094, 0.6068782210350037]",0,False,0.6996963024139404,0.6075018029059133,1.0,0.6996963024139404,31,new_L_factored,8.94177025318627,new,none
hartmann_6D,0.05,1.1,matern52,medium,0.05,1,"[0.40504658222198486, 0.31567978858947754, 0.7086622714996338, 0.3296985626220703, 0.21910971403121948, 0.6134302020072937]",0,False,0.6873862743377686,0.6359716673051158,1.0,0.6873862743377686,31,new_L_factored,8.94177025318627,new,none
hartmann_6D,0.05,1.1,matern52,medium,0.05,2,"[0.34301912784576416, 0.1319928765296936, 0.08796918392181396, 0.31011098623275757, 0.33496421575546265, 0.7390350699424744]",0,False,0.7809014320373535,0.7692757537288051,1.0,0.7809014320373535,31,new_L_factored,8.94177025318627,new,none
hartmann_6D,0.05,1.1,matern52,medium,0.05,3,"[0.4467293620109558, 0.8543365001678467, 0.5019440650939941, 0.6808249354362488, 0.1251136064529419, 0.04168599843978882]",0,False,0.9205803871154785,0.8740303016478016,1.0,0.9205803871154785,31,new_L_factored,8.94177025318627,new,none
hartmann_6D,0.05,1.1,matern52,medium,0.05,4,"[0.29264676570892334, 0.11343854665756226, 0.5952439308166504, 0.10994309186935425, 0.2860291004180908, 0.7513458728790283]",0,False,0.782921552658081,0.7376462586464421,1.0,0.782921552658081,31,new_L_factored,8.94177025318627,new,none
hartmann_6D,0.05,1.1,matern52,medium,0.05,5,"[0.5823620557785034, 0.7910248041152954, 0.10905414819717407, 0.5840199589729309, 0.05671459436416626, 0.008223891258239746]",0,False,0.7031100988388062,0.6333342502194066,1.0,0.7031100988388062,31,new_L_factored,8.94177025318627,new,none
hartmann_6D,0.05,1.1,matern52,medium,0.05,6,"[0.23760759830474854, 0.17007440328598022, 0.0859944224357605, 0.3321869373321533, 0.3921067714691162, 0.7397732138633728]",0,False,0.7682098746299744,0.7341672028264692,1.0,0.7682098746299744,31,new_L_factored,8.94177025318627,new,none
hartmann_6D,0.05,1.1,matern52,medium,0.05,7,"[0.10808825492858887, 0.33048033714294434, 0.5195767879486084, 0.21469539403915405, 0.28163284063339233, 0.6679388284683228]",0,False,0.8942162990570068,0.8779520623145565,1.0,0.8942162990570068,31,new_L_factored,8.94177025318627,new,none
hartmann_6D,0.05,1.1,matern52,medium,0.05,8,"[0.28426414728164673, 0.7969952821731567, 0.17216336727142334, 0.5267587900161743, 0.5262462496757507, 0.12334030866622925]",0,False,0.8328107595443726,0.7671378889391499,1.0,0.8328107595443726,31,new_L_factored,8.94177025318627,new,none
hartmann_6D,0.05,1.1,matern52,medium,0.05,9,"[0.47892439365386963, 0.8013331294059753, 0.7103962898254395, 0.4698200821876526, 0.019040465354919434, 0.1861555576324463]",0,False,0.7443397641181946,0.6537472605705261,1.0,0.7443397641181946,31,new_L_factored,8.94177025318627,new,none
hartmann_6D,0.05,1.1,matern52,medium,0.05,10,"[0.10331237316131592, 0.21129882335662842, 0.7334774136543274, 0.12142741680145264, 0.37285351753234863, 0.6707851886749268]",0,False,0.7196184992790222,0.6546609863158195,1.0,0.7196184992790222,31,new_L_factored,8.94177025318627,new,none
hartmann_6D,0.05,1.1,matern52,medium,0.05,11,"[0.3886967897415161, 0.6776776313781738, 0.14697378873825073, 0.6032848358154297, 0.36493420600891113, 0.09923088550567627]",0,False,0.7975554466247559,0.7378856462817038,1.0,0.7975554466247559,31,new_L_factored,8.94177025318627,new,none
hartmann_6D,0.05,1.1,matern52,medium,0.05,12,"[0.2802622318267822, 0.24759989976882935, 0.4737669825553894, 0.1305726170539856, 0.20236843824386597, 0.6386823058128357]",0,False,0.7862333059310913,0.7471470852052012,1.0,0.7862333059310913,31,new_L_factored,8.94177025318627,new,none
hartmann_6D,0.05,1.1,matern52,medium,0.05,13,"[0.43584829568862915, 0.6243765354156494, 0.6860184073448181, 0.5247408151626587, 0.3358990550041199, 0.12501531839370728]",0,False,0.6742454171180725,0.5746143229546086,1.0,0.6742454171180725,31,new_L_factored,8.94177025318627,new,none
hartmann_6D,0.05,1.1,matern52,medium,0.05,14,"[0.39613771438598633, 0.1815456748008728, 0.7578650712966919, 0.40793102979660034, 0.36242783069610596, 0.6735631227493286]",0,False,0.687814474105835,0.6434068987446446,1.0,0.687814474105835,31,new_L_factored,8.94177025318627,new,none
hartmann_6D,0.05,1.1,matern52,medium,0.05,15,"[0.4895423650741577, 0.42789173126220703, 0.39734703302383423, 0.27207475900650024, 0.2587580680847168, 0.5531591176986694]",0,False,0.6488432884216309,0.5781268438985271,1.0,0.6488432884216309,31,new_L_factored,8.94177025318627,new,none
hartmann_6D,0.05,1.1,matern52,medium,0.05,16,"[0.43470895290374756, 0.8528021574020386, 0.6216599345207214, 0.5016374588012695, 0.5250723361968994, 0.07430762052536011]",0,False,0.9244458675384521,0.9074524756400816,1.0,0.9244458675384521,31,new_L_factored,8.94177025318627,new,none
hartmann_6D,0.05,1.1,matern52,medium,0.05,17,"[0.4206845760345459, 0.9118525385856628, 0.8467159271240234, 0.6632838845252991, 0.7146787047386169, 0.00847715139389038]",0,False,0.9157365560531616,0.875123546969506,1.0,0.9157365560531616,31,new_L_factored,8.94177025318627,new,none
hartmann_6D,0.05,1.1,matern52,medium,0.05,18,"[0.212471604347229, 0.37321436405181885, 0.22990000247955322, 0.31948548555374146, 0.39627164602279663, 0.7116429209709167]",0,False,0.7575422525405884,0.707454216095709,1.0,0.7575422525405884,31,new_L_factored,8.94177025318627,new,none
hartmann_6D,0.05,1.1,matern52,medium,0.05,19,"[0.2791537642478943, 0.03314399719238281, 0.27768319845199585, 0.30680906772613525, 0.1407904028892517, 0.5933595895767212]",0,False,0.7615129351615906,0.6682059630270927,1.0,0.7615129351615906,31,new_L_factored,8.94177025318627,new,none
hartmann_6D,0.0,1.0,matern52,medium,0.05,0,"[0.3748350739479065, 0.2564433217048645, 0.32508331537246704, 0.09018915891647339, 0.3936424255371094, 0.6068782210350037]",0,False,0.7407907843589783,0.6211665734168021,1.0,0.7407907843589783,31,old_L_raw,10.0,old,none
hartmann_6D,0.0,1.0,matern52,medium,0.05,1,"[0.40504658222198486, 0.31567978858947754, 0.7086622714996338, 0.3296985626220703, 0.21910971403121948, 0.6134302020072937]",0,False,0.7592388987541199,0.6778427458578541,1.0,0.7592388987541199,31,old_L_raw,10.0,old,none
hartmann_6D,0.0,1.0,matern52,medium,0.05,2,"[0.34301912784576416, 0.1319928765296936, 0.08796918392181396, 0.31011098623275757, 0.33496421575546265, 0.7390350699424744]",0,False,0.7963740825653076,0.7654622158696575,1.0,0.7963740825653076,31,old_L_raw,10.0,old,none
hartmann_6D,0.0,1.0,matern52,medium,0.05,3,"[0.4467293620109558, 0.8543365001678467, 0.5019440650939941, 0.6808249354362488, 0.1251136064529419, 0.04168599843978882]",0,False,0.880525529384613,0.865821615342171,1.0,0.880525529384613,31,old_L_raw,10.0,old,none
hartmann_6D,0.0,1.0,matern52,medium,0.05,4,"[0.29264676570892334, 0.11343854665756226, 0.5952439308166504, 0.10994309186935425, 0.2860291004180908, 0.7513458728790283]",0,False,0.883179247379303,0.7894884636325221,1.0,0.883179247379303,31,old_L_raw,10.0,old,none
hartmann_6D,0.0,1.0,matern52,medium,0.05,5,"[0.5823620557785034, 0.7910248041152954, 0.10905414819717407, 0.5840199589729309, 0.05671459436416626, 0.008223891258239746]",0,False,0.7907839417457581,0.6831633890828779,1.0,0.7907839417457581,31,old_L_raw,10.0,old,none
hartmann_6D,0.0,1.0,matern52,medium,0.05,6,"[0.23760759830474854, 0.17007440328598022, 0.0859944224357605, 0.3321869373321533, 0.3921067714691162, 0.7397732138633728]",0,False,0.77204829454422,0.7232388777117575,1.0,0.77204829454422,31,old_L_raw,10.0,old,none
hartmann_6D,0.0,1.0,matern52,medium,0.05,7,"[0.10808825492858887, 0.33048033714294434, 0.5195767879486084, 0.21469539403915405, 0.28163284063339233, 0.6679388284683228]",0,False,0.9172356128692627,0.8924088305042636,1.0,0.9172356128692627,31,old_L_raw,10.0,old,none
hartmann_6D,0.0,1.0,matern52,medium,0.05,8,"[0.28426414728164673, 0.7969952821731567, 0.17216336727142334, 0.5267587900161743, 0.5262462496757507, 0.12334030866622925]",0,False,0.821026086807251,0.7629053592681885,1.0,0.821026086807251,31,old_L_raw,10.0,old,none
hartmann_6D,0.0,1.0,matern52,medium,0.05,9,"[0.47892439365386963, 0.8013331294059753, 0.7103962898254395, 0.4698200821876526, 0.019040465354919434, 0.1861555576324463]",0,False,0.6982388496398926,0.65525476009615,1.0,0.6982388496398926,31,old_L_raw,10.0,old,none
hartmann_6D,0.0,1.0,matern52,medium,0.05,10,"[0.10331237316131592, 0.21129882335662842, 0.7334774136543274, 0.12142741680145264, 0.37285351753234863, 0.6707851886749268]",0,False,0.6917122602462769,0.6567405500719624,1.0,0.6917122602462769,31,old_L_raw,10.0,old,none
hartmann_6D,0.0,1.0,matern52,medium,0.05,11,"[0.3886967897415161, 0.6776776313781738, 0.14697378873825073, 0.6032848358154297, 0.36493420600891113, 0.09923088550567627]",0,False,0.823703408241272,0.7357194135265965,1.0,0.823703408241272,31,old_L_raw,10.0,old,none
hartmann_6D,0.0,1.0,matern52,medium,0.05,12,"[0.2802622318267822, 0.24759989976882935, 0.4737669825553894, 0.1305726170539856, 0.20236843824386597, 0.6386823058128357]",0,False,0.8009373545646667,0.7447240179584872,1.0,0.8009373545646667,31,old_L_raw,10.0,old,none
hartmann_6D,0.0,1.0,matern52,medium,0.05,13,"[0.43584829568862915, 0.6243765354156494, 0.6860184073448181, 0.5247408151626587, 0.3358990550041199, 0.12501531839370728]",0,False,0.6970272064208984,0.6165796037643186,1.0,0.6970272064208984,31,old_L_raw,10.0,old,none
hartmann_6D,0.0,1.0,matern52,medium,0.05,14,"[0.39613771438598633, 0.1815456748008728, 0.7578650712966919, 0.40793102979660034, 0.36242783069610596, 0.6735631227493286]",0,False,0.7281796336174011,0.6541775926466911,1.0,0.7281796336174011,31,old_L_raw,10.0,old,none
hartmann_6D,0.0,1.0,matern52,medium,0.05,15,"[0.4895423650741577, 0.42789173126220703, 0.39734703302383423, 0.27207475900650024, 0.2587580680847168, 0.5531591176986694]",0,False,0.6944102644920349,0.6206600608364228,1.0,0.6944102644920349,31,old_L_raw,10.0,old,none
hartmann_6D,0.0,1.0,matern52,medium,0.05,16,"[0.43470895290374756, 0.8528021574020386, 0.6216599345207214, 0.5016374588012695, 0.5250723361968994, 0.07430762052536011]",0,False,0.9336728453636169,0.9081687004335465,1.0,0.9336728453636169,31,old_L_raw,10.0,old,none
hartmann_6D,0.0,1.0,matern52,medium,0.05,17,"[0.4206845760345459, 0.9118525385856628, 0.8467159271240234, 0.6632838845252991, 0.7146787047386169, 0.00847715139389038]",0,False,0.9166651368141174,0.8862492557494871,1.0,0.9166651368141174,31,old_L_raw,10.0,old,none
hartmann_6D,0.0,1.0,matern52,medium,0.05,18,"[0.212471604347229, 0.37321436405181885, 0.22990000247955322, 0.31948548555374146, 0.39627164602279663, 0.7116429209709167]",0,False,0.7495881915092468,0.7056848733655868,1.0,0.7495881915092468,31,old_L_raw,10.0,old,none
hartmann_6D,0.0,1.0,matern52,medium,0.05,19,"[0.2791537642478943, 0.03314399719238281, 0.27768319845199585, 0.30680906772613525, 0.1407904028892517, 0.5933595895767212]",0,False,0.7453650236129761,0.6545077235467972,1.0,0.7453650236129761,31,old_L_raw,10.0,old,none
hartmann_6D,0.0,1.0,matern52,medium,0.05,0,"[0.3748350739479065, 0.2564433217048645, 0.32508331537246704, 0.09018915891647339, 0.3936424255371094, 0.6068782210350037]",0,False,0.7142545580863953,0.6097076227588039,1.0,0.7142545580863953,31,new_L_raw,8.94177025318627,new,none
hartmann_6D,0.0,1.0,matern52,medium,0.05,1,"[0.40504658222198486, 0.31567978858947754, 0.7086622714996338, 0.3296985626220703, 0.21910971403121948, 0.6134302020072937]",0,False,0.7253068685531616,0.6603766852809537,1.0,0.7253068685531616,31,new_L_raw,8.94177025318627,new,none
hartmann_6D,0.0,1.0,matern52,medium,0.05,2,"[0.34301912784576416, 0.1319928765296936, 0.08796918392181396, 0.31011098623275757, 0.33496421575546265, 0.7390350699424744]",0,False,0.7859442234039307,0.7691748065333213,1.0,0.7859442234039307,31,new_L_raw,8.94177025318627,new,none
hartmann_6D,0.0,1.0,matern52,medium,0.05,3,"[0.4467293620109558, 0.8543365001678467, 0.5019440650939941, 0.6808249354362488, 0.1251136064529419, 0.04168599843978882]",0,False,0.9100001454353333,0.8725298450839135,1.0,0.9100001454353333,31,new_L_raw,8.94177025318627,new,none
hartmann_6D,0.0,1.0,matern52,medium,0.05,4,"[0.29264676570892334, 0.11343854665756226, 0.5952439308166504, 0.10994309186935425, 0.2860291004180908, 0.7513458728790283]",0,False,0.8087643384933472,0.781094531859121,1.0,0.8087643384933472,31,new_L_raw,8.94177025318627,new,none
hartmann_6D,0.0,1.0,matern52,medium,0.05,5,"[0.5823620557785034, 0.7910248041152954, 0.10905414819717407, 0.5840199589729309, 0.05671459436416626, 0.008223891258239746]",0,False,0.8168251514434814,0.6764402101116795,1.0,0.8168251514434814,31,new_L_raw,8.94177025318627,new,none
hartmann_6D,0.0,1.0,matern52,medium,0.05,6,"[0.23760759830474854, 0.17007440328598022, 0.0859944224357605, 0.3321869373321533, 0.3921067714691162, 0.7397732138633728]",0,False,0.7770078182220459,0.7417119241529896,1.0,0.7770078182220459,31,new_L_raw,8.94177025318627,new,none
hartmann_6D,0.0,1.0,matern52,medium,0.05,7,"[0.10808825492858887, 0.33048033714294434, 0.5195767879486084, 0.21469539403915405, 0.28163284063339233, 0.6679388284683228]",0,False,0.9241997599601746,0.8991611830649837,1.0,0.9241997599601746,31,new_L_raw,8.94177025318627,new,none
hartmann_6D,0.0,1.0,matern52,medium,0.05,8,"[0.28426414728164673, 0.7969952821731567, 0.17216336727142334, 0.5267587900161743, 0.5262462496757507, 0.12334030866622925]",0,False,0.8181132674217224,0.7500062796377367,1.0,0.8181132674217224,31,new_L_raw,8.94177025318627,new,none
hartmann_6D,0.0,1.0,matern52,medium,0.05,9,"[0.47892439365386963, 0.8013331294059753, 0.7103962898254395, 0.4698200821876526, 0.019040465354919434, 0.1861555576324463]",0,False,0.8152316808700562,0.6742304294340072,1.0,0.8152316808700562,31,new_L_raw,8.94177025318627,new,none
hartmann_6D,0.0,1.0,matern52,medium,0.05,10,"[0.10331237316131592, 0.21129882335662842, 0.7334774136543274, 0.12142741680145264, 0.37285351753234863, 0.6707851886749268]",0,False,0.744434654712677,0.6568945357876439,1.0,0.744434654712677,31,new_L_raw,8.94177025318627,new,none
hartmann_6D,0.0,1.0,matern52,medium,0.05,11,"[0.3886967897415161, 0.6776776313781738, 0.14697378873825073, 0.6032848358154297, 0.36493420600891113, 0.09923088550567627]",0,False,0.8425927758216858,0.7470979152187225,1.0,0.8425927758216858,31,new_L_raw,8.94177025318627,new,none
hartmann_6D,0.0,1.0,matern52,medium,0.05,12,"[0.2802622318267822, 0.24759989976882935, 0.4737669825553894, 0.1305726170539856, 0.20236843824386597, 0.6386823058128357]",0,False,0.8408850431442261,0.7711237534399955,1.0,0.8408850431442261,31,new_L_raw,8.94177025318627,new,none
hartmann_6D,0.0,1.0,matern52,medium,0.05,13,"[0.43584829568862915, 0.6243765354156494, 0.6860184073448181, 0.5247408151626587, 0.3358990550041199, 0.12501531839370728]",0,False,0.7363095879554749,0.6170948051637218,1.0,0.7363095879554749,31,new_L_raw,8.94177025318627,new,none
hartmann_6D,0.0,1.0,matern52,medium,0.05,14,"[0.39613771438598633, 0.1815456748008728, 0.7578650712966919, 0.40793102979660034, 0.36242783069610596, 0.6735631227493286]",0,False,0.6860188245773315,0.640939066486974,1.0,0.6860188245773315,31,new_L_raw,8.94177025318627,new,none
hartmann_6D,0.0,1.0,matern52,medium,0.05,15,"[0.4895423650741577, 0.42789173126220703, 0.39734703302383423, 0.27207475900650024, 0.2587580680847168, 0.5531591176986694]",0,False,0.6473511457443237,0.5922536926884805,1.0,0.6473511457443237,31,new_L_raw,8.94177025318627,new,none
hartmann_6D,0.0,1.0,matern52,medium,0.05,16,"[0.43470895290374756, 0.8528021574020386, 0.6216599345207214, 0.5016374588012695, 0.5250723361968994, 0.07430762052536011]",0,False,0.9188967943191528,0.9103129679156888,1.0,0.9188967943191528,31,new_L_raw,8.94177025318627,new,none
hartmann_6D,0.0,1.0,matern52,medium,0.05,17,"[0.4206845760345459, 0.9118525385856628, 0.8467159271240234, 0.6632838845252991, 0.7146787047386169, 0.00847715139389038]",0,False,0.9050948619842529,0.887488188282136,1.0,0.9050948619842529,31,new_L_raw,8.94177025318627,new,none
hartmann_6D,0.0,1.0,matern52,medium,0.05,18,"[0.212471604347229, 0.37321436405181885, 0.22990000247955322, 0.31948548555374146, 0.39627164602279663, 0.7116429209709167]",0,False,0.7286608815193176,0.6929431673019163,1.0,0.7286608815193176,31,new_L_raw,8.94177025318627,new,none
hartmann_6D,0.0,1.0,matern52,medium,0.05,19,"[0.2791537642478943, 0.03314399719238281, 0.27768319845199585, 0.30680906772613525, 0.1407904028892517, 0.5933595895767212]",0,False,0.7969616055488586,0.6642509564276664,1.0,0.7969616055488586,31,new_L_raw,8.94177025318627,new,none
camel_10D,0.05,1.1,matern52,medium,0.05,0,"[-0.014973640441894531, 0.5364435911178589, -0.8230451345443726, -0.7359390258789062, -0.3851543664932251, 0.26815736293792725, -0.019813179969787598, 0.7928894758224487, -0.08874404430389404, 0.2646125555038452]",0,False,0.9203282594680786,0.8798310583637606,1.0316,0.8921367385305143,31,old_L_factored,15.0,old,none
camel_10D,0.05,1.1,matern52,medium,0.05,1,"[0.0986635684967041, 0.36522817611694336, -0.3897010087966919, -0.07290875911712646, -0.0900273323059082, 0.1449439525604248, -0.0039948225021362305, 0.87416672706604, 0.311190128326416, -0.3724062442779541]",0,False,0.5408867001533508,0.4169513563955984,1.0316,0.5243182436538879,31,old_L_factored,15.0,old,none
camel_10D,0.05,1.1,matern52,medium,0.05,2,"[-0.15849947929382324, 0.709309458732605, -0.0950695276260376, 0.2633178234100342, -0.0480036735534668, -0.5599467754364014, -0.5667902231216431, -0.4858337640762329, -0.9084044694900513, -0.6489822864532471]",0,False,1.0183525085449219,1.0165088599728,1.0316,0.9871583060730146,31,old_L_factored,15.0,old,none
camel_10D,0.05,1.1,matern52,medium,0.05,3,"[0.04889345169067383, -0.7166304588317871, 0.5329512357711792, 0.4472242593765259, 0.21510982513427734, 0.8239660263061523, -0.4536200761795044, 0.014912247657775879, 0.6144710779190063, 0.34566283226013184]",0,False,1.0308138132095337,1.0273203465246386,1.0316,0.9992378957052478,31,old_L_factored,15.0,old,none
camel_10D,0.05,1.1,matern52,medium,0.05,4,"[-0.23179006576538086, 0.4264284372329712, 0.1776430606842041, 0.47485625743865967, 0.9802645444869995, -0.29770171642303467, 0.7333704233169556, -0.856065034866333, 0.14860320091247559, 0.3225141763687134]",0,False,0.6928728818893433,0.608951271541657,1.0316,0.6716487804278239,31,old_L_factored,15.0,old,none
camel_10D,0.05,1.1,matern52,medium,0.05,5,"[0.2582850456237793, -0.8551756143569946, 0.3186779022216797, 0.430011510848999, 0.15865516662597656, 0.9618538618087769, 0.30031728744506836, -0.8867322206497192, 0.8402234315872192, 0.3395296335220337]",0,False,0.9664100408554077,0.8810437783118217,1.0316,0.9368069415038849,31,old_L_factored,15.0,old,none
camel_10D,0.05,1.1,matern52,medium,0.05,6,"[-0.1409909725189209, 0.2664884328842163, 0.5384918451309204, -0.5705956220626831, 0.5629913806915283, 0.7288187742233276, 0.21034634113311768, -0.270052433013916, -0.4928457736968994, -0.6715922355651855]",0,False,0.2325664907693863,0.23251972515736857,1.0316,0.22544250753139422,31,old_L_factored,15.0,old,none
camel_10D,0.05,1.1,matern52,medium,0.05,7,"[0.13969016075134277, -0.602393627166748, 0.31842339038848877, 0.3137805461883545, -0.5344768762588501, -0.14987719058990479, -0.5858279466629028, 0.25947272777557373, -0.26936769485473633, 0.7025367021560669]",0,False,0.9695274829864502,0.9562601850878808,1.0316,0.9398288900605372,31,old_L_factored,15.0,old,none
camel_10D,0.05,1.1,matern52,medium,0.05,8,"[0.3785691261291504, 0.6705377101898193, -0.43165862560272217, 0.9223182201385498, -0.8385812044143677, 0.8070259094238281, -0.010153651237487793, 0.7635462284088135, 0.9230965375900269, -0.4241487979888916]",0,False,0.346616268157959,0.2789999477324947,1.0316,0.3359987089549815,31,old_L_factored,15.0,old,none
camel_10D,0.05,1.1,matern52,medium,0.05,9,"[0.2745180130004883, -0.7238088846206665, -0.586268424987793, 0.027800798416137695, -0.03000056743621826, 0.038542747497558594, -0.30644357204437256, -0.10469496250152588, 0.2631112337112427, 0.3894916772842407]",0,False,0.9870463013648987,0.9781268008293644,1.0316,0.9568110715053302,31,old_L_factored,15.0,old,none
camel_10D,0.05,1.1,matern52,medium,0.05,10,"[-0.22414469718933105, 0.40818607807159424, 0.1145012378692627, 0.3917245864868164, 0.9698573350906372, -0.415252685546875, -0.03534197807312012, 0.22998523712158203, -0.006531953811645508, -0.09577512741088867]",0,False,0.6338722705841064,0.534191245032895,1.0316,0.6144554774952563,31,old_L_factored,15.0,old,none
camel_10D,0.05,1.1,matern52,medium,0.05,11,"[-0.5961642265319824, 0.7751045227050781, 0.89328932762146, -0.39254534244537354, -0.9821900129318237, -0.31678903102874756, -0.5518691539764404, 0.8516738414764404, 0.944022536277771, 0.5162678956985474]",0,False,0.2871001958847046,0.26502451589030607,1.0316,0.27830573466915914,31,old_L_factored,15.0,old,none
camel_10D,0.05,1.1,matern52,medium,0.05,12,"[-0.13725018501281738, -0.5344663858413696, -0.0945580005645752, 0.17422449588775635, -0.18271052837371826, -0.7456510066986084, 0.27456700801849365, -0.5158764123916626, 0.46238088607788086, 0.44487571716308594]",0,False,0.8976028561592102,0.7722724887632555,1.0316,0.8701074604102463,31,old_L_factored,15.0,old,none
camel_10D,0.05,1.1,matern52,medium,0.05,13,"[-0.29860830307006836, 0.8297410011291504, -0.0402071475982666, 0.06957268714904785, -0.46106934547424316, -0.49396634101867676, -0.32199418544769287, 0.6733337640762329, -0.7422397136688232, 0.9386988878250122]",0,False,0.9435901641845703,0.839763343334198,1.0316,0.9146860839323093,31,old_L_factored,15.0,old,none
camel_10D,0.05,1.1,matern52,medium,0.05,14,"[-0.38239097595214844, 0.6133087873458862, 0.5635455846786499, 0.238489031791687, -0.9886088371276855, -0.2728332281112671, 0.6576133966445923, 0.6957238912582397, 0.2477102279663086, -0.6230753660202026]",0,False,0.965776264667511,0.7809632324403332,1.0316,0.9361925791658694,31,old_L_factored,15.0,old,none
camel_10D,0.05,1.1,matern52,medium,0.05,15,"[-0.14122533798217773, 0.5669041872024536, 0.7401183843612671, 0.38114142417907715, 0.9087704420089722, -0.3642619848251343, 0.7468868494033813, 0.9505274295806885, 0.4185894727706909, 0.9335653781890869]",0,False,0.9503397941589355,0.9110178466766111,1.0316,0.921228959052865,31,old_L_factored,15.0,old,none
camel_10D,0.05,1.1,matern52,medium,0.05,16,"[0.211775541305542, 0.703214168548584, 0.43546903133392334, -0.8881826400756836, 0.7718470096588135, -0.22495591640472412, -0.9831265211105347, 0.8899197578430176, -0.7419260740280151, 0.855748176574707]",0,False,0.9831721782684326,0.8706493819913557,1.0316,0.953055620655712,31,old_L_factored,15.0,old,none
camel_10D,0.05,1.1,matern52,medium,0.05,17,"[-0.07904505729675293, 0.9267851114273071, 0.4126492738723755, 0.5666542053222656, 0.4612804651260376, -0.11006104946136475, -0.4245636463165283, -0.5644333362579346, -0.4525144100189209, 0.49255895614624023]",0,False,0.899053156375885,0.7305529867449114,1.0316,0.8715133349901948,31,old_L_factored,15.0,old,none
camel_10D,0.05,1.1,matern52,medium,0.05,18,"[-0.03519749641418457, 0.8440917730331421, -0.7392454147338867, 0.5179382562637329, -0.3387356996536255, -0.8111258745193481, 0.507529616355896, 0.45381486415863037, 0.76786208152771, -0.7485796213150024]",0,False,0.8515862822532654,0.8870644415578535,1.0316,0.8255004674808698,31,old_L_factored,15.0,old,none
camel_10D,0.05,1.1,matern52,medium,0.05,19,"[0.20409011840820312, -0.4585219621658325, 0.3266991376876831, -0.49185073375701904, 0.8469480276107788, 0.07961380481719971, -0.7723689079284668, -0.19301354885101318, 0.8255430459976196, 0.8974579572677612]",0,False,0.8110206127166748,0.7319793778081094,1.0316,0.7861774066660282,31,old_L_factored,15.0,old,none
camel_10D,0.05,1.1,matern52,medium,0.05,0,"[-0.014973640441894531, 0.5364435911178589, -0.8230451345443726, -0.7359390258789062, -0.3851543664932251, 0.26815736293792725, -0.019813179969787598, 0.7928894758224487, -0.08874404430389404, 0.2646125555038452]",0,False,0.9109000563621521,0.8600026561367896,1.0316,0.8829973404053432,31,new_L_factored,17.042300314218146,new,none
camel_10D,0.05,1.1,matern52,medium,0.05,1,"[0.0986635684967041, 0.36522817611694336, -0.3897010087966919, -0.07290875911712646, -0.0900273323059082, 0.1449439525604248, -0.0039948225021362305, 0.87416672706604, 0.311190128326416, -0.3724062442779541]",0,False,0.3979920446872711,0.3860711224617497,1.0316,0.38580074126334923,31,new_L_factored,17.042300314218146,new,none
camel_10D,0.05,1.1,matern52,medium,0.05,2,"[-0.15849947929382324, 0.709309458732605, -0.0950695276260376, 0.2633178234100342, -0.0480036735534668, -0.5599467754364014, -0.5667902231216431, -0.4858337640762329, -0.9084044694900513, -0.6489822864532471]",0,False,1.027235984802246,1.012295126914978,1.0316,0.9957696634376173,31,new_L_factored,17.042300314218146,new,none
camel_10D,0.05,1.1,matern52,medium,0.05,3,"[0.04889345169067383, -0.7166304588317871, 0.5329512357711792, 0.4472242593765259, 0.21510982513427734, 0.8239660263061523, -0.4536200761795044, 0.014912247657775879, 0.6144710779190063, 0.34566283226013184]",0,False,1.0286564826965332,1.0241556282966369,1.0316,0.9971466486007494,31,new_L_factored,17.042300314218146,new,none
camel_10D,0.05,1.1,matern52,medium,0.05,4,"[-0.23179006576538086, 0.4264284372329712, 0.1776430606842041, 0.47485625743865967, 0.9802645444869995, -0.29770171642303467, 0.7333704233169556, -0.856065034866333, 0.14860320091247559, 0.3225141763687134]",0,False,0.706071674823761,0.5942651735198113,1.0316,0.6844432675685934,31,new_L_factored,17.042300314218146,new,none
camel_10D,0.05,1.1,matern52,medium,0.05,5,"[0.2582850456237793, -0.8551756143569946, 0.3186779022216797, 0.430011510848999, 0.15865516662597656, 0.9618538618087769, 0.30031728744506836, -0.8867322206497192, 0.8402234315872192, 0.3395296335220337]",0,False,0.8215237259864807,0.8191390229809669,1.0316,0.7963587882769296,31,new_L_factored,17.042300314218146,new,none
camel_10D,0.05,1.1,matern52,medium,0.05,6,"[-0.1409909725189209, 0.2664884328842163, 0.5384918451309204, -0.5705956220626831, 0.5629913806915283, 0.7288187742233276, 0.21034634113311768, -0.270052433013916, -0.4928457736968994, -0.6715922355651855]",0,False,0.24095821380615234,0.21542321962694969,1.0316,0.23357717507381962,31,new_L_factored,17.042300314218146,new,none
camel_10D,0.05,1.1,matern52,medium,0.05,7,"[0.13969016075134277, -0.602393627166748, 0.31842339038848877, 0.3137805461883545, -0.5344768762588501, -0.14987719058990479, -0.5858279466629028, 0.25947272777557373, -0.26936769485473633, 0.7025367021560669]",0,False,0.9622853398323059,0.9423654406301437,1.0316,0.9328085884376753,31,new_L_factored,17.042300314218146,new,none
camel_10D,0.05,1.1,matern52,medium,0.05,8,"[0.3785691261291504, 0.6705377101898193, -0.43165862560272217, 0.9223182201385498, -0.8385812044143677, 0.8070259094238281, -0.010153651237487793, 0.7635462284088135, 0.9230965375900269, -0.4241487979888916]",0,False,0.36653125286102295,0.27400061776561124,1.0316,0.35530365729063873,31,new_L_factored,17.042300314218146,new,none
camel_10D,0.05,1.1,matern52,medium,0.05,9,"[0.2745180130004883, -0.7238088846206665, -0.586268424987793, 0.027800798416137695, -0.03000056743621826, 0.038542747497558594, -0.30644357204437256, -0.10469496250152588, 0.2631112337112427, 0.3894916772842407]",0,False,0.9646962285041809,0.9725502729415894,1.0316,0.9351456267004468,31,new_L_factored,17.042300314218146,new,none
camel_10D,0.05,1.1,matern52,medium,0.05,10,"[-0.22414469718933105, 0.40818607807159424, 0.1145012378692627, 0.3917245864868164, 0.9698573350906372, -0.415252685546875, -0.03534197807312012, 0.22998523712158203, -0.006531953811645508, -0.09577512741088867]",0,False,0.6672341823577881,0.5547625230204675,1.0316,0.6467954462560954,31,new_L_factored,17.042300314218146,new,none
camel_10D,0.05,1.1,matern52,medium,0.05,11,"[-0.5961642265319824, 0.7751045227050781, 0.89328932762146, -0.39254534244537354, -0.9821900129318237, -0.31678903102874756, -0.5518691539764404, 0.8516738414764404, 0.944022536277771, 0.5162678956985474]",0,False,0.27899473905563354,0.26316050175697575,1.0316,0.2704485644199627,31,new_L_factored,17.042300314218146,new,none
camel_10D,0.05,1.1,matern52,medium,0.05,12,"[-0.13725018501281738, -0.5344663858413696, -0.0945580005645752, 0.17422449588775635, -0.18271052837371826, -0.7456510066986084, 0.27456700801849365, -0.5158764123916626, 0.46238088607788086, 0.44487571716308594]",0,False,0.8984235525131226,0.7651162435931544,1.0316,0.8709030171705336,31,new_L_factored,17.042300314218146,new,none
camel_10D,0.05,1.1,matern52,medium,0.05,13,"[-0.29860830307006836, 0.8297410011291504, -0.0402071475982666, 0.06957268714904785, -0.46106934547424316, -0.49396634101867676, -0.32199418544769287, 0.6733337640762329, -0.7422397136688232, 0.9386988878250122]",0,False,0.9621946215629578,0.8458037203358065,1.0316,0.9327206490528864,31,new_L_factored,17.042300314218146,new,none
camel_10D,0.05,1.1,matern52,medium,0.05,14,"[-0.38239097595214844, 0.6133087873458862, 0.5635455846786499, 0.238489031791687, -0.9886088371276855, -0.2728332281112671, 0.6576133966445923, 0.6957238912582397, 0.2477102279663086, -0.6230753660202026]",0,False,0.9111169576644897,0.7560443628218866,1.0316,0.8832075975809323,31,new_L_factored,17.042300314218146,new,none
camel_10D,0.05,1.1,matern52,medium,0.05,15,"[-0.14122533798217773, 0.5669041872024536, 0.7401183843612671, 0.38114142417907715, 0.9087704420089722, -0.3642619848251343, 0.7468868494033813, 0.9505274295806885, 0.4185894727706909, 0.9335653781890869]",0,False,0.897777795791626,0.904816787089071,1.0316,0.870277041286958,31,new_L_factored,17.042300314218146,new,none
camel_10D,0.05,1.1,matern52,medium,0.05,16,"[0.211775541305542, 0.703214168548584, 0.43546903133392334, -0.8881826400756836, 0.7718470096588135, -0.22495591640472412, -0.9831265211105347, 0.8899197578430176, -0.7419260740280151, 0.855748176574707]",0,False,0.965686559677124,0.8604242878575479,1.0316,0.9361056220212524,31,new_L_factored,17.042300314218146,new,none
camel_10D,0.05,1.1,matern52,medium,0.05,17,"[-0.07904505729675293, 0.9267851114273071, 0.4126492738723755, 0.5666542053222656, 0.4612804651260376, -0.11006104946136475, -0.4245636463165283, -0.5644333362579346, -0.4525144100189209, 0.49255895614624023]",0,False,0.7321448922157288,0.6292194637560076,1.0316,0.7097178094375036,31,new_L_factored,17.042300314218146,new,none
camel_10D,0.05,1.1,matern52,medium,0.05,18,"[-0.03519749641418457, 0.8440917730331421, -0.7392454147338867, 0.5179382562637329, -0.3387356996536255, -0.8111258745193481, 0.507529616355896, 0.45381486415863037, 0.76786208152771, -0.7485796213150024]",0,False,0.9578277468681335,0.9039795264121024,1.0316,0.9284875405856277,31,new_L_factored,17.042300314218146,new,none
camel_10D,0.05,1.1,matern52,medium,0.05,19,"[0.20409011840820312, -0.4585219621658325, 0.3266991376876831, -0.49185073375701904, 0.8469480276107788, 0.07961380481719971, -0.7723689079284668, -0.19301354885101318, 0.8255430459976196, 0.8974579572677612]",0,False,0.7861743569374084,0.6832687431766141,1.0316,0.7620922420874451,31,new_L_factored,17.042300314218146,new,none
camel_10D,0.0,1.0,matern52,medium,0.05,0,"[-0.014973640441894531, 0.5364435911178589, -0.8230451345443726, -0.7359390258789062, -0.3851543664932251, 0.26815736293792725, -0.019813179969787598, 0.7928894758224487, -0.08874404430389404, 0.2646125555038452]",0,False,0.8567109107971191,0.8304465355411652,1.0316,0.8304681182600999,31,old_L_raw,15.0,old,none
camel_10D,0.0,1.0,matern52,medium,0.05,1,"[0.0986635684967041, 0.36522817611694336, -0.3897010087966919, -0.07290875911712646, -0.0900273323059082, 0.1449439525604248, -0.0039948225021362305, 0.87416672706604, 0.311190128326416, -0.3724062442779541]",0,False,0.5937040448188782,0.4624667052299746,1.0316,0.575517685943077,31,old_L_raw,15.0,old,none
camel_10D,0.0,1.0,matern52,medium,0.05,2,"[-0.15849947929382324, 0.709309458732605, -0.0950695276260376, 0.2633178234100342, -0.0480036735534668, -0.5599467754364014, -0.5667902231216431, -0.4858337640762329, -0.9084044694900513, -0.6489822864532471]",0,False,1.027686357498169,1.02147203107034,1.0316,0.9962062403045453,31,old_L_raw,15.0,old,none
camel_10D,0.0,1.0,matern52,medium,0.05,3,"[0.04889345169067383, -0.7166304588317871, 0.5329512357711792, 0.4472242593765259, 0.21510982513427734, 0.8239660263061523, -0.4536200761795044, 0.014912247657775879, 0.6144710779190063, 0.34566283226013184]",0,False,1.018754243850708,1.0260005843254827,1.0316,0.9875477354116983,31,old_L_raw,15.0,old,none
camel_10D,0.0,1.0,matern52,medium,0.05,4,"[-0.23179006576538086, 0.4264284372329712, 0.1776430606842041, 0.47485625743865967, 0.9802645444869995, -0.29770171642303467, 0.7333704233169556, -0.856065034866333, 0.14860320091247559, 0.3225141763687134]",0,False,0.6948252320289612,0.5840360618406727,1.0316,0.6735413261234598,31,old_L_raw,15.0,old,none
camel_10D,0.0,1.0,matern52,medium,0.05,5,"[0.2582850456237793, -0.8551756143569946, 0.3186779022216797, 0.430011510848999, 0.15865516662597656, 0.9618538618087769, 0.30031728744506836, -0.8867322206497192, 0.8402234315872192, 0.3395296335220337]",0,False,0.9128768444061279,0.8691904429466494,1.0316,0.8849135754227684,31,old_L_raw,15.0,old,none
camel_10D,0.0,1.0,matern52,medium,0.05,6,"[-0.1409909725189209, 0.2664884328842163, 0.5384918451309204, -0.5705956220626831, 0.5629913806915283, 0.7288187742233276, 0.21034634113311768, -0.270052433013916, -0.4928457736968994, -0.6715922355651855]",0,False,0.3467022478580475,0.27307939481350685,1.0316,0.33608205492249654,31,old_L_raw,15.0,old,none
camel_10D,0.0,1.0,matern52,medium,0.05,7,"[0.13969016075134277, -0.602393627166748, 0.31842339038848877, 0.3137805461883545, -0.5344768762588501, -0.14987719058990479, -0.5858279466629028, 0.25947272777557373, -0.26936769485473633, 0.7025367021560669]",0,False,0.9786595702171326,0.9626768673619917,1.0316,0.9486812429402215,31,old_L_raw,15.0,old,none
camel_10D,0.0,1.0,matern52,medium,0.05,8,"[0.3785691261291504, 0.6705377101898193, -0.43165862560272217, 0.9223182201385498, -0.8385812044143677, 0.8070259094238281, -0.010153651237487793, 0.7635462284088135, 0.9230965375900269, -0.4241487979888916]",0,False,0.5457189083099365,0.28971604474129214,1.0316,0.5290024314753164,31,old_L_raw,15.0,old,none
camel_10D,0.0,1.0,matern52,medium,0.05,9,"[0.2745180130004883, -0.7238088846206665, -0.586268424987793, 0.027800798416137695, -0.03000056743621826, 0.038542747497558594, -0.30644357204437256, -0.10469496250152588, 0.2631112337112427, 0.3894916772842407]",0,False,1.022350788116455,0.9852075634464141,1.0316,0.9910341102330894,31,old_L_raw,15.0,old,none
camel_10D,0.0,1.0,matern52,medium,0.05,10,"[-0.22414469718933105, 0.40818607807159424, 0.1145012378692627, 0.3917245864868164, 0.9698573350906372, -0.415252685546875, -0.03534197807312012, 0.22998523712158203, -0.006531953811645508, -0.09577512741088867]",0,False,0.705566942691803,0.5510138234784526,1.0316,0.6839539964053926,31,old_L_raw,15.0,old,none
camel_10D,0.0,1.0,matern52,medium,0.05,11,"[-0.5961642265319824, 0.7751045227050781, 0.89328932762146, -0.39254534244537354, -0.9821900129318237, -0.31678903102874756, -0.5518691539764404, 0.8516738414764404, 0.944022536277771, 0.5162678956985474]",0,False,0.5823650360107422,0.36457353061245334,1.0316,0.5645260139693119,31,old_L_raw,15.0,old,none
camel_10D,0.0,1.0,matern52,medium,0.05,12,"[-0.13725018501281738, -0.5344663858413696, -0.0945580005645752, 0.17422449588775635, -0.18271052837371826, -0.7456510066986084, 0.27456700801849365, -0.5158764123916626, 0.46238088607788086, 0.44487571716308594]",0,False,0.9460493922233582,0.8154481687853413,1.0316,0.9170699808291567,31,old_L_raw,15.0,old,none
camel_10D,0.0,1.0,matern52,medium,0.05,13,"[-0.29860830307006836, 0.8297410011291504, -0.0402071475982666, 0.06957268714904785, -0.46106934547424316, -0.49396634101867676, -0.32199418544769287, 0.6733337640762329, -0.7422397136688232, 0.9386988878250122]",0,False,0.9151460528373718,0.8725253766582858,1.0316,0.8871132733979951,31,old_L_raw,15.0,old,none
camel_10D,0.0,1.0,matern52,medium,0.05,14,"[-0.38239097595214844, 0.6133087873458862, 0.5635455846786499, 0.238489031791687, -0.9886088371276855, -0.2728332281112671, 0.6576133966445923, 0.6957238912582397, 0.2477102279663086, -0.6230753660202026]",0,False,0.959281325340271,0.8673419913937969,1.0316,0.9298965930014259,31,old_L_raw,15.0,old,none
camel_10D,0.0,1.0,matern52,medium,0.05,15,"[-0.14122533798217773, 0.5669041872024536, 0.7401183843612671, 0.38114142417907715, 0.9087704420089722, -0.3642619848251343, 0.7468868494033813, 0.9505274295806885, 0.4185894727706909, 0.9335653781890869]",0,False,0.8812229037284851,0.8872570953061504,1.0316,0.8542292591396714,31,old_L_raw,15.0,old,none
camel_10D,0.0,1.0,matern52,medium,0.05,16,"[0.211775541305542, 0.703214168548584, 0.43546903133392334, -0.8881826400756836, 0.7718470096588135, -0.22495591640472412, -0.9831265211105347, 0.8899197578430176, -0.7419260740280151, 0.855748176574707]",0,False,1.0007336139678955,0.898364745801495,1.0316,0.9700791139665523,31,old_L_raw,15.0,old,none
camel_10D,0.0,1.0,matern52,medium,0.05,17,"[-0.07904505729675293, 0.9267851114273071, 0.4126492738723755, 0.5666542053222656, 0.4612804651260376, -0.11006104946136475, -0.4245636463165283, -0.5644333362579346, -0.4525144100189209, 0.49255895614624023]",0,False,0.8883903622627258,0.702938768171495,1.0316,0.8611771638839917,31,old_L_raw,15.0,old,none
camel_10D,0.0,1.0,matern52,medium,0.05,18,"[-0.03519749641418457, 0.8440917730331421, -0.7392454147338867, 0.5179382562637329, -0.3387356996536255, -0.8111258745193481, 0.507529616355896, 0.45381486415863037, 0.76786208152771, -0.7485796213150024]",0,False,0.9940930604934692,0.9118522828625094,1.0316,0.9636419741115444,31,old_L_raw,15.0,old,none
camel_10D,0.0,1.0,matern52,medium,0.05,19,"[0.20409011840820312, -0.4585219621658325, 0.3266991376876831, -0.49185073375701904, 0.8469480276107788, 0.07961380481719971, -0.7723689079284668, -0.19301354885101318, 0.8255430459976196, 0.8974579572677612]",0,False,0.8599810600280762,0.750240356691422,1.0316,0.8336380961885189,31,old_L_raw,15.0,old,none
camel_10D,0.0,1.0,matern52,medium,0.05,0,"[-0.014973640441894531, 0.5364435911178589, -0.8230451345443726, -0.7359390258789062, -0.3851543664932251, 0.26815736293792725, -0.019813179969787598, 0.7928894758224487, -0.08874404430389404, 0.2646125555038452]",0,False,0.8872440457344055,0.8477271276135598,1.0316,0.8600659613555695,31,new_L_raw,17.042300314218146,new,none
camel_10D,0.0,1.0,matern52,medium,0.05,1,"[0.0986635684967041, 0.36522817611694336, -0.3897010087966919, -0.07290875911712646, -0.0900273323059082, 0.1449439525604248, -0.0039948225021362305, 0.87416672706604, 0.311190128326416, -0.3724062442779541]",0,False,0.5548368692398071,0.47230404230856127,1.0316,0.5378410907714299,31,new_L_raw,17.042300314218146,new,none
camel_10D,0.0,1.0,matern52,medium,0.05,2,"[-0.15849947929382324, 0.709309458732605, -0.0950695276260376, 0.2633178234100342, -0.0480036735534668, -0.5599467754364014, -0.5667902231216431, -0.4858337640762329, -0.9084044694900513, -0.6489822864532471]",0,False,1.023651123046875,1.010819471651508,1.0316,0.9922946132676181,31,new_L_raw,17.042300314218146,new,none
camel_10D,0.0,1.0,matern52,medium,0.05,3,"[0.04889345169067383, -0.7166304588317871, 0.5329512357711792, 0.4472242593765259, 0.21510982513427734, 0.8239660263061523, -0.4536200761795044, 0.014912247657775879, 0.6144710779190063, 0.34566283226013184]",0,False,1.011474609375,1.0168711273900923,1.0316,0.9804910909024815,31,new_L_raw,17.042300314218146,new,none
camel_10D,0.0,1.0,matern52,medium,0.05,4,"[-0.23179006576538086, 0.4264284372329712, 0.1776430606842041, 0.47485625743865967, 0.9802645444869995, -0.29770171642303467, 0.7333704233169556, -0.856065034866333, 0.14860320091247559, 0.3225141763687134]",0,False,0.6211814880371094,0.5443415699466583,1.0316,0.6021534393535375,31,new_L_raw,17.042300314218146,new,none
camel_10D,0.0,1.0,matern52,medium,0.05,5,"[0.2582850456237793, -0.8551756143569946, 0.3186779022216797, 0.430011510848999, 0.15865516662597656, 0.9618538618087769, 0.30031728744506836, -0.8867322206497192, 0.8402234315872192, 0.3395296335220337]",0,False,0.9756417274475098,0.8699501945126441,1.0316,0.9457558428145693,31,new_L_raw,17.042300314218146,new,none
camel_10D,0.0,1.0,matern52,medium,0.05,6,"[-0.1409909725189209, 0.2664884328842163, 0.5384918451309204, -0.5705956220626831, 0.5629913806915283, 0.7288187742233276, 0.21034634113311768, -0.270052433013916, -0.4928457736968994, -0.6715922355651855]",0,False,0.22638139128684998,0.21675646689630323,1.0316,0.21944687018888132,31,new_L_raw,17.042300314218146,new,none
camel_10D,0.0,1.0,matern52,medium,0.05,7,"[0.13969016075134277, -0.602393627166748, 0.31842339038848877, 0.3137805461883545, -0.5344768762588501, -0.14987719058990479, -0.5858279466629028, 0.25947272777557373, -0.26936769485473633, 0.7025367021560669]",0,False,0.9812896847724915,0.9654494101001371,1.0316,0.9512307917530937,31,new_L_raw,17.042300314218146,new,none
camel_10D,0.0,1.0,matern52,medium,0.05,8,"[0.3785691261291504, 0.6705377101898193, -0.43165862560272217, 0.9223182201385498, -0.8385812044143677, 0.8070259094238281, -0.010153651237487793, 0.7635462284088135, 0.9230965375900269, -0.4241487979888916]",0,False,0.5548677444458008,0.33086553312117056,1.0316,0.5378710202072516,31,new_L_raw,17.042300314218146,new,none
camel_10D,0.0,1.0,matern52,medium,0.05,9,"[0.2745180130004883, -0.7238088846206665, -0.586268424987793, 0.027800798416137695, -0.03000056743621826, 0.038542747497558594, -0.30644357204437256, -0.10469496250152588, 0.2631112337112427, 0.3894916772842407]",0,False,1.0203794240951538,0.9839640855789185,1.0316,0.9891231330895247,31,new_L_raw,17.042300314218146,new,none
camel_10D,0.0,1.0,matern52,medium,0.05,10,"[-0.22414469718933105, 0.40818607807159424, 0.1145012378692627, 0.3917245864868164, 0.9698573350906372, -0.415252685546875, -0.03534197807312012, 0.22998523712158203, -0.006531953811645508, -0.09577512741088867]",0,False,0.8069069981575012,0.6273956952556488,1.0316,0.7821898004628743,31,new_L_raw,17.042300314218146,new,none
camel_10D,0.0,1.0,matern52,medium,0.05,11,"[-0.5961642265319824, 0.7751045227050781, 0.89328932762146, -0.39254534244537354, -0.9821900129318237, -0.31678903102874756, -0.5518691539764404, 0.8516738414764404, 0.944022536277771, 0.5162678956985474]",0,False,0.37892866134643555,0.2792200523038064,1.0316,0.36732130801321783,31,new_L_raw,17.042300314218146,new,none
camel_10D,0.0,1.0,matern52,medium,0.05,12,"[-0.13725018501281738, -0.5344663858413696, -0.0945580005645752, 0.17422449588775635, -0.18271052837371826, -0.7456510066986084, 0.27456700801849365, -0.5158764123916626, 0.46238088607788086, 0.44487571716308594]",0,False,0.7787824869155884,0.76808104976531,1.0316,0.7549268000344982,31,new_L_raw,17.042300314218146,new,none
camel_10D,0.0,1.0,matern52,medium,0.05,13,"[-0.29860830307006836, 0.8297410011291504, -0.0402071475982666, 0.06957268714904785, -0.46106934547424316, -0.49396634101867676, -0.32199418544769287, 0.6733337640762329, -0.7422397136688232, 0.9386988878250122]",0,False,0.9352714419364929,0.8593043973368983,1.0316,0.9066221810163754,31,new_L_raw,17.042300314218146,new,none
camel_10D,0.0,1.0,matern52,medium,0.05,14,"[-0.38239097595214844, 0.6133087873458862, 0.5635455846786499, 0.238489031791687, -0.9886088371276855, -0.2728332281112671, 0.6576133966445923, 0.6957238912582397, 0.2477102279663086, -0.6230753660202026]",0,False,0.9601857662200928,0.8246288953288909,1.0316,0.9307733290229669,31,new_L_raw,17.042300314218146,new,none
camel_10D,0.0,1.0,matern52,medium,0.05,15,"[-0.14122533798217773, 0.5669041872024536, 0.7401183843612671, 0.38114142417907715, 0.9087704420089722, -0.3642619848251343, 0.7468868494033813, 0.9505274295806885, 0.4185894727706909, 0.9335653781890869]",0,False,1.0104163885116577,0.941941092091222,1.0316,0.9794652854901683,31,new_L_raw,17.042300314218146,new,none
camel_10D,0.0,1.0,matern52,medium,0.05,16,"[0.211775541305542, 0.703214168548584, 0.43546903133392334, -0.8881826400756836, 0.7718470096588135, -0.22495591640472412, -0.9831265211105347, 0.8899197578430176, -0.7419260740280151, 0.855748176574707]",0,False,0.9618332386016846,0.8243289128426583,1.0316,0.932370335984572,31,new_L_raw,17.042300314218146,new,none
camel_10D,0.0,1.0,matern52,medium,0.05,17,"[-0.07904505729675293, 0.9267851114273071, 0.4126492738723755, 0.5666542053222656, 0.4612804651260376, -0.11006104946136475, -0.4245636463165283, -0.5644333362579346, -0.4525144100189209, 0.49255895614624023]",0,False,0.822516918182373,0.7204557503423383,1.0316,0.7973215569817497,31,new_L_raw,17.042300314218146,new,none
camel_10D,0.0,1.0,matern52,medium,0.05,18,"[-0.03519749641418457, 0.8440917730331421, -0.7392454147338867, 0.5179382562637329, -0.3387356996536255, -0.8111258745193481, 0.507529616355896, 0.45381486415863037, 0.76786208152771, -0.7485796213150024]",0,False,0.9235935807228088,0.9138750683876776,1.0316,0.895302036373409,31,new_L_raw,17.042300314218146,new,none
camel_10D,0.0,1.0,matern52,medium,0.05,19,"[0.20409011840820312, -0.4585219621658325, 0.3266991376876831, -0.49185073375701904, 0.8469480276107788, 0.07961380481719971, -0.7723689079284668, -0.19301354885101318, 0.8255430459976196, 0.8974579572677612]",0,False,0.7800580263137817,0.6961109099849578,1.0316,0.7561632670742359,31,new_L_raw,17.042300314218146,new,none
gaussian_10D,0.05,1.1,matern52,medium,0.05,0,"[-0.057897329330444336, -0.2283838987350464, 0.03583073616027832, -0.14373362064361572, 0.09123468399047852, 0.11887645721435547, 0.4540759325027466, 0.01920771598815918, -0.0768047571182251, 0.04931521415710449]",0,False,0.4494446814060211,0.3542965035284719,1.0,0.4494446814060211,31,old_L_factored,8.0,old,none
gaussian_10D,0.05,1.1,matern52,medium,0.05,1,"[-0.03018343448638916, -0.3083958625793457, 0.148026704788208, -0.013062596321105957, 0.06308639049530029, 0.10624086856842041, 0.09732949733734131, 0.3191157579421997, 0.24600350856781006, -0.18217360973358154]",0,False,0.3517128825187683,0.3002601467793988,1.0,0.3517128825187683,31,old_L_factored,8.0,old,none
gaussian_10D,0.05,1.1,matern52,medium,0.05,2,"[0.0006958246231079102, -0.12071573734283447, -0.1696474552154541, 0.14011383056640625, -0.1921144723892212, -0.07059824466705322, -0.06648111343383789, -0.17209672927856445, -0.0858299732208252, -0.3736917972564697]",0,False,0.4809536337852478,0.3954004799166033,1.0,0.4809536337852478,31,old_L_factored,8.0,old,none
gaussian_10D,0.05,1.1,matern52,medium,0.05,3,"[-0.1255718469619751, 0.31234419345855713, -0.0062552690505981445, 0.10745584964752197, -0.043206095695495605, -0.1462620496749878, -0.3927203416824341, 0.20088481903076172, -0.08874058723449707, -0.10311663150787354]",0,False,0.320743590593338,0.27350986821036183,1.0,0.320743590593338,31,old_L_factored,8.0,old,none
gaussian_10D,0.05,1.1,matern52,medium,0.05,4,"[0.23022830486297607, -0.20723092555999756, 0.10746359825134277, -0.07821595668792725, 0.08809983730316162, -0.14496850967407227, 0.24874651432037354, -0.2787020206451416, 0.07840251922607422, -0.31822681427001953]",0,False,0.2918241620063782,0.2434166713107017,1.0,0.2918241620063782,31,old_L_factored,8.0,old,none
gaussian_10D,0.05,1.1,matern52,medium,0.05,5,"[-0.21574318408966064, -0.1497565507888794, -0.0557093620300293, 0.23555266857147217, -0.038301706314086914, -0.07840991020202637, -0.2361363172531128, -0.21633660793304443, 0.004619121551513672, -0.2819732427597046]",0,False,0.4632698893547058,0.3541163186873159,1.0,0.4632698893547058,31,old_L_factored,8.0,old,none
gaussian_10D,0.05,1.1,matern52,medium,0.05,6,"[-0.10070395469665527, -0.10954749584197998, -0.007368922233581543, 0.02607250213623047, -0.07100915908813477, 0.23324191570281982, 0.43513941764831543, -0.11453640460968018, 0.30245137214660645, -0.02600574493408203]",0,False,0.3593840003013611,0.27975969353029806,1.0,0.3593840003013611,31,old_L_factored,8.0,old,none
gaussian_10D,0.05,1.1,matern52,medium,0.05,7,"[-0.2705487012863159, 0.056513190269470215, -0.261346697807312, -0.11083829402923584, -0.07559871673583984, 0.1420738697052002, 0.33773374557495117, 0.21824002265930176, -0.06480860710144043, 0.16535842418670654]",0,False,0.3326868414878845,0.2754608565761197,1.0,0.3326868414878845,31,old_L_factored,8.0,old,none
gaussian_10D,0.05,1.1,matern52,medium,0.05,8,"[0.12028014659881592, 0.04459667205810547, -0.15594732761383057, 0.4698866605758667, -0.03482675552368164, -0.04841160774230957, 0.041010379791259766, -0.12097573280334473, -0.1521587371826172, -0.040320754051208496]",0,False,0.3907316327095032,0.34053537057292077,1.0,0.3907316327095032,31,old_L_factored,8.0,old,none
gaussian_10D,0.05,1.1,matern52,medium,0.05,9,"[-0.05217611789703369, 0.13678216934204102, -0.015252947807312012, 0.1586395502090454, -0.06958377361297607, 0.1504155397415161, -0.3850804567337036, -0.1688077449798584, 0.2342548370361328, 0.18597197532653809]",0,False,0.3920938968658447,0.315250962972641,1.0,0.3920938968658447,31,old_L_factored,8.0,old,none
gaussian_10D,0.05,1.1,matern52,medium,0.05,10,"[-0.07394289970397949, -0.017258405685424805, 0.08564817905426025, -0.047904014587402344, -0.34249329566955566, 0.11109566688537598, 0.23968493938446045, -0.15541505813598633, 0.3860987424850464, 0.1089552640914917]",0,False,0.33740800619125366,0.2637115433331459,1.0,0.33740800619125366,31,old_L_factored,8.0,old,none
gaussian_10D,0.05,1.1,matern52,medium,0.05,11,"[-0.3820333480834961, -0.19642281532287598, -0.09052729606628418, -0.15195298194885254, 0.20659339427947998, 0.24644863605499268, -0.07918441295623779, 0.1190263032913208, 0.03218233585357666, 0.08259880542755127]",0,False,0.3335050344467163,0.28296513807389045,1.0,0.3335050344467163,31,old_L_factored,8.0,old,none
gaussian_10D,0.05,1.1,matern52,medium,0.05,12,"[-0.1759810447692871, -0.11973845958709717, 0.126275897026062, 0.10140550136566162, 0.10525751113891602, 0.35882019996643066, 0.21087419986724854, 0.07860970497131348, 0.20920705795288086, -0.203110933303833]",0,False,0.33272504806518555,0.28467843369130164,1.0,0.33272504806518555,31,old_L_factored,8.0,old,none
gaussian_10D,0.05,1.1,matern52,medium,0.05,13,"[-0.014992475509643555, -0.048040032386779785, 0.05348312854766846, 0.18150055408477783, 0.3103870153427124, 0.2896392345428467, 0.20270299911499023, -0.1011953353881836, 0.16503334045410156, 0.2507643699645996]",0,False,0.3575904965400696,0.284085294892711,1.0,0.3575904965400696,31,old_L_factored,8.0,old,none
gaussian_10D,0.05,1.1,matern52,medium,0.05,14,"[0.1373058557510376, -0.13327395915985107, -0.15915369987487793, 0.08650350570678711, 0.009666085243225098, 0.11111199855804443, 0.2516821622848511, -0.08652961254119873, -0.3035469055175781, 0.2780592441558838]",0,False,0.4850035309791565,0.3860038836156168,1.0,0.4850035309791565,31,old_L_factored,8.0,old,none
gaussian_10D,0.05,1.1,matern52,medium,0.05,15,"[0.19588041305541992, -0.1330655813217163, -0.20889782905578613, 0.05790567398071289, 0.346316933631897, -0.07458364963531494, 0.050393104553222656, 0.10101282596588135, -0.20523905754089355, 0.09444010257720947]",0,False,0.4144185483455658,0.3549532486546424,1.0,0.4144185483455658,31,old_L_factored,8.0,old,none
gaussian_10D,0.05,1.1,matern52,medium,0.05,16,"[-0.44054853916168213, 0.20777904987335205, -0.19828331470489502, 0.09400415420532227, 0.20104444026947021, 0.11773955821990967, -0.07682514190673828, 0.10927963256835938, -0.12370622158050537, 0.05191385746002197]",0,False,0.32940739393234253,0.2571138263710083,1.0,0.32940739393234253,31,old_L_factored,8.0,old,none
gaussian_10D,0.05,1.1,matern52,medium,0.05,17,"[-0.2083892822265625, -0.027516484260559082, 0.2728428840637207, -0.03706061840057373, -0.0393826961517334, -0.2440561056137085, 0.061862945556640625, -0.18020915985107422, 0.09056675434112549, -0.29209041595458984]",0,False,0.5120822191238403,0.36644139212946736,1.0,0.5120822191238403,31,old_L_factored,8.0,old,none
gaussian_10D,0.05,1.1,matern52,medium,0.05,18,"[0.12386751174926758, -0.021363258361816406, -0.3131018877029419, 0.19650888442993164, -0.014042139053344727, -0.17101800441741943, 0.02246713638305664, -0.020115137100219727, -0.1107628345489502, -0.07315993309020996]",0,False,0.6680022478103638,0.5636562032084311,1.0,0.6680022478103638,31,old_L_factored,8.0,old,none
gaussian_10D,0.05,1.1,matern52,medium,0.05,19,"[0.05570375919342041, -0.13428127765655518, 0.1050865650177002, -0.2605628967285156, 0.005878925323486328, 0.2529563903808594, -0.36291205883026123, -0.022758126258850098, 0.2121678590774536, 0.1306222677230835]",0,False,0.3714440166950226,0.30098098468395973,1.0,0.3714440166950226,31,old_L_factored,8.0,old,none
gaussian_10D,0.05,1.1,matern52,medium,0.05,0,"[-0.057897329330444336, -0.2283838987350464, 0.03583073616027832, -0.14373362064361572, 0.09123468399047852, 0.11887645721435547, 0.4540759325027466, 0.01920771598815918, -0.0768047571182251, 0.04931521415710449]",0,False,0.8582649827003479,0.6025894563044271,1.0,0.8582649827003479,31,new_L_factored,1.7155277699214138,new,none
gaussian_10D,0.05,1.1,matern52,medium,0.05,1,"[-0.03018343448638916, -0.3083958625793457, 0.148026704788208, -0.013062596321105957, 0.06308639049530029, 0.10624086856842041, 0.09732949733734131, 0.3191157579421997, 0.24600350856781006, -0.18217360973358154]",0,False,0.8255955576896667,0.5594812333583832,1.0,0.8255955576896667,31,new_L_factored,1.7155277699214138,new,none
gaussian_10D,0.05,1.1,matern52,medium,0.05,2,"[0.0006958246231079102, -0.12071573734283447, -0.1696474552154541, 0.14011383056640625, -0.1921144723892212, -0.07059824466705322, -0.06648111343383789, -0.17209672927856445, -0.0858299732208252, -0.3736917972564697]",0,False,0.7149217128753662,0.5564250273089255,1.0,0.7149217128753662,31,new_L_factored,1.7155277699214138,new,none
gaussian_10D,0.05,1.1,matern52,medium,0.05,3,"[-0.1255718469619751, 0.31234419345855713, -0.0062552690505981445, 0.10745584964752197, -0.043206095695495605, -0.1462620496749878, -0.3927203416824341, 0.20088481903076172, -0.08874058723449707, -0.10311663150787354]",0,False,0.6813026070594788,0.5158684926648294,1.0,0.6813026070594788,31,new_L_factored,1.7155277699214138,new,none
gaussian_10D,0.05,1.1,matern52,medium,0.05,4,"[0.23022830486297607, -0.20723092555999756, 0.10746359825134277, -0.07821595668792725, 0.08809983730316162, -0.14496850967407227, 0.24874651432037354, -0.2787020206451416, 0.07840251922607422, -0.31822681427001953]",0,False,0.8005712032318115,0.40573858541827046,1.0,0.8005712032318115,31,new_L_factored,1.7155277699214138,new,none
gaussian_10D,0.05,1.1,matern52,medium,0.05,5,"[-0.21574318408966064, -0.1497565507888794, -0.0557093620300293, 0.23555266857147217, -0.038301706314086914, -0.07840991020202637, -0.2361363172531128, -0.21633660793304443, 0.004619121551513672, -0.2819732427597046]",0,False,0.7644456624984741,0.6347407669790329,1.0,0.7644456624984741,31,new_L_factored,1.7155277699214138,new,none
gaussian_10D,0.05,1.1,matern52,medium,0.05,6,"[-0.10070395469665527, -0.10954749584197998, -0.007368922233581543, 0.02607250213623047, -0.07100915908813477, 0.23324191570281982, 0.43513941764831543, -0.11453640460968018, 0.30245137214660645, -0.02600574493408203]",0,False,0.8597261905670166,0.5369151753763999,1.0,0.8597261905670166,31,new_L_factored,1.7155277699214138,new,none
gaussian_10D,0.05,1.1,matern52,medium,0.05,7,"[-0.2705487012863159, 0.056513190269470215, -0.261346697807312, -0.11083829402923584, -0.07559871673583984, 0.1420738697052002, 0.33773374557495117, 0.21824002265930176, -0.06480860710144043, 0.16535842418670654]",0,False,0.683637261390686,0.49038421194399556,1.0,0.683637261390686,31,new_L_factored,1.7155277699214138,new,none
gaussian_10D,0.05,1.1,matern52,medium,0.05,8,"[0.12028014659881592, 0.04459667205810547, -0.15594732761383057, 0.4698866605758667, -0.03482675552368164, -0.04841160774230957, 0.041010379791259766, -0.12097573280334473, -0.1521587371826172, -0.040320754051208496]",0,False,0.7526741623878479,0.597015324138826,1.0,0.7526741623878479,31,new_L_factored,1.7155277699214138,new,none
gaussian_10D,0.05,1.1,matern52,medium,0.05,9,"[-0.05217611789703369, 0.13678216934204102, -0.015252947807312012, 0.1586395502090454, -0.06958377361297607, 0.1504155397415161, -0.3850804567337036, -0.1688077449798584, 0.2342548370361328, 0.18597197532653809]",0,False,0.7017282247543335,0.5666593505490211,1.0,0.7017282247543335,31,new_L_factored,1.7155277699214138,new,none
gaussian_10D,0.05,1.1,matern52,medium,0.05,10,"[-0.07394289970397949, -0.017258405685424805, 0.08564817905426025, -0.047904014587402344, -0.34249329566955566, 0.11109566688537598, 0.23968493938446045, -0.15541505813598633, 0.3860987424850464, 0.1089552640914917]",0,False,0.7157172560691833,0.4813276505278003,1.0,0.7157172560691833,31,new_L_factored,1.7155277699214138,new,none
gaussian_10D,0.05,1.1,matern52,medium,0.05,11,"[-0.3820333480834961, -0.19642281532287598, -0.09052729606628418, -0.15195298194885254, 0.20659339427947998, 0.24644863605499268, -0.07918441295623779, 0.1190263032913208, 0.03218233585357666, 0.08259880542755127]",0,False,0.7955883145332336,0.5140731853823508,1.0,0.7955883145332336,31,new_L_factored,1.7155277699214138,new,none
gaussian_10D,0.05,1.1,matern52,medium,0.05,12,"[-0.1759810447692871, -0.11973845958709717, 0.126275897026062, 0.10140550136566162, 0.10525751113891602, 0.35882019996643066, 0.21087419986724854, 0.07860970497131348, 0.20920705795288086, -0.203110933303833]",0,False,0.7993223667144775,0.5193843384904246,1.0,0.7993223667144775,31,new_L_factored,1.7155277699214138,new,none
gaussian_10D,0.05,1.1,matern52,medium,0.05,13,"[-0.014992475509643555, -0.048040032386779785, 0.05348312854766846, 0.18150055408477783, 0.3103870153427124, 0.2896392345428467, 0.20270299911499023, -0.1011953353881836, 0.16503334045410156, 0.2507643699645996]",0,False,0.703752875328064,0.5165675849683823,1.0,0.703752875328064,31,new_L_factored,1.7155277699214138,new,none
gaussian_10D,0.05,1.1,matern52,medium,0.05,14,"[0.1373058557510376, -0.13327395915985107, -0.15915369987487793, 0.08650350570678711, 0.009666085243225098, 0.11111199855804443, 0.2516821622848511, -0.08652961254119873, -0.3035469055175781, 0.2780592441558838]",0,False,0.8302605748176575,0.5781517845969046,1.0,0.8302605748176575,31,new_L_factored,1.7155277699214138,new,none
gaussian_10D,0.05,1.1,matern52,medium,0.05,15,"[0.19588041305541992, -0.1330655813217163, -0.20889782905578613, 0.05790567398071289, 0.346316933631897, -0.07458364963531494, 0.050393104553222656, 0.10101282596588135, -0.20523905754089355, 0.09444010257720947]",0,False,0.8028742671012878,0.5733127286357265,1.0,0.8028742671012878,31,new_L_factored,1.7155277699214138,new,none
gaussian_10D,0.05,1.1,matern52,medium,0.05,16,"[-0.44054853916168213, 0.20777904987335205, -0.19828331470489502, 0.09400415420532227, 0.20104444026947021, 0.11773955821990967, -0.07682514190673828, 0.10927963256835938, -0.12370622158050537, 0.05191385746002197]",0,False,0.7708929181098938,0.5680869707176762,1.0,0.7708929181098938,31,new_L_factored,1.7155277699214138,new,none
gaussian_10D,0.05,1.1,matern52,medium,0.05,17,"[-0.2083892822265625, -0.027516484260559082, 0.2728428840637207, -0.03706061840057373, -0.0393826961517334, -0.2440561056137085, 0.061862945556640625, -0.18020915985107422, 0.09056675434112549, -0.29209041595458984]",0,False,0.5518993735313416,0.48911982774734497,1.0,0.5518993735313416,31,new_L_factored,1.7155277699214138,new,none
gaussian_10D,0.05,1.1,matern52,medium,0.05,18,"[0.12386751174926758, -0.021363258361816406, -0.3131018877029419, 0.19650888442993164, -0.014042139053344727, -0.17101800441741943, 0.02246713638305664, -0.020115137100219727, -0.1107628345489502, -0.07315993309020996]",0,False,0.8190040588378906,0.7503883386811903,1.0,0.8190040588378906,31,new_L_factored,1.7155277699214138,new,none
gaussian_10D,0.05,1.1,matern52,medium,0.05,19,"[0.05570375919342041, -0.13428127765655518, 0.1050865650177002, -0.2605628967285156, 0.005878925323486328, 0.2529563903808594, -0.36291205883026123, -0.022758126258850098, 0.2121678590774536, 0.1306222677230835]",0,False,0.6608019471168518,0.4580527140248206,1.0,0.6608019471168518,31,new_L_factored,1.7155277699214138,new,none
gaussian_10D,0.0,1.0,matern52,medium,0.05,0,"[-0.057897329330444336, -0.2283838987350464, 0.03583073616027832, -0.14373362064361572, 0.09123468399047852, 0.11887645721435547, 0.4540759325027466, 0.01920771598815918, -0.0768047571182251, 0.04931521415710449]",0,False,0.5993548035621643,0.4386912324736195,1.0,0.5993548035621643,31,old_L_raw,8.0,old,none
gaussian_10D,0.0,1.0,matern52,medium,0.05,1,"[-0.03018343448638916, -0.3083958625793457, 0.148026704788208, -0.013062596321105957, 0.06308639049530029, 0.10624086856842041, 0.09732949733734131, 0.3191157579421997, 0.24600350856781006, -0.18217360973358154]",0,False,0.42368292808532715,0.3482802635239017,1.0,0.42368292808532715,31,old_L_raw,8.0,old,none
gaussian_10D,0.0,1.0,matern52,medium,0.05,2,"[0.0006958246231079102, -0.12071573734283447, -0.1696474552154541, 0.14011383056640625, -0.1921144723892212, -0.07059824466705322, -0.06648111343383789, -0.17209672927856445, -0.0858299732208252, -0.3736917972564697]",0,False,0.5454505681991577,0.3886459421726965,1.0,0.5454505681991577,31,old_L_raw,8.0,old,none
gaussian_10D,0.0,1.0,matern52,medium,0.05,3,"[-0.1255718469619751, 0.31234419345855713, -0.0062552690505981445, 0.10745584964752197, -0.043206095695495605, -0.1462620496749878, -0.3927203416824341, 0.20088481903076172, -0.08874058723449707, -0.10311663150787354]",0,False,0.418329656124115,0.3054801908231551,1.0,0.418329656124115,31,old_L_raw,8.0,old,none
gaussian_10D,0.0,1.0,matern52,medium,0.05,4,"[0.23022830486297607, -0.20723092555999756, 0.10746359825134277, -0.07821595668792725, 0.08809983730316162, -0.14496850967407227, 0.24874651432037354, -0.2787020206451416, 0.07840251922607422, -0.31822681427001953]",0,False,0.29883283376693726,0.24813115548702977,1.0,0.29883283376693726,31,old_L_raw,8.0,old,none
gaussian_10D,0.0,1.0,matern52,medium,0.05,5,"[-0.21574318408966064, -0.1497565507888794, -0.0557093620300293, 0.23555266857147217, -0.038301706314086914, -0.07840991020202637, -0.2361363172531128, -0.21633660793304443, 0.004619121551513672, -0.2819732427597046]",0,False,0.35380586981773376,0.30931383563626197,1.0,0.35380586981773376,31,old_L_raw,8.0,old,none
gaussian_10D,0.0,1.0,matern52,medium,0.05,6,"[-0.10070395469665527, -0.10954749584197998, -0.007368922233581543, 0.02607250213623047, -0.07100915908813477, 0.23324191570281982, 0.43513941764831543, -0.11453640460968018, 0.30245137214660645, -0.02600574493408203]",0,False,0.26697301864624023,0.24195562062724943,1.0,0.26697301864624023,31,old_L_raw,8.0,old,none
gaussian_10D,0.0,1.0,matern52,medium,0.05,7,"[-0.2705487012863159, 0.056513190269470215, -0.261346697807312, -0.11083829402923584, -0.07559871673583984, 0.1420738697052002, 0.33773374557495117, 0.21824002265930176, -0.06480860710144043, 0.16535842418670654]",0,False,0.3420795500278473,0.30065810055502,1.0,0.3420795500278473,31,old_L_raw,8.0,old,none
gaussian_10D,0.0,1.0,matern52,medium,0.05,8,"[0.12028014659881592, 0.04459667205810547, -0.15594732761383057, 0.4698866605758667, -0.03482675552368164, -0.04841160774230957, 0.041010379791259766, -0.12097573280334473, -0.1521587371826172, -0.040320754051208496]",0,False,0.5715039968490601,0.438441990844665,1.0,0.5715039968490601,31,old_L_raw,8.0,old,none
gaussian_10D,0.0,1.0,matern52,medium,0.05,9,"[-0.05217611789703369, 0.13678216934204102, -0.015252947807312012, 0.1586395502090454, -0.06958377361297607, 0.1504155397415161, -0.3850804567337036, -0.1688077449798584, 0.2342548370361328, 0.18597197532653809]",0,False,0.4753343164920807,0.35704894604221465,1.0,0.4753343164920807,31,old_L_raw,8.0,old,none
gaussian_10D,0.0,1.0,matern52,medium,0.05,10,"[-0.07394289970397949, -0.017258405685424805, 0.08564817905426025, -0.047904014587402344, -0.34249329566955566, 0.11109566688537598, 0.23968493938446045, -0.15541505813598633, 0.3860987424850464, 0.1089552640914917]",0,False,0.32670411467552185,0.2513196708694581,1.0,0.32670411467552185,31,old_L_raw,8.0,old,none
gaussian_10D,0.0,1.0,matern52,medium,0.05,11,"[-0.3820333480834961, -0.19642281532287598, -0.09052729606628418, -0.15195298194885254, 0.20659339427947998, 0.24644863605499268, -0.07918441295623779, 0.1190263032913208, 0.03218233585357666, 0.08259880542755127]",0,False,0.4396321177482605,0.32703478682425713,1.0,0.4396321177482605,31,old_L_raw,8.0,old,none
gaussian_10D,0.0,1.0,matern52,medium,0.05,12,"[-0.1759810447692871, -0.11973845958709717, 0.126275897026062, 0.10140550136566162, 0.10525751113891602, 0.35882019996643066, 0.21087419986724854, 0.07860970497131348, 0.20920705795288086, -0.203110933303833]",0,False,0.3880440294742584,0.3101096571453156,1.0,0.3880440294742584,31,old_L_raw,8.0,old,none
gaussian_10D,0.0,1.0,matern52,medium,0.05,13,"[-0.014992475509643555, -0.048040032386779785, 0.05348312854766846, 0.18150055408477783, 0.3103870153427124, 0.2896392345428467, 0.20270299911499023, -0.1011953353881836, 0.16503334045410156, 0.2507643699645996]",0,False,0.31439030170440674,0.2682733622289473,1.0,0.31439030170440674,31,old_L_raw,8.0,old,none
gaussian_10D,0.0,1.0,matern52,medium,0.05,14,"[0.1373058557510376, -0.13327395915985107, -0.15915369987487793, 0.08650350570678711, 0.009666085243225098, 0.11111199855804443, 0.2516821622848511, -0.08652961254119873, -0.3035469055175781, 0.2780592441558838]",0,False,0.4497814178466797,0.3573167256770595,1.0,0.4497814178466797,31,old_L_raw,8.0,old,none
gaussian_10D,0.0,1.0,matern52,medium,0.05,15,"[0.19588041305541992, -0.1330655813217163, -0.20889782905578613, 0.05790567398071289, 0.346316933631897, -0.07458364963531494, 0.050393104553222656, 0.10101282596588135, -0.20523905754089355, 0.09444010257720947]",0,False,0.4755348563194275,0.394297662281221,1.0,0.4755348563194275,31,old_L_raw,8.0,old,none
gaussian_10D,0.0,1.0,matern52,medium,0.05,16,"[-0.44054853916168213, 0.20777904987335205, -0.19828331470489502, 0.09400415420532227, 0.20104444026947021, 0.11773955821990967, -0.07682514190673828, 0.10927963256835938, -0.12370622158050537, 0.05191385746002197]",0,False,0.3877609074115753,0.31199220736180583,1.0,0.3877609074115753,31,old_L_raw,8.0,old,none
gaussian_10D,0.0,1.0,matern52,medium,0.05,17,"[-0.2083892822265625, -0.027516484260559082, 0.2728428840637207, -0.03706061840057373, -0.0393826961517334, -0.2440561056137085, 0.061862945556640625, -0.18020915985107422, 0.09056675434112549, -0.29209041595458984]",0,False,0.467868834733963,0.34162102976152975,1.0,0.467868834733963,31,old_L_raw,8.0,old,none
gaussian_10D,0.0,1.0,matern52,medium,0.05,18,"[0.12386751174926758, -0.021363258361816406, -0.3131018877029419, 0.19650888442993164, -0.014042139053344727, -0.17101800441741943, 0.02246713638305664, -0.020115137100219727, -0.1107628345489502, -0.07315993309020996]",0,False,0.7957134246826172,0.6078406995342623,1.0,0.7957134246826172,31,old_L_raw,8.0,old,none
gaussian_10D,0.0,1.0,matern52,medium,0.05,19,"[0.05570375919342041, -0.13428127765655518, 0.1050865650177002, -0.2605628967285156, 0.005878925323486328, 0.2529563903808594, -0.36291205883026123, -0.022758126258850098, 0.2121678590774536, 0.1306222677230835]",0,False,0.37551000714302063,0.3122400857748524,1.0,0.37551000714302063,31,old_L_raw,8.0,old,none
gaussian_10D,0.0,1.0,matern52,medium,0.05,0,"[-0.057897329330444336, -0.2283838987350464, 0.03583073616027832, -0.14373362064361572, 0.09123468399047852, 0.11887645721435547, 0.4540759325027466, 0.01920771598815918, -0.0768047571182251, 0.04931521415710449]",0,False,0.6348097324371338,0.5061397312148925,1.0,0.6348097324371338,31,new_L_raw,1.7155277699214138,new,none
gaussian_10D,0.0,1.0,matern52,medium,0.05,1,"[-0.03018343448638916, -0.3083958625793457, 0.148026704788208, -0.013062596321105957, 0.06308639049530029, 0.10624086856842041, 0.09732949733734131, 0.3191157579421997, 0.24600350856781006, -0.18217360973358154]",0,False,0.7606012225151062,0.6339144101065974,1.0,0.7606012225151062,31,new_L_raw,1.7155277699214138,new,none
gaussian_10D,0.0,1.0,matern52,medium,0.05,2,"[0.0006958246231079102, -0.12071573734283447, -0.1696474552154541, 0.14011383056640625, -0.1921144723892212, -0.07059824466705322, -0.06648111343383789, -0.17209672927856445, -0.0858299732208252, -0.3736917972564697]",0,False,0.6474671363830566,0.5245201914541183,1.0,0.6474671363830566,31,new_L_raw,1.7155277699214138,new,none
gaussian_10D,0.0,1.0,matern52,medium,0.05,3,"[-0.1255718469619751, 0.31234419345855713, -0.0062552690505981445, 0.10745584964752197, -0.043206095695495605, -0.1462620496749878, -0.3927203416824341, 0.20088481903076172, -0.08874058723449707, -0.10311663150787354]",0,False,0.6645374894142151,0.5682600544344995,1.0,0.6645374894142151,31,new_L_raw,1.7155277699214138,new,none
gaussian_10D,0.0,1.0,matern52,medium,0.05,4,"[0.23022830486297607, -0.20723092555999756, 0.10746359825134277, -0.07821595668792725, 0.08809983730316162, -0.14496850967407227, 0.24874651432037354, -0.2787020206451416, 0.07840251922607422, -0.31822681427001953]",0,False,0.5659423470497131,0.5223848021799519,1.0,0.5659423470497131,31,new_L_raw,1.7155277699214138,new,none
gaussian_10D,0.0,1.0,matern52,medium,0.05,5,"[-0.21574318408966064, -0.1497565507888794, -0.0557093620300293, 0.23555266857147217, -0.038301706314086914, -0.07840991020202637, -0.2361363172531128, -0.21633660793304443, 0.004619121551513672, -0.2819732427597046]",0,False,0.6758866310119629,0.592362759574767,1.0,0.6758866310119629,31,new_L_raw,1.7155277699214138,new,none
gaussian_10D,0.0,1.0,matern52,medium,0.05,6,"[-0.10070395469665527, -0.10954749584197998, -0.007368922233581543, 0.02607250213623047, -0.07100915908813477, 0.23324191570281982, 0.43513941764831543, -0.11453640460968018, 0.30245137214660645, -0.02600574493408203]",0,False,0.7594324350357056,0.5675366357449563,1.0,0.7594324350357056,31,new_L_raw,1.7155277699214138,new,none
gaussian_10D,0.0,1.0,matern52,medium,0.05,7,"[-0.2705487012863159, 0.056513190269470215, -0.261346697807312, -0.11083829402923584, -0.07559871673583984, 0.1420738697052002, 0.33773374557495117, 0.21824002265930176, -0.06480860710144043, 0.16535842418670654]",0,False,0.6854340434074402,0.6133005676730987,1.0,0.6854340434074402,31,new_L_raw,1.7155277699214138,new,none
gaussian_10D,0.0,1.0,matern52,medium,0.05,8,"[0.12028014659881592, 0.04459667205810547, -0.15594732761383057, 0.4698866605758667, -0.03482675552368164, -0.04841160774230957, 0.041010379791259766, -0.12097573280334473, -0.1521587371826172, -0.040320754051208496]",0,False,0.8329464793205261,0.6683969132361873,1.0,0.8329464793205261,31,new_L_raw,1.7155277699214138,new,none
gaussian_10D,0.0,1.0,matern52,medium,0.05,9,"[-0.05217611789703369, 0.13678216934204102, -0.015252947807312012, 0.1586395502090454, -0.06958377361297607, 0.1504155397415161, -0.3850804567337036, -0.1688077449798584, 0.2342548370361328, 0.18597197532653809]",0,False,0.8439959287643433,0.5394427247585789,1.0,0.8439959287643433,31,new_L_raw,1.7155277699214138,new,none
gaussian_10D,0.0,1.0,matern52,medium,0.05,10,"[-0.07394289970397949, -0.017258405685424805, 0.08564817905426025, -0.047904014587402344, -0.34249329566955566, 0.11109566688537598, 0.23968493938446045, -0.15541505813598633, 0.3860987424850464, 0.1089552640914917]",0,False,0.7018684148788452,0.5961911923462345,1.0,0.7018684148788452,31,new_L_raw,1.7155277699214138,new,none
gaussian_10D,0.0,1.0,matern52,medium,0.05,11,"[-0.3820333480834961, -0.19642281532287598, -0.09052729606628418, -0.15195298194885254, 0.20659339427947998, 0.24644863605499268, -0.07918441295623779, 0.1190263032913208, 0.03218233585357666, 0.08259880542755127]",0,False,0.7333199381828308,0.5440445186630372,1.0,0.7333199381828308,31,new_L_raw,1.7155277699214138,new,none
gaussian_10D,0.0,1.0,matern52,medium,0.05,12,"[-0.1759810447692871, -0.11973845958709717, 0.126275897026062, 0.10140550136566162, 0.10525751113891602, 0.35882019996643066, 0.21087419986724854, 0.07860970497131348, 0.20920705795288086, -0.203110933303833]",0,False,0.6041132211685181,0.5154166649426183,1.0,0.6041132211685181,31,new_L_raw,1.7155277699214138,new,none
gaussian_10D,0.0,1.0,matern52,medium,0.05,13,"[-0.014992475509643555, -0.048040032386779785, 0.05348312854766846, 0.18150055408477783, 0.3103870153427124, 0.2896392345428467, 0.20270299911499023, -0.1011953353881836, 0.16503334045410156, 0.2507643699645996]",0,False,0.6890621185302734,0.5115069660448259,1.0,0.6890621185302734,31,new_L_raw,1.7155277699214138,new,none
gaussian_10D,0.0,1.0,matern52,medium,0.05,14,"[0.1373058557510376, -0.13327395915985107, -0.15915369987487793, 0.08650350570678711, 0.009666085243225098, 0.11111199855804443, 0.2516821622848511, -0.08652961254119873, -0.3035469055175781, 0.2780592441558838]",0,False,0.8654602766036987,0.5369813855617277,1.0,0.8654602766036987,31,new_L_raw,1.7155277699214138,new,none
gaussian_10D,0.0,1.0,matern52,medium,0.05,15,"[0.19588041305541992, -0.1330655813217163, -0.20889782905578613, 0.05790567398071289, 0.346316933631897, -0.07458364963531494, 0.050393104553222656, 0.10101282596588135, -0.20523905754089355, 0.09444010257720947]",0,False,0.7407843470573425,0.5990907069175474,1.0,0.7407843470573425,31,new_L_raw,1.7155277699214138,new,none
gaussian_10D,0.0,1.0,matern52,medium,0.05,16,"[-0.44054853916168213, 0.20777904987335205, -0.19828331470489502, 0.09400415420532227, 0.20104444026947021, 0.11773955821990967, -0.07682514190673828, 0.10927963256835938, -0.12370622158050537, 0.05191385746002197]",0,False,0.7488162517547607,0.6029574885483711,1.0,0.7488162517547607,31,new_L_raw,1.7155277699214138,new,none
gaussian_10D,0.0,1.0,matern52,medium,0.05,17,"[-0.2083892822265625, -0.027516484260559082, 0.2728428840637207, -0.03706061840057373, -0.0393826961517334, -0.2440561056137085, 0.061862945556640625, -0.18020915985107422, 0.09056675434112549, -0.29209041595458984]",0,False,0.7563521265983582,0.5239170126376613,1.0,0.7563521265983582,31,new_L_raw,1.7155277699214138,new,none
gaussian_10D,0.0,1.0,matern52,medium,0.05,18,"[0.12386751174926758, -0.021363258361816406, -0.3131018877029419, 0.19650888442993164, -0.014042139053344727, -0.17101800441741943, 0.02246713638305664, -0.020115137100219727, -0.1107628345489502, -0.07315993309020996]",0,False,0.6858816146850586,0.6228796820486745,1.0,0.6858816146850586,31,new_L_raw,1.7155277699214138,new,none
gaussian_10D,0.0,1.0,matern52,medium,0.05,19,"[0.05570375919342041, -0.13428127765655518, 0.1050865650177002, -0.2605628967285156, 0.005878925323486328, 0.2529563903808594, -0.36291205883026123, -0.022758126258850098, 0.2121678590774536, 0.1306222677230835]",0,False,0.7366644144058228,0.5340089442268494,1.0,0.7366644144058228,31,new_L_raw,1.7155277699214138,new,none
