anchor_idx,radius,max_dist,n_escaped,n_total
0,0.06945762783288956,0.06945765018463135,0,10
0,0.06945762783288956,0.06945765018463135,0,10
1,0.0697111189365387,0.0697111189365387,0,10
0,0.06945762783288956,0.06945765018463135,0,10
1,0.0697111189365387,0.0641370341181755,0,10
2,0.06841433793306351,0.04950239136815071,0,10
0,0.06945762783288956,0.06945765018463135,0,10
1,0.0697111189365387,0.06390498578548431,0,10
2,0.06841433793306351,0.04785194993019104,0,10
3,0.06966547667980194,0.04162610322237015,0,10
0,0.06945762783288956,0.06945764273405075,0,10
1,0.0697111189365387,0.062053535133600235,0,10
2,0.06841433793306351,0.048153072595596313,0,10
3,0.06966547667980194,0.05002151057124138,0,10
4,0.07038557529449463,0.05027031898498535,0,10
0,0.06945762783288956,0.06945765763521194,0,10
1,0.0697111189365387,0.06399038434028625,0,10
2,0.06841433793306351,0.03469465300440788,0,10
3,0.06966547667980194,0.053577154874801636,0,10
4,0.07038557529449463,0.05382722616195679,0,10
5,0.07090315222740173,0.05800079181790352,0,10
0,0.06945762783288956,0.06945765018463135,0,10
1,0.0697111189365387,0.06205328553915024,0,10
2,0.06841433793306351,0.039021845906972885,0,10
3,0.06966547667980194,0.04600910097360611,0,10
4,0.07038557529449463,0.053723737597465515,0,10
5,0.07090315222740173,0.05192083120346069,0,10
6,0.06935551017522812,0.04358804598450661,0,10
0,0.06945762783288956,0.06945765018463135,0,10
1,0.0697111189365387,0.0697111189365387,0,10
2,0.06841433793306351,0.042337238788604736,0,10
3,0.06966547667980194,0.06966546177864075,0,10
4,0.07038557529449463,0.06176420673727989,0,10
5,0.07090315222740173,0.05260741710662842,0,10
6,0.06935551017522812,0.057642072439193726,0,10
7,0.06941570341587067,0.046907223761081696,0,10
0,0.06945762783288956,0.06945765018463135,0,10
1,0.0697111189365387,0.06266019493341446,0,10
2,0.06841433793306351,0.04147249832749367,0,10
3,0.06966547667980194,0.044288519769907,0,10
4,0.07038557529449463,0.04338369891047478,0,10
5,0.07090315222740173,0.05074535682797432,0,10
6,0.06935551017522812,0.028593646362423897,0,10
7,0.06941570341587067,0.037570010870695114,0,10
8,0.07099053263664246,0.040743593126535416,0,10
0,0.06945762783288956,0.06945765018463135,0,10
1,0.0697111189365387,0.0697111189365387,0,10
2,0.06841433793306351,0.04311501979827881,0,10
3,0.06966547667980194,0.042294032871723175,0,10
4,0.07038557529449463,0.053915251046419144,0,10
5,0.07090315222740173,0.05142204090952873,0,10
6,0.06935551017522812,0.054428551346063614,0,10
7,0.06941570341587067,0.04075439274311066,0,10
8,0.07099053263664246,0.056232750415802,0,10
9,0.07025953382253647,0.0625268891453743,0,10
0,0.06945762783288956,0.06945764273405075,0,10
1,0.0697111189365387,0.06494321674108505,0,10
2,0.06841433793306351,0.039901070296764374,0,10
3,0.06966547667980194,0.06966546177864075,0,10
4,0.07038557529449463,0.07038557529449463,0,10
5,0.07090315222740173,0.05365413427352905,0,10
6,0.06935551017522812,0.024342520162463188,0,10
7,0.06941570341587067,0.04878673702478409,0,10
8,0.07099053263664246,0.04427928477525711,0,10
9,0.07025953382253647,0.04824131727218628,0,10
10,0.07082438468933105,0.043786387890577316,0,10
0,0.06945762783288956,0.06945764273405075,0,10
1,0.0697111189365387,0.06355643272399902,0,10
2,0.06841433793306351,0.04803648591041565,0,10
3,0.06966547667980194,0.05283262953162193,0,10
4,0.07038557529449463,0.0473136305809021,0,10
5,0.07090315222740173,0.054133057594299316,0,10
6,0.06935551017522812,0.04533963277935982,0,10
7,0.06941570341587067,0.036908697336912155,0,10
8,0.07099053263664246,0.05904300883412361,0,10
9,0.07025953382253647,0.04875325784087181,0,10
10,0.07082438468933105,0.05136770382523537,0,10
11,0.07050026208162308,0.056668348610401154,0,10
0,0.06945762783288956,0.06945765018463135,0,10
1,0.0697111189365387,0.06301922351121902,0,10
2,0.06841433793306351,0.03962474316358566,0,10
3,0.06966547667980194,0.04813595488667488,0,10
4,0.07038557529449463,0.04717852175235748,0,10
5,0.07090315222740173,0.05456351861357689,0,10
6,0.06935551017522812,0.053649287670850754,0,10
7,0.06941570341587067,0.05931706354022026,0,10
8,0.07099053263664246,0.05434335023164749,0,10
9,0.07025953382253647,0.07025954127311707,0,10
10,0.07082438468933105,0.05337916314601898,0,10
11,0.07050026208162308,0.038734663277864456,0,10
12,0.0699019581079483,0.04053405299782753,0,10
0,0.06945762783288956,0.06945765018463135,0,10
1,0.0697111189365387,0.061553873121738434,0,10
2,0.06841433793306351,0.0542408712208271,0,10
3,0.06966547667980194,0.03584626317024231,0,10
4,0.07038557529449463,0.055811066180467606,0,10
5,0.07090315222740173,0.03577530011534691,0,10
6,0.06935551017522812,0.044297799468040466,0,10
7,0.06941570341587067,0.029698628932237625,0,10
8,0.07099053263664246,0.05933571606874466,0,10
9,0.07025953382253647,0.04180651903152466,0,10
10,0.07082438468933105,0.07000517845153809,0,10
11,0.07050026208162308,0.07050025463104248,0,10
12,0.0699019581079483,0.04889177903532982,0,10
13,0.06858985871076584,0.05127662420272827,0,10
0,0.06945762783288956,0.06945765018463135,0,10
1,0.0697111189365387,0.06334937363862991,0,10
2,0.06841433793306351,0.04774906486272812,0,10
3,0.06966547667980194,0.03550350293517113,0,10
4,0.07038557529449463,0.056972019374370575,0,10
5,0.07090315222740173,0.04615047574043274,0,10
6,0.06935551017522812,0.05226077511906624,0,10
7,0.06941570341587067,0.03961474820971489,0,10
8,0.07099053263664246,0.04306551814079285,0,10
9,0.07025953382253647,0.050362151116132736,0,10
10,0.07082438468933105,0.04423568770289421,0,10
11,0.07050026208162308,0.04954090714454651,0,10
12,0.0699019581079483,0.042763568460941315,0,10
13,0.06858985871076584,0.05836768075823784,0,10
14,0.06976349651813507,0.05811658501625061,0,10
0,0.06945762783288956,0.06945765018463135,0,10
1,0.0697111189365387,0.0697111189365387,0,10
2,0.06841433793306351,0.037780921906232834,0,10
3,0.06966547667980194,0.04665154218673706,0,10
4,0.07038557529449463,0.0458662211894989,0,10
5,0.07090315222740173,0.05759841948747635,0,10
6,0.06935551017522812,0.053773071616888046,0,10
7,0.06941570341587067,0.04546411335468292,0,10
8,0.07099053263664246,0.042615003883838654,0,10
9,0.07025953382253647,0.050762973725795746,0,10
10,0.07082438468933105,0.05724089592695236,0,10
11,0.07050026208162308,0.03794381022453308,0,10
12,0.0699019581079483,0.050003111362457275,0,10
13,0.06858985871076584,0.04071031138300896,0,10
14,0.06976349651813507,0.05058607831597328,0,10
15,0.06928721070289612,0.038615476340055466,0,10
0,0.06945762783288956,0.06945765018463135,0,10
1,0.0697111189365387,0.0697111189365387,0,10
2,0.06841433793306351,0.04861928150057793,0,10
3,0.06966547667980194,0.04887128621339798,0,10
4,0.07038557529449463,0.04031944274902344,0,10
5,0.07090315222740173,0.06071212515234947,0,10
6,0.06935551017522812,0.045829031616449356,0,10
7,0.06941570341587067,0.028419112786650658,0,10
8,0.07099053263664246,0.04976671561598778,0,10
9,0.07025953382253647,0.0481170117855072,0,10
10,0.07082438468933105,0.04865368828177452,0,10
11,0.07050026208162308,0.04033104330301285,0,10
12,0.0699019581079483,0.04780092090368271,0,10
13,0.06858985871076584,0.02918960154056549,0,10
14,0.06976349651813507,0.0571223683655262,0,10
15,0.06928721070289612,0.04193698614835739,0,10
16,0.06997576355934143,0.06278309226036072,0,10
0,0.06945762783288956,0.06945765018463135,0,10
1,0.0697111189365387,0.06599913537502289,0,10
2,0.06841433793306351,0.04699122905731201,0,10
3,0.06966547667980194,0.04719060659408569,0,10
4,0.07038557529449463,0.05722373351454735,0,10
5,0.07090315222740173,0.05941535159945488,0,10
6,0.06935551017522812,0.045829031616449356,0,10
7,0.06941570341587067,0.02600346878170967,0,10
8,0.07099053263664246,0.047499388456344604,0,10
9,0.07025953382253647,0.04433119297027588,0,10
10,0.07082438468933105,0.06110655888915062,0,10
11,0.07050026208162308,0.03541594371199608,0,10
12,0.0699019581079483,0.039998605847358704,0,10
13,0.06858985871076584,0.05760745704174042,0,10
14,0.06976349651813507,0.05006316304206848,0,10
15,0.06928721070289612,0.052904266864061356,0,10
16,0.06997576355934143,0.05062682181596756,0,10
17,0.06978625059127808,0.04996021091938019,0,10
0,0.06945762783288956,0.06945765018463135,0,10
1,0.0697111189365387,0.0697111114859581,0,10
2,0.06841433793306351,0.02456831932067871,0,10
3,0.06966547667980194,0.0513002909719944,0,10
4,0.07038557529449463,0.05464944988489151,0,10
5,0.07090315222740173,0.053353201597929,0,10
6,0.06935551017522812,0.05012861639261246,0,10
7,0.06941570341587067,0.05508396774530411,0,10
8,0.07099053263664246,0.05303603783249855,0,10
9,0.07025953382253647,0.03945364058017731,0,10
10,0.07082438468933105,0.039648789912462234,0,10
11,0.07050026208162308,0.052911266684532166,0,10
12,0.0699019581079483,0.04738448187708855,0,10
13,0.06858985871076584,0.0237430352717638,0,10
14,0.06976349651813507,0.05994970351457596,0,10
15,0.06928721070289612,0.04123809561133385,0,10
16,0.06997576355934143,0.04754748195409775,0,10
17,0.06978625059127808,0.04758761450648308,0,10
18,0.06834635138511658,0.06252526491880417,0,10
0,0.06945762783288956,0.06945764273405075,0,10
1,0.0697111189365387,0.0697111189365387,0,10
2,0.06841433793306351,0.046142660081386566,0,10
3,0.06966547667980194,0.05352931097149849,0,10
4,0.07038557529449463,0.060885608196258545,0,10
5,0.07090315222740173,0.05425233766436577,0,10
6,0.06935551017522812,0.02752063237130642,0,10
7,0.06941570341587067,0.05263857543468475,0,10
8,0.07099053263664246,0.052390217781066895,0,10
9,0.07025953382253647,0.02762909233570099,0,10
10,0.07082438468933105,0.07082438468933105,0,10
11,0.07050026208162308,0.04621177911758423,0,10
12,0.0699019581079483,0.05086461082100868,0,10
13,0.06858985871076584,0.05150904506444931,0,10
14,0.06976349651813507,0.04736154526472092,0,10
15,0.06928721070289612,0.056618161499500275,0,10
16,0.06997576355934143,0.0458168089389801,0,10
17,0.06978625059127808,0.028761811554431915,0,10
18,0.06834635138511658,0.04230947047472,0,10
19,0.06955364346504211,0.047301169484853745,0,10
0,0.06945762783288956,0.06945765018463135,0,10
1,0.0697111189365387,0.0697111189365387,0,10
2,0.06841433793306351,0.041037872433662415,0,10
3,0.06966547667980194,0.03834420442581177,0,10
4,0.07038557529449463,0.04559791088104248,0,10
5,0.07090315222740173,0.04497146233916283,0,10
6,0.06935551017522812,0.048253145068883896,0,10
7,0.06941570341587067,0.04850710555911064,0,10
8,0.07099053263664246,0.05755860358476639,0,10
9,0.07025953382253647,0.0380854457616806,0,10
10,0.07082438468933105,0.05649563670158386,0,10
11,0.07050026208162308,0.045620620250701904,0,10
12,0.0699019581079483,0.05315473675727844,0,10
13,0.06858985871076584,0.05144546926021576,0,10
14,0.06976349651813507,0.048918526619672775,0,10
15,0.06928721070289612,0.054720573127269745,0,10
16,0.06997576355934143,0.04452316090464592,0,10
17,0.06978625059127808,0.03789610415697098,0,10
18,0.06834635138511658,0.05526726320385933,0,10
19,0.06955364346504211,0.03951571136713028,0,10
20,0.07059147953987122,0.06442229449748993,0,10
0,0.06945762783288956,0.06945765018463135,0,10
1,0.0697111189365387,0.06394962966442108,0,10
2,0.06841433793306351,0.04745427146553993,0,10
3,0.06966547667980194,0.04468667507171631,0,10
4,0.07038557529449463,0.04897803068161011,0,10
5,0.07090315222740173,0.05008334666490555,0,10
6,0.06935551017522812,0.05678683519363403,0,10
7,0.06941570341587067,0.055393293499946594,0,10
8,0.07099053263664246,0.04571444168686867,0,10
9,0.07025953382253647,0.07025954127311707,0,10
10,0.07082438468933105,0.04072555899620056,0,10
11,0.07050026208162308,0.07050025463104248,0,10
12,0.0699019581079483,0.05549180507659912,0,10
13,0.06858985871076584,0.02898336388170719,0,10
14,0.06976349651813507,0.048088133335113525,0,10
15,0.06928721070289612,0.050577111542224884,0,10
16,0.06997576355934143,0.05250433087348938,0,10
17,0.06978625059127808,0.045517027378082275,0,10
18,0.06834635138511658,0.05349894240498543,0,10
19,0.06955364346504211,0.04443588852882385,0,10
20,0.07059147953987122,0.054616425186395645,0,10
21,0.06862872838973999,0.04740713909268379,0,10
0,0.06945762783288956,0.06945765018463135,0,10
1,0.0697111189365387,0.0697111189365387,0,10
2,0.06841433793306351,0.052182070910930634,0,10
3,0.06966547667980194,0.0380978137254715,0,10
4,0.07038557529449463,0.04539742320775986,0,10
5,0.07090315222740173,0.048113394528627396,0,10
6,0.06935551017522812,0.055593449622392654,0,10
7,0.06941570341587067,0.05693238973617554,0,10
8,0.07099053263664246,0.04977656155824661,0,10
9,0.07025953382253647,0.0551314614713192,0,10
10,0.07082438468933105,0.05319414287805557,0,10
11,0.07050026208162308,0.054960042238235474,0,10
12,0.0699019581079483,0.04728274419903755,0,10
13,0.06858985871076584,0.05749543756246567,0,10
14,0.06976349651813507,0.058348704129457474,0,10
15,0.06928721070289612,0.049459729343652725,0,10
16,0.06997576355934143,0.058760423213243484,0,10
17,0.06978625059127808,0.05947495624423027,0,10
18,0.06834635138511658,0.047511614859104156,0,10
19,0.06955364346504211,0.0464743971824646,0,10
20,0.07059147953987122,0.0434919148683548,0,10
21,0.06862872838973999,0.02895476296544075,0,10
22,0.06925015151500702,0.06069747731089592,0,10
0,0.06945762783288956,0.06945764273405075,0,10
1,0.0697111189365387,0.06234913319349289,0,10
2,0.06841433793306351,0.05999760702252388,0,10
3,0.06966547667980194,0.040760308504104614,0,10
4,0.07038557529449463,0.0404139943420887,0,10
5,0.07090315222740173,0.04187929630279541,0,10
6,0.06935551017522812,0.04954163730144501,0,10
7,0.06941570341587067,0.04894107207655907,0,10
8,0.07099053263664246,0.04563797637820244,0,10
9,0.07025953382253647,0.05739754065871239,0,10
10,0.07082438468933105,0.049550969153642654,0,10
11,0.07050026208162308,0.06356251239776611,0,10
12,0.0699019581079483,0.04716402292251587,0,10
13,0.06858985871076584,0.03936276584863663,0,10
14,0.06976349651813507,0.05320324748754501,0,10
15,0.06928721070289612,0.034592319279909134,0,10
16,0.06997576355934143,0.046571552753448486,0,10
17,0.06978625059127808,0.05701228231191635,0,10
18,0.06834635138511658,0.04899489879608154,0,10
19,0.06955364346504211,0.06591686606407166,0,10
20,0.07059147953987122,0.04862096905708313,0,10
21,0.06862872838973999,0.05046720430254936,0,10
22,0.06925015151500702,0.06069747731089592,0,10
23,0.07036439329385757,0.05885559320449829,0,10
0,0.06945762783288956,0.06945765018463135,0,10
1,0.0697111189365387,0.06638040393590927,0,10
2,0.06841433793306351,0.05024212226271629,0,10
3,0.06966547667980194,0.060075439512729645,0,10
4,0.07038557529449463,0.053425733000040054,0,10
5,0.07090315222740173,0.03504952788352966,0,10
6,0.06935551017522812,0.051797062158584595,0,10
7,0.06941570341587067,0.04871998727321625,0,10
8,0.07099053263664246,0.052897859364748,0,10
9,0.07025953382253647,0.03431187570095062,0,10
10,0.07082438468933105,0.052519962191581726,0,10
11,0.07050026208162308,0.051823705434799194,0,10
12,0.0699019581079483,0.04346771165728569,0,10
13,0.06858985871076584,0.04783372953534126,0,10
14,0.06976349651813507,0.03488849848508835,0,10
15,0.06928721070289612,0.053638942539691925,0,10
16,0.06997576355934143,0.03694280982017517,0,10
17,0.06978625059127808,0.05287538096308708,0,10
18,0.06834635138511658,0.05368410050868988,0,10
19,0.06955364346504211,0.038246478885412216,0,10
20,0.07059147953987122,0.04037035256624222,0,10
21,0.06862872838973999,0.036428388208150864,0,10
22,0.06925015151500702,0.04656903073191643,0,10
23,0.07036439329385757,0.041729480028152466,0,10
24,0.07079708576202393,0.03963213786482811,0,10
0,0.06945762783288956,0.06945765018463135,0,10
1,0.0697111189365387,0.06379839032888412,0,10
2,0.06841433793306351,0.04388504847884178,0,10
3,0.06966547667980194,0.04946589097380638,0,10
4,0.07038557529449463,0.03729531168937683,0,10
5,0.07090315222740173,0.048748549073934555,0,10
6,0.06935551017522812,0.037957292050123215,0,10
7,0.06941570341587067,0.03644820675253868,0,10
8,0.07099053263664246,0.06452734768390656,0,10
9,0.07025953382253647,0.06078523024916649,0,10
10,0.07082438468933105,0.05361414700746536,0,10
11,0.07050026208162308,0.05378139019012451,0,10
12,0.0699019581079483,0.053530119359493256,0,10
13,0.06858985871076584,0.0570916123688221,0,10
14,0.06976349651813507,0.042353156954050064,0,10
15,0.06928721070289612,0.04242317005991936,0,10
16,0.06997576355934143,0.041433125734329224,0,10
17,0.06978625059127808,0.035224124789237976,0,10
18,0.06834635138511658,0.04841957241296768,0,10
19,0.06955364346504211,0.05518950894474983,0,10
20,0.07059147953987122,0.05220593512058258,0,10
21,0.06862872838973999,0.034225404262542725,0,10
22,0.06925015151500702,0.05296768620610237,0,10
23,0.07036439329385757,0.05841454863548279,0,10
24,0.07079708576202393,0.04721841961145401,0,10
25,0.07013460993766785,0.05599498003721237,0,10
0,0.06945762783288956,0.06945765018463135,0,10
1,0.0697111189365387,0.0697111040353775,0,10
2,0.06841433793306351,0.03952658548951149,0,10
3,0.06966547667980194,0.03314870595932007,0,10
4,0.07038557529449463,0.04291805252432823,0,10
5,0.07090315222740173,0.0399908572435379,0,10
6,0.06935551017522812,0.0426032617688179,0,10
7,0.06941570341587067,0.05499682575464249,0,10
8,0.07099053263664246,0.055756524205207825,0,10
9,0.07025953382253647,0.05668869614601135,0,10
10,0.07082438468933105,0.06402448564767838,0,10
11,0.07050026208162308,0.07050025463104248,0,10
12,0.0699019581079483,0.050504472106695175,0,10
13,0.06858985871076584,0.056905318051576614,0,10
14,0.06976349651813507,0.043689996004104614,0,10
15,0.06928721070289612,0.02563081681728363,0,10
16,0.06997576355934143,0.05699177831411362,0,10
17,0.06978625059127808,0.053539689630270004,0,10
18,0.06834635138511658,0.033405669033527374,0,10
19,0.06955364346504211,0.034062329679727554,0,10
20,0.07059147953987122,0.05314428731799126,0,10
21,0.06862872838973999,0.037007950246334076,0,10
22,0.06925015151500702,0.044513948261737823,0,10
23,0.07036439329385757,0.05156842991709709,0,10
24,0.07079708576202393,0.044242214411497116,0,10
25,0.07013460993766785,0.04508805647492409,0,10
26,0.07027654349803925,0.07027652859687805,0,10
0,0.06945762783288956,0.06945764273405075,0,10
1,0.0697111189365387,0.061576809734106064,0,10
2,0.06841433793306351,0.035948626697063446,0,10
3,0.06966547667980194,0.031895868480205536,0,10
4,0.07038557529449463,0.046036068350076675,0,10
5,0.07090315222740173,0.045934077352285385,0,10
6,0.06935551017522812,0.03596577048301697,0,10
7,0.06941570341587067,0.05288133770227432,0,10
8,0.07099053263664246,0.042315173894166946,0,10
9,0.07025953382253647,0.04022516682744026,0,10
10,0.07082438468933105,0.045687250792980194,0,10
11,0.07050026208162308,0.04287242144346237,0,10
12,0.0699019581079483,0.049537498503923416,0,10
13,0.06858985871076584,0.04453953355550766,0,10
14,0.06976349651813507,0.0651981309056282,0,10
15,0.06928721070289612,0.049285393208265305,0,10
16,0.06997576355934143,0.05874389782547951,0,10
17,0.06978625059127808,0.06081436946988106,0,10
18,0.06834635138511658,0.04347667098045349,0,10
19,0.06955364346504211,0.041468530893325806,0,10
20,0.07059147953987122,0.05134755000472069,0,10
21,0.06862872838973999,0.04344576597213745,0,10
22,0.06925015151500702,0.026851387694478035,0,10
23,0.07036439329385757,0.05593560263514519,0,10
24,0.07079708576202393,0.04674695432186127,0,10
25,0.07013460993766785,0.046648941934108734,0,10
26,0.07027654349803925,0.04395046457648277,0,10
27,0.07073166221380234,0.043060217052698135,0,10
0,0.06945762783288956,0.06945765763521194,0,10
1,0.0697111189365387,0.06445770710706711,0,10
2,0.06841433793306351,0.04844195395708084,0,10
3,0.06966547667980194,0.04430808499455452,0,10
4,0.07038557529449463,0.05571579560637474,0,10
5,0.07090315222740173,0.04451289400458336,0,10
6,0.06935551017522812,0.03937443345785141,0,10
7,0.06941570341587067,0.0339982770383358,0,10
8,0.07099053263664246,0.052344489842653275,0,10
9,0.07025953382253647,0.05505824089050293,0,10
10,0.07082438468933105,0.04624027758836746,0,10
11,0.07050026208162308,0.04775315523147583,0,10
12,0.0699019581079483,0.05331478640437126,0,10
13,0.06858985871076584,0.053416281938552856,0,10
14,0.06976349651813507,0.043994251638650894,0,10
15,0.06928721070289612,0.037538278847932816,0,10
16,0.06997576355934143,0.04451471194624901,0,10
17,0.06978625059127808,0.048090122640132904,0,10
18,0.06834635138511658,0.04791377857327461,0,10
19,0.06955364346504211,0.05978909879922867,0,10
20,0.07059147953987122,0.06080101057887077,0,10
21,0.06862872838973999,0.05572295933961868,0,10
22,0.06925015151500702,0.05103706195950508,0,10
23,0.07036439329385757,0.05178583040833473,0,10
24,0.07079708576202393,0.04553955793380737,0,10
25,0.07013460993766785,0.04738577455282211,0,10
26,0.07027654349803925,0.04868185520172119,0,10
27,0.07073166221380234,0.04896444082260132,0,10
28,0.0701172724366188,0.05691688507795334,0,10
0,0.06945762783288956,0.06945765018463135,0,10
1,0.0697111189365387,0.0697111189365387,0,10
2,0.06841433793306351,0.03717564418911934,0,10
3,0.06966547667980194,0.0394623838365078,0,10
4,0.07038557529449463,0.04985566437244415,0,10
5,0.07090315222740173,0.06073501706123352,0,10
6,0.06935551017522812,0.061884865164756775,0,10
7,0.06941570341587067,0.061937108635902405,0,10
8,0.07099053263664246,0.037613481283187866,0,10
9,0.07025953382253647,0.05183461308479309,0,10
10,0.07082438468933105,0.05267173796892166,0,10
11,0.07050026208162308,0.04543487727642059,0,10
12,0.0699019581079483,0.04095697030425072,0,10
13,0.06858985871076584,0.05198512598872185,0,10
14,0.06976349651813507,0.03401878476142883,0,10
15,0.06928721070289612,0.02980099990963936,0,10
16,0.06997576355934143,0.06063857302069664,0,10
17,0.06978625059127808,0.03138979524374008,0,10
18,0.06834635138511658,0.043016355484724045,0,10
19,0.06955364346504211,0.0468895398080349,0,10
20,0.07059147953987122,0.03408704698085785,0,10
21,0.06862872838973999,0.047620777040719986,0,10
22,0.06925015151500702,0.04870059713721275,0,10
23,0.07036439329385757,0.027117164805531502,0,10
24,0.07079708576202393,0.049067575484514236,0,10
25,0.07013460993766785,0.05178212746977806,0,10
26,0.07027654349803925,0.058227453380823135,0,10
27,0.07073166221380234,0.042257681488990784,0,10
28,0.0701172724366188,0.0573890246450901,0,10
29,0.06968777626752853,0.057367295026779175,0,10
0,0.06945762783288956,0.06945765018463135,0,10
1,0.0697111189365387,0.0697111263871193,0,10
2,0.06841433793306351,0.04202485457062721,0,10
3,0.06966547667980194,0.057372745126485825,0,10
4,0.07038557529449463,0.04718104004859924,0,10
5,0.07090315222740173,0.042904242873191833,0,10
6,0.06935551017522812,0.04273032397031784,0,10
7,0.06941570341587067,0.028482941910624504,0,10
8,0.07099053263664246,0.04579751938581467,0,10
9,0.07025953382253647,0.046315666288137436,0,10
10,0.07082438468933105,0.0540907084941864,0,10
11,0.07050026208162308,0.046860743314027786,0,10
12,0.0699019581079483,0.03971448540687561,0,10
13,0.06858985871076584,0.035923972725868225,0,10
14,0.06976349651813507,0.03401878476142883,0,10
15,0.06928721070289612,0.05745313689112663,0,10
16,0.06997576355934143,0.04437115788459778,0,10
17,0.06978625059127808,0.04947203770279884,0,10
18,0.06834635138511658,0.03557002916932106,0,10
19,0.06955364346504211,0.04784837365150452,0,10
20,0.07059147953987122,0.056404054164886475,0,10
21,0.06862872838973999,0.05341676250100136,0,10
22,0.06925015151500702,0.041019707918167114,0,10
23,0.07036439329385757,0.039559926837682724,0,10
24,0.07079708576202393,0.046824485063552856,0,10
25,0.07013460993766785,0.04238516464829445,0,10
26,0.07027654349803925,0.04874640703201294,0,10
27,0.07073166221380234,0.04666334390640259,0,10
28,0.0701172724366188,0.050481926649808884,0,10
29,0.06968777626752853,0.0386163629591465,0,10
30,0.07100720703601837,0.043758783489465714,0,10
0,0.06945762783288956,0.06945765018463135,0,10
1,0.0697111189365387,0.06347913295030594,0,10
2,0.06841433793306351,0.05036953464150429,0,10
3,0.06966547667980194,0.03743947297334671,0,10
4,0.07038557529449463,0.055228475481271744,0,10
5,0.07090315222740173,0.05879778787493706,0,10
6,0.06935551017522812,0.03300216421484947,0,10
7,0.06941570341587067,0.05226874351501465,0,10
8,0.07099053263664246,0.053707320243120193,0,10
9,0.07025953382253647,0.054858338087797165,0,10
10,0.07082438468933105,0.05462748184800148,0,10
11,0.07050026208162308,0.047654032707214355,0,10
12,0.0699019581079483,0.05209749937057495,0,10
13,0.06858985871076584,0.035591889172792435,0,10
14,0.06976349651813507,0.042062580585479736,0,10
15,0.06928721070289612,0.048204172402620316,0,10
16,0.06997576355934143,0.05162134766578674,0,10
17,0.06978625059127808,0.04584453999996185,0,10
18,0.06834635138511658,0.05530798062682152,0,10
19,0.06955364346504211,0.03372533619403839,0,10
20,0.07059147953987122,0.0542946457862854,0,10
21,0.06862872838973999,0.05050778016448021,0,10
22,0.06925015151500702,0.0532386489212513,0,10
23,0.07036439329385757,0.05084607005119324,0,10
24,0.07079708576202393,0.046824485063552856,0,10
25,0.07013460993766785,0.05804390460252762,0,10
26,0.07027654349803925,0.043886974453926086,0,10
27,0.07073166221380234,0.05930761992931366,0,10
28,0.0701172724366188,0.03669075295329094,0,10
29,0.06968777626752853,0.0546363890171051,0,10
30,0.07100720703601837,0.07100722193717957,0,10
31,0.06878868490457535,0.05525144934654236,0,10
0,0.06945762783288956,0.06945764273405075,0,10
1,0.0697111189365387,0.061875566840171814,0,10
2,0.06841433793306351,0.049437832087278366,0,10
3,0.06966547667980194,0.05582835152745247,0,10
4,0.07038557529449463,0.031973183155059814,0,10
5,0.07090315222740173,0.0538112111389637,0,10
6,0.06935551017522812,0.04747708886861801,0,10
7,0.06941570341587067,0.04803130030632019,0,10
8,0.07099053263664246,0.04567614197731018,0,10
9,0.07025953382253647,0.04110768064856529,0,10
10,0.07082438468933105,0.05488099530339241,0,10
11,0.07050026208162308,0.058145612478256226,0,10
12,0.0699019581079483,0.0547814704477787,0,10
13,0.06858985871076584,0.04044400155544281,0,10
14,0.06976349651813507,0.04797055944800377,0,10
15,0.06928721070289612,0.059794045984745026,0,10
16,0.06997576355934143,0.05045976862311363,0,10
17,0.06978625059127808,0.036063458770513535,0,10
18,0.06834635138511658,0.04200776666402817,0,10
19,0.06955364346504211,0.05397367477416992,0,10
20,0.07059147953987122,0.03505127504467964,0,10
21,0.06862872838973999,0.05217142403125763,0,10
22,0.06925015151500702,0.03533747419714928,0,10
23,0.07036439329385757,0.0505010187625885,0,10
24,0.07079708576202393,0.03629881516098976,0,10
25,0.07013460993766785,0.043128225952386856,0,10
26,0.07027654349803925,0.048717938363552094,0,10
27,0.07073166221380234,0.04210168868303299,0,10
28,0.0701172724366188,0.04302559792995453,0,10
29,0.06968777626752853,0.03685715049505234,0,10
30,0.07100720703601837,0.050570785999298096,0,10
31,0.06878868490457535,0.022025521844625473,0,10
32,0.06868778169155121,0.0495208203792572,0,10
0,0.06945762783288956,0.06945765018463135,0,10
1,0.0697111189365387,0.0697111189365387,0,10
2,0.06841433793306351,0.03485000878572464,0,10
3,0.06966547667980194,0.06333606690168381,0,10
4,0.07038557529449463,0.045116472989320755,0,10
5,0.07090315222740173,0.05021315813064575,0,10
6,0.06935551017522812,0.05300592631101608,0,10
7,0.06941570341587067,0.048706989735364914,0,10
8,0.07099053263664246,0.049020491540431976,0,10
9,0.07025953382253647,0.04629683494567871,0,10
10,0.07082438468933105,0.05410030856728554,0,10
11,0.07050026208162308,0.03358246758580208,0,10
12,0.0699019581079483,0.04571355879306793,0,10
13,0.06858985871076584,0.03533526882529259,0,10
14,0.06976349651813507,0.046711165457963943,0,10
15,0.06928721070289612,0.033342067152261734,0,10
16,0.06997576355934143,0.05459458380937576,0,10
17,0.06978625059127808,0.04633251205086708,0,10
18,0.06834635138511658,0.04631079360842705,0,10
19,0.06955364346504211,0.04775205999612808,0,10
20,0.07059147953987122,0.07059147953987122,0,10
21,0.06862872838973999,0.0408712700009346,0,10
22,0.06925015151500702,0.051074638962745667,0,10
23,0.07036439329385757,0.039598021656274796,0,10
24,0.07079708576202393,0.05595005303621292,0,10
25,0.07013460993766785,0.038666170090436935,0,10
26,0.07027654349803925,0.04502057284116745,0,10
27,0.07073166221380234,0.053520575165748596,0,10
28,0.0701172724366188,0.03516029193997383,0,10
29,0.06968777626752853,0.04364143684506416,0,10
30,0.07100720703601837,0.04479631781578064,0,10
31,0.06878868490457535,0.03800366446375847,0,10
32,0.06868778169155121,0.048438090831041336,0,10
33,0.06945846974849701,0.0573095828294754,0,10
0,0.06945762783288956,0.06945764273405075,0,10
1,0.0697111189365387,0.0697111189365387,0,10
2,0.06841433793306351,0.05135197192430496,0,10
3,0.06966547667980194,0.04575321450829506,0,10
4,0.07038557529449463,0.04931902885437012,0,10
5,0.07090315222740173,0.0541335828602314,0,10
6,0.06935551017522812,0.027435099706053734,0,10
7,0.06941570341587067,0.03755175322294235,0,10
8,0.07099053263664246,0.042412932962179184,0,10
9,0.07025953382253647,0.03430519625544548,0,10
10,0.07082438468933105,0.04585639759898186,0,10
11,0.07050026208162308,0.030511708930134773,0,10
12,0.0699019581079483,0.05164077877998352,0,10
13,0.06858985871076584,0.04549610614776611,0,10
14,0.06976349651813507,0.05110800266265869,0,10
15,0.06928721070289612,0.03656255826354027,0,10
16,0.06997576355934143,0.04989709332585335,0,10
17,0.06978625059127808,0.036819372326135635,0,10
18,0.06834635138511658,0.025470418855547905,0,10
19,0.06955364346504211,0.04891549423336983,0,10
20,0.07059147953987122,0.05836591124534607,0,10
21,0.06862872838973999,0.04513579607009888,0,10
22,0.06925015151500702,0.05164865404367447,0,10
23,0.07036439329385757,0.0388839989900589,0,10
24,0.07079708576202393,0.05512363836169243,0,10
25,0.07013460993766785,0.025322573259472847,0,10
26,0.07027654349803925,0.04781787842512131,0,10
27,0.07073166221380234,0.04387791082262993,0,10
28,0.0701172724366188,0.03944367542862892,0,10
29,0.06968777626752853,0.052711691707372665,0,10
30,0.07100720703601837,0.0501752644777298,0,10
31,0.06878868490457535,0.04122092202305794,0,10
32,0.06868778169155121,0.047726068645715714,0,10
33,0.06945846974849701,0.040529362857341766,0,10
34,0.07094203680753708,0.05119273066520691,0,10
0,0.06945762783288956,0.06945765018463135,0,10
1,0.0697111189365387,0.06411108374595642,0,10
2,0.06841433793306351,0.05719324201345444,0,10
3,0.06966547667980194,0.054347697645425797,0,10
4,0.07038557529449463,0.046602316200733185,0,10
5,0.07090315222740173,0.0559249222278595,0,10
6,0.06935551017522812,0.04350173845887184,0,10
7,0.06941570341587067,0.03946709260344505,0,10
8,0.07099053263664246,0.05336790904402733,0,10
9,0.07025953382253647,0.03288789093494415,0,10
10,0.07082438468933105,0.05846330523490906,0,10
11,0.07050026208162308,0.059249430894851685,0,10
12,0.0699019581079483,0.047090478241443634,0,10
13,0.06858985871076584,0.03784438967704773,0,10
14,0.06976349651813507,0.0525645911693573,0,10
15,0.06928721070289612,0.05289260298013687,0,10
16,0.06997576355934143,0.044361412525177,0,10
17,0.06978625059127808,0.046043526381254196,0,10
18,0.06834635138511658,0.04734461382031441,0,10
19,0.06955364346504211,0.04835965111851692,0,10
20,0.07059147953987122,0.04721436649560928,0,10
21,0.06862872838973999,0.05056392773985863,0,10
22,0.06925015151500702,0.03360472619533539,0,10
23,0.07036439329385757,0.044891566038131714,0,10
24,0.07079708576202393,0.03980150818824768,0,10
25,0.07013460993766785,0.02044486440718174,0,10
26,0.07027654349803925,0.05511457845568657,0,10
27,0.07073166221380234,0.0418272502720356,0,10
28,0.0701172724366188,0.03446483984589577,0,10
29,0.06968777626752853,0.04505704715847969,0,10
30,0.07100720703601837,0.0387607142329216,0,10
31,0.06878868490457535,0.0612468384206295,0,10
32,0.06868778169155121,0.03398866578936577,0,10
33,0.06945846974849701,0.057316627353429794,0,10
34,0.07094203680753708,0.050041064620018005,0,10
35,0.07003182917833328,0.036410123109817505,0,10
0,0.06945762783288956,0.06945765018463135,0,10
1,0.0697111189365387,0.06255883723497391,0,10
2,0.06841433793306351,0.05909762158989906,0,10
3,0.06966547667980194,0.05125044286251068,0,10
4,0.07038557529449463,0.06603118777275085,0,10
5,0.07090315222740173,0.058650702238082886,0,10
6,0.06935551017522812,0.04914475977420807,0,10
7,0.06941570341587067,0.046610694378614426,0,10
8,0.07099053263664246,0.05316010117530823,0,10
9,0.07025953382253647,0.06251176446676254,0,10
10,0.07082438468933105,0.046681344509124756,0,10
11,0.07050026208162308,0.048402875661849976,0,10
12,0.0699019581079483,0.04997236654162407,0,10
13,0.06858985871076584,0.042013585567474365,0,10
14,0.06976349651813507,0.05044451355934143,0,10
15,0.06928721070289612,0.04076562076807022,0,10
16,0.06997576355934143,0.045205775648355484,0,10
17,0.06978625059127808,0.04441853612661362,0,10
18,0.06834635138511658,0.05462134629487991,0,10
19,0.06955364346504211,0.05596054717898369,0,10
20,0.07059147953987122,0.059645816683769226,0,10
21,0.06862872838973999,0.04506205394864082,0,10
22,0.06925015151500702,0.036238912492990494,0,10
23,0.07036439329385757,0.038397688418626785,0,10
24,0.07079708576202393,0.03540017083287239,0,10
25,0.07013460993766785,0.051981497555971146,0,10
26,0.07027654349803925,0.061383187770843506,0,10
27,0.07073166221380234,0.057588428258895874,0,10
28,0.0701172724366188,0.04696100577712059,0,10
29,0.06968777626752853,0.05704944208264351,0,10
30,0.07100720703601837,0.05114491283893585,0,10
31,0.06878868490457535,0.04160504415631294,0,10
32,0.06868778169155121,0.026569508016109467,0,10
33,0.06945846974849701,0.04805433750152588,0,10
34,0.07094203680753708,0.07094204425811768,0,10
35,0.07003182917833328,0.05704263970255852,0,10
36,0.0692409873008728,0.04578012600541115,0,10
0,0.06945762783288956,0.06945765018463135,0,10
1,0.0697111189365387,0.06357783079147339,0,10
2,0.06841433793306351,0.050450507551431656,0,10
3,0.06966547667980194,0.04462074488401413,0,10
4,0.07038557529449463,0.057284802198410034,0,10
5,0.07090315222740173,0.06192997097969055,0,10
6,0.06935551017522812,0.04088116064667702,0,10
7,0.06941570341587067,0.051126547157764435,0,10
8,0.07099053263664246,0.04284811019897461,0,10
9,0.07025953382253647,0.043342769145965576,0,10
10,0.07082438468933105,0.07082438468933105,0,10
11,0.07050026208162308,0.059405617415905,0,10
12,0.0699019581079483,0.05862453207373619,0,10
13,0.06858985871076584,0.057935405522584915,0,10
14,0.06976349651813507,0.058158427476882935,0,10
15,0.06928721070289612,0.036677125841379166,0,10
16,0.06997576355934143,0.04818600416183472,0,10
17,0.06978625059127808,0.040042512118816376,0,10
18,0.06834635138511658,0.03776857629418373,0,10
19,0.06955364346504211,0.034663084894418716,0,10
20,0.07059147953987122,0.05129682272672653,0,10
21,0.06862872838973999,0.053409792482852936,0,10
22,0.06925015151500702,0.048651427030563354,0,10
23,0.07036439329385757,0.06444229930639267,0,10
24,0.07079708576202393,0.042786892503499985,0,10
25,0.07013460993766785,0.04691231623291969,0,10
26,0.07027654349803925,0.05940966308116913,0,10
27,0.07073166221380234,0.05852716788649559,0,10
28,0.0701172724366188,0.04961505904793739,0,10
29,0.06968777626752853,0.05216000974178314,0,10
30,0.07100720703601837,0.044252168387174606,0,10
31,0.06878868490457535,0.046124160289764404,0,10
32,0.06868778169155121,0.05338476225733757,0,10
33,0.06945846974849701,0.04155503958463669,0,10
34,0.07094203680753708,0.05383441224694252,0,10
35,0.07003182917833328,0.06154375523328781,0,10
36,0.0692409873008728,0.06133297458291054,0,10
37,0.06962951272726059,0.06399155408143997,0,10
0,0.06945762783288956,0.06945765018463135,0,10
1,0.0697111189365387,0.06561600416898727,0,10
2,0.06841433793306351,0.04002734273672104,0,10
3,0.06966547667980194,0.0433834008872509,0,10
4,0.07038557529449463,0.057150598615407944,0,10
5,0.07090315222740173,0.05240046977996826,0,10
6,0.06935551017522812,0.060027264058589935,0,10
7,0.06941570341587067,0.03062804974615574,0,10
8,0.07099053263664246,0.05810677260160446,0,10
9,0.07025953382253647,0.04178668558597565,0,10
10,0.07082438468933105,0.05950221046805382,0,10
11,0.07050026208162308,0.051701441407203674,0,10
12,0.0699019581079483,0.03796723484992981,0,10
13,0.06858985871076584,0.06292612850666046,0,10
14,0.06976349651813507,0.03977857530117035,0,10
15,0.06928721070289612,0.05464673787355423,0,10
16,0.06997576355934143,0.03909437358379364,0,10
17,0.06978625059127808,0.03404908627271652,0,10
18,0.06834635138511658,0.0482252836227417,0,10
19,0.06955364346504211,0.04259905591607094,0,10
20,0.07059147953987122,0.052521269768476486,0,10
21,0.06862872838973999,0.05020058527588844,0,10
22,0.06925015151500702,0.034051183611154556,0,10
23,0.07036439329385757,0.04233085736632347,0,10
24,0.07079708576202393,0.03609510138630867,0,10
25,0.07013460993766785,0.06168127804994583,0,10
26,0.07027654349803925,0.04126247018575668,0,10
27,0.07073166221380234,0.0507512092590332,0,10
28,0.0701172724366188,0.05253047123551369,0,10
29,0.06968777626752853,0.047322601079940796,0,10
30,0.07100720703601837,0.05781716853380203,0,10
31,0.06878868490457535,0.03806912899017334,0,10
32,0.06868778169155121,0.02907242439687252,0,10
33,0.06945846974849701,0.03406863287091255,0,10
34,0.07094203680753708,0.06261797249317169,0,10
35,0.07003182917833328,0.046660132706165314,0,10
36,0.0692409873008728,0.03672933951020241,0,10
37,0.06962951272726059,0.052136801183223724,0,10
38,0.06985142827033997,0.04795696958899498,0,10
0,0.06945762783288956,0.06945765018463135,0,10
1,0.0697111189365387,0.06516049802303314,0,10
2,0.06841433793306351,0.056970708072185516,0,10
3,0.06966547667980194,0.035772111266851425,0,10
4,0.07038557529449463,0.06167105585336685,0,10
5,0.07090315222740173,0.05500625818967819,0,10
6,0.06935551017522812,0.02604656293988228,0,10
7,0.06941570341587067,0.04973221942782402,0,10
8,0.07099053263664246,0.037126779556274414,0,10
9,0.07025953382253647,0.06384216994047165,0,10
10,0.07082438468933105,0.03440399840474129,0,10
11,0.07050026208162308,0.039446692913770676,0,10
12,0.0699019581079483,0.06062059476971626,0,10
13,0.06858985871076584,0.05276235565543175,0,10
14,0.06976349651813507,0.05906663462519646,0,10
15,0.06928721070289612,0.03478001058101654,0,10
16,0.06997576355934143,0.0428149476647377,0,10
17,0.06978625059127808,0.06024398282170296,0,10
18,0.06834635138511658,0.04538482800126076,0,10
19,0.06955364346504211,0.051145825535058975,0,10
20,0.07059147953987122,0.05238283798098564,0,10
21,0.06862872838973999,0.03235388174653053,0,10
22,0.06925015151500702,0.04497690498828888,0,10
23,0.07036439329385757,0.04294774681329727,0,10
24,0.07079708576202393,0.061972759664058685,0,10
25,0.07013460993766785,0.04800374433398247,0,10
26,0.07027654349803925,0.047781478613615036,0,10
27,0.07073166221380234,0.05895109847187996,0,10
28,0.0701172724366188,0.061299145221710205,0,10
29,0.06968777626752853,0.045865580439567566,0,10
30,0.07100720703601837,0.06347451359033585,0,10
31,0.06878868490457535,0.04366946220397949,0,10
32,0.06868778169155121,0.05074281245470047,0,10
33,0.06945846974849701,0.0381709448993206,0,10
34,0.07094203680753708,0.05128216743469238,0,10
35,0.07003182917833328,0.05136953666806221,0,10
36,0.0692409873008728,0.02471815049648285,0,10
37,0.06962951272726059,0.053414590656757355,0,10
38,0.06985142827033997,0.06188904494047165,0,10
39,0.06896990537643433,0.05015474930405617,0,10
0,0.06945762783288956,0.06945765018463135,0,10
1,0.0697111189365387,0.06482987105846405,0,10
2,0.06841433793306351,0.05160391703248024,0,10
3,0.06966547667980194,0.0447893887758255,0,10
4,0.07038557529449463,0.047496896237134933,0,10
5,0.07090315222740173,0.0482047013938427,0,10
6,0.06935551017522812,0.05567855387926102,0,10
7,0.06941570341587067,0.04470459744334221,0,10
8,0.07099053263664246,0.042966414242982864,0,10
9,0.07025953382253647,0.06034567207098007,0,10
10,0.07082438468933105,0.05015584081411362,0,10
11,0.07050026208162308,0.05735797807574272,0,10
12,0.0699019581079483,0.05384746566414833,0,10
13,0.06858985871076584,0.042249493300914764,0,10
14,0.06976349651813507,0.054711490869522095,0,10
15,0.06928721070289612,0.04993046820163727,0,10
16,0.06997576355934143,0.04757839813828468,0,10
17,0.06978625059127808,0.052969612181186676,0,10
18,0.06834635138511658,0.053377311676740646,0,10
19,0.06955364346504211,0.050674110651016235,0,10
20,0.07059147953987122,0.04204261302947998,0,10
21,0.06862872838973999,0.04782155528664589,0,10
22,0.06925015151500702,0.06313800066709518,0,10
23,0.07036439329385757,0.07036438584327698,0,10
24,0.07079708576202393,0.0613437183201313,0,10
25,0.07013460993766785,0.03125924617052078,0,10
26,0.07027654349803925,0.05106116086244583,0,10
27,0.07073166221380234,0.07073166966438293,0,10
28,0.0701172724366188,0.03620123490691185,0,10
29,0.06968777626752853,0.055985331535339355,0,10
30,0.07100720703601837,0.06227293610572815,0,10
31,0.06878868490457535,0.052289340645074844,0,10
32,0.06868778169155121,0.0363302007317543,0,10
33,0.06945846974849701,0.0353805273771286,0,10
34,0.07094203680753708,0.05317915603518486,0,10
35,0.07003182917833328,0.038934774696826935,0,10
36,0.0692409873008728,0.054441094398498535,0,10
37,0.06962951272726059,0.048944711685180664,0,10
38,0.06985142827033997,0.04588039219379425,0,10
39,0.06896990537643433,0.056136008352041245,0,10
40,0.06888128072023392,0.04802706465125084,0,10
0,0.06945762783288956,0.06945764273405075,0,10
1,0.0697111189365387,0.06380379945039749,0,10
2,0.06841433793306351,0.04772007092833519,0,10
3,0.06966547667980194,0.062147147953510284,0,10
4,0.07038557529449463,0.05125546455383301,0,10
5,0.07090315222740173,0.05023356154561043,0,10
6,0.06935551017522812,0.05561511963605881,0,10
7,0.06941570341587067,0.04995429888367653,0,10
8,0.07099053263664246,0.05551305413246155,0,10
9,0.07025953382253647,0.06161924824118614,0,10
10,0.07082438468933105,0.05855884402990341,0,10
11,0.07050026208162308,0.060569651424884796,0,10
12,0.0699019581079483,0.04616543650627136,0,10
13,0.06858985871076584,0.03979938477277756,0,10
14,0.06976349651813507,0.05346944183111191,0,10
15,0.06928721070289612,0.05197518691420555,0,10
16,0.06997576355934143,0.05657161399722099,0,10
17,0.06978625059127808,0.05382746458053589,0,10
18,0.06834635138511658,0.03566476330161095,0,10
19,0.06955364346504211,0.034660980105400085,0,10
20,0.07059147953987122,0.06463491916656494,0,10
21,0.06862872838973999,0.05470754951238632,0,10
22,0.06925015151500702,0.0502091683447361,0,10
23,0.07036439329385757,0.051269128918647766,0,10
24,0.07079708576202393,0.0482657216489315,0,10
25,0.07013460993766785,0.046104930341243744,0,10
26,0.07027654349803925,0.052969932556152344,0,10
27,0.07073166221380234,0.04438930004835129,0,10
28,0.0701172724366188,0.05853575840592384,0,10
29,0.06968777626752853,0.050610125064849854,0,10
30,0.07100720703601837,0.0589778758585453,0,10
31,0.06878868490457535,0.04473782703280449,0,10
32,0.06868778169155121,0.04772184416651726,0,10
33,0.06945846974849701,0.04323353245854378,0,10
34,0.07094203680753708,0.04811900481581688,0,10
35,0.07003182917833328,0.03824292868375778,0,10
36,0.0692409873008728,0.037994809448719025,0,10
37,0.06962951272726059,0.0536196306347847,0,10
38,0.06985142827033997,0.04379652440547943,0,10
39,0.06896990537643433,0.05392291396856308,0,10
40,0.06888128072023392,0.047342218458652496,0,10
41,0.06998356431722641,0.058507513254880905,0,10
0,0.06945762783288956,0.06945764273405075,0,10
1,0.0697111189365387,0.0657440647482872,0,10
2,0.06841433793306351,0.03534374013543129,0,10
3,0.06966547667980194,0.04698409140110016,0,10
4,0.07038557529449463,0.041666384786367416,0,10
5,0.07090315222740173,0.04747902601957321,0,10
6,0.06935551017522812,0.033506568521261215,0,10
7,0.06941570341587067,0.037862543016672134,0,10
8,0.07099053263664246,0.05227651074528694,0,10
9,0.07025953382253647,0.054107218980789185,0,10
10,0.07082438468933105,0.04697110876441002,0,10
11,0.07050026208162308,0.05643611028790474,0,10
12,0.0699019581079483,0.04947064816951752,0,10
13,0.06858985871076584,0.06373785436153412,0,10
14,0.06976349651813507,0.03678598999977112,0,10
15,0.06928721070289612,0.05350235104560852,0,10
16,0.06997576355934143,0.04993671178817749,0,10
17,0.06978625059127808,0.04630785435438156,0,10
18,0.06834635138511658,0.024707112461328506,0,10
19,0.06955364346504211,0.05673941969871521,0,10
20,0.07059147953987122,0.04647642374038696,0,10
21,0.06862872838973999,0.05182688683271408,0,10
22,0.06925015151500702,0.04703167825937271,0,10
23,0.07036439329385757,0.05398605763912201,0,10
24,0.07079708576202393,0.04644332826137543,0,10
25,0.07013460993766785,0.04714756831526756,0,10
26,0.07027654349803925,0.03561419993638992,0,10
27,0.07073166221380234,0.06303533911705017,0,10
28,0.0701172724366188,0.05504532530903816,0,10
29,0.06968777626752853,0.050057947635650635,0,10
30,0.07100720703601837,0.047983914613723755,0,10
31,0.06878868490457535,0.04975542426109314,0,10
32,0.06868778169155121,0.049214936792850494,0,10
33,0.06945846974849701,0.049001216888427734,0,10
34,0.07094203680753708,0.05031927302479744,0,10
35,0.07003182917833328,0.033966436982154846,0,10
36,0.0692409873008728,0.049829356372356415,0,10
37,0.06962951272726059,0.05868592858314514,0,10
38,0.06985142827033997,0.0498851053416729,0,10
39,0.06896990537643433,0.04652607440948486,0,10
40,0.06888128072023392,0.03728928789496422,0,10
41,0.06998356431722641,0.0457380935549736,0,10
42,0.07063651829957962,0.05115770176053047,0,10
0,0.06945762783288956,0.06945765018463135,0,10
1,0.0697111189365387,0.06301318854093552,0,10
2,0.06841433793306351,0.055851757526397705,0,10
3,0.06966547667980194,0.05137196555733681,0,10
4,0.07038557529449463,0.05206416919827461,0,10
5,0.07090315222740173,0.06475400924682617,0,10
6,0.06935551017522812,0.05505288019776344,0,10
7,0.06941570341587067,0.048871707171201706,0,10
8,0.07099053263664246,0.0636368840932846,0,10
9,0.07025953382253647,0.05655302479863167,0,10
10,0.07082438468933105,0.07082438468933105,0,10
11,0.07050026208162308,0.041832275688648224,0,10
12,0.0699019581079483,0.05166689679026604,0,10
13,0.06858985871076584,0.04122705012559891,0,10
14,0.06976349651813507,0.0640605092048645,0,10
15,0.06928721070289612,0.04790671169757843,0,10
16,0.06997576355934143,0.04354536160826683,0,10
17,0.06978625059127808,0.036588504910469055,0,10
18,0.06834635138511658,0.04513826593756676,0,10
19,0.06955364346504211,0.03923255205154419,0,10
20,0.07059147953987122,0.05650009214878082,0,10
21,0.06862872838973999,0.05875564366579056,0,10
22,0.06925015151500702,0.03842604532837868,0,10
23,0.07036439329385757,0.04797021672129631,0,10
24,0.07079708576202393,0.05141475796699524,0,10
25,0.07013460993766785,0.044295694679021835,0,10
26,0.07027654349803925,0.05581509321928024,0,10
27,0.07073166221380234,0.050521813333034515,0,10
28,0.0701172724366188,0.035691551864147186,0,10
29,0.06968777626752853,0.05841055512428284,0,10
30,0.07100720703601837,0.0552009642124176,0,10
31,0.06878868490457535,0.06316833943128586,0,10
32,0.06868778169155121,0.043787505477666855,0,10
33,0.06945846974849701,0.03577414155006409,0,10
34,0.07094203680753708,0.05229257047176361,0,10
35,0.07003182917833328,0.03702795132994652,0,10
36,0.0692409873008728,0.04965418204665184,0,10
37,0.06962951272726059,0.047068167477846146,0,10
38,0.06985142827033997,0.048455577343702316,0,10
39,0.06896990537643433,0.05141226947307587,0,10
40,0.06888128072023392,0.047439105808734894,0,10
41,0.06998356431722641,0.0625632107257843,0,10
42,0.07063651829957962,0.040863413363695145,0,10
43,0.06995559483766556,0.055033568292856216,0,10
0,0.06945762783288956,0.06945765018463135,0,10
1,0.0697111189365387,0.0697111263871193,0,10
2,0.06841433793306351,0.04371398314833641,0,10
3,0.06966547667980194,0.04415593296289444,0,10
4,0.07038557529449463,0.049851443618535995,0,10
5,0.07090315222740173,0.04301091656088829,0,10
6,0.06935551017522812,0.040672667324543,0,10
7,0.06941570341587067,0.041100431233644485,0,10
8,0.07099053263664246,0.03245270624756813,0,10
9,0.07025953382253647,0.04421244561672211,0,10
10,0.07082438468933105,0.05912245810031891,0,10
11,0.07050026208162308,0.0333675742149353,0,10
12,0.0699019581079483,0.048180434852838516,0,10
13,0.06858985871076584,0.05640910193324089,0,10
14,0.06976349651813507,0.040082842111587524,0,10
15,0.06928721070289612,0.03320060297846794,0,10
16,0.06997576355934143,0.034244053065776825,0,10
17,0.06978625059127808,0.05212155729532242,0,10
18,0.06834635138511658,0.04460448399186134,0,10
19,0.06955364346504211,0.04267248138785362,0,10
20,0.07059147953987122,0.04839395731687546,0,10
21,0.06862872838973999,0.03481065481901169,0,10
22,0.06925015151500702,0.03333045169711113,0,10
23,0.07036439329385757,0.03953501954674721,0,10
24,0.07079708576202393,0.05729047581553459,0,10
25,0.07013460993766785,0.05500162020325661,0,10
26,0.07027654349803925,0.053787264972925186,0,10
27,0.07073166221380234,0.05888554826378822,0,10
28,0.0701172724366188,0.05480683967471123,0,10
29,0.06968777626752853,0.03749433532357216,0,10
30,0.07100720703601837,0.04690450429916382,0,10
31,0.06878868490457535,0.051489025354385376,0,10
32,0.06868778169155121,0.05450354143977165,0,10
33,0.06945846974849701,0.030477331951260567,0,10
34,0.07094203680753708,0.044705405831336975,0,10
35,0.07003182917833328,0.03501278534531593,0,10
36,0.0692409873008728,0.034786686301231384,0,10
37,0.06962951272726059,0.057332366704940796,0,10
38,0.06985142827033997,0.06985142827033997,0,10
39,0.06896990537643433,0.024539753794670105,0,10
40,0.06888128072023392,0.047078441828489304,0,10
41,0.06998356431722641,0.05094235762953758,0,10
42,0.07063651829957962,0.04108138009905815,0,10
43,0.06995559483766556,0.06017620861530304,0,10
44,0.0697985365986824,0.0513475239276886,0,10
0,0.06945762783288956,0.06945765018463135,0,10
1,0.0697111189365387,0.0697111189365387,0,10
2,0.06841433793306351,0.041435811668634415,0,10
3,0.06966547667980194,0.0338771678507328,0,10
4,0.07038557529449463,0.05485609546303749,0,10
5,0.07090315222740173,0.05328288674354553,0,10
6,0.06935551017522812,0.030044015496969223,0,10
7,0.06941570341587067,0.05000732094049454,0,10
8,0.07099053263664246,0.052293047308921814,0,10
9,0.07025953382253647,0.054614610970020294,0,10
10,0.07082438468933105,0.05006135627627373,0,10
11,0.07050026208162308,0.049489825963974,0,10
12,0.0699019581079483,0.04354455694556236,0,10
13,0.06858985871076584,0.05693615600466728,0,10
14,0.06976349651813507,0.04757989943027496,0,10
15,0.06928721070289612,0.05109269171953201,0,10
16,0.06997576355934143,0.04728521779179573,0,10
17,0.06978625059127808,0.045158933848142624,0,10
18,0.06834635138511658,0.05487453565001488,0,10
19,0.06955364346504211,0.04080173373222351,0,10
20,0.07059147953987122,0.05978165566921234,0,10
21,0.06862872838973999,0.031849563121795654,0,10
22,0.06925015151500702,0.03171222284436226,0,10
23,0.07036439329385757,0.039047375321388245,0,10
24,0.07079708576202393,0.033247269690036774,0,10
25,0.07013460993766785,0.05792440474033356,0,10
26,0.07027654349803925,0.061988040804862976,0,10
27,0.07073166221380234,0.04919229820370674,0,10
28,0.0701172724366188,0.045835141092538834,0,10
29,0.06968777626752853,0.030858870595693588,0,10
30,0.07100720703601837,0.07100722193717957,0,10
31,0.06878868490457535,0.03194267675280571,0,10
32,0.06868778169155121,0.047751590609550476,0,10
33,0.06945846974849701,0.044390834867954254,0,10
34,0.07094203680753708,0.05100425332784653,0,10
35,0.07003182917833328,0.052277181297540665,0,10
36,0.0692409873008728,0.034786686301231384,0,10
37,0.06962951272726059,0.057332366704940796,0,10
38,0.06985142827033997,0.04661015421152115,0,10
39,0.06896990537643433,0.04784423112869263,0,10
40,0.06888128072023392,0.03518051281571388,0,10
41,0.06998356431722641,0.05004698410630226,0,10
42,0.07063651829957962,0.04246221110224724,0,10
43,0.06995559483766556,0.06995558738708496,0,10
44,0.0697985365986824,0.05054547265172005,0,10
45,0.06884008646011353,0.06004246696829796,0,10
0,0.06945762783288956,0.06945765018463135,0,10
1,0.0697111189365387,0.06171949580311775,0,10
2,0.06841433793306351,0.019940102472901344,0,10
3,0.06966547667980194,0.04849463701248169,0,10
4,0.07038557529449463,0.04864668846130371,0,10
5,0.07090315222740173,0.0503641739487648,0,10
6,0.06935551017522812,0.04279148206114769,0,10
7,0.06941570341587067,0.02806270681321621,0,10
8,0.07099053263664246,0.055264368653297424,0,10
9,0.07025953382253647,0.07025954127311707,0,10
10,0.07082438468933105,0.054446157068014145,0,10
11,0.07050026208162308,0.04329967126250267,0,10
12,0.0699019581079483,0.03900354728102684,0,10
13,0.06858985871076584,0.042898990213871,0,10
14,0.06976349651813507,0.030752379447221756,0,10
15,0.06928721070289612,0.04204252362251282,0,10
16,0.06997576355934143,0.05444907397031784,0,10
17,0.06978625059127808,0.05040895193815231,0,10
18,0.06834635138511658,0.05330666899681091,0,10
19,0.06955364346504211,0.0527157187461853,0,10
20,0.07059147953987122,0.04418644681572914,0,10
21,0.06862872838973999,0.03780418634414673,0,10
22,0.06925015151500702,0.049161944538354874,0,10
23,0.07036439329385757,0.05097101256251335,0,10
24,0.07079708576202393,0.06216418370604515,0,10
25,0.07013460993766785,0.061143070459365845,0,10
26,0.07027654349803925,0.05478501692414284,0,10
27,0.07073166221380234,0.05059294402599335,0,10
28,0.0701172724366188,0.04996996372938156,0,10
29,0.06968777626752853,0.054039739072322845,0,10
30,0.07100720703601837,0.04325415566563606,0,10
31,0.06878868490457535,0.043558165431022644,0,10
32,0.06868778169155121,0.028502769768238068,0,10
33,0.06945846974849701,0.05007479339838028,0,10
34,0.07094203680753708,0.056479014456272125,0,10
35,0.07003182917833328,0.0509580634534359,0,10
36,0.0692409873008728,0.03176643326878548,0,10
37,0.06962951272726059,0.0553705208003521,0,10
38,0.06985142827033997,0.0407569482922554,0,10
39,0.06896990537643433,0.05003172159194946,0,10
40,0.06888128072023392,0.04743058234453201,0,10
41,0.06998356431722641,0.054705023765563965,0,10
42,0.07063651829957962,0.05828440934419632,0,10
43,0.06995559483766556,0.04175787419080734,0,10
44,0.0697985365986824,0.044613104313611984,0,10
45,0.06884008646011353,0.05331593006849289,0,10
46,0.0707075446844101,0.05239999294281006,0,10
0,0.06945762783288956,0.06945765018463135,0,10
1,0.0697111189365387,0.06171949580311775,0,10
2,0.06841433793306351,0.03535068780183792,0,10
3,0.06966547667980194,0.05108174309134483,0,10
4,0.07038557529449463,0.04593680799007416,0,10
5,0.07090315222740173,0.05516701564192772,0,10
6,0.06935551017522812,0.03976800665259361,0,10
7,0.06941570341587067,0.03699902445077896,0,10
8,0.07099053263664246,0.04787380248308182,0,10
9,0.07025953382253647,0.049681778997182846,0,10
10,0.07082438468933105,0.05978195741772652,0,10
11,0.07050026208162308,0.04374248534440994,0,10
12,0.0699019581079483,0.05604903772473335,0,10
13,0.06858985871076584,0.037102676928043365,0,10
14,0.06976349651813507,0.047855477780103683,0,10
15,0.06928721070289612,0.044016651809215546,0,10
16,0.06997576355934143,0.054106246680021286,0,10
17,0.06978625059127808,0.06296589970588684,0,10
18,0.06834635138511658,0.0583035945892334,0,10
19,0.06955364346504211,0.03986731916666031,0,10
20,0.07059147953987122,0.054775889962911606,0,10
21,0.06862872838973999,0.0617796927690506,0,10
22,0.06925015151500702,0.052593786269426346,0,10
23,0.07036439329385757,0.04391789436340332,0,10
24,0.07079708576202393,0.040546152740716934,0,10
25,0.07013460993766785,0.03437010943889618,0,10
26,0.07027654349803925,0.07027652859687805,0,10
27,0.07073166221380234,0.0381799042224884,0,10
28,0.0701172724366188,0.05345714092254639,0,10
29,0.06968777626752853,0.05351496487855911,0,10
30,0.07100720703601837,0.05075497180223465,0,10
31,0.06878868490457535,0.03287538141012192,0,10
32,0.06868778169155121,0.04711993783712387,0,10
33,0.06945846974849701,0.03943272680044174,0,10
34,0.07094203680753708,0.052881620824337006,0,10
35,0.07003182917833328,0.02862098440527916,0,10
36,0.0692409873008728,0.04814084991812706,0,10
37,0.06962951272726059,0.049802035093307495,0,10
38,0.06985142827033997,0.04803619906306267,0,10
39,0.06896990537643433,0.03627707064151764,0,10
40,0.06888128072023392,0.05456382408738136,0,10
41,0.06998356431722641,0.058950308710336685,0,10
42,0.07063651829957962,0.0375390388071537,0,10
43,0.06995559483766556,0.051943089812994,0,10
44,0.0697985365986824,0.06070065498352051,0,10
45,0.06884008646011353,0.022364184260368347,0,10
46,0.0707075446844101,0.054710786789655685,0,10
47,0.06946409493684769,0.05449514836072922,0,10
0,0.06945762783288956,0.06945765018463135,0,10
1,0.0697111189365387,0.0697111189365387,0,10
2,0.06841433793306351,0.042911939322948456,0,10
3,0.06966547667980194,0.05582097917795181,0,10
4,0.07038557529449463,0.0521969310939312,0,10
5,0.07090315222740173,0.04142150655388832,0,10
6,0.06935551017522812,0.06134418025612831,0,10
7,0.06941570341587067,0.05639375373721123,0,10
8,0.07099053263664246,0.036253929138183594,0,10
9,0.07025953382253647,0.06166080757975578,0,10
10,0.07082438468933105,0.06061340495944023,0,10
11,0.07050026208162308,0.04497254639863968,0,10
12,0.0699019581079483,0.04419966787099838,0,10
13,0.06858985871076584,0.05469826981425285,0,10
14,0.06976349651813507,0.04791368171572685,0,10
15,0.06928721070289612,0.05832904949784279,0,10
16,0.06997576355934143,0.05650179833173752,0,10
17,0.06978625059127808,0.04071371629834175,0,10
18,0.06834635138511658,0.049657467752695084,0,10
19,0.06955364346504211,0.05722609534859657,0,10
20,0.07059147953987122,0.05417901277542114,0,10
21,0.06862872838973999,0.06097147986292839,0,10
22,0.06925015151500702,0.06133672967553139,0,10
23,0.07036439329385757,0.04664246737957001,0,10
24,0.07079708576202393,0.04987609386444092,0,10
25,0.07013460993766785,0.05077383294701576,0,10
26,0.07027654349803925,0.07027652859687805,0,10
27,0.07073166221380234,0.05032360553741455,0,10
28,0.0701172724366188,0.051863569766283035,0,10
29,0.06968777626752853,0.06041577458381653,0,10
30,0.07100720703601837,0.046987343579530716,0,10
31,0.06878868490457535,0.05804762244224548,0,10
32,0.06868778169155121,0.05418721213936806,0,10
33,0.06945846974849701,0.059889618307352066,0,10
34,0.07094203680753708,0.07094204425811768,0,10
35,0.07003182917833328,0.028503399342298508,0,10
36,0.0692409873008728,0.035264547914266586,0,10
37,0.06962951272726059,0.04132235422730446,0,10
38,0.06985142827033997,0.05543923005461693,0,10
39,0.06896990537643433,0.0383838452398777,0,10
40,0.06888128072023392,0.053751394152641296,0,10
41,0.06998356431722641,0.054002970457077026,0,10
42,0.07063651829957962,0.0460968017578125,0,10
43,0.06995559483766556,0.058651816099882126,0,10
44,0.0697985365986824,0.059092339128255844,0,10
45,0.06884008646011353,0.05223148316144943,0,10
46,0.0707075446844101,0.0542987585067749,0,10
47,0.06946409493684769,0.030214034020900726,0,10
48,0.0696834921836853,0.05564066395163536,0,10
0,0.06945762783288956,0.06945765018463135,0,10
1,0.0697111189365387,0.0697111263871193,0,10
2,0.06841433793306351,0.05006195977330208,0,10
3,0.06966547667980194,0.06966546177864075,0,10
4,0.07038557529449463,0.05011525750160217,0,10
5,0.07090315222740173,0.04491906985640526,0,10
6,0.06935551017522812,0.03867505118250847,0,10
7,0.06941570341587067,0.0524008646607399,0,10
8,0.07099053263664246,0.05078413337469101,0,10
9,0.07025953382253647,0.049004215747117996,0,10
10,0.07082438468933105,0.050631001591682434,0,10
11,0.07050026208162308,0.04383372515439987,0,10
12,0.0699019581079483,0.045173630118370056,0,10
13,0.06858985871076584,0.04975960776209831,0,10
14,0.06976349651813507,0.03209668770432472,0,10
15,0.06928721070289612,0.042789023369550705,0,10
16,0.06997576355934143,0.04041928052902222,0,10
17,0.06978625059127808,0.046755313873291016,0,10
18,0.06834635138511658,0.0352238267660141,0,10
19,0.06955364346504211,0.06955364346504211,0,10
20,0.07059147953987122,0.06149601191282272,0,10
21,0.06862872838973999,0.04825880005955696,0,10
22,0.06925015151500702,0.03374622389674187,0,10
23,0.07036439329385757,0.06373036652803421,0,10
24,0.07079708576202393,0.051750749349594116,0,10
25,0.07013460993766785,0.03810833767056465,0,10
26,0.07027654349803925,0.05182719603180885,0,10
27,0.07073166221380234,0.05466651916503906,0,10
28,0.0701172724366188,0.056763906031847,0,10
29,0.06968777626752853,0.05153612419962883,0,10
30,0.07100720703601837,0.03802810236811638,0,10
31,0.06878868490457535,0.04334934055805206,0,10
32,0.06868778169155121,0.03258029371500015,0,10
33,0.06945846974849701,0.05095044523477554,0,10
34,0.07094203680753708,0.04531281813979149,0,10
35,0.07003182917833328,0.062003761529922485,0,10
36,0.0692409873008728,0.042523812502622604,0,10
37,0.06962951272726059,0.04769556596875191,0,10
38,0.06985142827033997,0.04103356599807739,0,10
39,0.06896990537643433,0.042193248867988586,0,10
40,0.06888128072023392,0.032630372792482376,0,10
41,0.06998356431722641,0.05228075385093689,0,10
42,0.07063651829957962,0.04351099953055382,0,10
43,0.06995559483766556,0.04661428555846214,0,10
44,0.0697985365986824,0.03236252814531326,0,10
45,0.06884008646011353,0.058298319578170776,0,10
46,0.0707075446844101,0.05535627529025078,0,10
47,0.06946409493684769,0.05964907631278038,0,10
48,0.0696834921836853,0.050118930637836456,0,10
49,0.07019180059432983,0.05421975255012512,0,10
0,0.06945762783288956,0.06945765018463135,0,10
1,0.0697111189365387,0.06115567684173584,0,10
2,0.06841433793306351,0.04634326696395874,0,10
3,0.06966547667980194,0.048830658197402954,0,10
4,0.07038557529449463,0.07038557529449463,0,10
5,0.07090315222740173,0.05008748173713684,0,10
6,0.06935551017522812,0.04771428555250168,0,10
7,0.06941570341587067,0.03859445080161095,0,10
8,0.07099053263664246,0.05005137249827385,0,10
9,0.07025953382253647,0.0465131551027298,0,10
10,0.07082438468933105,0.039663080126047134,0,10
11,0.07050026208162308,0.04268443584442139,0,10
12,0.0699019581079483,0.03937321901321411,0,10
13,0.06858985871076584,0.052735522389411926,0,10
14,0.06976349651813507,0.048410117626190186,0,10
15,0.06928721070289612,0.04459336772561073,0,10
16,0.06997576355934143,0.06042367219924927,0,10
17,0.06978625059127808,0.05085649713873863,0,10
18,0.06834635138511658,0.05823458358645439,0,10
19,0.06955364346504211,0.05744373798370361,0,10
20,0.07059147953987122,0.06125454232096672,0,10
21,0.06862872838973999,0.03268902003765106,0,10
22,0.06925015151500702,0.04943299666047096,0,10
23,0.07036439329385757,0.05984298884868622,0,10
24,0.07079708576202393,0.05785951018333435,0,10
25,0.07013460993766785,0.049865663051605225,0,10
26,0.07027654349803925,0.037792276591062546,0,10
27,0.07073166221380234,0.046080902218818665,0,10
28,0.0701172724366188,0.05639522895216942,0,10
29,0.06968777626752853,0.052909135818481445,0,10
30,0.07100720703601837,0.05253830552101135,0,10
31,0.06878868490457535,0.03631654754281044,0,10
32,0.06868778169155121,0.05025109276175499,0,10
33,0.06945846974849701,0.031801141798496246,0,10
34,0.07094203680753708,0.054144591093063354,0,10
35,0.07003182917833328,0.05489717423915863,0,10
36,0.0692409873008728,0.04099610447883606,0,10
37,0.06962951272726059,0.05175170674920082,0,10
38,0.06985142827033997,0.03702083230018616,0,10
39,0.06896990537643433,0.060454461723566055,0,10
40,0.06888128072023392,0.06093767657876015,0,10
41,0.06998356431722641,0.06973353028297424,0,10
42,0.07063651829957962,0.04793310910463333,0,10
43,0.06995559483766556,0.050118327140808105,0,10
44,0.0697985365986824,0.04612387344241142,0,10
45,0.06884008646011353,0.05664879456162453,0,10
46,0.0707075446844101,0.04682507738471031,0,10
47,0.06946409493684769,0.04921552166342735,0,10
48,0.0696834921836853,0.043622683733701706,0,10
49,0.07019180059432983,0.04501574486494064,0,10
50,0.07061579823493958,0.050142254680395126,0,10
0,0.06945762783288956,0.06945765763521194,0,10
1,0.0697111189365387,0.06390774995088577,0,10
2,0.06841433793306351,0.03483906388282776,0,10
3,0.06966547667980194,0.0453827828168869,0,10
4,0.07038557529449463,0.04473847150802612,0,10
5,0.07090315222740173,0.044799190014600754,0,10
6,0.06935551017522812,0.04709716513752937,0,10
7,0.06941570341587067,0.04653208330273628,0,10
8,0.07099053263664246,0.05403639003634453,0,10
9,0.07025953382253647,0.04575963318347931,0,10
10,0.07082438468933105,0.047143422067165375,0,10
11,0.07050026208162308,0.062432222068309784,0,10
12,0.0699019581079483,0.05524323880672455,0,10
13,0.06858985871076584,0.051565613597631454,0,10
14,0.06976349651813507,0.04435974359512329,0,10
15,0.06928721070289612,0.04491431638598442,0,10
16,0.06997576355934143,0.05308967083692551,0,10
17,0.06978625059127808,0.052164845168590546,0,10
18,0.06834635138511658,0.02533373422920704,0,10
19,0.06955364346504211,0.05267845466732979,0,10
20,0.07059147953987122,0.05310657247900963,0,10
21,0.06862872838973999,0.0534309558570385,0,10
22,0.06925015151500702,0.024069910869002342,0,10
23,0.07036439329385757,0.03266684338450432,0,10
24,0.07079708576202393,0.05853952094912529,0,10
25,0.07013460993766785,0.030500752851366997,0,10
26,0.07027654349803925,0.03330773115158081,0,10
27,0.07073166221380234,0.050036996603012085,0,10
28,0.0701172724366188,0.058062076568603516,0,10
29,0.06968777626752853,0.05285043641924858,0,10
30,0.07100720703601837,0.0564175620675087,0,10
31,0.06878868490457535,0.03598686307668686,0,10
32,0.06868778169155121,0.046026524156332016,0,10
33,0.06945846974849701,0.048757538199424744,0,10
34,0.07094203680753708,0.052936624735593796,0,10
35,0.07003182917833328,0.04775147885084152,0,10
36,0.0692409873008728,0.03769281134009361,0,10
37,0.06962951272726059,0.05643437057733536,0,10
38,0.06985142827033997,0.04343029856681824,0,10
39,0.06896990537643433,0.046656690537929535,0,10
40,0.06888128072023392,0.03602394089102745,0,10
41,0.06998356431722641,0.04535648226737976,0,10
42,0.07063651829957962,0.053173959255218506,0,10
43,0.06995559483766556,0.04407697916030884,0,10
44,0.0697985365986824,0.0517779216170311,0,10
45,0.06884008646011353,0.05761202797293663,0,10
46,0.0707075446844101,0.054402463138103485,0,10
47,0.06946409493684769,0.04680294170975685,0,10
48,0.0696834921836853,0.03889918327331543,0,10
49,0.07019180059432983,0.03630279749631882,0,10
50,0.07061579823493958,0.05363902449607849,0,10
51,0.07053922861814499,0.05392445623874664,0,10
0,0.06945762783288956,0.06945765018463135,0,10
1,0.0697111189365387,0.06532219797372818,0,10
2,0.06841433793306351,0.05599857121706009,0,10
3,0.06966547667980194,0.03955293819308281,0,10
4,0.07038557529449463,0.052623335272073746,0,10
5,0.07090315222740173,0.042938582599163055,0,10
6,0.06935551017522812,0.04604075103998184,0,10
7,0.06941570341587067,0.032679639756679535,0,10
8,0.07099053263664246,0.0530945360660553,0,10
9,0.07025953382253647,0.05768298730254173,0,10
10,0.07082438468933105,0.04400401562452316,0,10
11,0.07050026208162308,0.044108785688877106,0,10
12,0.0699019581079483,0.045455362647771835,0,10
13,0.06858985871076584,0.04195711761713028,0,10
14,0.06976349651813507,0.048257675021886826,0,10
15,0.06928721070289612,0.04816196858882904,0,10
16,0.06997576355934143,0.062109094113111496,0,10
17,0.06978625059127808,0.05178204923868179,0,10
18,0.06834635138511658,0.05446767061948776,0,10
19,0.06955364346504211,0.04699704051017761,0,10
20,0.07059147953987122,0.051677022129297256,0,10
21,0.06862872838973999,0.0428098626434803,0,10
22,0.06925015151500702,0.05277792736887932,0,10
23,0.07036439329385757,0.050723135471343994,0,10
24,0.07079708576202393,0.046536270529031754,0,10
25,0.07013460993766785,0.04388025030493736,0,10
26,0.07027654349803925,0.0496344119310379,0,10
27,0.07073166221380234,0.058214277029037476,0,10
28,0.0701172724366188,0.03955608233809471,0,10
29,0.06968777626752853,0.04546520486474037,0,10
30,0.07100720703601837,0.051021087914705276,0,10
31,0.06878868490457535,0.0495666079223156,0,10
32,0.06868778169155121,0.03578981012105942,0,10
33,0.06945846974849701,0.04778798297047615,0,10
34,0.07094203680753708,0.06352949142456055,0,10
35,0.07003182917833328,0.049687862396240234,0,10
36,0.0692409873008728,0.03811526298522949,0,10
37,0.06962951272726059,0.03931290656328201,0,10
38,0.06985142827033997,0.03997441381216049,0,10
39,0.06896990537643433,0.04828451946377754,0,10
40,0.06888128072023392,0.061737265437841415,0,10
41,0.06998356431722641,0.03343936800956726,0,10
42,0.07063651829957962,0.05681229382753372,0,10
43,0.06995559483766556,0.04308575391769409,0,10
44,0.0697985365986824,0.05152975022792816,0,10
45,0.06884008646011353,0.044806551188230515,0,10
46,0.0707075446844101,0.05007569491863251,0,10
47,0.06946409493684769,0.043899502605199814,0,10
48,0.0696834921836853,0.038112010806798935,0,10
49,0.07019180059432983,0.05230529606342316,0,10
50,0.07061579823493958,0.05156554654240608,0,10
51,0.07053922861814499,0.05641094222664833,0,10
52,0.07088028639554977,0.05081603676080704,0,10
0,0.06945762783288956,0.06945765018463135,0,10
1,0.0697111189365387,0.06160644069314003,0,10
2,0.06841433793306351,0.039593636989593506,0,10
3,0.06966547667980194,0.06966546177864075,0,10
4,0.07038557529449463,0.055081844329833984,0,10
5,0.07090315222740173,0.05546718090772629,0,10
6,0.06935551017522812,0.04947173222899437,0,10
7,0.06941570341587067,0.037330422550439835,0,10
8,0.07099053263664246,0.05317756533622742,0,10
9,0.07025953382253647,0.05504808574914932,0,10
10,0.07082438468933105,0.0433172844350338,0,10
11,0.07050026208162308,0.052833255380392075,0,10
12,0.0699019581079483,0.0616244412958622,0,10
13,0.06858985871076584,0.06352286785840988,0,10
14,0.06976349651813507,0.05939340591430664,0,10
15,0.06928721070289612,0.0478970967233181,0,10
16,0.06997576355934143,0.059981945902109146,0,10
17,0.06978625059127808,0.04186314344406128,0,10
18,0.06834635138511658,0.06164496764540672,0,10
19,0.06955364346504211,0.04423660412430763,0,10
20,0.07059147953987122,0.04774521291255951,0,10
21,0.06862872838973999,0.04823976010084152,0,10
22,0.06925015151500702,0.048419591039419174,0,10
23,0.07036439329385757,0.04584965109825134,0,10
24,0.07079708576202393,0.05475323274731636,0,10
25,0.07013460993766785,0.04337736591696739,0,10
26,0.07027654349803925,0.05865670368075371,0,10
27,0.07073166221380234,0.05557682737708092,0,10
28,0.0701172724366188,0.022349391132593155,0,10
29,0.06968777626752853,0.05159899592399597,0,10
30,0.07100720703601837,0.05360351502895355,0,10
31,0.06878868490457535,0.044234421104192734,0,10
32,0.06868778169155121,0.047660015523433685,0,10
33,0.06945846974849701,0.035243310034275055,0,10
34,0.07094203680753708,0.05763886123895645,0,10
35,0.07003182917833328,0.04561160132288933,0,10
36,0.0692409873008728,0.04515276104211807,0,10
37,0.06962951272726059,0.05085135996341705,0,10
38,0.06985142827033997,0.06985142827033997,0,10
39,0.06896990537643433,0.05841122195124626,0,10
40,0.06888128072023392,0.053264498710632324,0,10
41,0.06998356431722641,0.046484753489494324,0,10
42,0.07063651829957962,0.026984620839357376,0,10
43,0.06995559483766556,0.04995475336909294,0,10
44,0.0697985365986824,0.05640753358602524,0,10
45,0.06884008646011353,0.04435925930738449,0,10
46,0.0707075446844101,0.048789430409669876,0,10
47,0.06946409493684769,0.03785698488354683,0,10
48,0.0696834921836853,0.05427366867661476,0,10
49,0.07019180059432983,0.05183985084295273,0,10
50,0.07061579823493958,0.04561897739768028,0,10
51,0.07053922861814499,0.038101017475128174,0,10
52,0.07088028639554977,0.0408683605492115,0,10
53,0.07041867822408676,0.06224488839507103,0,10
0,0.06945762783288956,0.06945765018463135,0,10
1,0.0697111189365387,0.0697111189365387,0,10
2,0.06841433793306351,0.04762057960033417,0,10
3,0.06966547667980194,0.03663671016693115,0,10
4,0.07038557529449463,0.05073156952857971,0,10
5,0.07090315222740173,0.045395273715257645,0,10
6,0.06935551017522812,0.04691585525870323,0,10
7,0.06941570341587067,0.031582605093717575,0,10
8,0.07099053263664246,0.05492592230439186,0,10
9,0.07025953382253647,0.058008208870887756,0,10
10,0.07082438468933105,0.05441147834062576,0,10
11,0.07050026208162308,0.03706735372543335,0,10
12,0.0699019581079483,0.04537230730056763,0,10
13,0.06858985871076584,0.03787265345454216,0,10
14,0.06976349651813507,0.05437850579619408,0,10
15,0.06928721070289612,0.047414787113666534,0,10
16,0.06997576355934143,0.04867321625351906,0,10
17,0.06978625059127808,0.03813784942030907,0,10
18,0.06834635138511658,0.05956422910094261,0,10
19,0.06955364346504211,0.03488323092460632,0,10
20,0.07059147953987122,0.04334145411849022,0,10
21,0.06862872838973999,0.05198933184146881,0,10
22,0.06925015151500702,0.02987174317240715,0,10
23,0.07036439329385757,0.052385274320840836,0,10
24,0.07079708576202393,0.03627218306064606,0,10
25,0.07013460993766785,0.056704968214035034,0,10
26,0.07027654349803925,0.0466824546456337,0,10
27,0.07073166221380234,0.052910514175891876,0,10
28,0.0701172724366188,0.04020591080188751,0,10
29,0.06968777626752853,0.043824296444654465,0,10
30,0.07100720703601837,0.05313882231712341,0,10
31,0.06878868490457535,0.055201757699251175,0,10
32,0.06868778169155121,0.04219278320670128,0,10
33,0.06945846974849701,0.03922282159328461,0,10
34,0.07094203680753708,0.05605440214276314,0,10
35,0.07003182917833328,0.020457299426198006,0,10
36,0.0692409873008728,0.054967835545539856,0,10
37,0.06962951272726059,0.05040602385997772,0,10
38,0.06985142827033997,0.04096999764442444,0,10
39,0.06896990537643433,0.04266734793782234,0,10
40,0.06888128072023392,0.046634480357170105,0,10
41,0.06998356431722641,0.06469687819480896,0,10
42,0.07063651829957962,0.04806400090456009,0,10
43,0.06995559483766556,0.040807466953992844,0,10
44,0.0697985365986824,0.04988556727766991,0,10
45,0.06884008646011353,0.04968096315860748,0,10
46,0.0707075446844101,0.04726989194750786,0,10
47,0.06946409493684769,0.04074571281671524,0,10
48,0.0696834921836853,0.02740938775241375,0,10
49,0.07019180059432983,0.047254618257284164,0,10
50,0.07061579823493958,0.05213591828942299,0,10
51,0.07053922861814499,0.044472306966781616,0,10
52,0.07088028639554977,0.05371062830090523,0,10
53,0.07041867822408676,0.05424275994300842,0,10
54,0.0676497295498848,0.045996565371751785,0,10
0,0.06945762783288956,0.06945765018463135,0,10
1,0.0697111189365387,0.06016608700156212,0,10
2,0.06841433793306351,0.05170514062047005,0,10
3,0.06966547667980194,0.05591043829917908,0,10
4,0.07038557529449463,0.05066957324743271,0,10
5,0.07090315222740173,0.042026881128549576,0,10
6,0.06935551017522812,0.04798787459731102,0,10
7,0.06941570341587067,0.05319907143712044,0,10
8,0.07099053263664246,0.05879242345690727,0,10
9,0.07025953382253647,0.05327744781970978,0,10
10,0.07082438468933105,0.058874573558568954,0,10
11,0.07050026208162308,0.046011265367269516,0,10
12,0.0699019581079483,0.05856648087501526,0,10
13,0.06858985871076584,0.03531413525342941,0,10
14,0.06976349651813507,0.047440361231565475,0,10
15,0.06928721070289612,0.04939515143632889,0,10
16,0.06997576355934143,0.06997576355934143,0,10
17,0.06978625059127808,0.056485578417778015,0,10
18,0.06834635138511658,0.050577644258737564,0,10
19,0.06955364346504211,0.046693354845047,0,10
20,0.07059147953987122,0.03784579038619995,0,10
21,0.06862872838973999,0.06310296803712845,0,10
22,0.06925015151500702,0.05454551801085472,0,10
23,0.07036439329385757,0.040238406509160995,0,10
24,0.07079708576202393,0.03752874583005905,0,10
25,0.07013460993766785,0.052322521805763245,0,10
26,0.07027654349803925,0.07027652859687805,0,10
27,0.07073166221380234,0.036276765167713165,0,10
28,0.0701172724366188,0.0584276057779789,0,10
29,0.06968777626752853,0.04497063159942627,0,10
30,0.07100720703601837,0.05455777794122696,0,10
31,0.06878868490457535,0.03766819089651108,0,10
32,0.06868778169155121,0.04545973613858223,0,10
33,0.06945846974849701,0.0475228913128376,0,10
34,0.07094203680753708,0.0478498712182045,0,10
35,0.07003182917833328,0.04965342581272125,0,10
36,0.0692409873008728,0.03984270989894867,0,10
37,0.06962951272726059,0.05384840443730354,0,10
38,0.06985142827033997,0.03671931475400925,0,10
39,0.06896990537643433,0.04644489288330078,0,10
40,0.06888128072023392,0.028976526111364365,0,10
41,0.06998356431722641,0.050272125750780106,0,10
42,0.07063651829957962,0.04190242290496826,0,10
43,0.06995559483766556,0.05327516794204712,0,10
44,0.0697985365986824,0.04671036824584007,0,10
45,0.06884008646011353,0.049572646617889404,0,10
46,0.0707075446844101,0.033245597034692764,0,10
47,0.06946409493684769,0.060237038880586624,0,10
48,0.0696834921836853,0.026514654979109764,0,10
49,0.07019180059432983,0.047514885663986206,0,10
50,0.07061579823493958,0.041560281068086624,0,10
51,0.07053922861814499,0.0640135183930397,0,10
52,0.07088028639554977,0.05383827164769173,0,10
53,0.07041867822408676,0.045121800154447556,0,10
54,0.0676497295498848,0.05886773765087128,0,10
55,0.06912820786237717,0.050719670951366425,0,10
0,0.06945762783288956,0.06945764273405075,0,10
1,0.0697111189365387,0.06428796052932739,0,10
2,0.06841433793306351,0.0338544026017189,0,10
3,0.06966547667980194,0.04224202036857605,0,10
4,0.07038557529449463,0.04565081372857094,0,10
5,0.07090315222740173,0.05449088290333748,0,10
6,0.06935551017522812,0.04849163815379143,0,10
7,0.06941570341587067,0.045318685472011566,0,10
8,0.07099053263664246,0.06380785256624222,0,10
9,0.07025953382253647,0.041647229343652725,0,10
10,0.07082438468933105,0.05834240838885307,0,10
11,0.07050026208162308,0.04606866464018822,0,10
12,0.0699019581079483,0.05020297318696976,0,10
13,0.06858985871076584,0.05032070726156235,0,10
14,0.06976349651813507,0.03300127759575844,0,10
15,0.06928721070289612,0.041192661970853806,0,10
16,0.06997576355934143,0.05586429685354233,0,10
17,0.06978625059127808,0.054276905953884125,0,10
18,0.06834635138511658,0.03325091302394867,0,10
19,0.06955364346504211,0.04650343582034111,0,10
20,0.07059147953987122,0.0415596067905426,0,10
21,0.06862872838973999,0.038624901324510574,0,10
22,0.06925015151500702,0.06398371607065201,0,10
23,0.07036439329385757,0.03301794081926346,0,10
24,0.07079708576202393,0.03605359047651291,0,10
25,0.07013460993766785,0.021386830136179924,0,10
26,0.07027654349803925,0.050483398139476776,0,10
27,0.07073166221380234,0.06154736503958702,0,10
28,0.0701172724366188,0.057385604828596115,0,10
29,0.06968777626752853,0.0483764111995697,0,10
30,0.07100720703601837,0.05013205111026764,0,10
31,0.06878868490457535,0.052146684378385544,0,10
32,0.06868778169155121,0.050685591995716095,0,10
33,0.06945846974849701,0.048801034688949585,0,10
34,0.07094203680753708,0.05418849363923073,0,10
35,0.07003182917833328,0.05187087133526802,0,10
36,0.0692409873008728,0.042993757873773575,0,10
37,0.06962951272726059,0.05874113366007805,0,10
38,0.06985142827033997,0.05151251330971718,0,10
39,0.06896990537643433,0.049246255308389664,0,10
40,0.06888128072023392,0.04649897292256355,0,10
41,0.06998356431722641,0.05079680308699608,0,10
42,0.07063651829957962,0.0656033530831337,0,10
43,0.06995559483766556,0.062266021966934204,0,10
44,0.0697985365986824,0.04656204581260681,0,10
45,0.06884008646011353,0.03543965891003609,0,10
46,0.0707075446844101,0.05648784711956978,0,10
47,0.06946409493684769,0.05297530069947243,0,10
48,0.0696834921836853,0.03271505609154701,0,10
49,0.07019180059432983,0.049278318881988525,0,10
50,0.07061579823493958,0.06383424252271652,0,10
51,0.07053922861814499,0.06283892691135406,0,10
52,0.07088028639554977,0.033374905586242676,0,10
53,0.07041867822408676,0.041434887796640396,0,10
54,0.0676497295498848,0.03831939399242401,0,10
55,0.06912820786237717,0.05321849137544632,0,10
56,0.07017192244529724,0.04795578122138977,0,10
0,0.06945762783288956,0.06945764273405075,0,10
1,0.0697111189365387,0.06765667349100113,0,10
2,0.06841433793306351,0.05120769515633583,0,10
3,0.06966547667980194,0.04875516518950462,0,10
4,0.07038557529449463,0.0537433922290802,0,10
5,0.07090315222740173,0.055078599601984024,0,10
6,0.06935551017522812,0.026291387155652046,0,10
7,0.06941570341587067,0.036414794623851776,0,10
8,0.07099053263664246,0.051018550992012024,0,10
9,0.07025953382253647,0.056325703859329224,0,10
10,0.07082438468933105,0.048511676490306854,0,10
11,0.07050026208162308,0.05772276222705841,0,10
12,0.0699019581079483,0.037941090762615204,0,10
13,0.06858985871076584,0.0436147041618824,0,10
14,0.06976349651813507,0.03348409757018089,0,10
15,0.06928721070289612,0.061347153037786484,0,10
16,0.06997576355934143,0.05621829628944397,0,10
17,0.06978625059127808,0.06102417781949043,0,10
18,0.06834635138511658,0.05060761794447899,0,10
19,0.06955364346504211,0.062405120581388474,0,10
20,0.07059147953987122,0.03618795424699783,0,10
21,0.06862872838973999,0.05603410303592682,0,10
22,0.06925015151500702,0.05397956445813179,0,10
23,0.07036439329385757,0.036217574030160904,0,10
24,0.07079708576202393,0.043636504560709,0,10
25,0.07013460993766785,0.061785683035850525,0,10
26,0.07027654349803925,0.03765987977385521,0,10
27,0.07073166221380234,0.04762063920497894,0,10
28,0.0701172724366188,0.051148850470781326,0,10
29,0.06968777626752853,0.055228739976882935,0,10
30,0.07100720703601837,0.05558785796165466,0,10
31,0.06878868490457535,0.06407305598258972,0,10
32,0.06868778169155121,0.05406685546040535,0,10
33,0.06945846974849701,0.05164959281682968,0,10
34,0.07094203680753708,0.05060157924890518,0,10
35,0.07003182917833328,0.0458240807056427,0,10
36,0.0692409873008728,0.037304796278476715,0,10
37,0.06962951272726059,0.05659661069512367,0,10
38,0.06985142827033997,0.053895607590675354,0,10
39,0.06896990537643433,0.03676837682723999,0,10
40,0.06888128072023392,0.038520608097314835,0,10
41,0.06998356431722641,0.04710656404495239,0,10
42,0.07063651829957962,0.05204847455024719,0,10
43,0.06995559483766556,0.0395524837076664,0,10
44,0.0697985365986824,0.05925196036696434,0,10
45,0.06884008646011353,0.03268641605973244,0,10
46,0.0707075446844101,0.04132169485092163,0,10
47,0.06946409493684769,0.03172967955470085,0,10
48,0.0696834921836853,0.040586505085229874,0,10
49,0.07019180059432983,0.04290029779076576,0,10
50,0.07061579823493958,0.06115897744894028,0,10
51,0.07053922861814499,0.0593223012983799,0,10
52,0.07088028639554977,0.055952295660972595,0,10
53,0.07041867822408676,0.060448989272117615,0,10
54,0.0676497295498848,0.04864215850830078,0,10
55,0.06912820786237717,0.052124958485364914,0,10
56,0.07017192244529724,0.05525047332048416,0,10
57,0.07095640152692795,0.062341026961803436,0,10
0,0.06945762783288956,0.06945765018463135,0,10
1,0.0697111189365387,0.06590967625379562,0,10
2,0.06841433793306351,0.03757720813155174,0,10
3,0.06966547667980194,0.05104321986436844,0,10
4,0.07038557529449463,0.054054565727710724,0,10
5,0.07090315222740173,0.037375420331954956,0,10
6,0.06935551017522812,0.05586704611778259,0,10
7,0.06941570341587067,0.059936512261629105,0,10
8,0.07099053263664246,0.05343104898929596,0,10
9,0.07025953382253647,0.0641765296459198,0,10
10,0.07082438468933105,0.04632744938135147,0,10
11,0.07050026208162308,0.043727222830057144,0,10
12,0.0699019581079483,0.04419673606753349,0,10
13,0.06858985871076584,0.045500122010707855,0,10
14,0.06976349651813507,0.04858461022377014,0,10
15,0.06928721070289612,0.030795399099588394,0,10
16,0.06997576355934143,0.05149976164102554,0,10
17,0.06978625059127808,0.041184067726135254,0,10
18,0.06834635138511658,0.04106283560395241,0,10
19,0.06955364346504211,0.060441479086875916,0,10
20,0.07059147953987122,0.03576160967350006,0,10
21,0.06862872838973999,0.05421881377696991,0,10
22,0.06925015151500702,0.031351592391729355,0,10
23,0.07036439329385757,0.0640273466706276,0,10
24,0.07079708576202393,0.05795540660619736,0,10
25,0.07013460993766785,0.04124443605542183,0,10
26,0.07027654349803925,0.06069968640804291,0,10
27,0.07073166221380234,0.048717666417360306,0,10
28,0.0701172724366188,0.06139263138175011,0,10
29,0.06968777626752853,0.04104309529066086,0,10
30,0.07100720703601837,0.05317904055118561,0,10
31,0.06878868490457535,0.06268428266048431,0,10
32,0.06868778169155121,0.04749290645122528,0,10
33,0.06945846974849701,0.04025820270180702,0,10
34,0.07094203680753708,0.045891907066106796,0,10
35,0.07003182917833328,0.0525798499584198,0,10
36,0.0692409873008728,0.05107884109020233,0,10
37,0.06962951272726059,0.05112549662590027,0,10
38,0.06985142827033997,0.057057175785303116,0,10
39,0.06896990537643433,0.0298579391092062,0,10
40,0.06888128072023392,0.04125364124774933,0,10
41,0.06998356431722641,0.05625269189476967,0,10
42,0.07063651829957962,0.06539428979158401,0,10
43,0.06995559483766556,0.051107801496982574,0,10
44,0.0697985365986824,0.048134926706552505,0,10
45,0.06884008646011353,0.029301157221198082,0,10
46,0.0707075446844101,0.05339670181274414,0,10
47,0.06946409493684769,0.06161247938871384,0,10
48,0.0696834921836853,0.03686879947781563,0,10
49,0.07019180059432983,0.04846090078353882,0,10
50,0.07061579823493958,0.05759519338607788,0,10
51,0.07053922861814499,0.04304629564285278,0,10
52,0.07088028639554977,0.05153287202119827,0,10
53,0.07041867822408676,0.03610306978225708,0,10
54,0.0676497295498848,0.04760086163878441,0,10
55,0.06912820786237717,0.0396396704018116,0,10
56,0.07017192244529724,0.048499561846256256,0,10
57,0.07095640152692795,0.05952772870659828,0,10
58,0.0699397549033165,0.04101257771253586,0,10
0,0.06945762783288956,0.06945764273405075,0,10
1,0.0697111189365387,0.06648365408182144,0,10
2,0.06841433793306351,0.05166086181998253,0,10
3,0.06966547667980194,0.0526537261903286,0,10
4,0.07038557529449463,0.051068514585494995,0,10
5,0.07090315222740173,0.05420047417283058,0,10
6,0.06935551017522812,0.029090583324432373,0,10
7,0.06941570341587067,0.04055419936776161,0,10
8,0.07099053263664246,0.03370526432991028,0,10
9,0.07025953382253647,0.04783526435494423,0,10
10,0.07082438468933105,0.04937014728784561,0,10
11,0.07050026208162308,0.051333948969841,0,10
12,0.0699019581079483,0.05365319922566414,0,10
13,0.06858985871076584,0.055438507348299026,0,10
14,0.06976349651813507,0.04989105463027954,0,10
15,0.06928721070289612,0.05293405055999756,0,10
16,0.06997576355934143,0.041222136467695236,0,10
17,0.06978625059127808,0.05583732947707176,0,10
18,0.06834635138511658,0.05339528247714043,0,10
19,0.06955364346504211,0.057569023221731186,0,10
20,0.07059147953987122,0.043621987104415894,0,10
21,0.06862872838973999,0.046586278825998306,0,10
22,0.06925015151500702,0.05044874548912048,0,10
23,0.07036439329385757,0.04293359816074371,0,10
24,0.07079708576202393,0.03882143646478653,0,10
25,0.07013460993766785,0.056632015854120255,0,10
26,0.07027654349803925,0.05913851410150528,0,10
27,0.07073166221380234,0.07073166966438293,0,10
28,0.0701172724366188,0.04090069234371185,0,10
29,0.06968777626752853,0.04667476937174797,0,10
30,0.07100720703601837,0.05843023583292961,0,10
31,0.06878868490457535,0.06003612279891968,0,10
32,0.06868778169155121,0.03608497977256775,0,10
33,0.06945846974849701,0.05569475516676903,0,10
34,0.07094203680753708,0.06449001282453537,0,10
35,0.07003182917833328,0.04048163443803787,0,10
36,0.0692409873008728,0.05775974690914154,0,10
37,0.06962951272726059,0.041089434176683426,0,10
38,0.06985142827033997,0.05502159893512726,0,10
39,0.06896990537643433,0.0605117529630661,0,10
40,0.06888128072023392,0.05955658107995987,0,10
41,0.06998356431722641,0.05888889357447624,0,10
42,0.07063651829957962,0.0507546104490757,0,10
43,0.06995559483766556,0.04710695520043373,0,10
44,0.0697985365986824,0.052890412509441376,0,10
45,0.06884008646011353,0.043716683983802795,0,10
46,0.0707075446844101,0.037256985902786255,0,10
47,0.06946409493684769,0.046324506402015686,0,10
48,0.0696834921836853,0.051632679998874664,0,10
49,0.07019180059432983,0.040435198694467545,0,10
50,0.07061579823493958,0.040375251322984695,0,10
51,0.07053922861814499,0.05667160078883171,0,10
52,0.07088028639554977,0.06335719674825668,0,10
53,0.07041867822408676,0.03877769038081169,0,10
54,0.0676497295498848,0.05128009617328644,0,10
55,0.06912820786237717,0.04304293543100357,0,10
56,0.07017192244529724,0.026277557015419006,0,10
57,0.07095640152692795,0.055686723440885544,0,10
58,0.0699397549033165,0.06432165950536728,0,10
59,0.06899408996105194,0.05244230106472969,0,10
0,0.06945762783288956,0.06945765018463135,0,10
1,0.0697111189365387,0.0697111189365387,0,10
2,0.06841433793306351,0.04440274462103844,0,10
3,0.06966547667980194,0.04501084238290787,0,10
4,0.07038557529449463,0.06409665197134018,0,10
5,0.07090315222740173,0.044924840331077576,0,10
6,0.06935551017522812,0.026889337226748466,0,10
7,0.06941570341587067,0.04215919226408005,0,10
8,0.07099053263664246,0.036101505160331726,0,10
9,0.07025953382253647,0.04072022810578346,0,10
10,0.07082438468933105,0.05721566826105118,0,10
11,0.07050026208162308,0.05302666127681732,0,10
12,0.0699019581079483,0.047210805118083954,0,10
13,0.06858985871076584,0.044390931725502014,0,10
14,0.06976349651813507,0.043545857071876526,0,10
15,0.06928721070289612,0.04123016819357872,0,10
16,0.06997576355934143,0.057093895971775055,0,10
17,0.06978625059127808,0.04717029631137848,0,10
18,0.06834635138511658,0.060367733240127563,0,10
19,0.06955364346504211,0.045394763350486755,0,10
20,0.07059147953987122,0.06220602989196777,0,10
21,0.06862872838973999,0.04894478991627693,0,10
22,0.06925015151500702,0.04936359077692032,0,10
23,0.07036439329385757,0.05086667090654373,0,10
24,0.07079708576202393,0.05176788568496704,0,10
25,0.07013460993766785,0.031535930931568146,0,10
26,0.07027654349803925,0.05056403949856758,0,10
27,0.07073166221380234,0.058841198682785034,0,10
28,0.0701172724366188,0.054376985877752304,0,10
29,0.06968777626752853,0.05287328362464905,0,10
30,0.07100720703601837,0.05308452621102333,0,10
31,0.06878868490457535,0.036546919494867325,0,10
32,0.06868778169155121,0.0475253202021122,0,10
33,0.06945846974849701,0.055591434240341187,0,10
34,0.07094203680753708,0.04610679671168327,0,10
35,0.07003182917833328,0.03524244949221611,0,10
36,0.0692409873008728,0.03518780320882797,0,10
37,0.06962951272726059,0.04652482271194458,0,10
38,0.06985142827033997,0.0416601337492466,0,10
39,0.06896990537643433,0.0523374080657959,0,10
40,0.06888128072023392,0.038445696234703064,0,10
41,0.06998356431722641,0.05374586582183838,0,10
42,0.07063651829957962,0.04095618054270744,0,10
43,0.06995559483766556,0.025475068017840385,0,10
44,0.0697985365986824,0.04844250902533531,0,10
45,0.06884008646011353,0.042292848229408264,0,10
46,0.0707075446844101,0.048709988594055176,0,10
47,0.06946409493684769,0.030348535627126694,0,10
48,0.0696834921836853,0.04422716423869133,0,10
49,0.07019180059432983,0.051744669675827026,0,10
50,0.07061579823493958,0.053507015109062195,0,10
51,0.07053922861814499,0.05017496645450592,0,10
52,0.07088028639554977,0.0291748084127903,0,10
53,0.07041867822408676,0.03980683162808418,0,10
54,0.0676497295498848,0.05373658239841461,0,10
55,0.06912820786237717,0.048515088856220245,0,10
56,0.07017192244529724,0.060834966599941254,0,10
57,0.07095640152692795,0.05805569514632225,0,10
58,0.0699397549033165,0.04560964182019234,0,10
59,0.06899408996105194,0.04967838153243065,0,10
60,0.07085359841585159,0.055580347776412964,0,10
0,0.06945762783288956,0.06945765018463135,0,10
1,0.0697111189365387,0.06971113383769989,0,10
2,0.06841433793306351,0.03156709298491478,0,10
3,0.06966547667980194,0.0474325455725193,0,10
4,0.07038557529449463,0.04601288214325905,0,10
5,0.07090315222740173,0.05362725257873535,0,10
6,0.06935551017522812,0.03601570427417755,0,10
7,0.06941570341587067,0.032088588923215866,0,10
8,0.07099053263664246,0.051579028367996216,0,10
9,0.07025953382253647,0.048330895602703094,0,10
10,0.07082438468933105,0.04826151579618454,0,10
11,0.07050026208162308,0.03889009356498718,0,10
12,0.0699019581079483,0.04612373188138008,0,10
13,0.06858985871076584,0.04430501535534859,0,10
14,0.06976349651813507,0.04760507121682167,0,10
15,0.06928721070289612,0.053963031619787216,0,10
16,0.06997576355934143,0.05138138681650162,0,10
17,0.06978625059127808,0.04615132138133049,0,10
18,0.06834635138511658,0.04298785328865051,0,10
19,0.06955364346504211,0.04510700702667236,0,10
20,0.07059147953987122,0.04664883017539978,0,10
21,0.06862872838973999,0.05276511609554291,0,10
22,0.06925015151500702,0.05654650554060936,0,10
23,0.07036439329385757,0.05149434879422188,0,10
24,0.07079708576202393,0.05278906971216202,0,10
25,0.07013460993766785,0.04620387777686119,0,10
26,0.07027654349803925,0.05142892897129059,0,10
27,0.07073166221380234,0.043774597346782684,0,10
28,0.0701172724366188,0.04865628480911255,0,10
29,0.06968777626752853,0.04255745932459831,0,10
30,0.07100720703601837,0.04393467307090759,0,10
31,0.06878868490457535,0.04397950693964958,0,10
32,0.06868778169155121,0.04560843110084534,0,10
33,0.06945846974849701,0.050959162414073944,0,10
34,0.07094203680753708,0.06468551605939865,0,10
35,0.07003182917833328,0.047003936022520065,0,10
36,0.0692409873008728,0.0408354289829731,0,10
37,0.06962951272726059,0.06962952017784119,0,10
38,0.06985142827033997,0.06100718677043915,0,10
39,0.06896990537643433,0.04825296252965927,0,10
40,0.06888128072023392,0.037936221808195114,0,10
41,0.06998356431722641,0.04126767814159393,0,10
42,0.07063651829957962,0.0490780808031559,0,10
43,0.06995559483766556,0.05635033920407295,0,10
44,0.0697985365986824,0.05460307002067566,0,10
45,0.06884008646011353,0.049040067940950394,0,10
46,0.0707075446844101,0.04737842082977295,0,10
47,0.06946409493684769,0.030039383098483086,0,10
48,0.0696834921836853,0.04145865514874458,0,10
49,0.07019180059432983,0.04905681312084198,0,10
50,0.07061579823493958,0.05211058259010315,0,10
51,0.07053922861814499,0.046741634607315063,0,10
52,0.07088028639554977,0.061108969151973724,0,10
53,0.07041867822408676,0.039102498441934586,0,10
54,0.0676497295498848,0.04630490764975548,0,10
55,0.06912820786237717,0.04588522017002106,0,10
56,0.07017192244529724,0.04571846127510071,0,10
57,0.07095640152692795,0.04540613293647766,0,10
58,0.0699397549033165,0.05234124884009361,0,10
59,0.06899408996105194,0.059194840490818024,0,10
60,0.07085359841585159,0.042162735015153885,0,10
61,0.06983573734760284,0.03944046422839165,0,10
0,0.06945762783288956,0.06945765018463135,0,10
1,0.0697111189365387,0.0697111263871193,0,10
2,0.06841433793306351,0.05798302963376045,0,10
3,0.06966547667980194,0.04584578797221184,0,10
4,0.07038557529449463,0.05066104978322983,0,10
5,0.07090315222740173,0.04694317281246185,0,10
6,0.06935551017522812,0.04889177531003952,0,10
7,0.06941570341587067,0.030091548338532448,0,10
8,0.07099053263664246,0.05475554242730141,0,10
9,0.07025953382253647,0.038360595703125,0,10
10,0.07082438468933105,0.05558011308312416,0,10
11,0.07050026208162308,0.07050025463104248,0,10
12,0.0699019581079483,0.04973037540912628,0,10
13,0.06858985871076584,0.05225193127989769,0,10
14,0.06976349651813507,0.05284857749938965,0,10
15,0.06928721070289612,0.03328830003738403,0,10
16,0.06997576355934143,0.040353331714868546,0,10
17,0.06978625059127808,0.044538840651512146,0,10
18,0.06834635138511658,0.03990798816084862,0,10
19,0.06955364346504211,0.04265596717596054,0,10
20,0.07059147953987122,0.05160345509648323,0,10
21,0.06862872838973999,0.05282318964600563,0,10
22,0.06925015151500702,0.030818864703178406,0,10
23,0.07036439329385757,0.042641352862119675,0,10
24,0.07079708576202393,0.05654876306653023,0,10
25,0.07013460993766785,0.05216427519917488,0,10
26,0.07027654349803925,0.06255659461021423,0,10
27,0.07073166221380234,0.048933979123830795,0,10
28,0.0701172724366188,0.05082091689109802,0,10
29,0.06968777626752853,0.0316350981593132,0,10
30,0.07100720703601837,0.03443587198853493,0,10
31,0.06878868490457535,0.04346230626106262,0,10
32,0.06868778169155121,0.04077381268143654,0,10
33,0.06945846974849701,0.04957609623670578,0,10
34,0.07094203680753708,0.0640823245048523,0,10
35,0.07003182917833328,0.057656943798065186,0,10
36,0.0692409873008728,0.040534645318984985,0,10
37,0.06962951272726059,0.05679800733923912,0,10
38,0.06985142827033997,0.04931578040122986,0,10
39,0.06896990537643433,0.044925328344106674,0,10
40,0.06888128072023392,0.048770446330308914,0,10
41,0.06998356431722641,0.061979517340660095,0,10
42,0.07063651829957962,0.05099400877952576,0,10
43,0.06995559483766556,0.06132936105132103,0,10
44,0.0697985365986824,0.04329777508974075,0,10
45,0.06884008646011353,0.06129109486937523,0,10
46,0.0707075446844101,0.063738614320755,0,10
47,0.06946409493684769,0.033753637224435806,0,10
48,0.0696834921836853,0.04187895357608795,0,10
49,0.07019180059432983,0.041923731565475464,0,10
50,0.07061579823493958,0.04871181398630142,0,10
51,0.07053922861814499,0.047967612743377686,0,10
52,0.07088028639554977,0.053431153297424316,0,10
53,0.07041867822408676,0.037424053996801376,0,10
54,0.0676497295498848,0.044581275433301926,0,10
55,0.06912820786237717,0.0603412501513958,0,10
56,0.07017192244529724,0.035830091685056686,0,10
57,0.07095640152692795,0.03312157467007637,0,10
58,0.0699397549033165,0.03629693388938904,0,10
59,0.06899408996105194,0.0633702352643013,0,10
60,0.07085359841585159,0.05225394666194916,0,10
61,0.06983573734760284,0.04913054406642914,0,10
62,0.07080354541540146,0.053003937005996704,0,10
0,0.06945762783288956,0.06945765018463135,0,10
1,0.0697111189365387,0.0697111263871193,0,10
2,0.06841433793306351,0.0595727264881134,0,10
3,0.06966547667980194,0.06966546177864075,0,10
4,0.07038557529449463,0.04492247477173805,0,10
5,0.07090315222740173,0.061406172811985016,0,10
6,0.06935551017522812,0.05833734944462776,0,10
7,0.06941570341587067,0.03364429622888565,0,10
8,0.07099053263664246,0.053811971098184586,0,10
9,0.07025953382253647,0.03687463328242302,0,10
10,0.07082438468933105,0.054592788219451904,0,10
11,0.07050026208162308,0.04762957617640495,0,10
12,0.0699019581079483,0.03324311971664429,0,10
13,0.06858985871076584,0.04333677515387535,0,10
14,0.06976349651813507,0.03897271677851677,0,10
15,0.06928721070289612,0.05919736996293068,0,10
16,0.06997576355934143,0.03960578888654709,0,10
17,0.06978625059127808,0.04214855656027794,0,10
18,0.06834635138511658,0.0311417393386364,0,10
19,0.06955364346504211,0.05171903595328331,0,10
20,0.07059147953987122,0.05647840350866318,0,10
21,0.06862872838973999,0.05369909480214119,0,10
22,0.06925015151500702,0.03525843843817711,0,10
23,0.07036439329385757,0.06086833029985428,0,10
24,0.07079708576202393,0.05329456925392151,0,10
25,0.07013460993766785,0.05264253541827202,0,10
26,0.07027654349803925,0.053606078028678894,0,10
27,0.07073166221380234,0.05483781173825264,0,10
28,0.0701172724366188,0.05691706761717796,0,10
29,0.06968777626752853,0.053276900202035904,0,10
30,0.07100720703601837,0.0512351356446743,0,10
31,0.06878868490457535,0.048907823860645294,0,10
32,0.06868778169155121,0.04143531993031502,0,10
33,0.06945846974849701,0.041401900351047516,0,10
34,0.07094203680753708,0.05793053284287453,0,10
35,0.07003182917833328,0.05706741288304329,0,10
36,0.0692409873008728,0.055073291063308716,0,10
37,0.06962951272726059,0.04443462938070297,0,10
38,0.06985142827033997,0.060491546988487244,0,10
39,0.06896990537643433,0.03245094045996666,0,10
40,0.06888128072023392,0.035800326615571976,0,10
41,0.06998356431722641,0.04917582869529724,0,10
42,0.07063651829957962,0.04681314527988434,0,10
43,0.06995559483766556,0.044551730155944824,0,10
44,0.0697985365986824,0.04329724237322807,0,10
45,0.06884008646011353,0.03636690229177475,0,10
46,0.0707075446844101,0.06067381054162979,0,10
47,0.06946409493684769,0.03784921392798424,0,10
48,0.0696834921836853,0.03582027554512024,0,10
49,0.07019180059432983,0.04833400249481201,0,10
50,0.07061579823493958,0.0452396422624588,0,10
51,0.07053922861814499,0.0577537827193737,0,10
52,0.07088028639554977,0.04196174070239067,0,10
53,0.07041867822408676,0.04934182018041611,0,10
54,0.0676497295498848,0.055254463106393814,0,10
55,0.06912820786237717,0.04698004946112633,0,10
56,0.07017192244529724,0.03988136351108551,0,10
57,0.07095640152692795,0.049879446625709534,0,10
58,0.0699397549033165,0.03931998834013939,0,10
59,0.06899408996105194,0.04168481379747391,0,10
60,0.07085359841585159,0.05035492777824402,0,10
61,0.06983573734760284,0.050547271966934204,0,10
62,0.07080354541540146,0.037112683057785034,0,10
63,0.0682106539607048,0.029230007901787758,0,10
0,0.06945762783288956,0.06945765763521194,0,10
1,0.0697111189365387,0.0697111263871193,0,10
2,0.06841433793306351,0.04499462619423866,0,10
3,0.06966547667980194,0.052087027579545975,0,10
4,0.07038557529449463,0.04197514057159424,0,10
5,0.07090315222740173,0.03694634139537811,0,10
6,0.06935551017522812,0.035786960273981094,0,10
7,0.06941570341587067,0.05872120335698128,0,10
8,0.07099053263664246,0.04613560810685158,0,10
9,0.07025953382253647,0.053607117384672165,0,10
10,0.07082438468933105,0.04551127925515175,0,10
11,0.07050026208162308,0.05432257801294327,0,10
12,0.0699019581079483,0.053178995847702026,0,10
13,0.06858985871076584,0.04967527464032173,0,10
14,0.06976349651813507,0.05642037093639374,0,10
15,0.06928721070289612,0.04927406832575798,0,10
16,0.06997576355934143,0.06997576355934143,0,10
17,0.06978625059127808,0.035546645522117615,0,10
18,0.06834635138511658,0.03854352980852127,0,10
19,0.06955364346504211,0.03748241811990738,0,10
20,0.07059147953987122,0.04603928327560425,0,10
21,0.06862872838973999,0.0513753667473793,0,10
22,0.06925015151500702,0.05841146409511566,0,10
23,0.07036439329385757,0.05573928356170654,0,10
24,0.07079708576202393,0.06013086810708046,0,10
25,0.07013460993766785,0.05819651857018471,0,10
26,0.07027654349803925,0.05220625922083855,0,10
27,0.07073166221380234,0.03276626393198967,0,10
28,0.0701172724366188,0.060175761580467224,0,10
29,0.06968777626752853,0.06257671117782593,0,10
30,0.07100720703601837,0.051689326763153076,0,10
31,0.06878868490457535,0.0507689006626606,0,10
32,0.06868778169155121,0.04499957710504532,0,10
33,0.06945846974849701,0.03848366066813469,0,10
34,0.07094203680753708,0.038236912339925766,0,10
35,0.07003182917833328,0.04429912567138672,0,10
36,0.0692409873008728,0.04394250735640526,0,10
37,0.06962951272726059,0.043353091925382614,0,10
38,0.06985142827033997,0.05819690227508545,0,10
39,0.06896990537643433,0.049503475427627563,0,10
40,0.06888128072023392,0.02967783436179161,0,10
41,0.06998356431722641,0.048043832182884216,0,10
42,0.07063651829957962,0.05210504308342934,0,10
43,0.06995559483766556,0.04715089127421379,0,10
44,0.0697985365986824,0.04986761510372162,0,10
45,0.06884008646011353,0.05727487429976463,0,10
46,0.0707075446844101,0.037702854722738266,0,10
47,0.06946409493684769,0.04495903104543686,0,10
48,0.0696834921836853,0.0548979789018631,0,10
49,0.07019180059432983,0.04908892512321472,0,10
50,0.07061579823493958,0.05269412323832512,0,10
51,0.07053922861814499,0.039582278579473495,0,10
52,0.07088028639554977,0.049956075847148895,0,10
53,0.07041867822408676,0.05646047741174698,0,10
54,0.0676497295498848,0.055598702281713486,0,10
55,0.06912820786237717,0.05286161229014397,0,10
56,0.07017192244529724,0.06153896450996399,0,10
57,0.07095640152692795,0.05044284462928772,0,10
58,0.0699397549033165,0.053920939564704895,0,10
59,0.06899408996105194,0.0500425286591053,0,10
60,0.07085359841585159,0.06497173011302948,0,10
61,0.06983573734760284,0.05630708485841751,0,10
62,0.07080354541540146,0.03838492929935455,0,10
63,0.0682106539607048,0.038987599313259125,0,10
64,0.07053535431623459,0.050289902836084366,0,10
0,0.06945762783288956,0.06945764273405075,0,10
1,0.0697111189365387,0.06971113383769989,0,10
2,0.06841433793306351,0.05848890542984009,0,10
3,0.06966547667980194,0.04618849232792854,0,10
4,0.07038557529449463,0.04396834969520569,0,10
5,0.07090315222740173,0.05802752450108528,0,10
6,0.06935551017522812,0.05593222752213478,0,10
7,0.06941570341587067,0.060045599937438965,0,10
8,0.07099053263664246,0.06056450679898262,0,10
9,0.07025953382253647,0.0523274801671505,0,10
10,0.07082438468933105,0.042386822402477264,0,10
11,0.07050026208162308,0.0521264411509037,0,10
12,0.0699019581079483,0.06242182478308678,0,10
13,0.06858985871076584,0.042886871844530106,0,10
14,0.06976349651813507,0.04839612916111946,0,10
15,0.06928721070289612,0.04519520327448845,0,10
16,0.06997576355934143,0.051155298948287964,0,10
17,0.06978625059127808,0.041635751724243164,0,10
18,0.06834635138511658,0.04743869975209236,0,10
19,0.06955364346504211,0.053657934069633484,0,10
20,0.07059147953987122,0.05204233154654503,0,10
21,0.06862872838973999,0.044230200350284576,0,10
22,0.06925015151500702,0.03705989196896553,0,10
23,0.07036439329385757,0.03957651928067207,0,10
24,0.07079708576202393,0.053811922669410706,0,10
25,0.07013460993766785,0.0356735922396183,0,10
26,0.07027654349803925,0.06365247070789337,0,10
27,0.07073166221380234,0.05438283458352089,0,10
28,0.0701172724366188,0.056416213512420654,0,10
29,0.06968777626752853,0.054520100355148315,0,10
30,0.07100720703601837,0.049159370362758636,0,10
31,0.06878868490457535,0.028540126979351044,0,10
32,0.06868778169155121,0.027081120759248734,0,10
33,0.06945846974849701,0.03108331188559532,0,10
34,0.07094203680753708,0.07094204425811768,0,10
35,0.07003182917833328,0.05391591787338257,0,10
36,0.0692409873008728,0.0519939549267292,0,10
37,0.06962951272726059,0.035185232758522034,0,10
38,0.06985142827033997,0.04258841648697853,0,10
39,0.06896990537643433,0.02734142355620861,0,10
40,0.06888128072023392,0.0537191741168499,0,10
41,0.06998356431722641,0.06206874921917915,0,10
42,0.07063651829957962,0.06133724004030228,0,10
43,0.06995559483766556,0.04872089624404907,0,10
44,0.0697985365986824,0.053602032363414764,0,10
45,0.06884008646011353,0.04116960987448692,0,10
46,0.0707075446844101,0.0707075297832489,0,10
47,0.06946409493684769,0.03115050308406353,0,10
48,0.0696834921836853,0.02651464007794857,0,10
49,0.07019180059432983,0.04019806161522865,0,10
50,0.07061579823493958,0.05466979369521141,0,10
51,0.07053922861814499,0.06516148895025253,0,10
52,0.07088028639554977,0.07088029384613037,0,10
53,0.07041867822408676,0.039262622594833374,0,10
54,0.0676497295498848,0.04262582212686539,0,10
55,0.06912820786237717,0.03225719556212425,0,10
56,0.07017192244529724,0.05295860394835472,0,10
57,0.07095640152692795,0.055871911346912384,0,10
58,0.0699397549033165,0.04732334613800049,0,10
59,0.06899408996105194,0.028862543404102325,0,10
60,0.07085359841585159,0.04305863380432129,0,10
61,0.06983573734760284,0.06983572244644165,0,10
62,0.07080354541540146,0.05269361287355423,0,10
63,0.0682106539607048,0.05242041498422623,0,10
64,0.07053535431623459,0.05335251986980438,0,10
65,0.06966076046228409,0.0371776819229126,0,10
0,0.06945762783288956,0.06945765018463135,0,10
1,0.0697111189365387,0.06515917927026749,0,10
2,0.06841433793306351,0.05428135395050049,0,10
3,0.06966547667980194,0.063778817653656,0,10
4,0.07038557529449463,0.06353435665369034,0,10
5,0.07090315222740173,0.04373549669981003,0,10
6,0.06935551017522812,0.044975485652685165,0,10
7,0.06941570341587067,0.0401393324136734,0,10
8,0.07099053263664246,0.04761618375778198,0,10
9,0.07025953382253647,0.06185100972652435,0,10
10,0.07082438468933105,0.053074877709150314,0,10
11,0.07050026208162308,0.04854102432727814,0,10
12,0.0699019581079483,0.0579196959733963,0,10
13,0.06858985871076584,0.04964002966880798,0,10
14,0.06976349651813507,0.04738264158368111,0,10
15,0.06928721070289612,0.05748356506228447,0,10
16,0.06997576355934143,0.05497223138809204,0,10
17,0.06978625059127808,0.04510578140616417,0,10
18,0.06834635138511658,0.05515987053513527,0,10
19,0.06955364346504211,0.047191012650728226,0,10
20,0.07059147953987122,0.06355881690979004,0,10
21,0.06862872838973999,0.05081695690751076,0,10
22,0.06925015151500702,0.05401148274540901,0,10
23,0.07036439329385757,0.051773618906736374,0,10
24,0.07079708576202393,0.05265585705637932,0,10
25,0.07013460993766785,0.04970767721533775,0,10
26,0.07027654349803925,0.042123645544052124,0,10
27,0.07073166221380234,0.07073166966438293,0,10
28,0.0701172724366188,0.05068131163716316,0,10
29,0.06968777626752853,0.042519450187683105,0,10
30,0.07100720703601837,0.03833679109811783,0,10
31,0.06878868490457535,0.05570654198527336,0,10
32,0.06868778169155121,0.045757874846458435,0,10
33,0.06945846974849701,0.04760916158556938,0,10
34,0.07094203680753708,0.05263284966349602,0,10
35,0.07003182917833328,0.05770350247621536,0,10
36,0.0692409873008728,0.028261134400963783,0,10
37,0.06962951272726059,0.05055883526802063,0,10
38,0.06985142827033997,0.05330502986907959,0,10
39,0.06896990537643433,0.041002146899700165,0,10
40,0.06888128072023392,0.049383170902729034,0,10
41,0.06998356431722641,0.04583733156323433,0,10
42,0.07063651829957962,0.05296768620610237,0,10
43,0.06995559483766556,0.05948306620121002,0,10
44,0.0697985365986824,0.04825335741043091,0,10
45,0.06884008646011353,0.059442225843667984,0,10
46,0.0707075446844101,0.05030336603522301,0,10
47,0.06946409493684769,0.03488292917609215,0,10
48,0.0696834921836853,0.057441823184490204,0,10
49,0.07019180059432983,0.03590121865272522,0,10
50,0.07061579823493958,0.04467572644352913,0,10
51,0.07053922861814499,0.0644381120800972,0,10
52,0.07088028639554977,0.04310322552919388,0,10
53,0.07041867822408676,0.04708658903837204,0,10
54,0.0676497295498848,0.047947414219379425,0,10
55,0.06912820786237717,0.042284317314624786,0,10
56,0.07017192244529724,0.03236101567745209,0,10
57,0.07095640152692795,0.0468045249581337,0,10
58,0.0699397549033165,0.04253772273659706,0,10
59,0.06899408996105194,0.04466797783970833,0,10
60,0.07085359841585159,0.05117148160934448,0,10
61,0.06983573734760284,0.05656363070011139,0,10
62,0.07080354541540146,0.052424535155296326,0,10
63,0.0682106539607048,0.03850078582763672,0,10
64,0.07053535431623459,0.06290096789598465,0,10
65,0.06966076046228409,0.049814917147159576,0,10
66,0.07007066160440445,0.045958638191223145,0,10
0,0.06945762783288956,0.06945765018463135,0,10
1,0.0697111189365387,0.06328290700912476,0,10
2,0.06841433793306351,0.028750203549861908,0,10
3,0.06966547667980194,0.043005336076021194,0,10
4,0.07038557529449463,0.036330968141555786,0,10
5,0.07090315222740173,0.05347588658332825,0,10
6,0.06935551017522812,0.05856707692146301,0,10
7,0.06941570341587067,0.03872908651828766,0,10
8,0.07099053263664246,0.041780024766922,0,10
9,0.07025953382253647,0.040924858301877975,0,10
10,0.07082438468933105,0.0629366934299469,0,10
11,0.07050026208162308,0.04148679971694946,0,10
12,0.0699019581079483,0.0699019730091095,0,10
13,0.06858985871076584,0.0482524037361145,0,10
14,0.06976349651813507,0.029018567875027657,0,10
15,0.06928721070289612,0.03327979892492294,0,10
16,0.06997576355934143,0.05551233887672424,0,10
17,0.06978625059127808,0.03520163893699646,0,10
18,0.06834635138511658,0.044693589210510254,0,10
19,0.06955364346504211,0.05091329663991928,0,10
20,0.07059147953987122,0.07059147953987122,0,10
21,0.06862872838973999,0.04086725413799286,0,10
22,0.06925015151500702,0.04020862281322479,0,10
23,0.07036439329385757,0.04986198619008064,0,10
24,0.07079708576202393,0.05177503079175949,0,10
25,0.07013460993766785,0.050153907388448715,0,10
26,0.07027654349803925,0.040792644023895264,0,10
27,0.07073166221380234,0.058643877506256104,0,10
28,0.0701172724366188,0.023916490375995636,0,10
29,0.06968777626752853,0.04604591801762581,0,10
30,0.07100720703601837,0.04472091421484947,0,10
31,0.06878868490457535,0.04865383729338646,0,10
32,0.06868778169155121,0.04504849389195442,0,10
33,0.06945846974849701,0.04436651989817619,0,10
34,0.07094203680753708,0.039263371378183365,0,10
35,0.07003182917833328,0.035058360546827316,0,10
36,0.0692409873008728,0.04342257231473923,0,10
37,0.06962951272726059,0.06962952017784119,0,10
38,0.06985142827033997,0.053319208323955536,0,10
39,0.06896990537643433,0.05834000185132027,0,10
40,0.06888128072023392,0.025739172473549843,0,10
41,0.06998356431722641,0.05374295264482498,0,10
42,0.07063651829957962,0.06535235792398453,0,10
43,0.06995559483766556,0.04795292392373085,0,10
44,0.0697985365986824,0.0534735806286335,0,10
45,0.06884008646011353,0.05365442484617233,0,10
46,0.0707075446844101,0.062051236629486084,0,10
47,0.06946409493684769,0.060822781175374985,0,10
48,0.0696834921836853,0.028152311220765114,0,10
49,0.07019180059432983,0.05724482238292694,0,10
50,0.07061579823493958,0.05754724144935608,0,10
51,0.07053922861814499,0.04817209392786026,0,10
52,0.07088028639554977,0.04343132674694061,0,10
53,0.07041867822408676,0.05190185084939003,0,10
54,0.0676497295498848,0.05021772161126137,0,10
55,0.06912820786237717,0.055345118045806885,0,10
56,0.07017192244529724,0.046095363795757294,0,10
57,0.07095640152692795,0.041748374700546265,0,10
58,0.0699397549033165,0.03508015349507332,0,10
59,0.06899408996105194,0.03599241375923157,0,10
60,0.07085359841585159,0.05284677818417549,0,10
61,0.06983573734760284,0.052584320306777954,0,10
62,0.07080354541540146,0.05978860706090927,0,10
63,0.0682106539607048,0.06201934814453125,0,10
64,0.07053535431623459,0.0505070760846138,0,10
65,0.06966076046228409,0.057872697710990906,0,10
66,0.07007066160440445,0.03747432678937912,0,10
67,0.06968624144792557,0.044946759939193726,0,10
0,0.06945762783288956,0.06945765018463135,0,10
1,0.0697111189365387,0.06368634104728699,0,10
2,0.06841433793306351,0.05123589560389519,0,10
3,0.06966547667980194,0.057627081871032715,0,10
4,0.07038557529449463,0.03505714237689972,0,10
5,0.07090315222740173,0.05510592460632324,0,10
6,0.06935551017522812,0.048603322356939316,0,10
7,0.06941570341587067,0.04869440943002701,0,10
8,0.07099053263664246,0.06499713659286499,0,10
9,0.07025953382253647,0.045312318950891495,0,10
10,0.07082438468933105,0.0439445786178112,0,10
11,0.07050026208162308,0.051934074610471725,0,10
12,0.0699019581079483,0.04470285400748253,0,10
13,0.06858985871076584,0.05743584409356117,0,10
14,0.06976349651813507,0.04575520008802414,0,10
15,0.06928721070289612,0.05644799768924713,0,10
16,0.06997576355934143,0.0449497327208519,0,10
17,0.06978625059127808,0.04939911141991615,0,10
18,0.06834635138511658,0.05733144283294678,0,10
19,0.06955364346504211,0.044041089713573456,0,10
20,0.07059147953987122,0.05574898421764374,0,10
21,0.06862872838973999,0.03820046782493591,0,10
22,0.06925015151500702,0.044294752180576324,0,10
23,0.07036439329385757,0.050440531224012375,0,10
24,0.07079708576202393,0.04673212766647339,0,10
25,0.07013460993766785,0.05513076111674309,0,10
26,0.07027654349803925,0.07027652859687805,0,10
27,0.07073166221380234,0.0462038554251194,0,10
28,0.0701172724366188,0.027059903368353844,0,10
29,0.06968777626752853,0.05119114741683006,0,10
30,0.07100720703601837,0.0509863905608654,0,10
31,0.06878868490457535,0.033796124160289764,0,10
32,0.06868778169155121,0.04684435576200485,0,10
33,0.06945846974849701,0.03894269838929176,0,10
34,0.07094203680753708,0.05516579747200012,0,10
35,0.07003182917833328,0.049914684146642685,0,10
36,0.0692409873008728,0.019289758056402206,0,10
37,0.06962951272726059,0.048415929079055786,0,10
38,0.06985142827033997,0.040438950061798096,0,10
39,0.06896990537643433,0.04975638911128044,0,10
40,0.06888128072023392,0.04034427925944328,0,10
41,0.06998356431722641,0.05138951167464256,0,10
42,0.07063651829957962,0.06356784701347351,0,10
43,0.06995559483766556,0.05480838194489479,0,10
44,0.0697985365986824,0.051342885941267014,0,10
45,0.06884008646011353,0.043378718197345734,0,10
46,0.0707075446844101,0.0429709330201149,0,10
47,0.06946409493684769,0.0314473882317543,0,10
48,0.0696834921836853,0.03921964764595032,0,10
49,0.07019180059432983,0.04481359198689461,0,10
50,0.07061579823493958,0.052546918392181396,0,10
51,0.07053922861814499,0.04727313667535782,0,10
52,0.07088028639554977,0.03944841027259827,0,10
53,0.07041867822408676,0.055032841861248016,0,10
54,0.0676497295498848,0.040283676236867905,0,10
55,0.06912820786237717,0.05956515297293663,0,10
56,0.07017192244529724,0.07017192244529724,0,10
57,0.07095640152692795,0.06781788915395737,0,10
58,0.0699397549033165,0.05553840845823288,0,10
59,0.06899408996105194,0.06268236041069031,0,10
60,0.07085359841585159,0.051625773310661316,0,10
61,0.06983573734760284,0.05463351681828499,0,10
62,0.07080354541540146,0.04867708683013916,0,10
63,0.0682106539607048,0.03357828035950661,0,10
64,0.07053535431623459,0.05493253096938133,0,10
65,0.06966076046228409,0.046803057193756104,0,10
66,0.07007066160440445,0.043635718524456024,0,10
67,0.06968624144792557,0.04595416784286499,0,10
68,0.06834995001554489,0.04354143515229225,0,10
0,0.06945762783288956,0.06945765018463135,0,10
1,0.0697111189365387,0.0697111189365387,0,10
2,0.06841433793306351,0.05741818994283676,0,10
3,0.06966547667980194,0.04543554037809372,0,10
4,0.07038557529449463,0.06127935275435448,0,10
5,0.07090315222740173,0.04171076789498329,0,10
6,0.06935551017522812,0.041271451860666275,0,10
7,0.06941570341587067,0.05409511551260948,0,10
8,0.07099053263664246,0.048464685678482056,0,10
9,0.07025953382253647,0.0472552590072155,0,10
10,0.07082438468933105,0.0575629286468029,0,10
11,0.07050026208162308,0.036454103887081146,0,10
12,0.0699019581079483,0.04505644366145134,0,10
13,0.06858985871076584,0.03331821784377098,0,10
14,0.06976349651813507,0.049084752798080444,0,10
15,0.06928721070289612,0.037080537527799606,0,10
16,0.06997576355934143,0.033069413155317307,0,10
17,0.06978625059127808,0.040079016238451004,0,10
18,0.06834635138511658,0.052212588489055634,0,10
19,0.06955364346504211,0.05599818751215935,0,10
20,0.07059147953987122,0.039886921644210815,0,10
21,0.06862872838973999,0.051178399473428726,0,10
22,0.06925015151500702,0.0610877200961113,0,10
23,0.07036439329385757,0.04057833552360535,0,10
24,0.07079708576202393,0.04376937448978424,0,10
25,0.07013460993766785,0.06281676888465881,0,10
26,0.07027654349803925,0.04879748448729515,0,10
27,0.07073166221380234,0.05386243388056755,0,10
28,0.0701172724366188,0.028350112959742546,0,10
29,0.06968777626752853,0.05702916160225868,0,10
30,0.07100720703601837,0.04803074151277542,0,10
31,0.06878868490457535,0.042847488075494766,0,10
32,0.06868778169155121,0.04537905752658844,0,10
33,0.06945846974849701,0.03220520541071892,0,10
34,0.07094203680753708,0.056259457021951675,0,10
35,0.07003182917833328,0.04934711009263992,0,10
36,0.0692409873008728,0.049115780740976334,0,10
37,0.06962951272726059,0.06962952017784119,0,10
38,0.06985142827033997,0.037025220692157745,0,10
39,0.06896990537643433,0.0535057857632637,0,10
40,0.06888128072023392,0.05582742020487785,0,10
41,0.06998356431722641,0.04383455589413643,0,10
42,0.07063651829957962,0.07063651084899902,0,10
43,0.06995559483766556,0.04261280968785286,0,10
44,0.0697985365986824,0.0448354110121727,0,10
45,0.06884008646011353,0.04564090818166733,0,10
46,0.0707075446844101,0.04359307885169983,0,10
47,0.06946409493684769,0.05153654143214226,0,10
48,0.0696834921836853,0.04185885190963745,0,10
49,0.07019180059432983,0.06447561830282211,0,10
50,0.07061579823493958,0.050841838121414185,0,10
51,0.07053922861814499,0.05820729210972786,0,10
52,0.07088028639554977,0.03091338649392128,0,10
53,0.07041867822408676,0.04252401366829872,0,10
54,0.0676497295498848,0.03482561185956001,0,10
55,0.06912820786237717,0.04314114525914192,0,10
56,0.07017192244529724,0.04974683001637459,0,10
57,0.07095640152692795,0.041783977299928665,0,10
58,0.0699397549033165,0.054786019027233124,0,10
59,0.06899408996105194,0.03826785087585449,0,10
60,0.07085359841585159,0.05699780583381653,0,10
61,0.06983573734760284,0.050587043166160583,0,10
62,0.07080354541540146,0.0616384856402874,0,10
63,0.0682106539607048,0.047041043639183044,0,10
64,0.07053535431623459,0.05267038196325302,0,10
65,0.06966076046228409,0.0317406952381134,0,10
66,0.07007066160440445,0.04574403166770935,0,10
67,0.06968624144792557,0.04183938354253769,0,10
68,0.06834995001554489,0.05107748135924339,0,10
69,0.068948894739151,0.03211624547839165,0,10
0,0.06945762783288956,0.06945765018463135,0,10
1,0.0697111189365387,0.0697111189365387,0,10
2,0.06841433793306351,0.039730049669742584,0,10
3,0.06966547667980194,0.057334721088409424,0,10
4,0.07038557529449463,0.05538810417056084,0,10
5,0.07090315222740173,0.040444694459438324,0,10
6,0.06935551017522812,0.03326977789402008,0,10
7,0.06941570341587067,0.05663197487592697,0,10
8,0.07099053263664246,0.03854379430413246,0,10
9,0.07025953382253647,0.05140969157218933,0,10
10,0.07082438468933105,0.05554546043276787,0,10
11,0.07050026208162308,0.03916550055146217,0,10
12,0.0699019581079483,0.05674675107002258,0,10
13,0.06858985871076584,0.039925698190927505,0,10
14,0.06976349651813507,0.03772226348519325,0,10
15,0.06928721070289612,0.038736164569854736,0,10
16,0.06997576355934143,0.04864222928881645,0,10
17,0.06978625059127808,0.05615052208304405,0,10
18,0.06834635138511658,0.05707663297653198,0,10
19,0.06955364346504211,0.050126586109399796,0,10
20,0.07059147953987122,0.05131646245718002,0,10
21,0.06862872838973999,0.05119317024946213,0,10
22,0.06925015151500702,0.04552862420678139,0,10
23,0.07036439329385757,0.0544530525803566,0,10
24,0.07079708576202393,0.04810264706611633,0,10
25,0.07013460993766785,0.021909786388278008,0,10
26,0.07027654349803925,0.051484495401382446,0,10
27,0.07073166221380234,0.049343258142471313,0,10
28,0.0701172724366188,0.06442618370056152,0,10
29,0.06968777626752853,0.04858870431780815,0,10
30,0.07100720703601837,0.0471518449485302,0,10
31,0.06878868490457535,0.04902248457074165,0,10
32,0.06868778169155121,0.04920127987861633,0,10
33,0.06945846974849701,0.04048677533864975,0,10
34,0.07094203680753708,0.05020944029092789,0,10
35,0.07003182917833328,0.04327347129583359,0,10
36,0.0692409873008728,0.040982529520988464,0,10
37,0.06962951272726059,0.03537766635417938,0,10
38,0.06985142827033997,0.05323264002799988,0,10
39,0.06896990537643433,0.05323728919029236,0,10
40,0.06888128072023392,0.06313589215278625,0,10
41,0.06998356431722641,0.04943057894706726,0,10
42,0.07063651829957962,0.053238801658153534,0,10
43,0.06995559483766556,0.06396150588989258,0,10
44,0.0697985365986824,0.05847933515906334,0,10
45,0.06884008646011353,0.04381744563579559,0,10
46,0.0707075446844101,0.05273003131151199,0,10
47,0.06946409493684769,0.05824333056807518,0,10
48,0.0696834921836853,0.05087784305214882,0,10
49,0.07019180059432983,0.05248495191335678,0,10
50,0.07061579823493958,0.03177010640501976,0,10
51,0.07053922861814499,0.040176451206207275,0,10
52,0.07088028639554977,0.05856785923242569,0,10
53,0.07041867822408676,0.04989328980445862,0,10
54,0.0676497295498848,0.040000248700380325,0,10
55,0.06912820786237717,0.04664577543735504,0,10
56,0.07017192244529724,0.0495397187769413,0,10
57,0.07095640152692795,0.05072847008705139,0,10
58,0.0699397549033165,0.056574176996946335,0,10
59,0.06899408996105194,0.039569318294525146,0,10
60,0.07085359841585159,0.03937570005655289,0,10
61,0.06983573734760284,0.03458479419350624,0,10
62,0.07080354541540146,0.05550751835107803,0,10
63,0.0682106539607048,0.05466711148619652,0,10
64,0.07053535431623459,0.04888128116726875,0,10
65,0.06966076046228409,0.06445758044719696,0,10
66,0.07007066160440445,0.05982235446572304,0,10
67,0.06968624144792557,0.04785924032330513,0,10
68,0.06834995001554489,0.032652948051691055,0,10
69,0.068948894739151,0.0483345203101635,0,10
70,0.0706435814499855,0.046334408223629,0,10
0,0.06945762783288956,0.06945765018463135,0,10
1,0.0697111189365387,0.0653068870306015,0,10
2,0.06841433793306351,0.0487356036901474,0,10
3,0.06966547667980194,0.03866584599018097,0,10
4,0.07038557529449463,0.05104195326566696,0,10
5,0.07090315222740173,0.04178667068481445,0,10
6,0.06935551017522812,0.04985567182302475,0,10
7,0.06941570341587067,0.03630537912249565,0,10
8,0.07099053263664246,0.036729373037815094,0,10
9,0.07025953382253647,0.054163411259651184,0,10
10,0.07082438468933105,0.0495210699737072,0,10
11,0.07050026208162308,0.04593794420361519,0,10
12,0.0699019581079483,0.04456010088324547,0,10
13,0.06858985871076584,0.04261926934123039,0,10
14,0.06976349651813507,0.043400999158620834,0,10
15,0.06928721070289612,0.03977673500776291,0,10
16,0.06997576355934143,0.05588293820619583,0,10
17,0.06978625059127808,0.03183823078870773,0,10
18,0.06834635138511658,0.05044158548116684,0,10
19,0.06955364346504211,0.05451564863324165,0,10
20,0.07059147953987122,0.0513504259288311,0,10
21,0.06862872838973999,0.057523954659700394,0,10
22,0.06925015151500702,0.04340376704931259,0,10
23,0.07036439329385757,0.046743810176849365,0,10
24,0.07079708576202393,0.0625993087887764,0,10
25,0.07013460993766785,0.04942743852734566,0,10
26,0.07027654349803925,0.050691746175289154,0,10
27,0.07073166221380234,0.062180373817682266,0,10
28,0.0701172724366188,0.04432584345340729,0,10
29,0.06968777626752853,0.048708681017160416,0,10
30,0.07100720703601837,0.07100722193717957,0,10
31,0.06878868490457535,0.05138610303401947,0,10
32,0.06868778169155121,0.05560936778783798,0,10
33,0.06945846974849701,0.036782406270504,0,10
34,0.07094203680753708,0.03032371774315834,0,10
35,0.07003182917833328,0.039281055331230164,0,10
36,0.0692409873008728,0.048509273678064346,0,10
37,0.06962951272726059,0.04312700405716896,0,10
38,0.06985142827033997,0.05554848536849022,0,10
39,0.06896990537643433,0.04217667132616043,0,10
40,0.06888128072023392,0.053412698209285736,0,10
41,0.06998356431722641,0.04257069155573845,0,10
42,0.07063651829957962,0.04595104232430458,0,10
43,0.06995559483766556,0.054352302104234695,0,10
44,0.0697985365986824,0.04986045882105827,0,10
45,0.06884008646011353,0.05082381144165993,0,10
46,0.0707075446844101,0.06006556749343872,0,10
47,0.06946409493684769,0.028613746166229248,0,10
48,0.0696834921836853,0.0643395185470581,0,10
49,0.07019180059432983,0.038763757795095444,0,10
50,0.07061579823493958,0.04299766570329666,0,10
51,0.07053922861814499,0.04580396041274071,0,10
52,0.07088028639554977,0.050975412130355835,0,10
53,0.07041867822408676,0.0594831146299839,0,10
54,0.0676497295498848,0.049215540289878845,0,10
55,0.06912820786237717,0.03833896294236183,0,10
56,0.07017192244529724,0.05119965970516205,0,10
57,0.07095640152692795,0.042228881269693375,0,10
58,0.0699397549033165,0.047769688069820404,0,10
59,0.06899408996105194,0.041508082300424576,0,10
60,0.07085359841585159,0.05319996178150177,0,10
61,0.06983573734760284,0.047131579369306564,0,10
62,0.07080354541540146,0.049138233065605164,0,10
63,0.0682106539607048,0.03756784647703171,0,10
64,0.07053535431623459,0.05328158661723137,0,10
65,0.06966076046228409,0.047262996435165405,0,10
66,0.07007066160440445,0.05451459810137749,0,10
67,0.06968624144792557,0.04500335082411766,0,10
68,0.06834995001554489,0.03448500484228134,0,10
69,0.068948894739151,0.03919951990246773,0,10
70,0.0706435814499855,0.05438573658466339,0,10
71,0.07066524773836136,0.04857167229056358,0,10
0,0.06945762783288956,0.06945765018463135,0,10
1,0.0697111189365387,0.0697111189365387,0,10
2,0.06841433793306351,0.05660812556743622,0,10
3,0.06966547667980194,0.04063501954078674,0,10
4,0.07038557529449463,0.05545312166213989,0,10
5,0.07090315222740173,0.056804805994033813,0,10
6,0.06935551017522812,0.05306612327694893,0,10
7,0.06941570341587067,0.030162397772073746,0,10
8,0.07099053263664246,0.05474165454506874,0,10
9,0.07025953382253647,0.05285915732383728,0,10
10,0.07082438468933105,0.04434565454721451,0,10
11,0.07050026208162308,0.048981547355651855,0,10
12,0.0699019581079483,0.05768696963787079,0,10
13,0.06858985871076584,0.05706500634551048,0,10
14,0.06976349651813507,0.061244700103998184,0,10
15,0.06928721070289612,0.03991914540529251,0,10
16,0.06997576355934143,0.04858746752142906,0,10
17,0.06978625059127808,0.055237580090761185,0,10
18,0.06834635138511658,0.04729388654232025,0,10
19,0.06955364346504211,0.06041766330599785,0,10
20,0.07059147953987122,0.05042916536331177,0,10
21,0.06862872838973999,0.045015014708042145,0,10
22,0.06925015151500702,0.050037682056427,0,10
23,0.07036439329385757,0.05364307388663292,0,10
24,0.07079708576202393,0.048535820096731186,0,10
25,0.07013460993766785,0.04914501681923866,0,10
26,0.07027654349803925,0.035752326250076294,0,10
27,0.07073166221380234,0.04736592620611191,0,10
28,0.0701172724366188,0.04202570021152496,0,10
29,0.06968777626752853,0.04459342360496521,0,10
30,0.07100720703601837,0.04839668422937393,0,10
31,0.06878868490457535,0.05300229787826538,0,10
32,0.06868778169155121,0.03914659097790718,0,10
33,0.06945846974849701,0.03323889151215553,0,10
34,0.07094203680753708,0.04991784319281578,0,10
35,0.07003182917833328,0.05220802128314972,0,10
36,0.0692409873008728,0.042084164917469025,0,10
37,0.06962951272726059,0.047347456216812134,0,10
38,0.06985142827033997,0.03335908427834511,0,10
39,0.06896990537643433,0.056307438760995865,0,10
40,0.06888128072023392,0.060217034071683884,0,10
41,0.06998356431722641,0.04979608207941055,0,10
42,0.07063651829957962,0.04033615067601204,0,10
43,0.06995559483766556,0.05841735750436783,0,10
44,0.0697985365986824,0.054749973118305206,0,10
45,0.06884008646011353,0.03710894286632538,0,10
46,0.0707075446844101,0.050529222935438156,0,10
47,0.06946409493684769,0.043748266994953156,0,10
48,0.0696834921836853,0.05996057391166687,0,10
49,0.07019180059432983,0.05028771981596947,0,10
50,0.07061579823493958,0.07061579823493958,0,10
51,0.07053922861814499,0.043385058641433716,0,10
52,0.07088028639554977,0.07088029384613037,0,10
53,0.07041867822408676,0.04514048248529434,0,10
54,0.0676497295498848,0.054298851639032364,0,10
55,0.06912820786237717,0.05310237407684326,0,10
56,0.07017192244529724,0.049477629363536835,0,10
57,0.07095640152692795,0.060810387134552,0,10
58,0.0699397549033165,0.054428037256002426,0,10
59,0.06899408996105194,0.03290320560336113,0,10
60,0.07085359841585159,0.05492245778441429,0,10
61,0.06983573734760284,0.06983572244644165,0,10
62,0.07080354541540146,0.044237345457077026,0,10
63,0.0682106539607048,0.05581507086753845,0,10
64,0.07053535431623459,0.049398913979530334,0,10
65,0.06966076046228409,0.04903349280357361,0,10
66,0.07007066160440445,0.03695046901702881,0,10
67,0.06968624144792557,0.04179660975933075,0,10
68,0.06834995001554489,0.05271045118570328,0,10
69,0.068948894739151,0.05338232219219208,0,10
70,0.0706435814499855,0.06544943153858185,0,10
71,0.07066524773836136,0.04248235374689102,0,10
72,0.06931106746196747,0.04666993021965027,0,10
0,0.06945762783288956,0.06945765018463135,0,10
1,0.0697111189365387,0.06333602219820023,0,10
2,0.06841433793306351,0.049297433346509933,0,10
3,0.06966547667980194,0.049824438989162445,0,10
4,0.07038557529449463,0.06189032644033432,0,10
5,0.07090315222740173,0.05885210633277893,0,10
6,0.06935551017522812,0.0390983447432518,0,10
7,0.06941570341587067,0.054340582340955734,0,10
8,0.07099053263664246,0.042975470423698425,0,10
9,0.07025953382253647,0.04741962254047394,0,10
10,0.07082438468933105,0.03426221013069153,0,10
11,0.07050026208162308,0.06298680603504181,0,10
12,0.0699019581079483,0.054329026490449905,0,10
13,0.06858985871076584,0.03749356046319008,0,10
14,0.06976349651813507,0.046443529427051544,0,10
15,0.06928721070289612,0.0429871641099453,0,10
16,0.06997576355934143,0.053570061922073364,0,10
17,0.06978625059127808,0.060362935066223145,0,10
18,0.06834635138511658,0.04581043869256973,0,10
19,0.06955364346504211,0.02732173725962639,0,10
20,0.07059147953987122,0.055667415261268616,0,10
21,0.06862872838973999,0.043464384973049164,0,10
22,0.06925015151500702,0.04980538412928581,0,10
23,0.07036439329385757,0.05866420269012451,0,10
24,0.07079708576202393,0.06021493300795555,0,10
25,0.07013460993766785,0.05004691705107689,0,10
26,0.07027654349803925,0.058369845151901245,0,10
27,0.07073166221380234,0.055078424513339996,0,10
28,0.0701172724366188,0.053298402577638626,0,10
29,0.06968777626752853,0.04751092195510864,0,10
30,0.07100720703601837,0.05535125732421875,0,10
31,0.06878868490457535,0.04138467460870743,0,10
32,0.06868778169155121,0.04786389693617821,0,10
33,0.06945846974849701,0.05187871679663658,0,10
34,0.07094203680753708,0.04421183094382286,0,10
35,0.07003182917833328,0.04134051874279976,0,10
36,0.0692409873008728,0.03841138631105423,0,10
37,0.06962951272726059,0.06962952017784119,0,10
38,0.06985142827033997,0.06985142827033997,0,10
39,0.06896990537643433,0.047129858285188675,0,10
40,0.06888128072023392,0.023838020861148834,0,10
41,0.06998356431722641,0.051485344767570496,0,10
42,0.07063651829957962,0.05903336778283119,0,10
43,0.06995559483766556,0.03661489486694336,0,10
44,0.0697985365986824,0.0471622608602047,0,10
45,0.06884008646011353,0.05395783856511116,0,10
46,0.0707075446844101,0.048707395792007446,0,10
47,0.06946409493684769,0.05274181440472603,0,10
48,0.0696834921836853,0.03532176837325096,0,10
49,0.07019180059432983,0.04235430061817169,0,10
50,0.07061579823493958,0.05767768993973732,0,10
51,0.07053922861814499,0.03893720358610153,0,10
52,0.07088028639554977,0.060029029846191406,0,10
53,0.07041867822408676,0.048906195908784866,0,10
54,0.0676497295498848,0.044991686940193176,0,10
55,0.06912820786237717,0.06070806458592415,0,10
56,0.07017192244529724,0.04688918590545654,0,10
57,0.07095640152692795,0.0502190887928009,0,10
58,0.0699397549033165,0.05136776715517044,0,10
59,0.06899408996105194,0.05095610022544861,0,10
60,0.07085359841585159,0.05543551221489906,0,10
61,0.06983573734760284,0.05520106852054596,0,10
62,0.07080354541540146,0.04611861705780029,0,10
63,0.0682106539607048,0.050924863666296005,0,10
64,0.07053535431623459,0.05611148476600647,0,10
65,0.06966076046228409,0.047501303255558014,0,10
66,0.07007066160440445,0.04357753321528435,0,10
67,0.06968624144792557,0.05871686339378357,0,10
68,0.06834995001554489,0.04889192804694176,0,10
69,0.068948894739151,0.053675562143325806,0,10
70,0.0706435814499855,0.058198023587465286,0,10
71,0.07066524773836136,0.05230838805437088,0,10
72,0.06931106746196747,0.048687875270843506,0,10
73,0.06986699253320694,0.052505068480968475,0,10
0,0.06945762783288956,0.06945764273405075,0,10
1,0.0697111189365387,0.0697111189365387,0,10
2,0.06841433793306351,0.04904269427061081,0,10
3,0.06966547667980194,0.04046022891998291,0,10
4,0.07038557529449463,0.03802581503987312,0,10
5,0.07090315222740173,0.06020580232143402,0,10
6,0.06935551017522812,0.050845589488744736,0,10
7,0.06941570341587067,0.042531393468379974,0,10
8,0.07099053263664246,0.055645618587732315,0,10
9,0.07025953382253647,0.04808053746819496,0,10
10,0.07082438468933105,0.04452968016266823,0,10
11,0.07050026208162308,0.04091600701212883,0,10
12,0.0699019581079483,0.03518713265657425,0,10
13,0.06858985871076584,0.04275587573647499,0,10
14,0.06976349651813507,0.045046884566545486,0,10
15,0.06928721070289612,0.0536317452788353,0,10
16,0.06997576355934143,0.051391761749982834,0,10
17,0.06978625059127808,0.057156678289175034,0,10
18,0.06834635138511658,0.03894834965467453,0,10
19,0.06955364346504211,0.05214792490005493,0,10
20,0.07059147953987122,0.04136991500854492,0,10
21,0.06862872838973999,0.0523044727742672,0,10
22,0.06925015151500702,0.04846782237291336,0,10
23,0.07036439329385757,0.0486685112118721,0,10
24,0.07079708576202393,0.049978166818618774,0,10
25,0.07013460993766785,0.052082762122154236,0,10
26,0.07027654349803925,0.03699982538819313,0,10
27,0.07073166221380234,0.0465833805501461,0,10
28,0.0701172724366188,0.04931851103901863,0,10
29,0.06968777626752853,0.05350898951292038,0,10
30,0.07100720703601837,0.04494417831301689,0,10
31,0.06878868490457535,0.05289861187338829,0,10
32,0.06868778169155121,0.04801487177610397,0,10
33,0.06945846974849701,0.05116491764783859,0,10
34,0.07094203680753708,0.046039432287216187,0,10
35,0.07003182917833328,0.041373807936906815,0,10
36,0.0692409873008728,0.05685807019472122,0,10
37,0.06962951272726059,0.036378297954797745,0,10
38,0.06985142827033997,0.048228438943624496,0,10
39,0.06896990537643433,0.04690185561776161,0,10
40,0.06888128072023392,0.04598364979028702,0,10
41,0.06998356431722641,0.05069519579410553,0,10
42,0.07063651829957962,0.03258982300758362,0,10
43,0.06995559483766556,0.052488572895526886,0,10
44,0.0697985365986824,0.04884353280067444,0,10
45,0.06884008646011353,0.05985976383090019,0,10
46,0.0707075446844101,0.052258677780628204,0,10
47,0.06946409493684769,0.04469717666506767,0,10
48,0.0696834921836853,0.04108177497982979,0,10
49,0.07019180059432983,0.05000779405236244,0,10
50,0.07061579823493958,0.049379151314496994,0,10
51,0.07053922861814499,0.04450615122914314,0,10
52,0.07088028639554977,0.05112161859869957,0,10
53,0.07041867822408676,0.05233829468488693,0,10
54,0.0676497295498848,0.05129091814160347,0,10
55,0.06912820786237717,0.04703283682465553,0,10
56,0.07017192244529724,0.042263541370630264,0,10
57,0.07095640152692795,0.04501313716173172,0,10
58,0.0699397549033165,0.05853620171546936,0,10
59,0.06899408996105194,0.04284550994634628,0,10
60,0.07085359841585159,0.03434039279818535,0,10
61,0.06983573734760284,0.037392307072877884,0,10
62,0.07080354541540146,0.0475219264626503,0,10
63,0.0682106539607048,0.04846864566206932,0,10
64,0.07053535431623459,0.05666819214820862,0,10
65,0.06966076046228409,0.05057504400610924,0,10
66,0.07007066160440445,0.02731688879430294,0,10
67,0.06968624144792557,0.03751435875892639,0,10
68,0.06834995001554489,0.05006299540400505,0,10
69,0.068948894739151,0.060478679835796356,0,10
70,0.0706435814499855,0.03804265707731247,0,10
71,0.07066524773836136,0.045977264642715454,0,10
72,0.06931106746196747,0.038828007876873016,0,10
73,0.06986699253320694,0.059866711497306824,0,10
74,0.07016145437955856,0.0482984222471714,0,10
0,0.06945762783288956,0.06945765018463135,0,10
1,0.0697111189365387,0.06216343119740486,0,10
2,0.06841433793306351,0.05060665309429169,0,10
3,0.06966547667980194,0.0500866137444973,0,10
4,0.07038557529449463,0.06425321102142334,0,10
5,0.07090315222740173,0.03819849342107773,0,10
6,0.06935551017522812,0.03334594890475273,0,10
7,0.06941570341587067,0.0369967557489872,0,10
8,0.07099053263664246,0.04206853732466698,0,10
9,0.07025953382253647,0.056594930589199066,0,10
10,0.07082438468933105,0.05081257224082947,0,10
11,0.07050026208162308,0.05311203375458717,0,10
12,0.0699019581079483,0.05966264009475708,0,10
13,0.06858985871076584,0.0587921105325222,0,10
14,0.06976349651813507,0.0589604489505291,0,10
15,0.06928721070289612,0.053294021636247635,0,10
16,0.06997576355934143,0.037652719765901566,0,10
17,0.06978625059127808,0.0319017730653286,0,10
18,0.06834635138511658,0.03615135699510574,0,10
19,0.06955364346504211,0.05262107029557228,0,10
20,0.07059147953987122,0.06032855808734894,0,10
21,0.06862872838973999,0.04830080643296242,0,10
22,0.06925015151500702,0.0364682674407959,0,10
23,0.07036439329385757,0.05004782974720001,0,10
24,0.07079708576202393,0.07079708576202393,0,10
25,0.07013460993766785,0.05692481994628906,0,10
26,0.07027654349803925,0.03494936227798462,0,10
27,0.07073166221380234,0.05455735698342323,0,10
28,0.0701172724366188,0.046497613191604614,0,10
29,0.06968777626752853,0.04321273788809776,0,10
30,0.07100720703601837,0.059602439403533936,0,10
31,0.06878868490457535,0.058561235666275024,0,10
32,0.06868778169155121,0.052711013704538345,0,10
33,0.06945846974849701,0.042607177048921585,0,10
34,0.07094203680753708,0.05178089439868927,0,10
35,0.07003182917833328,0.06394105404615402,0,10
36,0.0692409873008728,0.035454247146844864,0,10
37,0.06962951272726059,0.05403156951069832,0,10
38,0.06985142827033997,0.045620210468769073,0,10
39,0.06896990537643433,0.033116601407527924,0,10
40,0.06888128072023392,0.0603255070745945,0,10
41,0.06998356431722641,0.05059254169464111,0,10
42,0.07063651829957962,0.04603502154350281,0,10
43,0.06995559483766556,0.053747087717056274,0,10
44,0.0697985365986824,0.05303080007433891,0,10
45,0.06884008646011353,0.0475318543612957,0,10
46,0.0707075446844101,0.043101273477077484,0,10
47,0.06946409493684769,0.02806709334254265,0,10
48,0.0696834921836853,0.049517374485731125,0,10
49,0.07019180059432983,0.046582046896219254,0,10
50,0.07061579823493958,0.056644950062036514,0,10
51,0.07053922861814499,0.07053923606872559,0,10
52,0.07088028639554977,0.05797180160880089,0,10
53,0.07041867822408676,0.046872328966856,0,10
54,0.0676497295498848,0.03953776881098747,0,10
55,0.06912820786237717,0.046470217406749725,0,10
56,0.07017192244529724,0.04195412993431091,0,10
57,0.07095640152692795,0.049563150852918625,0,10
58,0.0699397549033165,0.03170532360672951,0,10
59,0.06899408996105194,0.053893983364105225,0,10
60,0.07085359841585159,0.05160430073738098,0,10
61,0.06983573734760284,0.05290844291448593,0,10
62,0.07080354541540146,0.05450700968503952,0,10
63,0.0682106539607048,0.03395196795463562,0,10
64,0.07053535431623459,0.053481575101614,0,10
65,0.06966076046228409,0.04714471101760864,0,10
66,0.07007066160440445,0.0475589893758297,0,10
67,0.06968624144792557,0.04782205820083618,0,10
68,0.06834995001554489,0.057000782340765,0,10
69,0.068948894739151,0.054444555193185806,0,10
70,0.0706435814499855,0.039918452501297,0,10
71,0.07066524773836136,0.055687662214040756,0,10
72,0.06931106746196747,0.03849083185195923,0,10
73,0.06986699253320694,0.04173967242240906,0,10
74,0.07016145437955856,0.03671130910515785,0,10
75,0.07040788233280182,0.04962681606411934,0,10
0,0.06945762783288956,0.06945764273405075,0,10
1,0.0697111189365387,0.0697111263871193,0,10
2,0.06841433793306351,0.022868208587169647,0,10
3,0.06966547667980194,0.05740280821919441,0,10
4,0.07038557529449463,0.0470532551407814,0,10
5,0.07090315222740173,0.04142983630299568,0,10
6,0.06935551017522812,0.053145505487918854,0,10
7,0.06941570341587067,0.04865513741970062,0,10
8,0.07099053263664246,0.041594985872507095,0,10
9,0.07025953382253647,0.06273781508207321,0,10
10,0.07082438468933105,0.05549871176481247,0,10
11,0.07050026208162308,0.045761801302433014,0,10
12,0.0699019581079483,0.045307282358407974,0,10
13,0.06858985871076584,0.050700895488262177,0,10
14,0.06976349651813507,0.03868544101715088,0,10
15,0.06928721070289612,0.04386919364333153,0,10
16,0.06997576355934143,0.058743253350257874,0,10
17,0.06978625059127808,0.03868857026100159,0,10
18,0.06834635138511658,0.045266494154930115,0,10
19,0.06955364346504211,0.0476132333278656,0,10
20,0.07059147953987122,0.05353809520602226,0,10
21,0.06862872838973999,0.045707155019044876,0,10
22,0.06925015151500702,0.04591292515397072,0,10
23,0.07036439329385757,0.04341966286301613,0,10
24,0.07079708576202393,0.04670432209968567,0,10
25,0.07013460993766785,0.03613116964697838,0,10
26,0.07027654349803925,0.05204017460346222,0,10
27,0.07073166221380234,0.04115112125873566,0,10
28,0.0701172724366188,0.038945749402046204,0,10
29,0.06968777626752853,0.052215825766325,0,10
30,0.07100720703601837,0.05358182266354561,0,10
31,0.06878868490457535,0.05748791620135307,0,10
32,0.06868778169155121,0.036629654467105865,0,10
33,0.06945846974849701,0.03129473328590393,0,10
34,0.07094203680753708,0.056300193071365356,0,10
35,0.07003182917833328,0.055574122816324234,0,10
36,0.0692409873008728,0.04141950234770775,0,10
37,0.06962951272726059,0.06962952017784119,0,10
38,0.06985142827033997,0.06284330785274506,0,10
39,0.06896990537643433,0.033968985080718994,0,10
40,0.06888128072023392,0.057220250368118286,0,10
41,0.06998356431722641,0.03922717645764351,0,10
42,0.07063651829957962,0.033393558114767075,0,10
43,0.06995559483766556,0.0620395801961422,0,10
44,0.0697985365986824,0.056645989418029785,0,10
45,0.06884008646011353,0.06028854101896286,0,10
46,0.0707075446844101,0.0707075297832489,0,10
47,0.06946409493684769,0.0575118362903595,0,10
48,0.0696834921836853,0.04060149937868118,0,10
49,0.07019180059432983,0.07019180059432983,0,10
50,0.07061579823493958,0.061771638691425323,0,10
51,0.07053922861814499,0.054485369473695755,0,10
52,0.07088028639554977,0.03889280557632446,0,10
53,0.07041867822408676,0.07041868567466736,0,10
54,0.0676497295498848,0.05005877465009689,0,10
55,0.06912820786237717,0.035007938742637634,0,10
56,0.07017192244529724,0.05539771914482117,0,10
57,0.07095640152692795,0.06295990943908691,0,10
58,0.0699397549033165,0.04883653670549393,0,10
59,0.06899408996105194,0.03807787597179413,0,10
60,0.07085359841585159,0.049451444298028946,0,10
61,0.06983573734760284,0.049786753952503204,0,10
62,0.07080354541540146,0.060164377093315125,0,10
63,0.0682106539607048,0.051575224846601486,0,10
64,0.07053535431623459,0.049420859664678574,0,10
65,0.06966076046228409,0.057325705885887146,0,10
66,0.07007066160440445,0.053146447986364365,0,10
67,0.06968624144792557,0.05239070579409599,0,10
68,0.06834995001554489,0.05398048087954521,0,10
69,0.068948894739151,0.04936994984745979,0,10
70,0.0706435814499855,0.036655306816101074,0,10
71,0.07066524773836136,0.05527901649475098,0,10
72,0.06931106746196747,0.06087147444486618,0,10
73,0.06986699253320694,0.05136609449982643,0,10
74,0.07016145437955856,0.04956453666090965,0,10
75,0.07040788233280182,0.05035197734832764,0,10
76,0.06968814879655838,0.05092760547995567,0,10
0,0.06945762783288956,0.06945764273405075,0,10
1,0.0697111189365387,0.0697111189365387,0,10
2,0.06841433793306351,0.049605678766965866,0,10
3,0.06966547667980194,0.04918283224105835,0,10
4,0.07038557529449463,0.04002707451581955,0,10
5,0.07090315222740173,0.04133041575551033,0,10
6,0.06935551017522812,0.05260268598794937,0,10
7,0.06941570341587067,0.0515877902507782,0,10
8,0.07099053263664246,0.05737965553998947,0,10
9,0.07025953382253647,0.04739269241690636,0,10
10,0.07082438468933105,0.04366319254040718,0,10
11,0.07050026208162308,0.04989349842071533,0,10
12,0.0699019581079483,0.038266561925411224,0,10
13,0.06858985871076584,0.04243815317749977,0,10
14,0.06976349651813507,0.050690602511167526,0,10
15,0.06928721070289612,0.048914920538663864,0,10
16,0.06997576355934143,0.059554506093263626,0,10
17,0.06978625059127808,0.0334487184882164,0,10
18,0.06834635138511658,0.04284557327628136,0,10
19,0.06955364346504211,0.05066234990954399,0,10
20,0.07059147953987122,0.0541527196764946,0,10
21,0.06862872838973999,0.04977482557296753,0,10
22,0.06925015151500702,0.03279697522521019,0,10
23,0.07036439329385757,0.07036438584327698,0,10
24,0.07079708576202393,0.051669713109731674,0,10
25,0.07013460993766785,0.04997598007321358,0,10
26,0.07027654349803925,0.03766950964927673,0,10
27,0.07073166221380234,0.04860549420118332,0,10
28,0.0701172724366188,0.05160877853631973,0,10
29,0.06968777626752853,0.04035043343901634,0,10
30,0.07100720703601837,0.05640718340873718,0,10
31,0.06878868490457535,0.05236048996448517,0,10
32,0.06868778169155121,0.05881981924176216,0,10
33,0.06945846974849701,0.039589814841747284,0,10
34,0.07094203680753708,0.05009761452674866,0,10
35,0.07003182917833328,0.03957962989807129,0,10
36,0.0692409873008728,0.0452171266078949,0,10
37,0.06962951272726059,0.05248309299349785,0,10
38,0.06985142827033997,0.02906426601111889,0,10
39,0.06896990537643433,0.04967017099261284,0,10
40,0.06888128072023392,0.05415293201804161,0,10
41,0.06998356431722641,0.04173034802079201,0,10
42,0.07063651829957962,0.05177189037203789,0,10
43,0.06995559483766556,0.055189698934555054,0,10
44,0.0697985365986824,0.052462585270404816,0,10
45,0.06884008646011353,0.03581888601183891,0,10
46,0.0707075446844101,0.04458684101700783,0,10
47,0.06946409493684769,0.028377339243888855,0,10
48,0.0696834921836853,0.04967651516199112,0,10
49,0.07019180059432983,0.05452486500144005,0,10
50,0.07061579823493958,0.07061579823493958,0,10
51,0.07053922861814499,0.04892534017562866,0,10
52,0.07088028639554977,0.05106525868177414,0,10
53,0.07041867822408676,0.05993817374110222,0,10
54,0.0676497295498848,0.045124173164367676,0,10
55,0.06912820786237717,0.05121765285730362,0,10
56,0.07017192244529724,0.03771856799721718,0,10
57,0.07095640152692795,0.04674214869737625,0,10
58,0.0699397549033165,0.03713570535182953,0,10
59,0.06899408996105194,0.04317339137196541,0,10
60,0.07085359841585159,0.05279591679573059,0,10
61,0.06983573734760284,0.052379310131073,0,10
62,0.07080354541540146,0.04977094382047653,0,10
63,0.0682106539607048,0.0351562574505806,0,10
64,0.07053535431623459,0.05036550760269165,0,10
65,0.06966076046228409,0.05488840490579605,0,10
66,0.07007066160440445,0.055599868297576904,0,10
67,0.06968624144792557,0.04665143042802811,0,10
68,0.06834995001554489,0.05089881643652916,0,10
69,0.068948894739151,0.040688857436180115,0,10
70,0.0706435814499855,0.049040958285331726,0,10
71,0.07066524773836136,0.0509205237030983,0,10
72,0.06931106746196747,0.04576832428574562,0,10
73,0.06986699253320694,0.04108969867229462,0,10
74,0.07016145437955856,0.04701036959886551,0,10
75,0.07040788233280182,0.041576631367206573,0,10
76,0.06968814879655838,0.050630923360586166,0,10
77,0.07032475620508194,0.052699360996484756,0,10
0,0.06945762783288956,0.06945764273405075,0,10
1,0.0697111189365387,0.06552700698375702,0,10
2,0.06841433793306351,0.034053243696689606,0,10
3,0.06966547667980194,0.05212612822651863,0,10
4,0.07038557529449463,0.045726992189884186,0,10
5,0.07090315222740173,0.04176661744713783,0,10
6,0.06935551017522812,0.03736675903201103,0,10
7,0.06941570341587067,0.038475893437862396,0,10
8,0.07099053263664246,0.04864582419395447,0,10
9,0.07025953382253647,0.048814717680215836,0,10
10,0.07082438468933105,0.04954017326235771,0,10
11,0.07050026208162308,0.050555966794490814,0,10
12,0.0699019581079483,0.05389232188463211,0,10
13,0.06858985871076584,0.03982452303171158,0,10
14,0.06976349651813507,0.041691623628139496,0,10
15,0.06928721070289612,0.035954687744379044,0,10
16,0.06997576355934143,0.05067187175154686,0,10
17,0.06978625059127808,0.04496511071920395,0,10
18,0.06834635138511658,0.049207109957933426,0,10
19,0.06955364346504211,0.04628085717558861,0,10
20,0.07059147953987122,0.057471245527267456,0,10
21,0.06862872838973999,0.04159354418516159,0,10
22,0.06925015151500702,0.0433322973549366,0,10
23,0.07036439329385757,0.04606189206242561,0,10
24,0.07079708576202393,0.05118377506732941,0,10
25,0.07013460993766785,0.04728709161281586,0,10
26,0.07027654349803925,0.06013769656419754,0,10
27,0.07073166221380234,0.04745500162243843,0,10
28,0.0701172724366188,0.050557542592287064,0,10
29,0.06968777626752853,0.050561074167490005,0,10
30,0.07100720703601837,0.04544273018836975,0,10
31,0.06878868490457535,0.059079091995954514,0,10
32,0.06868778169155121,0.04625143110752106,0,10
33,0.06945846974849701,0.054363105446100235,0,10
34,0.07094203680753708,0.05388631299138069,0,10
35,0.07003182917833328,0.059627559036016464,0,10
36,0.0692409873008728,0.044681843370199203,0,10
37,0.06962951272726059,0.036844391375780106,0,10
38,0.06985142827033997,0.06322469562292099,0,10
39,0.06896990537643433,0.03345518931746483,0,10
40,0.06888128072023392,0.0436333492398262,0,10
41,0.06998356431722641,0.05622461438179016,0,10
42,0.07063651829957962,0.04886624217033386,0,10
43,0.06995559483766556,0.04300159960985184,0,10
44,0.0697985365986824,0.05658003315329552,0,10
45,0.06884008646011353,0.049778133630752563,0,10
46,0.0707075446844101,0.04191002622246742,0,10
47,0.06946409493684769,0.04398416727781296,0,10
48,0.0696834921836853,0.05646742880344391,0,10
49,0.07019180059432983,0.050531238317489624,0,10
50,0.07061579823493958,0.050146639347076416,0,10
51,0.07053922861814499,0.04905465245246887,0,10
52,0.07088028639554977,0.04182153940200806,0,10
53,0.07041867822408676,0.05540147051215172,0,10
54,0.0676497295498848,0.05074678733944893,0,10
55,0.06912820786237717,0.05787021666765213,0,10
56,0.07017192244529724,0.044670380651950836,0,10
57,0.07095640152692795,0.0390353798866272,0,10
58,0.0699397549033165,0.019025204703211784,0,10
59,0.06899408996105194,0.05150681361556053,0,10
60,0.07085359841585159,0.0655510425567627,0,10
61,0.06983573734760284,0.051240384578704834,0,10
62,0.07080354541540146,0.04651067405939102,0,10
63,0.0682106539607048,0.04219835624098778,0,10
64,0.07053535431623459,0.05421651154756546,0,10
65,0.06966076046228409,0.056269437074661255,0,10
66,0.07007066160440445,0.05366850644350052,0,10
67,0.06968624144792557,0.03759722411632538,0,10
68,0.06834995001554489,0.043857231736183167,0,10
69,0.068948894739151,0.052590545266866684,0,10
70,0.0706435814499855,0.0605197511613369,0,10
71,0.07066524773836136,0.04233163595199585,0,10
72,0.06931106746196747,0.027908096089959145,0,10
73,0.06986699253320694,0.060868941247463226,0,10
74,0.07016145437955856,0.05064774304628372,0,10
75,0.07040788233280182,0.05987013131380081,0,10
76,0.06968814879655838,0.06017514318227768,0,10
77,0.07032475620508194,0.028153905645012856,0,10
78,0.07056909799575806,0.04734360799193382,0,10
0,0.06945762783288956,0.06945765018463135,0,10
1,0.0697111189365387,0.06731986999511719,0,10
2,0.06841433793306351,0.03504123166203499,0,10
3,0.06966547667980194,0.05131080746650696,0,10
4,0.07038557529449463,0.03901955485343933,0,10
5,0.07090315222740173,0.0458793081343174,0,10
6,0.06935551017522812,0.04907144606113434,0,10
7,0.06941570341587067,0.03818279504776001,0,10
8,0.07099053263664246,0.04946042597293854,0,10
9,0.07025953382253647,0.03411275893449783,0,10
10,0.07082438468933105,0.0435376800596714,0,10
11,0.07050026208162308,0.07050025463104248,0,10
12,0.0699019581079483,0.05672403797507286,0,10
13,0.06858985871076584,0.06506359577178955,0,10
14,0.06976349651813507,0.059165120124816895,0,10
15,0.06928721070289612,0.06259142607450485,0,10
16,0.06997576355934143,0.039481278508901596,0,10
17,0.06978625059127808,0.02609880082309246,0,10
18,0.06834635138511658,0.03533254191279411,0,10
19,0.06955364346504211,0.04903607442975044,0,10
20,0.07059147953987122,0.05263936519622803,0,10
21,0.06862872838973999,0.058673031628131866,0,10
22,0.06925015151500702,0.03784456104040146,0,10
23,0.07036439329385757,0.05213658884167671,0,10
24,0.07079708576202393,0.04837166517972946,0,10
25,0.07013460993766785,0.057309117168188095,0,10
26,0.07027654349803925,0.04136646166443825,0,10
27,0.07073166221380234,0.038770489394664764,0,10
28,0.0701172724366188,0.05608952045440674,0,10
29,0.06968777626752853,0.04602963849902153,0,10
30,0.07100720703601837,0.05468522384762764,0,10
31,0.06878868490457535,0.030937056988477707,0,10
32,0.06868778169155121,0.032363008707761765,0,10
33,0.06945846974849701,0.04946369305253029,0,10
34,0.07094203680753708,0.05133955925703049,0,10
35,0.07003182917833328,0.022570090368390083,0,10
36,0.0692409873008728,0.04128230735659599,0,10
37,0.06962951272726059,0.04623688384890556,0,10
38,0.06985142827033997,0.06108247861266136,0,10
39,0.06896990537643433,0.041340749710798264,0,10
40,0.06888128072023392,0.02410704270005226,0,10
41,0.06998356431722641,0.03934100642800331,0,10
42,0.07063651829957962,0.05386031046509743,0,10
43,0.06995559483766556,0.0519443154335022,0,10
44,0.0697985365986824,0.05068420246243477,0,10
45,0.06884008646011353,0.023164210841059685,0,10
46,0.0707075446844101,0.063431017100811,0,10
47,0.06946409493684769,0.04060579836368561,0,10
48,0.0696834921836853,0.047248076647520065,0,10
49,0.07019180059432983,0.04732373356819153,0,10
50,0.07061579823493958,0.0544951856136322,0,10
51,0.07053922861814499,0.050916481763124466,0,10
52,0.07088028639554977,0.06346823275089264,0,10
53,0.07041867822408676,0.047546762973070145,0,10
54,0.0676497295498848,0.055432550609111786,0,10
55,0.06912820786237717,0.05205387622117996,0,10
56,0.07017192244529724,0.05184309929609299,0,10
57,0.07095640152692795,0.0637606680393219,0,10
58,0.0699397549033165,0.053920943289995193,0,10
59,0.06899408996105194,0.0229157954454422,0,10
60,0.07085359841585159,0.047350507229566574,0,10
61,0.06983573734760284,0.0556604266166687,0,10
62,0.07080354541540146,0.058062195777893066,0,10
63,0.0682106539607048,0.03320112079381943,0,10
64,0.07053535431623459,0.040085576474666595,0,10
65,0.06966076046228409,0.060533564537763596,0,10
66,0.07007066160440445,0.053702462464571,0,10
67,0.06968624144792557,0.05011066421866417,0,10
68,0.06834995001554489,0.049371812492609024,0,10
69,0.068948894739151,0.04556649923324585,0,10
70,0.0706435814499855,0.044191375374794006,0,10
71,0.07066524773836136,0.04487958177924156,0,10
72,0.06931106746196747,0.04601343721151352,0,10
73,0.06986699253320694,0.05513044819235802,0,10
74,0.07016145437955856,0.05192418769001961,0,10
75,0.07040788233280182,0.038876812905073166,0,10
76,0.06968814879655838,0.05198437720537186,0,10
77,0.07032475620508194,0.05214381963014603,0,10
78,0.07056909799575806,0.03940776735544205,0,10
79,0.07089881598949432,0.05570770800113678,0,10
0,0.06945762783288956,0.06945765018463135,0,10
1,0.0697111189365387,0.06066308915615082,0,10
2,0.06841433793306351,0.048787619918584824,0,10
3,0.06966547667980194,0.05009736120700836,0,10
4,0.07038557529449463,0.047900695353746414,0,10
5,0.07090315222740173,0.052841272205114365,0,10
6,0.06935551017522812,0.04874870181083679,0,10
7,0.06941570341587067,0.041912369430065155,0,10
8,0.07099053263664246,0.051364146173000336,0,10
9,0.07025953382253647,0.04771167039871216,0,10
10,0.07082438468933105,0.04662337526679039,0,10
11,0.07050026208162308,0.04686928540468216,0,10
12,0.0699019581079483,0.047039881348609924,0,10
13,0.06858985871076584,0.057464323937892914,0,10
14,0.06976349651813507,0.05005612224340439,0,10
15,0.06928721070289612,0.03536849841475487,0,10
16,0.06997576355934143,0.036870941519737244,0,10
17,0.06978625059127808,0.043859925121068954,0,10
18,0.06834635138511658,0.04570534825325012,0,10
19,0.06955364346504211,0.04599924013018608,0,10
20,0.07059147953987122,0.05083632096648216,0,10
21,0.06862872838973999,0.034056421369314194,0,10
22,0.06925015151500702,0.04814865440130234,0,10
23,0.07036439329385757,0.053629070520401,0,10
24,0.07079708576202393,0.05161798372864723,0,10
25,0.07013460993766785,0.05325596407055855,0,10
26,0.07027654349803925,0.06418319046497345,0,10
27,0.07073166221380234,0.042135898023843765,0,10
28,0.0701172724366188,0.04891130328178406,0,10
29,0.06968777626752853,0.05199463292956352,0,10
30,0.07100720703601837,0.04660165682435036,0,10
31,0.06878868490457535,0.04762038588523865,0,10
32,0.06868778169155121,0.031447332352399826,0,10
33,0.06945846974849701,0.044868238270282745,0,10
34,0.07094203680753708,0.046974848955869675,0,10
35,0.07003182917833328,0.052905626595020294,0,10
36,0.0692409873008728,0.027281638234853745,0,10
37,0.06962951272726059,0.04812508821487427,0,10
38,0.06985142827033997,0.0548272468149662,0,10
39,0.06896990537643433,0.05315780267119408,0,10
40,0.06888128072023392,0.046103585511446,0,10
41,0.06998356431722641,0.05092039704322815,0,10
42,0.07063651829957962,0.05453817918896675,0,10
43,0.06995559483766556,0.03558016195893288,0,10
44,0.0697985365986824,0.057940274477005005,0,10
45,0.06884008646011353,0.038222890347242355,0,10
46,0.0707075446844101,0.05532392859458923,0,10
47,0.06946409493684769,0.0448627769947052,0,10
48,0.0696834921836853,0.04355132579803467,0,10
49,0.07019180059432983,0.0585196353495121,0,10
50,0.07061579823493958,0.053513891994953156,0,10
51,0.07053922861814499,0.04542641341686249,0,10
52,0.07088028639554977,0.04632703214883804,0,10
53,0.07041867822408676,0.054973021149635315,0,10
54,0.0676497295498848,0.05557183176279068,0,10
55,0.06912820786237717,0.05256902799010277,0,10
56,0.07017192244529724,0.04837192967534065,0,10
57,0.07095640152692795,0.04698764532804489,0,10
58,0.0699397549033165,0.06010214239358902,0,10
59,0.06899408996105194,0.0476064570248127,0,10
60,0.07085359841585159,0.04850739240646362,0,10
61,0.06983573734760284,0.06414914131164551,0,10
62,0.07080354541540146,0.03912655636668205,0,10
63,0.0682106539607048,0.05197354033589363,0,10
64,0.07053535431623459,0.05882412940263748,0,10
65,0.06966076046228409,0.04840812087059021,0,10
66,0.07007066160440445,0.05124811828136444,0,10
67,0.06968624144792557,0.05751689150929451,0,10
68,0.06834995001554489,0.05370045080780983,0,10
69,0.068948894739151,0.055610716342926025,0,10
70,0.0706435814499855,0.05550125613808632,0,10
71,0.07066524773836136,0.05183164402842522,0,10
72,0.06931106746196747,0.04023834690451622,0,10
73,0.06986699253320694,0.04225907102227211,0,10
74,0.07016145437955856,0.06663921475410461,0,10
75,0.07040788233280182,0.05078062787652016,0,10
76,0.06968814879655838,0.06968814134597778,0,10
77,0.07032475620508194,0.04307807981967926,0,10
78,0.07056909799575806,0.04111304506659508,0,10
79,0.07089881598949432,0.03539072349667549,0,10
80,0.06959876418113708,0.06959876418113708,0,10
0,0.06945762783288956,0.06945765018463135,0,10
1,0.0697111189365387,0.06540608406066895,0,10
2,0.06841433793306351,0.03725676238536835,0,10
3,0.06966547667980194,0.052908629179000854,0,10
4,0.07038557529449463,0.055437296628952026,0,10
5,0.07090315222740173,0.05863434821367264,0,10
6,0.06935551017522812,0.042161501944065094,0,10
7,0.06941570341587067,0.050756048411130905,0,10
8,0.07099053263664246,0.03433547168970108,0,10
9,0.07025953382253647,0.04542484134435654,0,10
10,0.07082438468933105,0.05053025484085083,0,10
11,0.07050026208162308,0.04941338300704956,0,10
12,0.0699019581079483,0.029838770627975464,0,10
13,0.06858985871076584,0.04562739282846451,0,10
14,0.06976349651813507,0.03708907961845398,0,10
15,0.06928721070289612,0.06209626421332359,0,10
16,0.06997576355934143,0.03878817334771156,0,10
17,0.06978625059127808,0.05087416246533394,0,10
18,0.06834635138511658,0.054724905639886856,0,10
19,0.06955364346504211,0.04246819019317627,0,10
20,0.07059147953987122,0.059683214873075485,0,10
21,0.06862872838973999,0.04552815109491348,0,10
22,0.06925015151500702,0.04335032030940056,0,10
23,0.07036439329385757,0.054201655089855194,0,10
24,0.07079708576202393,0.03896830603480339,0,10
25,0.07013460993766785,0.053153615444898605,0,10
26,0.07027654349803925,0.044506918638944626,0,10
27,0.07073166221380234,0.0640893206000328,0,10
28,0.0701172724366188,0.05489901080727577,0,10
29,0.06968777626752853,0.05231517553329468,0,10
30,0.07100720703601837,0.05238255858421326,0,10
31,0.06878868490457535,0.03470814600586891,0,10
32,0.06868778169155121,0.06066345423460007,0,10
33,0.06945846974849701,0.04713701829314232,0,10
34,0.07094203680753708,0.04141859710216522,0,10
35,0.07003182917833328,0.05192034691572189,0,10
36,0.0692409873008728,0.046152908354997635,0,10
37,0.06962951272726059,0.04493321478366852,0,10
38,0.06985142827033997,0.052654583007097244,0,10
39,0.06896990537643433,0.043347351253032684,0,10
40,0.06888128072023392,0.05488549545407295,0,10
41,0.06998356431722641,0.036126237362623215,0,10
42,0.07063651829957962,0.05102384090423584,0,10
43,0.06995559483766556,0.04435649514198303,0,10
44,0.0697985365986824,0.05787808820605278,0,10
45,0.06884008646011353,0.050194915384054184,0,10
46,0.0707075446844101,0.055708616971969604,0,10
47,0.06946409493684769,0.04415898397564888,0,10
48,0.0696834921836853,0.05919289216399193,0,10
49,0.07019180059432983,0.05214934051036835,0,10
50,0.07061579823493958,0.04494171217083931,0,10
51,0.07053922861814499,0.05384303256869316,0,10
52,0.07088028639554977,0.04693952575325966,0,10
53,0.07041867822408676,0.05173829197883606,0,10
54,0.0676497295498848,0.041986361145973206,0,10
55,0.06912820786237717,0.058174870908260345,0,10
56,0.07017192244529724,0.054670047014951706,0,10
57,0.07095640152692795,0.055768873542547226,0,10
58,0.0699397549033165,0.04675344377756119,0,10
59,0.06899408996105194,0.05118034780025482,0,10
60,0.07085359841585159,0.04985440522432327,0,10
61,0.06983573734760284,0.051734600216150284,0,10
62,0.07080354541540146,0.05823086202144623,0,10
63,0.0682106539607048,0.04907125607132912,0,10
64,0.07053535431623459,0.05110788345336914,0,10
65,0.06966076046228409,0.03802946209907532,0,10
66,0.07007066160440445,0.03325255587697029,0,10
67,0.06968624144792557,0.06091172993183136,0,10
68,0.06834995001554489,0.04911322891712189,0,10
69,0.068948894739151,0.04953416436910629,0,10
70,0.0706435814499855,0.06570833921432495,0,10
71,0.07066524773836136,0.05429232120513916,0,10
72,0.06931106746196747,0.04316325485706329,0,10
73,0.06986699253320694,0.053842879831790924,0,10
74,0.07016145437955856,0.03486647829413414,0,10
75,0.07040788233280182,0.052600789815187454,0,10
76,0.06968814879655838,0.048858217895030975,0,10
77,0.07032475620508194,0.03851458802819252,0,10
78,0.07056909799575806,0.05853061378002167,0,10
79,0.07089881598949432,0.05683847889304161,0,10
80,0.06959876418113708,0.06259459257125854,0,10
81,0.07043757289648056,0.05988958850502968,0,10
0,0.06945762783288956,0.06945764273405075,0,10
1,0.0697111189365387,0.0697111189365387,0,10
2,0.06841433793306351,0.03234177455306053,0,10
3,0.06966547667980194,0.05463522672653198,0,10
4,0.07038557529449463,0.07038557529449463,0,10
5,0.07090315222740173,0.05241907387971878,0,10
6,0.06935551017522812,0.05101174861192703,0,10
7,0.06941570341587067,0.03739909827709198,0,10
8,0.07099053263664246,0.054436638951301575,0,10
9,0.07025953382253647,0.05669563636183739,0,10
10,0.07082438468933105,0.05597488954663277,0,10
11,0.07050026208162308,0.05607637017965317,0,10
12,0.0699019581079483,0.041316382586956024,0,10
13,0.06858985871076584,0.05468384921550751,0,10
14,0.06976349651813507,0.041803136467933655,0,10
15,0.06928721070289612,0.05402935668826103,0,10
16,0.06997576355934143,0.05153701454401016,0,10
17,0.06978625059127808,0.060237303376197815,0,10
18,0.06834635138511658,0.039796359837055206,0,10
19,0.06955364346504211,0.048483289778232574,0,10
20,0.07059147953987122,0.07059147953987122,0,10
21,0.06862872838973999,0.05180969461798668,0,10
22,0.06925015151500702,0.05094663053750992,0,10
23,0.07036439329385757,0.05228931084275246,0,10
24,0.07079708576202393,0.044316790997982025,0,10
25,0.07013460993766785,0.046385038644075394,0,10
26,0.07027654349803925,0.05007969215512276,0,10
27,0.07073166221380234,0.04081958904862404,0,10
28,0.0701172724366188,0.051789138466119766,0,10
29,0.06968777626752853,0.05881233885884285,0,10
30,0.07100720703601837,0.05072539672255516,0,10
31,0.06878868490457535,0.03928188979625702,0,10
32,0.06868778169155121,0.05130486190319061,0,10
33,0.06945846974849701,0.02692970260977745,0,10
34,0.07094203680753708,0.043198246508836746,0,10
35,0.07003182917833328,0.04803061485290527,0,10
36,0.0692409873008728,0.04959899187088013,0,10
37,0.06962951272726059,0.04795273393392563,0,10
38,0.06985142827033997,0.04552794247865677,0,10
39,0.06896990537643433,0.05741291865706444,0,10
40,0.06888128072023392,0.04986681044101715,0,10
41,0.06998356431722641,0.05007978156208992,0,10
42,0.07063651829957962,0.04477643594145775,0,10
43,0.06995559483766556,0.05723250284790993,0,10
44,0.0697985365986824,0.038472890853881836,0,10
45,0.06884008646011353,0.05030408874154091,0,10
46,0.0707075446844101,0.05816716328263283,0,10
47,0.06946409493684769,0.02624978870153427,0,10
48,0.0696834921836853,0.05049227178096771,0,10
49,0.07019180059432983,0.047280412167310715,0,10
50,0.07061579823493958,0.07061579823493958,0,10
51,0.07053922861814499,0.043614719063043594,0,10
52,0.07088028639554977,0.05392878130078316,0,10
53,0.07041867822408676,0.04187330603599548,0,10
54,0.0676497295498848,0.05609433725476265,0,10
55,0.06912820786237717,0.05429079383611679,0,10
56,0.07017192244529724,0.05303218960762024,0,10
57,0.07095640152692795,0.047627534717321396,0,10
58,0.0699397549033165,0.04368310421705246,0,10
59,0.06899408996105194,0.053213074803352356,0,10
60,0.07085359841585159,0.0341186486184597,0,10
61,0.06983573734760284,0.03252333402633667,0,10
62,0.07080354541540146,0.06009683012962341,0,10
63,0.0682106539607048,0.044795114547014236,0,10
64,0.07053535431623459,0.046826478093862534,0,10
65,0.06966076046228409,0.05487203598022461,0,10
66,0.07007066160440445,0.04635829105973244,0,10
67,0.06968624144792557,0.051761314272880554,0,10
68,0.06834995001554489,0.051837701350450516,0,10
69,0.068948894739151,0.03279998525977135,0,10
70,0.0706435814499855,0.04714289680123329,0,10
71,0.07066524773836136,0.019115710631012917,0,10
72,0.06931106746196747,0.051509637385606766,0,10
73,0.06986699253320694,0.041815683245658875,0,10
74,0.07016145437955856,0.046510960906744,0,10
75,0.07040788233280182,0.054108764976263046,0,10
76,0.06968814879655838,0.05105959251523018,0,10
77,0.07032475620508194,0.03486061468720436,0,10
78,0.07056909799575806,0.050357334315776825,0,10
79,0.07089881598949432,0.05097254738211632,0,10
80,0.06959876418113708,0.049280256032943726,0,10
81,0.07043757289648056,0.03880077973008156,0,10
82,0.06941062211990356,0.035276032984256744,0,10
0,0.06945762783288956,0.06945765018463135,0,10
1,0.0697111189365387,0.06453662365674973,0,10
2,0.06841433793306351,0.03874402865767479,0,10
3,0.06966547667980194,0.06966546177864075,0,10
4,0.07038557529449463,0.045614637434482574,0,10
5,0.07090315222740173,0.0419955849647522,0,10
6,0.06935551017522812,0.03144923225045204,0,10
7,0.06941570341587067,0.054503194987773895,0,10
8,0.07099053263664246,0.055109355598688126,0,10
9,0.07025953382253647,0.058556102216243744,0,10
10,0.07082438468933105,0.05654711276292801,0,10
11,0.07050026208162308,0.047375358641147614,0,10
12,0.0699019581079483,0.04787084087729454,0,10
13,0.06858985871076584,0.03836848586797714,0,10
14,0.06976349651813507,0.0627589076757431,0,10
15,0.06928721070289612,0.05381535738706589,0,10
16,0.06997576355934143,0.04740235581994057,0,10
17,0.06978625059127808,0.054371461272239685,0,10
18,0.06834635138511658,0.03820498287677765,0,10
19,0.06955364346504211,0.0510639064013958,0,10
20,0.07059147953987122,0.05025497078895569,0,10
21,0.06862872838973999,0.059544533491134644,0,10
22,0.06925015151500702,0.052540261298418045,0,10
23,0.07036439329385757,0.05320769175887108,0,10
24,0.07079708576202393,0.055066317319869995,0,10
25,0.07013460993766785,0.04285624250769615,0,10
26,0.07027654349803925,0.07027652859687805,0,10
27,0.07073166221380234,0.04213976860046387,0,10
28,0.0701172724366188,0.05435120314359665,0,10
29,0.06968777626752853,0.04873156175017357,0,10
30,0.07100720703601837,0.06023272126913071,0,10
31,0.06878868490457535,0.027060512453317642,0,10
32,0.06868778169155121,0.05187520757317543,0,10
33,0.06945846974849701,0.027791820466518402,0,10
34,0.07094203680753708,0.031043464317917824,0,10
35,0.07003182917833328,0.05833391845226288,0,10
36,0.0692409873008728,0.047920484095811844,0,10
37,0.06962951272726059,0.0485406294465065,0,10
38,0.06985142827033997,0.05616946145892143,0,10
39,0.06896990537643433,0.062304120510816574,0,10
40,0.06888128072023392,0.04371895641088486,0,10
41,0.06998356431722641,0.046059317886829376,0,10
42,0.07063651829957962,0.05590623617172241,0,10
43,0.06995559483766556,0.041388314217329025,0,10
44,0.0697985365986824,0.06156522408127785,0,10
45,0.06884008646011353,0.0394250713288784,0,10
46,0.0707075446844101,0.052232369780540466,0,10
47,0.06946409493684769,0.041424281895160675,0,10
48,0.0696834921836853,0.04263608902692795,0,10
49,0.07019180059432983,0.05308336019515991,0,10
50,0.07061579823493958,0.054240018129348755,0,10
51,0.07053922861814499,0.05558907985687256,0,10
52,0.07088028639554977,0.040775150060653687,0,10
53,0.07041867822408676,0.03151354193687439,0,10
54,0.0676497295498848,0.0501202829182148,0,10
55,0.06912820786237717,0.03929982706904411,0,10
56,0.07017192244529724,0.041369955986738205,0,10
57,0.07095640152692795,0.04376399144530296,0,10
58,0.0699397549033165,0.027784088626503944,0,10
59,0.06899408996105194,0.03714529424905777,0,10
60,0.07085359841585159,0.029973115772008896,0,10
61,0.06983573734760284,0.05693848431110382,0,10
62,0.07080354541540146,0.05274924263358116,0,10
63,0.0682106539607048,0.044321078807115555,0,10
64,0.07053535431623459,0.045109037309885025,0,10
65,0.06966076046228409,0.03573296591639519,0,10
66,0.07007066160440445,0.024185113608837128,0,10
67,0.06968624144792557,0.06968623399734497,0,10
68,0.06834995001554489,0.029653482139110565,0,10
69,0.068948894739151,0.0499291829764843,0,10
70,0.0706435814499855,0.03814556449651718,0,10
71,0.07066524773836136,0.04628719016909599,0,10
72,0.06931106746196747,0.041688259690999985,0,10
73,0.06986699253320694,0.060449011623859406,0,10
74,0.07016145437955856,0.0421723797917366,0,10
75,0.07040788233280182,0.04272167384624481,0,10
76,0.06968814879655838,0.04659932479262352,0,10
77,0.07032475620508194,0.06202186644077301,0,10
78,0.07056909799575806,0.043071258813142776,0,10
79,0.07089881598949432,0.043831076472997665,0,10
80,0.06959876418113708,0.036859940737485886,0,10
81,0.07043757289648056,0.04766774922609329,0,10
82,0.06941062211990356,0.04566919431090355,0,10
83,0.06973585486412048,0.03294563665986061,0,10
0,0.06945762783288956,0.06945764273405075,0,10
1,0.0697111189365387,0.06391820311546326,0,10
2,0.06841433793306351,0.04799359664320946,0,10
3,0.06966547667980194,0.04506846144795418,0,10
4,0.07038557529449463,0.038611333817243576,0,10
5,0.07090315222740173,0.04833221063017845,0,10
6,0.06935551017522812,0.054491378366947174,0,10
7,0.06941570341587067,0.05769116058945656,0,10
8,0.07099053263664246,0.04734477400779724,0,10
9,0.07025953382253647,0.05570855736732483,0,10
10,0.07082438468933105,0.05675266683101654,0,10
11,0.07050026208162308,0.04825972020626068,0,10
12,0.0699019581079483,0.060844775289297104,0,10
13,0.06858985871076584,0.04137380048632622,0,10
14,0.06976349651813507,0.05237876623868942,0,10
15,0.06928721070289612,0.056494079530239105,0,10
16,0.06997576355934143,0.06139563396573067,0,10
17,0.06978625059127808,0.046053461730480194,0,10
18,0.06834635138511658,0.043403126299381256,0,10
19,0.06955364346504211,0.049557022750377655,0,10
20,0.07059147953987122,0.04810503125190735,0,10
21,0.06862872838973999,0.050622064620256424,0,10
22,0.06925015151500702,0.03234606981277466,0,10
23,0.07036439329385757,0.042286574840545654,0,10
24,0.07079708576202393,0.05798444524407387,0,10
25,0.07013460993766785,0.04943868890404701,0,10
26,0.07027654349803925,0.05565514788031578,0,10
27,0.07073166221380234,0.06154884397983551,0,10
28,0.0701172724366188,0.039817146956920624,0,10
29,0.06968777626752853,0.05039837956428528,0,10
30,0.07100720703601837,0.05876768380403519,0,10
31,0.06878868490457535,0.056480150669813156,0,10
32,0.06868778169155121,0.04090514034032822,0,10
33,0.06945846974849701,0.04903525114059448,0,10
34,0.07094203680753708,0.05065608024597168,0,10
35,0.07003182917833328,0.05452464148402214,0,10
36,0.0692409873008728,0.0331687368452549,0,10
37,0.06962951272726059,0.05272173509001732,0,10
38,0.06985142827033997,0.04845748841762543,0,10
39,0.06896990537643433,0.059274330735206604,0,10
40,0.06888128072023392,0.06295411288738251,0,10
41,0.06998356431722641,0.04649505019187927,0,10
42,0.07063651829957962,0.064146026968956,0,10
43,0.06995559483766556,0.0426790714263916,0,10
44,0.0697985365986824,0.05102652311325073,0,10
45,0.06884008646011353,0.05076514929533005,0,10
46,0.0707075446844101,0.04266718402504921,0,10
47,0.06946409493684769,0.04346291348338127,0,10
48,0.0696834921836853,0.054950274527072906,0,10
49,0.07019180059432983,0.05558491125702858,0,10
50,0.07061579823493958,0.04103339836001396,0,10
51,0.07053922861814499,0.05699992552399635,0,10
52,0.07088028639554977,0.05120758339762688,0,10
53,0.07041867822408676,0.05689644813537598,0,10
54,0.0676497295498848,0.04692629352211952,0,10
55,0.06912820786237717,0.04779721423983574,0,10
56,0.07017192244529724,0.05021379142999649,0,10
57,0.07095640152692795,0.05974942818284035,0,10
58,0.0699397549033165,0.052695803344249725,0,10
59,0.06899408996105194,0.051207490265369415,0,10
60,0.07085359841585159,0.04096829891204834,0,10
61,0.06983573734760284,0.04996836557984352,0,10
62,0.07080354541540146,0.06162073835730553,0,10
63,0.0682106539607048,0.04840896278619766,0,10
64,0.07053535431623459,0.0463443286716938,0,10
65,0.06966076046228409,0.06525200605392456,0,10
66,0.07007066160440445,0.04022443667054176,0,10
67,0.06968624144792557,0.0501064658164978,0,10
68,0.06834995001554489,0.035445764660835266,0,10
69,0.068948894739151,0.0364733561873436,0,10
70,0.0706435814499855,0.05846536159515381,0,10
71,0.07066524773836136,0.030835669487714767,0,10
72,0.06931106746196747,0.04584687948226929,0,10
73,0.06986699253320694,0.06016648933291435,0,10
74,0.07016145437955856,0.052979011088609695,0,10
75,0.07040788233280182,0.058419689536094666,0,10
76,0.06968814879655838,0.03367534652352333,0,10
77,0.07032475620508194,0.06783851981163025,0,10
78,0.07056909799575806,0.04835401475429535,0,10
79,0.07089881598949432,0.04237096756696701,0,10
80,0.06959876418113708,0.04795743525028229,0,10
81,0.07043757289648056,0.04741159453988075,0,10
82,0.06941062211990356,0.055892955511808395,0,10
83,0.06973585486412048,0.03995918110013008,0,10
84,0.06881219148635864,0.037952158600091934,0,10
0,0.06945762783288956,0.06945765018463135,0,10
1,0.0697111189365387,0.0697111189365387,0,10
2,0.06841433793306351,0.02941718138754368,0,10
3,0.06966547667980194,0.05676569417119026,0,10
4,0.07038557529449463,0.040598586201667786,0,10
5,0.07090315222740173,0.04704424738883972,0,10
6,0.06935551017522812,0.054643452167510986,0,10
7,0.06941570341587067,0.028385641053318977,0,10
8,0.07099053263664246,0.04293106496334076,0,10
9,0.07025953382253647,0.06008447706699371,0,10
10,0.07082438468933105,0.056662965565919876,0,10
11,0.07050026208162308,0.05080890282988548,0,10
12,0.0699019581079483,0.03425934165716171,0,10
13,0.06858985871076584,0.036662209779024124,0,10
14,0.06976349651813507,0.050651948899030685,0,10
15,0.06928721070289612,0.0456768237054348,0,10
16,0.06997576355934143,0.04076153039932251,0,10
17,0.06978625059127808,0.04742810130119324,0,10
18,0.06834635138511658,0.04821851849555969,0,10
19,0.06955364346504211,0.06955364346504211,0,10
20,0.07059147953987122,0.054483771324157715,0,10
21,0.06862872838973999,0.03832435607910156,0,10
22,0.06925015151500702,0.04694248363375664,0,10
23,0.07036439329385757,0.059507161378860474,0,10
24,0.07079708576202393,0.06095315143465996,0,10
25,0.07013460993766785,0.05111857131123543,0,10
26,0.07027654349803925,0.046273380517959595,0,10
27,0.07073166221380234,0.05376563221216202,0,10
28,0.0701172724366188,0.03713306039571762,0,10
29,0.06968777626752853,0.046256858855485916,0,10
30,0.07100720703601837,0.043050605803728104,0,10
31,0.06878868490457535,0.04967379942536354,0,10
32,0.06868778169155121,0.04999812692403793,0,10
33,0.06945846974849701,0.04933653026819229,0,10
34,0.07094203680753708,0.04249536246061325,0,10
35,0.07003182917833328,0.040766775608062744,0,10
36,0.0692409873008728,0.049032751470804214,0,10
37,0.06962951272726059,0.050185225903987885,0,10
38,0.06985142827033997,0.047125089913606644,0,10
39,0.06896990537643433,0.03766239434480667,0,10
40,0.06888128072023392,0.046129919588565826,0,10
41,0.06998356431722641,0.046998750418424606,0,10
42,0.07063651829957962,0.04108843952417374,0,10
43,0.06995559483766556,0.06995558738708496,0,10
44,0.0697985365986824,0.052976518869400024,0,10
45,0.06884008646011353,0.04612211138010025,0,10
46,0.0707075446844101,0.03375520184636116,0,10
47,0.06946409493684769,0.04179081320762634,0,10
48,0.0696834921836853,0.05902966111898422,0,10
49,0.07019180059432983,0.06271330267190933,0,10
50,0.07061579823493958,0.049160730093717575,0,10
51,0.07053922861814499,0.07053923606872559,0,10
52,0.07088028639554977,0.05476665496826172,0,10
53,0.07041867822408676,0.04511573165655136,0,10
54,0.0676497295498848,0.046585846692323685,0,10
55,0.06912820786237717,0.03311082720756531,0,10
56,0.07017192244529724,0.04759419709444046,0,10
57,0.07095640152692795,0.03237029165029526,0,10
58,0.0699397549033165,0.05547359585762024,0,10
59,0.06899408996105194,0.03992404043674469,0,10
60,0.07085359841585159,0.03927035629749298,0,10
61,0.06983573734760284,0.049064185470342636,0,10
62,0.07080354541540146,0.05222214385867119,0,10
63,0.0682106539607048,0.039698053151369095,0,10
64,0.07053535431623459,0.038163863122463226,0,10
65,0.06966076046228409,0.051433172076940536,0,10
66,0.07007066160440445,0.05307993292808533,0,10
67,0.06968624144792557,0.045032039284706116,0,10
68,0.06834995001554489,0.05176744610071182,0,10
69,0.068948894739151,0.048058707267045975,0,10
70,0.0706435814499855,0.03141830861568451,0,10
71,0.07066524773836136,0.05032992362976074,0,10
72,0.06931106746196747,0.05542285740375519,0,10
73,0.06986699253320694,0.056759849190711975,0,10
74,0.07016145437955856,0.049870867282152176,0,10
75,0.07040788233280182,0.07040789723396301,0,10
76,0.06968814879655838,0.04873550683259964,0,10
77,0.07032475620508194,0.04606274887919426,0,10
78,0.07056909799575806,0.043113529682159424,0,10
79,0.07089881598949432,0.03803035616874695,0,10
80,0.06959876418113708,0.04986301809549332,0,10
81,0.07043757289648056,0.06004101037979126,0,10
82,0.06941062211990356,0.0513492152094841,0,10
83,0.06973585486412048,0.0578901581466198,0,10
84,0.06881219148635864,0.053691089153289795,0,10
85,0.06897739320993423,0.05231623351573944,0,10
0,0.06945762783288956,0.06945765018463135,0,10
1,0.0697111189365387,0.0697111189365387,0,10
2,0.06841433793306351,0.043428510427474976,0,10
3,0.06966547667980194,0.055820196866989136,0,10
4,0.07038557529449463,0.04636933282017708,0,10
5,0.07090315222740173,0.07090315222740173,0,10
6,0.06935551017522812,0.04126271605491638,0,10
7,0.06941570341587067,0.04448147863149643,0,10
8,0.07099053263664246,0.049867600202560425,0,10
9,0.07025953382253647,0.049883946776390076,0,10
10,0.07082438468933105,0.04092801362276077,0,10
11,0.07050026208162308,0.05487789958715439,0,10
12,0.0699019581079483,0.04420346021652222,0,10
13,0.06858985871076584,0.033101823180913925,0,10
14,0.06976349651813507,0.06976348161697388,0,10
15,0.06928721070289612,0.06056072190403938,0,10
16,0.06997576355934143,0.04373444616794586,0,10
17,0.06978625059127808,0.05222826451063156,0,10
18,0.06834635138511658,0.037481650710105896,0,10
19,0.06955364346504211,0.06955364346504211,0,10
20,0.07059147953987122,0.07059147953987122,0,10
21,0.06862872838973999,0.03327689692378044,0,10
22,0.06925015151500702,0.0594380646944046,0,10
23,0.07036439329385757,0.04823465272784233,0,10
24,0.07079708576202393,0.045779719948768616,0,10
25,0.07013460993766785,0.052813008427619934,0,10
26,0.07027654349803925,0.042960405349731445,0,10
27,0.07073166221380234,0.05681643262505531,0,10
28,0.0701172724366188,0.041310008615255356,0,10
29,0.06968777626752853,0.06318961828947067,0,10
30,0.07100720703601837,0.07100722193717957,0,10
31,0.06878868490457535,0.056822940707206726,0,10
32,0.06868778169155121,0.04439788684248924,0,10
33,0.06945846974849701,0.03269502520561218,0,10
34,0.07094203680753708,0.04703424498438835,0,10
35,0.07003182917833328,0.03606012091040611,0,10
36,0.0692409873008728,0.03551030531525612,0,10
37,0.06962951272726059,0.052192822098731995,0,10
38,0.06985142827033997,0.059003863483667374,0,10
39,0.06896990537643433,0.0342014878988266,0,10
40,0.06888128072023392,0.045859795063734055,0,10
41,0.06998356431722641,0.03419889509677887,0,10
42,0.07063651829957962,0.06336190551519394,0,10
43,0.06995559483766556,0.05194395035505295,0,10
44,0.0697985365986824,0.03997256979346275,0,10
45,0.06884008646011353,0.057357240468263626,0,10
46,0.0707075446844101,0.0508275181055069,0,10
47,0.06946409493684769,0.016681823879480362,0,10
48,0.0696834921836853,0.03349265828728676,0,10
49,0.07019180059432983,0.05291110649704933,0,10
50,0.07061579823493958,0.049102067947387695,0,10
51,0.07053922861814499,0.0424850732088089,0,10
52,0.07088028639554977,0.059215426445007324,0,10
53,0.07041867822408676,0.047392815351486206,0,10
54,0.0676497295498848,0.046018633991479874,0,10
55,0.06912820786237717,0.051508065313100815,0,10
56,0.07017192244529724,0.04702317342162132,0,10
57,0.07095640152692795,0.04738397151231766,0,10
58,0.0699397549033165,0.046794310212135315,0,10
59,0.06899408996105194,0.05353756248950958,0,10
60,0.07085359841585159,0.05518721416592598,0,10
61,0.06983573734760284,0.03359581530094147,0,10
62,0.07080354541540146,0.031042244285345078,0,10
63,0.0682106539607048,0.05919734761118889,0,10
64,0.07053535431623459,0.03775405138731003,0,10
65,0.06966076046228409,0.048390910029411316,0,10
66,0.07007066160440445,0.04189739748835564,0,10
67,0.06968624144792557,0.03999345749616623,0,10
68,0.06834995001554489,0.04012337699532509,0,10
69,0.068948894739151,0.04378839209675789,0,10
70,0.0706435814499855,0.045429229736328125,0,10
71,0.07066524773836136,0.05314889922738075,0,10
72,0.06931106746196747,0.04323148727416992,0,10
73,0.06986699253320694,0.049472082406282425,0,10
74,0.07016145437955856,0.05372380092740059,0,10
75,0.07040788233280182,0.059890266507864,0,10
76,0.06968814879655838,0.04986453801393509,0,10
77,0.07032475620508194,0.034701354801654816,0,10
78,0.07056909799575806,0.049981001764535904,0,10
79,0.07089881598949432,0.04173681139945984,0,10
80,0.06959876418113708,0.04427701234817505,0,10
81,0.07043757289648056,0.05381506681442261,0,10
82,0.06941062211990356,0.053008437156677246,0,10
83,0.06973585486412048,0.058267392218112946,0,10
84,0.06881219148635864,0.047102224081754684,0,10
85,0.06897739320993423,0.049245335161685944,0,10
86,0.07030268013477325,0.04962216317653656,0,10
0,0.06945762783288956,0.06945765018463135,0,10
1,0.0697111189365387,0.06286300718784332,0,10
2,0.06841433793306351,0.035769328474998474,0,10
3,0.06966547667980194,0.051109544932842255,0,10
4,0.07038557529449463,0.06246870756149292,0,10
5,0.07090315222740173,0.05210889130830765,0,10
6,0.06935551017522812,0.041102465242147446,0,10
7,0.06941570341587067,0.028102079406380653,0,10
8,0.07099053263664246,0.04994723200798035,0,10
9,0.07025953382253647,0.05332221835851669,0,10
10,0.07082438468933105,0.046011537313461304,0,10
11,0.07050026208162308,0.04328601062297821,0,10
12,0.0699019581079483,0.03920786455273628,0,10
13,0.06858985871076584,0.05498306453227997,0,10
14,0.06976349651813507,0.042671557515859604,0,10
15,0.06928721070289612,0.06377162039279938,0,10
16,0.06997576355934143,0.04788471385836601,0,10
17,0.06978625059127808,0.03489017114043236,0,10
18,0.06834635138511658,0.0455227755010128,0,10
19,0.06955364346504211,0.051109157502651215,0,10
20,0.07059147953987122,0.04614093899726868,0,10
21,0.06862872838973999,0.059454817324876785,0,10
22,0.06925015151500702,0.04632658138871193,0,10
23,0.07036439329385757,0.03946087509393692,0,10
24,0.07079708576202393,0.04139735549688339,0,10
25,0.07013460993766785,0.03634418547153473,0,10
26,0.07027654349803925,0.04655216634273529,0,10
27,0.07073166221380234,0.07073166966438293,0,10
28,0.0701172724366188,0.03752026706933975,0,10
29,0.06968777626752853,0.05105555057525635,0,10
30,0.07100720703601837,0.03714624047279358,0,10
31,0.06878868490457535,0.057669855654239655,0,10
32,0.06868778169155121,0.03485861420631409,0,10
33,0.06945846974849701,0.06167331710457802,0,10
34,0.07094203680753708,0.05749856308102608,0,10
35,0.07003182917833328,0.05541081354022026,0,10
36,0.0692409873008728,0.045999299734830856,0,10
37,0.06962951272726059,0.055238038301467896,0,10
38,0.06985142827033997,0.038225870579481125,0,10
39,0.06896990537643433,0.03205983340740204,0,10
40,0.06888128072023392,0.03583928197622299,0,10
41,0.06998356431722641,0.04209011793136597,0,10
42,0.07063651829957962,0.04204621911048889,0,10
43,0.06995559483766556,0.052504174411296844,0,10
44,0.0697985365986824,0.03797627612948418,0,10
45,0.06884008646011353,0.0339592844247818,0,10
46,0.0707075446844101,0.05583435297012329,0,10
47,0.06946409493684769,0.05178544670343399,0,10
48,0.0696834921836853,0.05504230782389641,0,10
49,0.07019180059432983,0.06149089336395264,0,10
50,0.07061579823493958,0.042608149349689484,0,10
51,0.07053922861814499,0.04462972655892372,0,10
52,0.07088028639554977,0.06337986886501312,0,10
53,0.07041867822408676,0.07041868567466736,0,10
54,0.0676497295498848,0.04832063242793083,0,10
55,0.06912820786237717,0.03724054619669914,0,10
56,0.07017192244529724,0.04068072885274887,0,10
57,0.07095640152692795,0.07095640897750854,0,10
58,0.0699397549033165,0.04531646892428398,0,10
59,0.06899408996105194,0.041181378066539764,0,10
60,0.07085359841585159,0.049373239278793335,0,10
61,0.06983573734760284,0.051693905144929886,0,10
62,0.07080354541540146,0.02946421504020691,0,10
63,0.0682106539607048,0.040973320603370667,0,10
64,0.07053535431623459,0.05784489959478378,0,10
65,0.06966076046228409,0.05410736799240112,0,10
66,0.07007066160440445,0.06212150305509567,0,10
67,0.06968624144792557,0.0550200454890728,0,10
68,0.06834995001554489,0.03361230343580246,0,10
69,0.068948894739151,0.03009607642889023,0,10
70,0.0706435814499855,0.05352366343140602,0,10
71,0.07066524773836136,0.04781883955001831,0,10
72,0.06931106746196747,0.026471829041838646,0,10
73,0.06986699253320694,0.0413985550403595,0,10
74,0.07016145437955856,0.05956152454018593,0,10
75,0.07040788233280182,0.07040789723396301,0,10
76,0.06968814879655838,0.03842439875006676,0,10
77,0.07032475620508194,0.052630435675382614,0,10
78,0.07056909799575806,0.06017588451504707,0,10
79,0.07089881598949432,0.04202715680003166,0,10
80,0.06959876418113708,0.04902906343340874,0,10
81,0.07043757289648056,0.049000296741724014,0,10
82,0.06941062211990356,0.03946875035762787,0,10
83,0.06973585486412048,0.04943753778934479,0,10
84,0.06881219148635864,0.038050729781389236,0,10
85,0.06897739320993423,0.05351776257157326,0,10
86,0.07030268013477325,0.03653297200798988,0,10
87,0.06961586326360703,0.05037696659564972,0,10
0,0.06945762783288956,0.06945765018463135,0,10
1,0.0697111189365387,0.0697111263871193,0,10
2,0.06841433793306351,0.046030621975660324,0,10
3,0.06966547667980194,0.05310551077127457,0,10
4,0.07038557529449463,0.05110124871134758,0,10
5,0.07090315222740173,0.05625920742750168,0,10
6,0.06935551017522812,0.040060535073280334,0,10
7,0.06941570341587067,0.046921033412218094,0,10
8,0.07099053263664246,0.03629319742321968,0,10
9,0.07025953382253647,0.05207010731101036,0,10
10,0.07082438468933105,0.03902459144592285,0,10
11,0.07050026208162308,0.05329052731394768,0,10
12,0.0699019581079483,0.051441680639982224,0,10
13,0.06858985871076584,0.037028342485427856,0,10
14,0.06976349651813507,0.03748345747590065,0,10
15,0.06928721070289612,0.05709782615303993,0,10
16,0.06997576355934143,0.06359529495239258,0,10
17,0.06978625059127808,0.04812871664762497,0,10
18,0.06834635138511658,0.04776085913181305,0,10
19,0.06955364346504211,0.04982385039329529,0,10
20,0.07059147953987122,0.05817781016230583,0,10
21,0.06862872838973999,0.03646540641784668,0,10
22,0.06925015151500702,0.04602475464344025,0,10
23,0.07036439329385757,0.053764622658491135,0,10
24,0.07079708576202393,0.06589215993881226,0,10
25,0.07013460993766785,0.02897794544696808,0,10
26,0.07027654349803925,0.048135921359062195,0,10
27,0.07073166221380234,0.07073166966438293,0,10
28,0.0701172724366188,0.04524488374590874,0,10
29,0.06968777626752853,0.050301581621170044,0,10
30,0.07100720703601837,0.05361900106072426,0,10
31,0.06878868490457535,0.05981557443737984,0,10
32,0.06868778169155121,0.05377441644668579,0,10
33,0.06945846974849701,0.04286983609199524,0,10
34,0.07094203680753708,0.06251982599496841,0,10
35,0.07003182917833328,0.04431205242872238,0,10
36,0.0692409873008728,0.04751778393983841,0,10
37,0.06962951272726059,0.051336098462343216,0,10
38,0.06985142827033997,0.036557577550411224,0,10
39,0.06896990537643433,0.050250910222530365,0,10
40,0.06888128072023392,0.034600548446178436,0,10
41,0.06998356431722641,0.04981881380081177,0,10
42,0.07063651829957962,0.04684751480817795,0,10
43,0.06995559483766556,0.03882654383778572,0,10
44,0.0697985365986824,0.0370572954416275,0,10
45,0.06884008646011353,0.042195841670036316,0,10
46,0.0707075446844101,0.06334725022315979,0,10
47,0.06946409493684769,0.045560769736766815,0,10
48,0.0696834921836853,0.035463109612464905,0,10
49,0.07019180059432983,0.03775358200073242,0,10
50,0.07061579823493958,0.044802166521549225,0,10
51,0.07053922861814499,0.06268176436424255,0,10
52,0.07088028639554977,0.02992001175880432,0,10
53,0.07041867822408676,0.04853053390979767,0,10
54,0.0676497295498848,0.04907746613025665,0,10
55,0.06912820786237717,0.04388843849301338,0,10
56,0.07017192244529724,0.05238506197929382,0,10
57,0.07095640152692795,0.05189800262451172,0,10
58,0.0699397549033165,0.040454890578985214,0,10
59,0.06899408996105194,0.032053545117378235,0,10
60,0.07085359841585159,0.04060603305697441,0,10
61,0.06983573734760284,0.057077761739492416,0,10
62,0.07080354541540146,0.07080355286598206,0,10
63,0.0682106539607048,0.042865194380283356,0,10
64,0.07053535431623459,0.04168236628174782,0,10
65,0.06966076046228409,0.052214283496141434,0,10
66,0.07007066160440445,0.05662817880511284,0,10
67,0.06968624144792557,0.05329340696334839,0,10
68,0.06834995001554489,0.03833911567926407,0,10
69,0.068948894739151,0.05426320061087608,0,10
70,0.0706435814499855,0.041798584163188934,0,10
71,0.07066524773836136,0.05609788000583649,0,10
72,0.06931106746196747,0.050289690494537354,0,10
73,0.06986699253320694,0.04888831824064255,0,10
74,0.07016145437955856,0.04423590749502182,0,10
75,0.07040788233280182,0.06556817889213562,0,10
76,0.06968814879655838,0.0408577062189579,0,10
77,0.07032475620508194,0.03863373398780823,0,10
78,0.07056909799575806,0.05648834630846977,0,10
79,0.07089881598949432,0.06217318773269653,0,10
80,0.06959876418113708,0.05786454677581787,0,10
81,0.07043757289648056,0.04564116522669792,0,10
82,0.06941062211990356,0.05438951775431633,0,10
83,0.06973585486412048,0.03939344733953476,0,10
84,0.06881219148635864,0.049018505960702896,0,10
85,0.06897739320993423,0.05454873666167259,0,10
86,0.07030268013477325,0.04331868514418602,0,10
87,0.06961586326360703,0.04816541448235512,0,10
88,0.06951145082712173,0.04167981445789337,0,10
0,0.06945762783288956,0.06945764273405075,0,10
1,0.0697111189365387,0.0697111189365387,0,10
2,0.06841433793306351,0.04036395624279976,0,10
3,0.06966547667980194,0.05409305542707443,0,10
4,0.07038557529449463,0.03972318768501282,0,10
5,0.07090315222740173,0.07090315222740173,0,10
6,0.06935551017522812,0.04602276533842087,0,10
7,0.06941570341587067,0.045036520808935165,0,10
8,0.07099053263664246,0.05611470341682434,0,10
9,0.07025953382253647,0.050919562578201294,0,10
10,0.07082438468933105,0.05373283475637436,0,10
11,0.07050026208162308,0.06423372030258179,0,10
12,0.0699019581079483,0.0399484746158123,0,10
13,0.06858985871076584,0.049198392778635025,0,10
14,0.06976349651813507,0.04701828584074974,0,10
15,0.06928721070289612,0.04883834719657898,0,10
16,0.06997576355934143,0.05332031846046448,0,10
17,0.06978625059127808,0.042131148278713226,0,10
18,0.06834635138511658,0.0444997139275074,0,10
19,0.06955364346504211,0.057736314833164215,0,10
20,0.07059147953987122,0.06034471467137337,0,10
21,0.06862872838973999,0.047518182545900345,0,10
22,0.06925015151500702,0.03438282385468483,0,10
23,0.07036439329385757,0.0524928942322731,0,10
24,0.07079708576202393,0.07079708576202393,0,10
25,0.07013460993766785,0.03540606424212456,0,10
26,0.07027654349803925,0.04196808114647865,0,10
27,0.07073166221380234,0.07073166966438293,0,10
28,0.0701172724366188,0.03496086597442627,0,10
29,0.06968777626752853,0.05169344320893288,0,10
30,0.07100720703601837,0.0437169224023819,0,10
31,0.06878868490457535,0.04062330350279808,0,10
32,0.06868778169155121,0.039837371557950974,0,10
33,0.06945846974849701,0.02903420478105545,0,10
34,0.07094203680753708,0.03659740462899208,0,10
35,0.07003182917833328,0.03391562029719353,0,10
36,0.0692409873008728,0.04377394914627075,0,10
37,0.06962951272726059,0.049152672290802,0,10
38,0.06985142827033997,0.048667896538972855,0,10
39,0.06896990537643433,0.05906267836689949,0,10
40,0.06888128072023392,0.029911326244473457,0,10
41,0.06998356431722641,0.048104166984558105,0,10
42,0.07063651829957962,0.04432963207364082,0,10
43,0.06995559483766556,0.056120410561561584,0,10
44,0.0697985365986824,0.05646004155278206,0,10
45,0.06884008646011353,0.03740228712558746,0,10
46,0.0707075446844101,0.04551580920815468,0,10
47,0.06946409493684769,0.031220942735671997,0,10
48,0.0696834921836853,0.0394408144056797,0,10
49,0.07019180059432983,0.039036449044942856,0,10
50,0.07061579823493958,0.03956442326307297,0,10
51,0.07053922861814499,0.05409377068281174,0,10
52,0.07088028639554977,0.06461381167173386,0,10
53,0.07041867822408676,0.05670616030693054,0,10
54,0.0676497295498848,0.047404590994119644,0,10
55,0.06912820786237717,0.035977259278297424,0,10
56,0.07017192244529724,0.045547567307949066,0,10
57,0.07095640152692795,0.05782518535852432,0,10
58,0.0699397549033165,0.05473580211400986,0,10
59,0.06899408996105194,0.06298023462295532,0,10
60,0.07085359841585159,0.04704946279525757,0,10
61,0.06983573734760284,0.05195394158363342,0,10
62,0.07080354541540146,0.058476272970438004,0,10
63,0.0682106539607048,0.04618437588214874,0,10
64,0.07053535431623459,0.047100186347961426,0,10
65,0.06966076046228409,0.05084597319364548,0,10
66,0.07007066160440445,0.04888975992798805,0,10
67,0.06968624144792557,0.040280621498823166,0,10
68,0.06834995001554489,0.05594607815146446,0,10
69,0.068948894739151,0.05948800966143608,0,10
70,0.0706435814499855,0.060758352279663086,0,10
71,0.07066524773836136,0.05218258127570152,0,10
72,0.06931106746196747,0.04024111479520798,0,10
73,0.06986699253320694,0.03730875998735428,0,10
74,0.07016145437955856,0.04567244276404381,0,10
75,0.07040788233280182,0.04429439455270767,0,10
76,0.06968814879655838,0.05578291043639183,0,10
77,0.07032475620508194,0.07032474875450134,0,10
78,0.07056909799575806,0.07056909799575806,0,10
79,0.07089881598949432,0.056247271597385406,0,10
80,0.06959876418113708,0.04442623257637024,0,10
81,0.07043757289648056,0.03357892110943794,0,10
82,0.06941062211990356,0.04936787858605385,0,10
83,0.06973585486412048,0.04989684000611305,0,10
84,0.06881219148635864,0.03041014075279236,0,10
85,0.06897739320993423,0.036958783864974976,0,10
86,0.07030268013477325,0.04160258173942566,0,10
87,0.06961586326360703,0.049848489463329315,0,10
88,0.06951145082712173,0.04809880256652832,0,10
89,0.07014850527048111,0.0478251576423645,0,10
0,0.06945762783288956,0.06945764273405075,0,10
1,0.0697111189365387,0.0697111189365387,0,10
2,0.06841433793306351,0.039359256625175476,0,10
3,0.06966547667980194,0.06378617137670517,0,10
4,0.07038557529449463,0.053154706954956055,0,10
5,0.07090315222740173,0.046107977628707886,0,10
6,0.06935551017522812,0.05598306283354759,0,10
7,0.06941570341587067,0.029557786881923676,0,10
8,0.07099053263664246,0.047901421785354614,0,10
9,0.07025953382253647,0.0524614155292511,0,10
10,0.07082438468933105,0.07082438468933105,0,10
11,0.07050026208162308,0.05559644103050232,0,10
12,0.0699019581079483,0.0699019730091095,0,10
13,0.06858985871076584,0.037206243723630905,0,10
14,0.06976349651813507,0.058072254061698914,0,10
15,0.06928721070289612,0.04010307788848877,0,10
16,0.06997576355934143,0.04401308298110962,0,10
17,0.06978625059127808,0.04642689973115921,0,10
18,0.06834635138511658,0.04426144063472748,0,10
19,0.06955364346504211,0.05294322967529297,0,10
20,0.07059147953987122,0.039100706577301025,0,10
21,0.06862872838973999,0.041830115020275116,0,10
22,0.06925015151500702,0.03365778177976608,0,10
23,0.07036439329385757,0.07036438584327698,0,10
24,0.07079708576202393,0.052734509110450745,0,10
25,0.07013460993766785,0.044269971549510956,0,10
26,0.07027654349803925,0.04664820060133934,0,10
27,0.07073166221380234,0.03430633246898651,0,10
28,0.0701172724366188,0.044924329966306686,0,10
29,0.06968777626752853,0.04507976770401001,0,10
30,0.07100720703601837,0.05692172423005104,0,10
31,0.06878868490457535,0.04072009399533272,0,10
32,0.06868778169155121,0.036822158843278885,0,10
33,0.06945846974849701,0.03856467455625534,0,10
34,0.07094203680753708,0.07094204425811768,0,10
35,0.07003182917833328,0.060125451534986496,0,10
36,0.0692409873008728,0.04509991034865379,0,10
37,0.06962951272726059,0.05315467342734337,0,10
38,0.06985142827033997,0.04561161994934082,0,10
39,0.06896990537643433,0.06217914819717407,0,10
40,0.06888128072023392,0.05508092790842056,0,10
41,0.06998356431722641,0.06102953106164932,0,10
42,0.07063651829957962,0.04211026430130005,0,10
43,0.06995559483766556,0.05203038826584816,0,10
44,0.0697985365986824,0.06390515714883804,0,10
45,0.06884008646011353,0.059720270335674286,0,10
46,0.0707075446844101,0.04544299840927124,0,10
47,0.06946409493684769,0.026662537828087807,0,10
48,0.0696834921836853,0.04896483197808266,0,10
49,0.07019180059432983,0.05259651690721512,0,10
50,0.07061579823493958,0.0553099624812603,0,10
51,0.07053922861814499,0.04983407258987427,0,10
52,0.07088028639554977,0.03892839327454567,0,10
53,0.07041867822408676,0.056501030921936035,0,10
54,0.0676497295498848,0.05015913397073746,0,10
55,0.06912820786237717,0.03261030092835426,0,10
56,0.07017192244529724,0.05466990917921066,0,10
57,0.07095640152692795,0.06146952509880066,0,10
58,0.0699397549033165,0.045500364154577255,0,10
59,0.06899408996105194,0.047543611377477646,0,10
60,0.07085359841585159,0.044604331254959106,0,10
61,0.06983573734760284,0.05414983630180359,0,10
62,0.07080354541540146,0.0474640354514122,0,10
63,0.0682106539607048,0.05581144988536835,0,10
64,0.07053535431623459,0.05153080075979233,0,10
65,0.06966076046228409,0.049215227365493774,0,10
66,0.07007066160440445,0.021077468991279602,0,10
67,0.06968624144792557,0.05572980269789696,0,10
68,0.06834995001554489,0.04847355931997299,0,10
69,0.068948894739151,0.04447886720299721,0,10
70,0.0706435814499855,0.048322681337594986,0,10
71,0.07066524773836136,0.05793837085366249,0,10
72,0.06931106746196747,0.022887500002980232,0,10
73,0.06986699253320694,0.06425449252128601,0,10
74,0.07016145437955856,0.030465831980109215,0,10
75,0.07040788233280182,0.058545149862766266,0,10
76,0.06968814879655838,0.06167882680892944,0,10
77,0.07032475620508194,0.04874243959784508,0,10
78,0.07056909799575806,0.05855646729469299,0,10
79,0.07089881598949432,0.03465631604194641,0,10
80,0.06959876418113708,0.04714915156364441,0,10
81,0.07043757289648056,0.037798259407281876,0,10
82,0.06941062211990356,0.06125256419181824,0,10
83,0.06973585486412048,0.04954114928841591,0,10
84,0.06881219148635864,0.03406228870153427,0,10
85,0.06897739320993423,0.05712030082941055,0,10
86,0.07030268013477325,0.03921307623386383,0,10
87,0.06961586326360703,0.035504281520843506,0,10
88,0.06951145082712173,0.05018654465675354,0,10
89,0.07014850527048111,0.04219953715801239,0,10
90,0.0701366737484932,0.052247099578380585,0,10
0,0.06945762783288956,0.06945765018463135,0,10
1,0.0697111189365387,0.0697111189365387,0,10
2,0.06841433793306351,0.054976630955934525,0,10
3,0.06966547667980194,0.04788118600845337,0,10
4,0.07038557529449463,0.04882447421550751,0,10
5,0.07090315222740173,0.040085628628730774,0,10
6,0.06935551017522812,0.0349794365465641,0,10
7,0.06941570341587067,0.05066533386707306,0,10
8,0.07099053263664246,0.04229035973548889,0,10
9,0.07025953382253647,0.04637496918439865,0,10
10,0.07082438468933105,0.05752871558070183,0,10
11,0.07050026208162308,0.05009640380740166,0,10
12,0.0699019581079483,0.0415656603872776,0,10
13,0.06858985871076584,0.05528736487030983,0,10
14,0.06976349651813507,0.05429164692759514,0,10
15,0.06928721070289612,0.043518926948308945,0,10
16,0.06997576355934143,0.0498870313167572,0,10
17,0.06978625059127808,0.05812423303723335,0,10
18,0.06834635138511658,0.05798446759581566,0,10
19,0.06955364346504211,0.04476156085729599,0,10
20,0.07059147953987122,0.04590706154704094,0,10
21,0.06862872838973999,0.058462247252464294,0,10
22,0.06925015151500702,0.039005789905786514,0,10
23,0.07036439329385757,0.037102699279785156,0,10
24,0.07079708576202393,0.07079708576202393,0,10
25,0.07013460993766785,0.04963694512844086,0,10
26,0.07027654349803925,0.06176513060927391,0,10
27,0.07073166221380234,0.0527891181409359,0,10
28,0.0701172724366188,0.03146141394972801,0,10
29,0.06968777626752853,0.05038410797715187,0,10
30,0.07100720703601837,0.05319057032465935,0,10
31,0.06878868490457535,0.05619105324149132,0,10
32,0.06868778169155121,0.033306509256362915,0,10
33,0.06945846974849701,0.05458365008234978,0,10
34,0.07094203680753708,0.04816482588648796,0,10
35,0.07003182917833328,0.05396397039294243,0,10
36,0.0692409873008728,0.03487202897667885,0,10
37,0.06962951272726059,0.037944018840789795,0,10
38,0.06985142827033997,0.04971984401345253,0,10
39,0.06896990537643433,0.04800491780042648,0,10
40,0.06888128072023392,0.04668768122792244,0,10
41,0.06998356431722641,0.05554616451263428,0,10
42,0.07063651829957962,0.05216016620397568,0,10
43,0.06995559483766556,0.0488106906414032,0,10
44,0.0697985365986824,0.05805179476737976,0,10
45,0.06884008646011353,0.05607326701283455,0,10
46,0.0707075446844101,0.045908328145742416,0,10
47,0.06946409493684769,0.048247210681438446,0,10
48,0.0696834921836853,0.053432565182447433,0,10
49,0.07019180059432983,0.042843498289585114,0,10
50,0.07061579823493958,0.05792052298784256,0,10
51,0.07053922861814499,0.04902680218219757,0,10
52,0.07088028639554977,0.04699454456567764,0,10
53,0.07041867822408676,0.07041868567466736,0,10
54,0.0676497295498848,0.03853556141257286,0,10
55,0.06912820786237717,0.047936469316482544,0,10
56,0.07017192244529724,0.04340299591422081,0,10
57,0.07095640152692795,0.03783256933093071,0,10
58,0.0699397549033165,0.03793426230549812,0,10
59,0.06899408996105194,0.05519616976380348,0,10
60,0.07085359841585159,0.046372443437576294,0,10
61,0.06983573734760284,0.04532486945390701,0,10
62,0.07080354541540146,0.03387829661369324,0,10
63,0.0682106539607048,0.04879102110862732,0,10
64,0.07053535431623459,0.04882580414414406,0,10
65,0.06966076046228409,0.039479587227106094,0,10
66,0.07007066160440445,0.046845924109220505,0,10
67,0.06968624144792557,0.03851419687271118,0,10
68,0.06834995001554489,0.04722919687628746,0,10
69,0.068948894739151,0.0398348830640316,0,10
70,0.0706435814499855,0.04936209321022034,0,10
71,0.07066524773836136,0.053640130907297134,0,10
72,0.06931106746196747,0.05020014941692352,0,10
73,0.06986699253320694,0.04534617066383362,0,10
74,0.07016145437955856,0.052286017686128616,0,10
75,0.07040788233280182,0.052871622145175934,0,10
76,0.06968814879655838,0.046399276703596115,0,10
77,0.07032475620508194,0.04848557710647583,0,10
78,0.07056909799575806,0.04946807771921158,0,10
79,0.07089881598949432,0.05752953886985779,0,10
80,0.06959876418113708,0.04524219036102295,0,10
81,0.07043757289648056,0.042342133820056915,0,10
82,0.06941062211990356,0.035045355558395386,0,10
83,0.06973585486412048,0.04957912862300873,0,10
84,0.06881219148635864,0.05539039149880409,0,10
85,0.06897739320993423,0.05590831860899925,0,10
86,0.07030268013477325,0.047243788838386536,0,10
87,0.06961586326360703,0.04722490534186363,0,10
88,0.06951145082712173,0.06135985627770424,0,10
89,0.07014850527048111,0.054013460874557495,0,10
90,0.0701366737484932,0.05952509120106697,0,10
91,0.06988519430160522,0.049080245196819305,0,10
0,0.06945762783288956,0.06945765018463135,0,10
1,0.0697111189365387,0.0697111263871193,0,10
2,0.06841433793306351,0.02237621881067753,0,10
3,0.06966547667980194,0.04764331132173538,0,10
4,0.07038557529449463,0.05952742323279381,0,10
5,0.07090315222740173,0.04012548178434372,0,10
6,0.06935551017522812,0.0438045859336853,0,10
7,0.06941570341587067,0.021599914878606796,0,10
8,0.07099053263664246,0.059246715158224106,0,10
9,0.07025953382253647,0.03353721275925636,0,10
10,0.07082438468933105,0.0367671437561512,0,10
11,0.07050026208162308,0.06115476042032242,0,10
12,0.0699019581079483,0.043051932007074356,0,10
13,0.06858985871076584,0.04228254035115242,0,10
14,0.06976349651813507,0.053442854434251785,0,10
15,0.06928721070289612,0.063430555164814,0,10
16,0.06997576355934143,0.037778522819280624,0,10
17,0.06978625059127808,0.04745764657855034,0,10
18,0.06834635138511658,0.04639760032296181,0,10
19,0.06955364346504211,0.04647405445575714,0,10
20,0.07059147953987122,0.05779431760311127,0,10
21,0.06862872838973999,0.05531887337565422,0,10
22,0.06925015151500702,0.03289391100406647,0,10
23,0.07036439329385757,0.06082477048039436,0,10
24,0.07079708576202393,0.056668415665626526,0,10
25,0.07013460993766785,0.035377442836761475,0,10
26,0.07027654349803925,0.05888047814369202,0,10
27,0.07073166221380234,0.061872631311416626,0,10
28,0.0701172724366188,0.04920078441500664,0,10
29,0.06968777626752853,0.0347825326025486,0,10
30,0.07100720703601837,0.05205875635147095,0,10
31,0.06878868490457535,0.054815590381622314,0,10
32,0.06868778169155121,0.06379228830337524,0,10
33,0.06945846974849701,0.04989350959658623,0,10
34,0.07094203680753708,0.062360476702451706,0,10
35,0.07003182917833328,0.04837663471698761,0,10
36,0.0692409873008728,0.05366150289773941,0,10
37,0.06962951272726059,0.06001883000135422,0,10
38,0.06985142827033997,0.04615092650055885,0,10
39,0.06896990537643433,0.04028281569480896,0,10
40,0.06888128072023392,0.03465015068650246,0,10
41,0.06998356431722641,0.053313784301280975,0,10
42,0.07063651829957962,0.056459639221429825,0,10
43,0.06995559483766556,0.04762879014015198,0,10
44,0.0697985365986824,0.0361347496509552,0,10
45,0.06884008646011353,0.06299750506877899,0,10
46,0.0707075446844101,0.051933404058218,0,10
47,0.06946409493684769,0.04832311347126961,0,10
48,0.0696834921836853,0.0397794283926487,0,10
49,0.07019180059432983,0.04544345661997795,0,10
50,0.07061579823493958,0.05085815116763115,0,10
51,0.07053922861814499,0.05380420759320259,0,10
52,0.07088028639554977,0.040335237979888916,0,10
53,0.07041867822408676,0.04750264808535576,0,10
54,0.0676497295498848,0.047610677778720856,0,10
55,0.06912820786237717,0.049723539501428604,0,10
56,0.07017192244529724,0.057456228882074356,0,10
57,0.07095640152692795,0.03613648936152458,0,10
58,0.0699397549033165,0.046838849782943726,0,10
59,0.06899408996105194,0.043503131717443466,0,10
60,0.07085359841585159,0.031179280951619148,0,10
61,0.06983573734760284,0.05085787922143936,0,10
62,0.07080354541540146,0.05061453580856323,0,10
63,0.0682106539607048,0.053476493805646896,0,10
64,0.07053535431623459,0.036839261651039124,0,10
65,0.06966076046228409,0.042212363332509995,0,10
66,0.07007066160440445,0.04512699320912361,0,10
67,0.06968624144792557,0.052398525178432465,0,10
68,0.06834995001554489,0.05667047202587128,0,10
69,0.068948894739151,0.03503554314374924,0,10
70,0.0706435814499855,0.04287504032254219,0,10
71,0.07066524773836136,0.044006116688251495,0,10
72,0.06931106746196747,0.04973926767706871,0,10
73,0.06986699253320694,0.05088923126459122,0,10
74,0.07016145437955856,0.057461418211460114,0,10
75,0.07040788233280182,0.045053619891405106,0,10
76,0.06968814879655838,0.05697641894221306,0,10
77,0.07032475620508194,0.04440724849700928,0,10
78,0.07056909799575806,0.05964115262031555,0,10
79,0.07089881598949432,0.053029727190732956,0,10
80,0.06959876418113708,0.05260235071182251,0,10
81,0.07043757289648056,0.04247072711586952,0,10
82,0.06941062211990356,0.06306295841932297,0,10
83,0.06973585486412048,0.057040952146053314,0,10
84,0.06881219148635864,0.03671927750110626,0,10
85,0.06897739320993423,0.03692279011011124,0,10
86,0.07030268013477325,0.05472263693809509,0,10
87,0.06961586326360703,0.05957683548331261,0,10
88,0.06951145082712173,0.03910228982567787,0,10
89,0.07014850527048111,0.030962998047471046,0,10
90,0.0701366737484932,0.03970784321427345,0,10
91,0.06988519430160522,0.043030738830566406,0,10
92,0.0705634132027626,0.056967008858919144,0,10
0,0.06945762783288956,0.06945764273405075,0,10
1,0.0697111189365387,0.0697111114859581,0,10
2,0.06841433793306351,0.025415614247322083,0,10
3,0.06966547667980194,0.053033724427223206,0,10
4,0.07038557529449463,0.055694516748189926,0,10
5,0.07090315222740173,0.051109153777360916,0,10
6,0.06935551017522812,0.03849215805530548,0,10
7,0.06941570341587067,0.03885040059685707,0,10
8,0.07099053263664246,0.05691393092274666,0,10
9,0.07025953382253647,0.055790580809116364,0,10
10,0.07082438468933105,0.05186381936073303,0,10
11,0.07050026208162308,0.05179661139845848,0,10
12,0.0699019581079483,0.0436837300658226,0,10
13,0.06858985871076584,0.05888739600777626,0,10
14,0.06976349651813507,0.05859358608722687,0,10
15,0.06928721070289612,0.04875645041465759,0,10
16,0.06997576355934143,0.04408061504364014,0,10
17,0.06978625059127808,0.050368644297122955,0,10
18,0.06834635138511658,0.049474429339170456,0,10
19,0.06955364346504211,0.053693756461143494,0,10
20,0.07059147953987122,0.06513457000255585,0,10
21,0.06862872838973999,0.045743126422166824,0,10
22,0.06925015151500702,0.050377439707517624,0,10
23,0.07036439329385757,0.043610263615846634,0,10
24,0.07079708576202393,0.046680569648742676,0,10
25,0.07013460993766785,0.04291056469082832,0,10
26,0.07027654349803925,0.04869997501373291,0,10
27,0.07073166221380234,0.051475733518600464,0,10
28,0.0701172724366188,0.04317518323659897,0,10
29,0.06968777626752853,0.04969072341918945,0,10
30,0.07100720703601837,0.06135042384266853,0,10
31,0.06878868490457535,0.05985201150178909,0,10
32,0.06868778169155121,0.0457213930785656,0,10
33,0.06945846974849701,0.06066019460558891,0,10
34,0.07094203680753708,0.03871113434433937,0,10
35,0.07003182917833328,0.04993081092834473,0,10
36,0.0692409873008728,0.05480188503861427,0,10
37,0.06962951272726059,0.04977721348404884,0,10
38,0.06985142827033997,0.06359544396400452,0,10
39,0.06896990537643433,0.03898075595498085,0,10
40,0.06888128072023392,0.03931009769439697,0,10
41,0.06998356431722641,0.050109729170799255,0,10
42,0.07063651829957962,0.05438888818025589,0,10
43,0.06995559483766556,0.04499378427863121,0,10
44,0.0697985365986824,0.03856348991394043,0,10
45,0.06884008646011353,0.04320474714040756,0,10
46,0.0707075446844101,0.04766545817255974,0,10
47,0.06946409493684769,0.05547643452882767,0,10
48,0.0696834921836853,0.04352552816271782,0,10
49,0.07019180059432983,0.05147333815693855,0,10
50,0.07061579823493958,0.05025048553943634,0,10
51,0.07053922861814499,0.05397677421569824,0,10
52,0.07088028639554977,0.05433139204978943,0,10
53,0.07041867822408676,0.05766922980546951,0,10
54,0.0676497295498848,0.054387956857681274,0,10
55,0.06912820786237717,0.05574750155210495,0,10
56,0.07017192244529724,0.052078381180763245,0,10
57,0.07095640152692795,0.05024363845586777,0,10
58,0.0699397549033165,0.04451950266957283,0,10
59,0.06899408996105194,0.045574676245450974,0,10
60,0.07085359841585159,0.046726372092962265,0,10
61,0.06983573734760284,0.05576327443122864,0,10
62,0.07080354541540146,0.04195321723818779,0,10
63,0.0682106539607048,0.05280368775129318,0,10
64,0.07053535431623459,0.0515936017036438,0,10
65,0.06966076046228409,0.05164862796664238,0,10
66,0.07007066160440445,0.05119378864765167,0,10
67,0.06968624144792557,0.06968623399734497,0,10
68,0.06834995001554489,0.04955955594778061,0,10
69,0.068948894739151,0.04625539854168892,0,10
70,0.0706435814499855,0.04669677093625069,0,10
71,0.07066524773836136,0.06068708002567291,0,10
72,0.06931106746196747,0.05504509434103966,0,10
73,0.06986699253320694,0.049959152936935425,0,10
74,0.07016145437955856,0.04328475892543793,0,10
75,0.07040788233280182,0.06027780473232269,0,10
76,0.06968814879655838,0.04224090650677681,0,10
77,0.07032475620508194,0.03957660123705864,0,10
78,0.07056909799575806,0.04218291863799095,0,10
79,0.07089881598949432,0.07089880108833313,0,10
80,0.06959876418113708,0.06146824359893799,0,10
81,0.07043757289648056,0.05935899168252945,0,10
82,0.06941062211990356,0.04799468070268631,0,10
83,0.06973585486412048,0.058744415640830994,0,10
84,0.06881219148635864,0.04199284315109253,0,10
85,0.06897739320993423,0.05222942680120468,0,10
86,0.07030268013477325,0.049688052386045456,0,10
87,0.06961586326360703,0.05728546157479286,0,10
88,0.06951145082712173,0.05884910747408867,0,10
89,0.07014850527048111,0.04279075190424919,0,10
90,0.0701366737484932,0.053089190274477005,0,10
91,0.06988519430160522,0.05239984765648842,0,10
92,0.0705634132027626,0.0368179976940155,0,10
93,0.07063274830579758,0.07063275575637817,0,10
0,0.06945762783288956,0.06945765018463135,0,10
1,0.0697111189365387,0.0697111040353775,0,10
2,0.06841433793306351,0.049109429121017456,0,10
3,0.06966547667980194,0.05867474898695946,0,10
4,0.07038557529449463,0.04905858635902405,0,10
5,0.07090315222740173,0.03618177771568298,0,10
6,0.06935551017522812,0.02906491793692112,0,10
7,0.06941570341587067,0.04382968693971634,0,10
8,0.07099053263664246,0.046580132097005844,0,10
9,0.07025953382253647,0.04411327838897705,0,10
10,0.07082438468933105,0.05562204495072365,0,10
11,0.07050026208162308,0.04789705201983452,0,10
12,0.0699019581079483,0.044145602732896805,0,10
13,0.06858985871076584,0.033844467252492905,0,10
14,0.06976349651813507,0.04044537618756294,0,10
15,0.06928721070289612,0.03510303050279617,0,10
16,0.06997576355934143,0.05559569224715233,0,10
17,0.06978625059127808,0.06081648916006088,0,10
18,0.06834635138511658,0.033059392124414444,0,10
19,0.06955364346504211,0.039234016090631485,0,10
20,0.07059147953987122,0.07059147953987122,0,10
21,0.06862872838973999,0.04065336287021637,0,10
22,0.06925015151500702,0.03546271100640297,0,10
23,0.07036439329385757,0.04022002965211868,0,10
24,0.07079708576202393,0.04748144373297691,0,10
25,0.07013460993766785,0.0445130430161953,0,10
26,0.07027654349803925,0.07027652859687805,0,10
27,0.07073166221380234,0.05778944119811058,0,10
28,0.0701172724366188,0.03854239732027054,0,10
29,0.06968777626752853,0.04686295613646507,0,10
30,0.07100720703601837,0.04773090034723282,0,10
31,0.06878868490457535,0.04768753796815872,0,10
32,0.06868778169155121,0.04018329083919525,0,10
33,0.06945846974849701,0.04934556037187576,0,10
34,0.07094203680753708,0.055820636451244354,0,10
35,0.07003182917833328,0.04185384139418602,0,10
36,0.0692409873008728,0.0531601719558239,0,10
37,0.06962951272726059,0.052339792251586914,0,10
38,0.06985142827033997,0.059351831674575806,0,10
39,0.06896990537643433,0.0493038073182106,0,10
40,0.06888128072023392,0.0342940017580986,0,10
41,0.06998356431722641,0.057523347437381744,0,10
42,0.07063651829957962,0.03387751802802086,0,10
43,0.06995559483766556,0.057347819209098816,0,10
44,0.0697985365986824,0.047629088163375854,0,10
45,0.06884008646011353,0.03847551345825195,0,10
46,0.0707075446844101,0.058348484337329865,0,10
47,0.06946409493684769,0.0368720181286335,0,10
48,0.0696834921836853,0.028383096680045128,0,10
49,0.07019180059432983,0.07019180059432983,0,10
50,0.07061579823493958,0.041940927505493164,0,10
51,0.07053922861814499,0.05538500100374222,0,10
52,0.07088028639554977,0.06289511919021606,0,10
53,0.07041867822408676,0.02835884690284729,0,10
54,0.0676497295498848,0.045606497675180435,0,10
55,0.06912820786237717,0.04936489462852478,0,10
56,0.07017192244529724,0.05382104218006134,0,10
57,0.07095640152692795,0.04568886756896973,0,10
58,0.0699397549033165,0.04342783987522125,0,10
59,0.06899408996105194,0.052194125950336456,0,10
60,0.07085359841585159,0.050864189863204956,0,10
61,0.06983573734760284,0.05214133486151695,0,10
62,0.07080354541540146,0.04662930592894554,0,10
63,0.0682106539607048,0.05165465548634529,0,10
64,0.07053535431623459,0.04423419386148453,0,10
65,0.06966076046228409,0.039626870304346085,0,10
66,0.07007066160440445,0.06342941522598267,0,10
67,0.06968624144792557,0.052378635853528976,0,10
68,0.06834995001554489,0.035141319036483765,0,10
69,0.068948894739151,0.04800725355744362,0,10
70,0.0706435814499855,0.04892117157578468,0,10
71,0.07066524773836136,0.04899057745933533,0,10
72,0.06931106746196747,0.04925062879920006,0,10
73,0.06986699253320694,0.04612603038549423,0,10
74,0.07016145437955856,0.027630504220724106,0,10
75,0.07040788233280182,0.055794429033994675,0,10
76,0.06968814879655838,0.05357540771365166,0,10
77,0.07032475620508194,0.048194076865911484,0,10
78,0.07056909799575806,0.04339949041604996,0,10
79,0.07089881598949432,0.05822468176484108,0,10
80,0.06959876418113708,0.05019006133079529,0,10
81,0.07043757289648056,0.054362982511520386,0,10
82,0.06941062211990356,0.03283906355500221,0,10
83,0.06973585486412048,0.04878309741616249,0,10
84,0.06881219148635864,0.048499561846256256,0,10
85,0.06897739320993423,0.04898327961564064,0,10
86,0.07030268013477325,0.04537225142121315,0,10
87,0.06961586326360703,0.05046064779162407,0,10
88,0.06951145082712173,0.04906010255217552,0,10
89,0.07014850527048111,0.05675120651721954,0,10
90,0.0701366737484932,0.055212099105119705,0,10
91,0.06988519430160522,0.06389190256595612,0,10
92,0.0705634132027626,0.053313009440898895,0,10
93,0.07063274830579758,0.053609699010849,0,10
94,0.0696922093629837,0.046704694628715515,0,10
0,0.06945762783288956,0.06945765018463135,0,10
1,0.0697111189365387,0.0697111263871193,0,10
2,0.06841433793306351,0.06197469308972359,0,10
3,0.06966547667980194,0.05920901149511337,0,10
4,0.07038557529449463,0.058403730392456055,0,10
5,0.07090315222740173,0.059550222009420395,0,10
6,0.06935551017522812,0.051418237388134,0,10
7,0.06941570341587067,0.030672552064061165,0,10
8,0.07099053263664246,0.05504368618130684,0,10
9,0.07025953382253647,0.0528334341943264,0,10
10,0.07082438468933105,0.03993764892220497,0,10
11,0.07050026208162308,0.05040987208485603,0,10
12,0.0699019581079483,0.0519159696996212,0,10
13,0.06858985871076584,0.04362799599766731,0,10
14,0.06976349651813507,0.05533907935023308,0,10
15,0.06928721070289612,0.05070178210735321,0,10
16,0.06997576355934143,0.042112890630960464,0,10
17,0.06978625059127808,0.03291643038392067,0,10
18,0.06834635138511658,0.04343201592564583,0,10
19,0.06955364346504211,0.0396001972258091,0,10
20,0.07059147953987122,0.05146618187427521,0,10
21,0.06862872838973999,0.05683940276503563,0,10
22,0.06925015151500702,0.049783553928136826,0,10
23,0.07036439329385757,0.050201646983623505,0,10
24,0.07079708576202393,0.06623443216085434,0,10
25,0.07013460993766785,0.05776813253760338,0,10
26,0.07027654349803925,0.06038634479045868,0,10
27,0.07073166221380234,0.03327483311295509,0,10
28,0.0701172724366188,0.060051582753658295,0,10
29,0.06968777626752853,0.04967948794364929,0,10
30,0.07100720703601837,0.053859978914260864,0,10
31,0.06878868490457535,0.044572483748197556,0,10
32,0.06868778169155121,0.04070658981800079,0,10
33,0.06945846974849701,0.05293386057019234,0,10
34,0.07094203680753708,0.06000494956970215,0,10
35,0.07003182917833328,0.04758172109723091,0,10
36,0.0692409873008728,0.050883498042821884,0,10
37,0.06962951272726059,0.0453685000538826,0,10
38,0.06985142827033997,0.05320959910750389,0,10
39,0.06896990537643433,0.054251328110694885,0,10
40,0.06888128072023392,0.04544281214475632,0,10
41,0.06998356431722641,0.04013405367732048,0,10
42,0.07063651829957962,0.042749546468257904,0,10
43,0.06995559483766556,0.04982936382293701,0,10
44,0.0697985365986824,0.049897145479917526,0,10
45,0.06884008646011353,0.044370148330926895,0,10
46,0.0707075446844101,0.04660401493310928,0,10
47,0.06946409493684769,0.04951614513993263,0,10
48,0.0696834921836853,0.03219533711671829,0,10
49,0.07019180059432983,0.06358014792203903,0,10
50,0.07061579823493958,0.04537582769989967,0,10
51,0.07053922861814499,0.03465759754180908,0,10
52,0.07088028639554977,0.04025006666779518,0,10
53,0.07041867822408676,0.05569816008210182,0,10
54,0.0676497295498848,0.0509822852909565,0,10
55,0.06912820786237717,0.0471443310379982,0,10
56,0.07017192244529724,0.04303991422057152,0,10
57,0.07095640152692795,0.046913981437683105,0,10
58,0.0699397549033165,0.04556926339864731,0,10
59,0.06899408996105194,0.05300885811448097,0,10
60,0.07085359841585159,0.070853590965271,0,10
61,0.06983573734760284,0.06484591215848923,0,10
62,0.07080354541540146,0.0539628267288208,0,10
63,0.0682106539607048,0.04989638179540634,0,10
64,0.07053535431623459,0.04253798723220825,0,10
65,0.06966076046228409,0.03636007010936737,0,10
66,0.07007066160440445,0.03847672790288925,0,10
67,0.06968624144792557,0.04784700274467468,0,10
68,0.06834995001554489,0.04998103901743889,0,10
69,0.068948894739151,0.05408477410674095,0,10
70,0.0706435814499855,0.05887296423316002,0,10
71,0.07066524773836136,0.05524527281522751,0,10
72,0.06931106746196747,0.04163089022040367,0,10
73,0.06986699253320694,0.0637342780828476,0,10
74,0.07016145437955856,0.05569176748394966,0,10
75,0.07040788233280182,0.04232507199048996,0,10
76,0.06968814879655838,0.06034676358103752,0,10
77,0.07032475620508194,0.052204620093107224,0,10
78,0.07056909799575806,0.04786016419529915,0,10
79,0.07089881598949432,0.03790019080042839,0,10
80,0.06959876418113708,0.048053234815597534,0,10
81,0.07043757289648056,0.04429967328906059,0,10
82,0.06941062211990356,0.036500800400972366,0,10
83,0.06973585486412048,0.05792572349309921,0,10
84,0.06881219148635864,0.0461137555539608,0,10
85,0.06897739320993423,0.06063120812177658,0,10
86,0.07030268013477325,0.05101833492517471,0,10
87,0.06961586326360703,0.03146934136748314,0,10
88,0.06951145082712173,0.05908747389912605,0,10
89,0.07014850527048111,0.04996047541499138,0,10
90,0.0701366737484932,0.05783675238490105,0,10
91,0.06988519430160522,0.03740031644701958,0,10
92,0.0705634132027626,0.03797067701816559,0,10
93,0.07063274830579758,0.038935575634241104,0,10
94,0.0696922093629837,0.044087205082178116,0,10
95,0.06991532444953918,0.03332864120602608,0,10
0,0.06945762783288956,0.06945765018463135,0,10
1,0.0697111189365387,0.0697111189365387,0,10
2,0.06841433793306351,0.03580241650342941,0,10
3,0.06966547667980194,0.057357996702194214,0,10
4,0.07038557529449463,0.05967187136411667,0,10
5,0.07090315222740173,0.06427771598100662,0,10
6,0.06935551017522812,0.05738371983170509,0,10
7,0.06941570341587067,0.033767785876989365,0,10
8,0.07099053263664246,0.06039666011929512,0,10
9,0.07025953382253647,0.040353093296289444,0,10
10,0.07082438468933105,0.04541003331542015,0,10
11,0.07050026208162308,0.06249699741601944,0,10
12,0.0699019581079483,0.0427091121673584,0,10
13,0.06858985871076584,0.050557419657707214,0,10
14,0.06976349651813507,0.04390304163098335,0,10
15,0.06928721070289612,0.06075214222073555,0,10
16,0.06997576355934143,0.057670339941978455,0,10
17,0.06978625059127808,0.03599090501666069,0,10
18,0.06834635138511658,0.04528338834643364,0,10
19,0.06955364346504211,0.06955364346504211,0,10
20,0.07059147953987122,0.054236702620983124,0,10
21,0.06862872838973999,0.04738845303654671,0,10
22,0.06925015151500702,0.03501871973276138,0,10
23,0.07036439329385757,0.05392797291278839,0,10
24,0.07079708576202393,0.04967629909515381,0,10
25,0.07013460993766785,0.05119314789772034,0,10
26,0.07027654349803925,0.04145389795303345,0,10
27,0.07073166221380234,0.052984170615673065,0,10
28,0.0701172724366188,0.05108294263482094,0,10
29,0.06968777626752853,0.06739985942840576,0,10
30,0.07100720703601837,0.050325874239206314,0,10
31,0.06878868490457535,0.04236224666237831,0,10
32,0.06868778169155121,0.03439639136195183,0,10
33,0.06945846974849701,0.047356195747852325,0,10
34,0.07094203680753708,0.04787558689713478,0,10
35,0.07003182917833328,0.040357816964387894,0,10
36,0.0692409873008728,0.03278674557805061,0,10
37,0.06962951272726059,0.04921580106019974,0,10
38,0.06985142827033997,0.03771256282925606,0,10
39,0.06896990537643433,0.03642924875020981,0,10
40,0.06888128072023392,0.03423897176980972,0,10
41,0.06998356431722641,0.042189642786979675,0,10
42,0.07063651829957962,0.05077550932765007,0,10
43,0.06995559483766556,0.05627986416220665,0,10
44,0.0697985365986824,0.059237923473119736,0,10
45,0.06884008646011353,0.043264612555503845,0,10
46,0.0707075446844101,0.057086650282144547,0,10
47,0.06946409493684769,0.05730641260743141,0,10
48,0.0696834921836853,0.039647236466407776,0,10
49,0.07019180059432983,0.05170690268278122,0,10
50,0.07061579823493958,0.06091397628188133,0,10
51,0.07053922861814499,0.044835805892944336,0,10
52,0.07088028639554977,0.050451576709747314,0,10
53,0.07041867822408676,0.060394834727048874,0,10
54,0.0676497295498848,0.0470607690513134,0,10
55,0.06912820786237717,0.04085035249590874,0,10
56,0.07017192244529724,0.04452933371067047,0,10
57,0.07095640152692795,0.048861198127269745,0,10
58,0.0699397549033165,0.03584258630871773,0,10
59,0.06899408996105194,0.03967556729912758,0,10
60,0.07085359841585159,0.052966147661209106,0,10
61,0.06983573734760284,0.044057026505470276,0,10
62,0.07080354541540146,0.04778285697102547,0,10
63,0.0682106539607048,0.05892299860715866,0,10
64,0.07053535431623459,0.05176675319671631,0,10
65,0.06966076046228409,0.05176283419132233,0,10
66,0.07007066160440445,0.04193447530269623,0,10
67,0.06968624144792557,0.05505090579390526,0,10
68,0.06834995001554489,0.030585838481783867,0,10
69,0.068948894739151,0.04612068831920624,0,10
70,0.0706435814499855,0.04183566942811012,0,10
71,0.07066524773836136,0.0490371473133564,0,10
72,0.06931106746196747,0.04506545513868332,0,10
73,0.06986699253320694,0.03967055678367615,0,10
74,0.07016145437955856,0.04819595441222191,0,10
75,0.07040788233280182,0.0446195974946022,0,10
76,0.06968814879655838,0.044036999344825745,0,10
77,0.07032475620508194,0.04840385541319847,0,10
78,0.07056909799575806,0.039449915289878845,0,10
79,0.07089881598949432,0.04659733176231384,0,10
80,0.06959876418113708,0.049801960587501526,0,10
81,0.07043757289648056,0.043877676129341125,0,10
82,0.06941062211990356,0.04553241655230522,0,10
83,0.06973585486412048,0.04021734371781349,0,10
84,0.06881219148635864,0.04644046351313591,0,10
85,0.06897739320993423,0.05294860154390335,0,10
86,0.07030268013477325,0.06022206321358681,0,10
87,0.06961586326360703,0.03519253060221672,0,10
88,0.06951145082712173,0.03482522442936897,0,10
89,0.07014850527048111,0.0604851208627224,0,10
90,0.0701366737484932,0.028508532792329788,0,10
91,0.06988519430160522,0.04228750988841057,0,10
92,0.0705634132027626,0.05040954798460007,0,10
93,0.07063274830579758,0.05686170235276222,0,10
94,0.0696922093629837,0.05234760791063309,0,10
95,0.06991532444953918,0.053759969770908356,0,10
96,0.06996019929647446,0.04851776361465454,0,10
0,0.06945762783288956,0.06945764273405075,0,10
1,0.0697111189365387,0.06487298756837845,0,10
2,0.06841433793306351,0.04684443399310112,0,10
3,0.06966547667980194,0.06966546177864075,0,10
4,0.07038557529449463,0.0565531924366951,0,10
5,0.07090315222740173,0.052813947200775146,0,10
6,0.06935551017522812,0.046657782047986984,0,10
7,0.06941570341587067,0.033984195441007614,0,10
8,0.07099053263664246,0.06324353069067001,0,10
9,0.07025953382253647,0.052911993116140366,0,10
10,0.07082438468933105,0.052442342042922974,0,10
11,0.07050026208162308,0.04693335294723511,0,10
12,0.0699019581079483,0.03340588137507439,0,10
13,0.06858985871076584,0.03893351927399635,0,10
14,0.06976349651813507,0.05585780739784241,0,10
15,0.06928721070289612,0.0624207928776741,0,10
16,0.06997576355934143,0.0611337348818779,0,10
17,0.06978625059127808,0.0467342734336853,0,10
18,0.06834635138511658,0.04661482945084572,0,10
19,0.06955364346504211,0.06040337681770325,0,10
20,0.07059147953987122,0.03802645578980446,0,10
21,0.06862872838973999,0.06359744071960449,0,10
22,0.06925015151500702,0.049603041261434555,0,10
23,0.07036439329385757,0.061642177402973175,0,10
24,0.07079708576202393,0.0628618597984314,0,10
25,0.07013460993766785,0.039242297410964966,0,10
26,0.07027654349803925,0.05986466258764267,0,10
27,0.07073166221380234,0.05964221432805061,0,10
28,0.0701172724366188,0.06100151687860489,0,10
29,0.06968777626752853,0.04955974221229553,0,10
30,0.07100720703601837,0.07100722193717957,0,10
31,0.06878868490457535,0.027701184153556824,0,10
32,0.06868778169155121,0.03756996616721153,0,10
33,0.06945846974849701,0.04310138523578644,0,10
34,0.07094203680753708,0.06411901116371155,0,10
35,0.07003182917833328,0.04143083468079567,0,10
36,0.0692409873008728,0.041671909391880035,0,10
37,0.06962951272726059,0.05001607537269592,0,10
38,0.06985142827033997,0.049150463193655014,0,10
39,0.06896990537643433,0.05980663746595383,0,10
40,0.06888128072023392,0.028839610517024994,0,10
41,0.06998356431722641,0.053472939878702164,0,10
42,0.07063651829957962,0.04084242880344391,0,10
43,0.06995559483766556,0.0467989481985569,0,10
44,0.0697985365986824,0.04999186843633652,0,10
45,0.06884008646011353,0.039582472294569016,0,10
46,0.0707075446844101,0.04066839814186096,0,10
47,0.06946409493684769,0.03075145184993744,0,10
48,0.0696834921836853,0.05836433544754982,0,10
49,0.07019180059432983,0.05002739280462265,0,10
50,0.07061579823493958,0.03959951549768448,0,10
51,0.07053922861814499,0.07053923606872559,0,10
52,0.07088028639554977,0.06370080262422562,0,10
53,0.07041867822408676,0.05301682651042938,0,10
54,0.0676497295498848,0.03777294605970383,0,10
55,0.06912820786237717,0.04682937636971474,0,10
56,0.07017192244529724,0.05697772651910782,0,10
57,0.07095640152692795,0.04711880162358284,0,10
58,0.0699397549033165,0.04819075018167496,0,10
59,0.06899408996105194,0.05480301007628441,0,10
60,0.07085359841585159,0.04529193043708801,0,10
61,0.06983573734760284,0.04655258357524872,0,10
62,0.07080354541540146,0.03461253643035889,0,10
63,0.0682106539607048,0.05123172327876091,0,10
64,0.07053535431623459,0.04031802713871002,0,10
65,0.06966076046228409,0.037026166915893555,0,10
66,0.07007066160440445,0.04065440595149994,0,10
67,0.06968624144792557,0.043870747089385986,0,10
68,0.06834995001554489,0.035434361547231674,0,10
69,0.068948894739151,0.051877472549676895,0,10
70,0.0706435814499855,0.05332401767373085,0,10
71,0.07066524773836136,0.04668666794896126,0,10
72,0.06931106746196747,0.04663647711277008,0,10
73,0.06986699253320694,0.05003512278199196,0,10
74,0.07016145437955856,0.04162893816828728,0,10
75,0.07040788233280182,0.05252298340201378,0,10
76,0.06968814879655838,0.04903820902109146,0,10
77,0.07032475620508194,0.03467797860503197,0,10
78,0.07056909799575806,0.06213894486427307,0,10
79,0.07089881598949432,0.052094485610723495,0,10
80,0.06959876418113708,0.05974016711115837,0,10
81,0.07043757289648056,0.058326467871665955,0,10
82,0.06941062211990356,0.04657170549035072,0,10
83,0.06973585486412048,0.03442935645580292,0,10
84,0.06881219148635864,0.03570172190666199,0,10
85,0.06897739320993423,0.037662096321582794,0,10
86,0.07030268013477325,0.04787309467792511,0,10
87,0.06961586326360703,0.04737319424748421,0,10
88,0.06951145082712173,0.05317835882306099,0,10
89,0.07014850527048111,0.05201995372772217,0,10
90,0.0701366737484932,0.030000749975442886,0,10
91,0.06988519430160522,0.06988519430160522,0,10
92,0.0705634132027626,0.04082900285720825,0,10
93,0.07063274830579758,0.05796360969543457,0,10
94,0.0696922093629837,0.03893677145242691,0,10
95,0.06991532444953918,0.03550880402326584,0,10
96,0.06996019929647446,0.054255448281764984,0,10
97,0.06860560923814774,0.043425388634204865,0,10
0,0.06945762783288956,0.06945765018463135,0,10
1,0.0697111189365387,0.0697111189365387,0,10
2,0.06841433793306351,0.04131641238927841,0,10
3,0.06966547667980194,0.04797739535570145,0,10
4,0.07038557529449463,0.051667820662260056,0,10
5,0.07090315222740173,0.04903913289308548,0,10
6,0.06935551017522812,0.04967164248228073,0,10
7,0.06941570341587067,0.04721628874540329,0,10
8,0.07099053263664246,0.04479246214032173,0,10
9,0.07025953382253647,0.037323445081710815,0,10
10,0.07082438468933105,0.05465351790189743,0,10
11,0.07050026208162308,0.04543374478816986,0,10
12,0.0699019581079483,0.03706827759742737,0,10
13,0.06858985871076584,0.04571552202105522,0,10
14,0.06976349651813507,0.03674345090985298,0,10
15,0.06928721070289612,0.0562896654009819,0,10
16,0.06997576355934143,0.03584670647978783,0,10
17,0.06978625059127808,0.04732231795787811,0,10
18,0.06834635138511658,0.036941252648830414,0,10
19,0.06955364346504211,0.03653580695390701,0,10
20,0.07059147953987122,0.05202624946832657,0,10
21,0.06862872838973999,0.04895496740937233,0,10
22,0.06925015151500702,0.05424818769097328,0,10
23,0.07036439329385757,0.046411775052547455,0,10
24,0.07079708576202393,0.047875382006168365,0,10
25,0.07013460993766785,0.05253702774643898,0,10
26,0.07027654349803925,0.04148188978433609,0,10
27,0.07073166221380234,0.04398547112941742,0,10
28,0.0701172724366188,0.03510986268520355,0,10
29,0.06968777626752853,0.04896405711770058,0,10
30,0.07100720703601837,0.044448673725128174,0,10
31,0.06878868490457535,0.04387153312563896,0,10
32,0.06868778169155121,0.042040012776851654,0,10
33,0.06945846974849701,0.05678149685263634,0,10
34,0.07094203680753708,0.047979287803173065,0,10
35,0.07003182917833328,0.051490992307662964,0,10
36,0.0692409873008728,0.041414134204387665,0,10
37,0.06962951272726059,0.06083923205733299,0,10
38,0.06985142827033997,0.04812243580818176,0,10
39,0.06896990537643433,0.05735686793923378,0,10
40,0.06888128072023392,0.058831121772527695,0,10
41,0.06998356431722641,0.04975283145904541,0,10
42,0.07063651829957962,0.053765833377838135,0,10
43,0.06995559483766556,0.04277220368385315,0,10
44,0.0697985365986824,0.053758516907691956,0,10
45,0.06884008646011353,0.05015266686677933,0,10
46,0.0707075446844101,0.05689908191561699,0,10
47,0.06946409493684769,0.06105537340044975,0,10
48,0.0696834921836853,0.03892241790890694,0,10
49,0.07019180059432983,0.049398116767406464,0,10
50,0.07061579823493958,0.04867827892303467,0,10
51,0.07053922861814499,0.053905170410871506,0,10
52,0.07088028639554977,0.06564614176750183,0,10
53,0.07041867822408676,0.05255623906850815,0,10
54,0.0676497295498848,0.04219869524240494,0,10
55,0.06912820786237717,0.058586765080690384,0,10
56,0.07017192244529724,0.038793593645095825,0,10
57,0.07095640152692795,0.060317207127809525,0,10
58,0.0699397549033165,0.028483835980296135,0,10
59,0.06899408996105194,0.04850463196635246,0,10
60,0.07085359841585159,0.048932451754808426,0,10
61,0.06983573734760284,0.03824613243341446,0,10
62,0.07080354541540146,0.03612222149968147,0,10
63,0.0682106539607048,0.03723245486617088,0,10
64,0.07053535431623459,0.03951585665345192,0,10
65,0.06966076046228409,0.06074574217200279,0,10
66,0.07007066160440445,0.04297061637043953,0,10
67,0.06968624144792557,0.05165505409240723,0,10
68,0.06834995001554489,0.05316365510225296,0,10
69,0.068948894739151,0.03688468784093857,0,10
70,0.0706435814499855,0.045715559273958206,0,10
71,0.07066524773836136,0.03809200972318649,0,10
72,0.06931106746196747,0.048671700060367584,0,10
73,0.06986699253320694,0.049189403653144836,0,10
74,0.07016145437955856,0.03590197488665581,0,10
75,0.07040788233280182,0.04175623506307602,0,10
76,0.06968814879655838,0.04425879195332527,0,10
77,0.07032475620508194,0.03284717723727226,0,10
78,0.07056909799575806,0.04542037844657898,0,10
79,0.07089881598949432,0.06235648691654205,0,10
80,0.06959876418113708,0.0567907951772213,0,10
81,0.07043757289648056,0.03830787539482117,0,10
82,0.06941062211990356,0.05717938020825386,0,10
83,0.06973585486412048,0.05289265513420105,0,10
84,0.06881219148635864,0.047247715294361115,0,10
85,0.06897739320993423,0.048671383410692215,0,10
86,0.07030268013477325,0.03484135866165161,0,10
87,0.06961586326360703,0.049858611077070236,0,10
88,0.06951145082712173,0.05403577908873558,0,10
89,0.07014850527048111,0.04665195941925049,0,10
90,0.0701366737484932,0.04421766847372055,0,10
91,0.06988519430160522,0.04480159655213356,0,10
92,0.0705634132027626,0.06025850772857666,0,10
93,0.07063274830579758,0.042567718774080276,0,10
94,0.0696922093629837,0.047289732843637466,0,10
95,0.06991532444953918,0.04597083106637001,0,10
96,0.06996019929647446,0.05130226910114288,0,10
97,0.06860560923814774,0.05895267054438591,0,10
98,0.06999950855970383,0.05346284434199333,0,10
0,0.06945762783288956,0.06945765018463135,0,10
1,0.0697111189365387,0.0697111189365387,0,10
2,0.06841433793306351,0.04484618455171585,0,10
3,0.06966547667980194,0.06298140436410904,0,10
4,0.07038557529449463,0.056169118732213974,0,10
5,0.07090315222740173,0.046085067093372345,0,10
6,0.06935551017522812,0.05104484781622887,0,10
7,0.06941570341587067,0.054843705147504807,0,10
8,0.07099053263664246,0.04979374259710312,0,10
9,0.07025953382253647,0.055267926305532455,0,10
10,0.07082438468933105,0.054878346621990204,0,10
11,0.07050026208162308,0.04733458161354065,0,10
12,0.0699019581079483,0.04291298985481262,0,10
13,0.06858985871076584,0.0562773272395134,0,10
14,0.06976349651813507,0.0563085675239563,0,10
15,0.06928721070289612,0.04720970243215561,0,10
16,0.06997576355934143,0.05171877518296242,0,10
17,0.06978625059127808,0.05561194568872452,0,10
18,0.06834635138511658,0.04635665565729141,0,10
19,0.06955364346504211,0.051966343075037,0,10
20,0.07059147953987122,0.050598111003637314,0,10
21,0.06862872838973999,0.04486376792192459,0,10
22,0.06925015151500702,0.041949234902858734,0,10
23,0.07036439329385757,0.05031483992934227,0,10
24,0.07079708576202393,0.051362890750169754,0,10
25,0.07013460993766785,0.03692970424890518,0,10
26,0.07027654349803925,0.04378470778465271,0,10
27,0.07073166221380234,0.0479520708322525,0,10
28,0.0701172724366188,0.05250278860330582,0,10
29,0.06968777626752853,0.03623619303107262,0,10
30,0.07100720703601837,0.03660869970917702,0,10
31,0.06878868490457535,0.04432108625769615,0,10
32,0.06868778169155121,0.04953375086188316,0,10
33,0.06945846974849701,0.043872226029634476,0,10
34,0.07094203680753708,0.059395838528871536,0,10
35,0.07003182917833328,0.054196689277887344,0,10
36,0.0692409873008728,0.04087810590863228,0,10
37,0.06962951272726059,0.04977736994624138,0,10
38,0.06985142827033997,0.05923420190811157,0,10
39,0.06896990537643433,0.04090304672718048,0,10
40,0.06888128072023392,0.05542294681072235,0,10
41,0.06998356431722641,0.04456321895122528,0,10
42,0.07063651829957962,0.052361875772476196,0,10
43,0.06995559483766556,0.04479584842920303,0,10
44,0.0697985365986824,0.04453383758664131,0,10
45,0.06884008646011353,0.04340852424502373,0,10
46,0.0707075446844101,0.0519414059817791,0,10
47,0.06946409493684769,0.05223217234015465,0,10
48,0.0696834921836853,0.05083258077502251,0,10
49,0.07019180059432983,0.044036686420440674,0,10
50,0.07061579823493958,0.07061579823493958,0,10
51,0.07053922861814499,0.03343513607978821,0,10
52,0.07088028639554977,0.054917383939027786,0,10
53,0.07041867822408676,0.041040610522031784,0,10
54,0.0676497295498848,0.05365488678216934,0,10
55,0.06912820786237717,0.03709307312965393,0,10
56,0.07017192244529724,0.04377105459570885,0,10
57,0.07095640152692795,0.05234428867697716,0,10
58,0.0699397549033165,0.05707940831780434,0,10
59,0.06899408996105194,0.054679498076438904,0,10
60,0.07085359841585159,0.054771892726421356,0,10
61,0.06983573734760284,0.06983572244644165,0,10
62,0.07080354541540146,0.049297869205474854,0,10
63,0.0682106539607048,0.046700190752744675,0,10
64,0.07053535431623459,0.050031960010528564,0,10
65,0.06966076046228409,0.0545307993888855,0,10
66,0.07007066160440445,0.034344177693128586,0,10
67,0.06968624144792557,0.05309590697288513,0,10
68,0.06834995001554489,0.03461788594722748,0,10
69,0.068948894739151,0.04448799788951874,0,10
70,0.0706435814499855,0.04496654495596886,0,10
71,0.07066524773836136,0.03993353247642517,0,10
72,0.06931106746196747,0.0491524375975132,0,10
73,0.06986699253320694,0.046683792024850845,0,10
74,0.07016145437955856,0.05565992742776871,0,10
75,0.07040788233280182,0.044485483318567276,0,10
76,0.06968814879655838,0.04435478895902634,0,10
77,0.07032475620508194,0.041789960116147995,0,10
78,0.07056909799575806,0.05320035293698311,0,10
79,0.07089881598949432,0.05485051870346069,0,10
80,0.06959876418113708,0.039636872708797455,0,10
81,0.07043757289648056,0.06142731383442879,0,10
82,0.06941062211990356,0.042766209691762924,0,10
83,0.06973585486412048,0.04682070389389992,0,10
84,0.06881219148635864,0.03431267291307449,0,10
85,0.06897739320993423,0.04911389946937561,0,10
86,0.07030268013477325,0.055270686745643616,0,10
87,0.06961586326360703,0.03615165501832962,0,10
88,0.06951145082712173,0.048998426645994186,0,10
89,0.07014850527048111,0.052233465015888214,0,10
90,0.0701366737484932,0.05427251756191254,0,10
91,0.06988519430160522,0.05391276627779007,0,10
92,0.0705634132027626,0.050168391317129135,0,10
93,0.07063274830579758,0.04944659397006035,0,10
94,0.0696922093629837,0.050902195274829865,0,10
95,0.06991532444953918,0.03552650660276413,0,10
96,0.06996019929647446,0.05502605065703392,0,10
97,0.06860560923814774,0.04673165827989578,0,10
98,0.06999950855970383,0.02778431959450245,0,10
99,0.06768648326396942,0.027601629495620728,0,10
