anchor_idx,radius,max_dist,n_escaped,n_total
0,0.023432791233062744,0.023432794958353043,0,10
0,0.023432791233062744,0.023432806134223938,0,10
1,0.023745371028780937,0.023745395243167877,0,10
0,0.023432791233062744,0.023432813584804535,0,10
1,0.023745371028780937,0.02374538965523243,0,10
2,0.026098035275936127,0.026098061352968216,0,10
0,0.023432791233062744,0.023432809859514236,0,10
1,0.023745371028780937,0.02374538779258728,0,10
2,0.026098035275936127,0.026098059490323067,0,10
3,0.025327494367957115,0.025327537208795547,0,10
0,0.023432791233062744,0.023432813584804535,0,10
1,0.023745371028780937,0.023745376616716385,0,10
2,0.026098035275936127,0.026098061352968216,0,10
3,0.025327494367957115,0.025327524170279503,0,10
4,0.02710331603884697,0.027103345841169357,0,10
0,0.023432791233062744,0.02343280427157879,0,10
1,0.023745371028780937,0.02374538779258728,0,10
2,0.026098035275936127,0.026098068803548813,0,10
3,0.025327494367957115,0.025327524170279503,0,10
4,0.02710331603884697,0.027103332802653313,0,10
5,0.02270418033003807,0.022704217582941055,0,10
0,0.023432791233062744,0.02343280240893364,0,10
1,0.023745371028780937,0.023745397105813026,0,10
2,0.026098035275936127,0.026098070666193962,0,10
3,0.025327494367957115,0.02532752975821495,0,10
4,0.02710331603884697,0.027103358879685402,0,10
5,0.02270418033003807,0.022704191505908966,0,10
6,0.021417286247015,0.021417314186692238,0,10
0,0.023432791233062744,0.023432807996869087,0,10
1,0.023745371028780937,0.023745398968458176,0,10
2,0.026098035275936127,0.026098059490323067,0,10
3,0.025327494367957115,0.025327522307634354,0,10
4,0.02710331603884697,0.027103358879685402,0,10
5,0.02270418033003807,0.022704200819134712,0,10
6,0.021417286247015,0.02141731232404709,0,10
7,0.02037135884165764,0.020371388643980026,0,10
0,0.023432791233062744,0.023432809859514236,0,10
1,0.023745371028780937,0.02374538779258728,0,10
2,0.026098035275936127,0.02609807625412941,0,10
3,0.025327494367957115,0.02532750368118286,0,10
4,0.02710331603884697,0.02710333839058876,0,10
5,0.02270418033003807,0.02270420454442501,0,10
6,0.021417286247015,0.021417319774627686,0,10
7,0.02037135884165764,0.02037138305604458,0,10
8,0.018896559253335,0.018896587193012238,0,10
0,0.023432791233062744,0.023432809859514236,0,10
1,0.023745371028780937,0.02374539151787758,0,10
2,0.026098035275936127,0.02609805203974247,0,10
3,0.025327494367957115,0.025327542796730995,0,10
4,0.02710331603884697,0.02710334211587906,0,10
5,0.02270418033003807,0.022704215720295906,0,10
6,0.021417286247015,0.021417316049337387,0,10
7,0.02037135884165764,0.020371394231915474,0,10
8,0.018896559253335,0.018896590918302536,0,10
9,0.016117680817842484,0.016117706894874573,0,10
0,0.023432791233062744,0.023432806134223938,0,10
1,0.023745371028780937,0.023745393380522728,0,10
2,0.026098035275936127,0.02609804831445217,0,10
3,0.025327494367957115,0.0253275316208601,0,10
4,0.02710331603884697,0.027103351429104805,0,10
5,0.02270418033003807,0.022704219445586205,0,10
6,0.021417286247015,0.021417303010821342,0,10
7,0.02037135884165764,0.020371397957205772,0,10
8,0.018896559253335,0.018896594643592834,0,10
9,0.016117680817842484,0.016117706894874573,0,10
10,0.013181006535887718,0.013181036338210106,0,10
0,0.023432791233062744,0.023432821035385132,0,10
1,0.023745371028780937,0.023745398968458176,0,10
2,0.026098035275936127,0.026098065078258514,0,10
3,0.025327494367957115,0.025327512994408607,0,10
4,0.02710331603884697,0.02710333652794361,0,10
5,0.02270418033003807,0.02270421013236046,0,10
6,0.021417286247015,0.021417323499917984,0,10
7,0.02037135884165764,0.02037137746810913,0,10
8,0.018896559253335,0.018896590918302536,0,10
9,0.016117680817842484,0.01611771434545517,0,10
10,0.013181006535887718,0.013181030750274658,0,10
11,0.011195192113518715,0.011195231229066849,0,10
0,0.023432791233062744,0.023432806134223938,0,10
1,0.023745371028780937,0.023745402693748474,0,10
2,0.026098035275936127,0.026098055765032768,0,10
3,0.025327494367957115,0.025327512994408607,0,10
4,0.02710331603884697,0.027103347703814507,0,10
5,0.02270418033003807,0.0227042268961668,0,10
6,0.021417286247015,0.02141731232404709,0,10
7,0.02037135884165764,0.02037137933075428,0,10
8,0.018896559253335,0.01889657974243164,0,10
9,0.016117680817842484,0.01611771434545517,0,10
10,0.013181006535887718,0.013181032612919807,0,10
11,0.011195192113518715,0.011195220984518528,0,10
12,0.0111635597422719,0.011163599789142609,0,10
0,0.023432791233062744,0.023432809859514236,0,10
1,0.023745371028780937,0.023745371028780937,0,10
2,0.026098035275936127,0.026098055765032768,0,10
3,0.025327494367957115,0.02532753348350525,0,10
4,0.02710331603884697,0.02710336074233055,0,10
5,0.02270418033003807,0.02270421013236046,0,10
6,0.021417286247015,0.021417316049337387,0,10
7,0.02037135884165764,0.02037138119339943,0,10
8,0.018896559253335,0.018896598368883133,0,10
9,0.016117680817842484,0.016117705032229424,0,10
10,0.013181006535887718,0.013181030750274658,0,10
11,0.011195192113518715,0.011195211671292782,0,10
12,0.0111635597422719,0.01116358395665884,0,10
13,0.00805622711777687,0.008056250400841236,0,10
0,0.023432791233062744,0.023432817310094833,0,10
1,0.023745371028780937,0.023745402693748474,0,10
2,0.026098035275936127,0.02609807625412941,0,10
3,0.025327494367957115,0.02532753348350525,0,10
4,0.02710331603884697,0.027103345841169357,0,10
5,0.02270418033003807,0.02270420826971531,0,10
6,0.021417286247015,0.021417316049337387,0,10
7,0.02037135884165764,0.020371409133076668,0,10
8,0.018896559253335,0.018896589055657387,0,10
9,0.016117680817842484,0.016117719933390617,0,10
10,0.013181006535887718,0.01318103726953268,0,10
11,0.011195192113518715,0.011195209808647633,0,10
12,0.0111635597422719,0.011163603514432907,0,10
13,0.00805622711777687,0.00805625505745411,0,10
14,0.00936146266758442,0.009361487813293934,0,10
0,0.023432791233062744,0.023432813584804535,0,10
1,0.023745371028780937,0.023745408281683922,0,10
2,0.026098035275936127,0.026098070666193962,0,10
3,0.025327494367957115,0.025327542796730995,0,10
4,0.02710331603884697,0.02710334025323391,0,10
5,0.02270418033003807,0.02270421013236046,0,10
6,0.021417286247015,0.02141731046140194,0,10
7,0.02037135884165764,0.02037139981985092,0,10
8,0.018896559253335,0.01889658346772194,0,10
9,0.016117680817842484,0.016117718070745468,0,10
10,0.013181006535887718,0.013181040994822979,0,10
11,0.011195192113518715,0.011195230297744274,0,10
12,0.0111635597422719,0.011163590475916862,0,10
13,0.00805622711777687,0.008056249469518661,0,10
14,0.00936146266758442,0.009361481294035912,0,10
15,0.006390345748513937,0.006390355993062258,0,10
0,0.023432791233062744,0.023432809859514236,0,10
1,0.023745371028780937,0.023745398968458176,0,10
2,0.026098035275936127,0.026098081842064857,0,10
3,0.025327494367957115,0.025327518582344055,0,10
4,0.02710331603884697,0.027103345841169357,0,10
5,0.02270418033003807,0.02270421013236046,0,10
6,0.021417286247015,0.021417327225208282,0,10
7,0.02037135884165764,0.02037138119339943,0,10
8,0.018896559253335,0.018896589055657387,0,10
9,0.016117680817842484,0.01611771248281002,0,10
10,0.013181006535887718,0.013181040063500404,0,10
11,0.011195192113518715,0.011195212602615356,0,10
12,0.0111635597422719,0.011163596995174885,0,10
13,0.00805622711777687,0.008056258782744408,0,10
14,0.00936146266758442,0.009361477568745613,0,10
15,0.006390345748513937,0.0063903676345944405,0,10
16,0.0059852609410882,0.00598529726266861,0,10
0,0.023432791233062744,0.023432821035385132,0,10
1,0.023745371028780937,0.023745398968458176,0,10
2,0.026098035275936127,0.026098057627677917,0,10
3,0.025327494367957115,0.025327522307634354,0,10
4,0.02710331603884697,0.02710334211587906,0,10
5,0.02270418033003807,0.02270420454442501,0,10
6,0.021417286247015,0.02141733281314373,0,10
7,0.02037135884165764,0.02037137746810913,0,10
8,0.018896559253335,0.018896594643592834,0,10
9,0.016117680817842484,0.016117708757519722,0,10
10,0.013181006535887718,0.013181045651435852,0,10
11,0.011195192113518715,0.011195216327905655,0,10
12,0.0111635597422719,0.011163594201207161,0,10
13,0.00805622711777687,0.008056236431002617,0,10
14,0.00936146266758442,0.009361481294035912,0,10
15,0.006390345748513937,0.0063903662376105785,0,10
16,0.0059852609410882,0.0059852926060557365,0,10
17,0.004571130499243736,0.004571156110614538,0,10
0,0.023432791233062744,0.02343280240893364,0,10
1,0.023745371028780937,0.02374539151787758,0,10
2,0.026098035275936127,0.02609805017709732,0,10
3,0.025327494367957115,0.025327522307634354,0,10
4,0.02710331603884697,0.027103355154395103,0,10
5,0.02270418033003807,0.022704225033521652,0,10
6,0.021417286247015,0.021417323499917984,0,10
7,0.02037135884165764,0.02037138305604458,0,10
8,0.018896559253335,0.01889657974243164,0,10
9,0.016117680817842484,0.01611771062016487,0,10
10,0.013181006535887718,0.013181034475564957,0,10
11,0.011195192113518715,0.011195208877325058,0,10
12,0.0111635597422719,0.011163588613271713,0,10
13,0.00805622711777687,0.008056256920099258,0,10
14,0.00936146266758442,0.009361487813293934,0,10
15,0.006390345748513937,0.00639037461951375,0,10
16,0.0059852609410882,0.005985281430184841,0,10
17,0.004571130499243736,0.004571149125695229,0,10
18,0.005984979216009378,0.00598501181229949,0,10
0,0.023432791233062744,0.023432809859514236,0,10
1,0.023745371028780937,0.023745404556393623,0,10
2,0.026098035275936127,0.026098055765032768,0,10
3,0.025327494367957115,0.025327512994408607,0,10
4,0.02710331603884697,0.027103355154395103,0,10
5,0.02270418033003807,0.02270420454442501,0,10
6,0.021417286247015,0.02141731232404709,0,10
7,0.02037135884165764,0.020371390506625175,0,10
8,0.018896559253335,0.01889657974243164,0,10
9,0.016117680817842484,0.016117723658680916,0,10
10,0.013181006535887718,0.013181017711758614,0,10
11,0.011195192113518715,0.011195223778486252,0,10
12,0.0111635597422719,0.011163594201207161,0,10
13,0.00805622711777687,0.008056246675550938,0,10
14,0.00936146266758442,0.009361489675939083,0,10
15,0.006390345748513937,0.006390382070094347,0,10
16,0.0059852609410882,0.005985279567539692,0,10
17,0.004571130499243736,0.0045711686834692955,0,10
18,0.005984979216009378,0.005984998773783445,0,10
19,0.004085687920451164,0.004085719119757414,0,10
0,0.023432791233062744,0.023432817310094833,0,10
1,0.023745371028780937,0.023745397105813026,0,10
2,0.026098035275936127,0.02609805203974247,0,10
3,0.025327494367957115,0.02532753348350525,0,10
4,0.02710331603884697,0.027103325352072716,0,10
5,0.02270418033003807,0.022704217582941055,0,10
6,0.021417286247015,0.02141731046140194,0,10
7,0.02037135884165764,0.020371386781334877,0,10
8,0.018896559253335,0.01889657974243164,0,10
9,0.016117680817842484,0.016117701306939125,0,10
10,0.013181006535887718,0.013181034475564957,0,10
11,0.011195192113518715,0.011195214465260506,0,10
12,0.0111635597422719,0.011163587681949139,0,10
13,0.00805622711777687,0.008056245744228363,0,10
14,0.00936146266758442,0.00936149712651968,0,10
15,0.006390345748513937,0.00639036949723959,0,10
16,0.0059852609410882,0.0059852865524590015,0,10
17,0.004571130499243736,0.004571145866066217,0,10
18,0.005984979216009378,0.0059850080870091915,0,10
19,0.004085687920451164,0.004085704684257507,0,10
20,0.003390278434380889,0.003390304744243622,0,10
0,0.023432791233062744,0.023432817310094833,0,10
1,0.023745371028780937,0.023745397105813026,0,10
2,0.026098035275936127,0.026098083704710007,0,10
3,0.025327494367957115,0.025327514857053757,0,10
4,0.02710331603884697,0.027103368192911148,0,10
5,0.02270418033003807,0.022704211995005608,0,10
6,0.021417286247015,0.021417303010821342,0,10
7,0.02037135884165764,0.020371412858366966,0,10
8,0.018896559253335,0.018896587193012238,0,10
9,0.016117680817842484,0.016117723658680916,0,10
10,0.013181006535887718,0.01318103913217783,0,10
11,0.011195192113518715,0.011195211671292782,0,10
12,0.0111635597422719,0.011163581162691116,0,10
13,0.00805622711777687,0.008056261576712132,0,10
14,0.00936146266758442,0.009361484088003635,0,10
15,0.006390345748513937,0.00639036949723959,0,10
16,0.0059852609410882,0.00598528329282999,0,10
17,0.004571130499243736,0.004571162164211273,0,10
18,0.005984979216009378,0.005985005758702755,0,10
19,0.004085687920451164,0.004085707012563944,0,10
20,0.003390278434380889,0.0033902782015502453,0,10
21,0.0035600150004029274,0.0035600371193140745,0,10
0,0.023432791233062744,0.023432813584804535,0,10
1,0.023745371028780937,0.02374539151787758,0,10
2,0.026098035275936127,0.02609805390238762,0,10
3,0.025327494367957115,0.025327522307634354,0,10
4,0.02710331603884697,0.02710334211587906,0,10
5,0.02270418033003807,0.0227042268961668,0,10
6,0.021417286247015,0.021417314186692238,0,10
7,0.02037135884165764,0.020371397957205772,0,10
8,0.018896559253335,0.01889658160507679,0,10
9,0.016117680817842484,0.016117705032229424,0,10
10,0.013181006535887718,0.013181030750274658,0,10
11,0.011195192113518715,0.011195202358067036,0,10
12,0.0111635597422719,0.011163592338562012,0,10
13,0.00805622711777687,0.008056259714066982,0,10
14,0.00936146266758442,0.009361469186842442,0,10
15,0.006390345748513937,0.006390385329723358,0,10
16,0.0059852609410882,0.005985280964523554,0,10
17,0.004571130499243736,0.004571160301566124,0,10
18,0.005984979216009378,0.005985003896057606,0,10
19,0.004085687920451164,0.004085720982402563,0,10
20,0.003390278434380889,0.003390310099348426,0,10
21,0.0035600150004029274,0.0035600208211690187,0,10
22,0.002745257457718253,0.0027452707290649414,0,10
0,0.023432791233062744,0.02343282476067543,0,10
1,0.023745371028780937,0.023745395243167877,0,10
2,0.026098035275936127,0.026098068803548813,0,10
3,0.025327494367957115,0.02532750740647316,0,10
4,0.02710331603884697,0.027103351429104805,0,10
5,0.02270418033003807,0.02270420826971531,0,10
6,0.021417286247015,0.021417321637272835,0,10
7,0.02037135884165764,0.02037140354514122,0,10
8,0.018896559253335,0.018896574154496193,0,10
9,0.016117680817842484,0.016117719933390617,0,10
10,0.013181006535887718,0.013181030750274658,0,10
11,0.011195192113518715,0.011195220984518528,0,10
12,0.0111635597422719,0.011163596995174885,0,10
13,0.00805622711777687,0.00805625319480896,0,10
14,0.00936146266758442,0.009361482225358486,0,10
15,0.006390345748513937,0.006390373222529888,0,10
16,0.0059852609410882,0.0059852744452655315,0,10
17,0.004571130499243736,0.004571139812469482,0,10
18,0.005984979216009378,0.0059850155375897884,0,10
19,0.004085687920451164,0.0040857139974832535,0,10
20,0.003390278434380889,0.0033903082367032766,0,10
21,0.0035600150004029274,0.0035600236151367426,0,10
22,0.002745257457718253,0.0027452707290649414,0,10
23,0.0032116195652633905,0.003211638191714883,0,10
0,0.023432791233062744,0.023432813584804535,0,10
1,0.023745371028780937,0.02374539151787758,0,10
2,0.026098035275936127,0.026098057627677917,0,10
3,0.025327494367957115,0.02532753348350525,0,10
4,0.02710331603884697,0.027103353291749954,0,10
5,0.02270418033003807,0.0227042343467474,0,10
6,0.021417286247015,0.021417317911982536,0,10
7,0.02037135884165764,0.02037138305604458,0,10
8,0.018896559253335,0.01889657974243164,0,10
9,0.016117680817842484,0.016117693856358528,0,10
10,0.013181006535887718,0.013181036338210106,0,10
11,0.011195192113518715,0.011195219121873379,0,10
12,0.0111635597422719,0.011163590475916862,0,10
13,0.00805622711777687,0.008056269958615303,0,10
14,0.00936146266758442,0.009361477568745613,0,10
15,0.006390345748513937,0.006390364840626717,0,10
16,0.0059852609410882,0.0059852879494428635,0,10
17,0.004571130499243736,0.004571159835904837,0,10
18,0.005984979216009378,0.005985000636428595,0,10
19,0.004085687920451164,0.004085702821612358,0,10
20,0.003390278434380889,0.0033902961295098066,0,10
21,0.0035600150004029274,0.003560045501217246,0,10
22,0.002745257457718253,0.002745275851339102,0,10
23,0.0032116195652633905,0.0032116174697875977,0,10
24,0.0020167073234915733,0.0020167334005236626,0,10
0,0.023432791233062744,0.02343282289803028,0,10
1,0.023745371028780937,0.023745393380522728,0,10
2,0.026098035275936127,0.02609805017709732,0,10
3,0.025327494367957115,0.025327537208795547,0,10
4,0.02710331603884697,0.027103355154395103,0,10
5,0.02270418033003807,0.02270420640707016,0,10
6,0.021417286247015,0.021417301148176193,0,10
7,0.02037135884165764,0.02037137933075428,0,10
8,0.018896559253335,0.01889657974243164,0,10
9,0.016117680817842484,0.016117699444293976,0,10
10,0.013181006535887718,0.013181042857468128,0,10
11,0.011195192113518715,0.011195225641131401,0,10
12,0.0111635597422719,0.011163582094013691,0,10
13,0.00805622711777687,0.008056237362325191,0,10
14,0.00936146266758442,0.00936148501932621,0,10
15,0.006390345748513937,0.006390375550836325,0,10
16,0.0059852609410882,0.0059852637350559235,0,10
17,0.004571130499243736,0.004571156110614538,0,10
18,0.005984979216009378,0.005984984803944826,0,10
19,0.004085687920451164,0.004085693508386612,0,10
20,0.003390278434380889,0.003390295198187232,0,10
21,0.0035600150004029274,0.003560036653652787,0,10
22,0.002745257457718253,0.002745280973613262,0,10
23,0.0032116195652633905,0.003211623290553689,0,10
24,0.0020167073234915733,0.002016723155975342,0,10
25,0.0016607986763119698,0.0016608238220214844,0,10
0,0.023432791233062744,0.02343280427157879,0,10
1,0.023745371028780937,0.023745402693748474,0,10
2,0.026098035275936127,0.026098070666193962,0,10
3,0.025327494367957115,0.025327539071440697,0,10
4,0.02710331603884697,0.027103353291749954,0,10
5,0.02270418033003807,0.02270420640707016,0,10
6,0.021417286247015,0.02141733095049858,0,10
7,0.02037135884165764,0.02037137746810913,0,10
8,0.018896559253335,0.018896596506237984,0,10
9,0.016117680817842484,0.016117705032229424,0,10
10,0.013181006535887718,0.01318102702498436,0,10
11,0.011195192113518715,0.011195222847163677,0,10
12,0.0111635597422719,0.011163587681949139,0,10
13,0.00805622711777687,0.00805625133216381,0,10
14,0.00936146266758442,0.009361504577100277,0,10
15,0.006390345748513937,0.006390362046658993,0,10
16,0.0059852609410882,0.005985296797007322,0,10
17,0.004571130499243736,0.004571144934743643,0,10
18,0.005984979216009378,0.005985002499073744,0,10
19,0.004085687920451164,0.004085702355951071,0,10
20,0.003390278434380889,0.0033903149887919426,0,10
21,0.0035600150004029274,0.0035600538831204176,0,10
22,0.002745257457718253,0.00274528656154871,0,10
23,0.0032116195652633905,0.003211645409464836,0,10
24,0.0020167073234915733,0.002016723155975342,0,10
25,0.0016607986763119698,0.0016608316218480468,0,10
26,0.0023033812176436186,0.002303368877619505,0,10
0,0.023432791233062744,0.02343280427157879,0,10
1,0.023745371028780937,0.02374538779258728,0,10
2,0.026098035275936127,0.026098046451807022,0,10
3,0.025327494367957115,0.0253275278955698,0,10
4,0.02710331603884697,0.02710336074233055,0,10
5,0.02270418033003807,0.022704217582941055,0,10
6,0.021417286247015,0.021417317911982536,0,10
7,0.02037135884165764,0.020371392369270325,0,10
8,0.018896559253335,0.018896590918302536,0,10
9,0.016117680817842484,0.016117705032229424,0,10
10,0.013181006535887718,0.013181045651435852,0,10
11,0.011195192113518715,0.011195219121873379,0,10
12,0.0111635597422719,0.011163590475916862,0,10
13,0.00805622711777687,0.008056257851421833,0,10
14,0.00936146266758442,0.009361492469906807,0,10
15,0.006390345748513937,0.006390354596078396,0,10
16,0.0059852609410882,0.005985281430184841,0,10
17,0.004571130499243736,0.004571162164211273,0,10
18,0.005984979216009378,0.005984990391880274,0,10
19,0.004085687920451164,0.00408571120351553,0,10
20,0.003390278434380889,0.00339030590839684,0,10
21,0.0035600150004029274,0.003560035489499569,0,10
22,0.002745257457718253,0.0027452707290649414,0,10
23,0.0032116195652633905,0.003211641451343894,0,10
24,0.0020167073234915733,0.002016723155975342,0,10
25,0.0016607986763119698,0.0016608238220214844,0,10
26,0.0023033812176436186,0.0023033935576677322,0,10
27,0.0013683992438018322,0.001368403434753418,0,10
0,0.023432791233062744,0.023432813584804535,0,10
1,0.023745371028780937,0.023745397105813026,0,10
2,0.026098035275936127,0.026098063215613365,0,10
3,0.025327494367957115,0.025327548384666443,0,10
4,0.02710331603884697,0.027103357017040253,0,10
5,0.02270418033003807,0.022704217582941055,0,10
6,0.021417286247015,0.02141732908785343,0,10
7,0.02037135884165764,0.02037137933075428,0,10
8,0.018896559253335,0.01889657974243164,0,10
9,0.016117680817842484,0.016117701306939125,0,10
10,0.013181006535887718,0.013181030750274658,0,10
11,0.011195192113518715,0.011195220984518528,0,10
12,0.0111635597422719,0.011163581162691116,0,10
13,0.00805622711777687,0.008056240156292915,0,10
14,0.00936146266758442,0.009361488744616508,0,10
15,0.006390345748513937,0.006390376947820187,0,10
16,0.0059852609410882,0.0059852804988622665,0,10
17,0.004571130499243736,0.004571164026856422,0,10
18,0.005984979216009378,0.0059850034303963184,0,10
19,0.004085687920451164,0.004085716791450977,0,10
20,0.003390278434380889,0.003390307305380702,0,10
21,0.0035600150004029274,0.003560042241588235,0,10
22,0.002745257457718253,0.0027452707290649414,0,10
23,0.0032116195652633905,0.0032116281799972057,0,10
24,0.0020167073234915733,0.0020167373586446047,0,10
25,0.0016607986763119698,0.0016608238220214844,0,10
26,0.0023033812176436186,0.0023033807519823313,0,10
27,0.0013683992438018322,0.0013541893567889929,0,10
28,0.0020225727930665016,0.00202256441116333,0,10
0,0.023432791233062744,0.023432817310094833,0,10
1,0.023745371028780937,0.02374538779258728,0,10
2,0.026098035275936127,0.026098042726516724,0,10
3,0.025327494367957115,0.02532753348350525,0,10
4,0.02710331603884697,0.02710336446762085,0,10
5,0.02270418033003807,0.022704213857650757,0,10
6,0.021417286247015,0.021417316049337387,0,10
7,0.02037135884165764,0.02037137933075428,0,10
8,0.018896559253335,0.01889660581946373,0,10
9,0.016117680817842484,0.01611771434545517,0,10
10,0.013181006535887718,0.01318101491779089,0,10
11,0.011195192113518715,0.011195221915841103,0,10
12,0.0111635597422719,0.011163582094013691,0,10
13,0.00805622711777687,0.00805624108761549,0,10
14,0.00936146266758442,0.009361480362713337,0,10
15,0.006390345748513937,0.0063903434202075005,0,10
16,0.0059852609410882,0.005985277704894543,0,10
17,0.004571130499243736,0.004571139812469482,0,10
18,0.005984979216009378,0.0059849973767995834,0,10
19,0.004085687920451164,0.004085698630660772,0,10
20,0.003390278434380889,0.003390277735888958,0,10
21,0.0035600150004029274,0.0035600466653704643,0,10
22,0.002745257457718253,0.0027452735230326653,0,10
23,0.0032116195652633905,0.0032116519287228584,0,10
24,0.0020167073234915733,0.002016723621636629,0,10
25,0.0016607986763119698,0.0016608238220214844,0,10
26,0.0023033812176436186,0.0023033618927001953,0,10
27,0.0013683992438018322,0.001368403434753418,0,10
28,0.0020225727930665016,0.00202256441116333,0,10
29,0.0019309788476675749,0.0019309711642563343,0,10
0,0.023432791233062744,0.023432813584804535,0,10
1,0.023745371028780937,0.023745393380522728,0,10
2,0.026098035275936127,0.02609807625412941,0,10
3,0.025327494367957115,0.02532750368118286,0,10
4,0.02710331603884697,0.027103327214717865,0,10
5,0.02270418033003807,0.02270421013236046,0,10
6,0.021417286247015,0.021417314186692238,0,10
7,0.02037135884165764,0.020371409133076668,0,10
8,0.018896559253335,0.018896590918302536,0,10
9,0.016117680817842484,0.016117695719003677,0,10
10,0.013181006535887718,0.013181021437048912,0,10
11,0.011195192113518715,0.011195219121873379,0,10
12,0.0111635597422719,0.011163576506078243,0,10
13,0.00805622711777687,0.008056234568357468,0,10
14,0.00936146266758442,0.00936149712651968,0,10
15,0.006390345748513937,0.006390366703271866,0,10
16,0.0059852609410882,0.0059852940030395985,0,10
17,0.004571130499243736,0.0045711505226790905,0,10
18,0.005984979216009378,0.0059850034303963184,0,10
19,0.004085687920451164,0.004085696302354336,0,10
20,0.003390278434380889,0.0033902982249855995,0,10
21,0.0035600150004029274,0.003560024546459317,0,10
22,0.002745257457718253,0.0027453009970486164,0,10
23,0.0032116195652633905,0.003211650066077709,0,10
24,0.0020167073234915733,0.0020167254842817783,0,10
25,0.0016607986763119698,0.0016607950674369931,0,10
26,0.0023033812176436186,0.0023033618927001953,0,10
27,0.0013683992438018322,0.001368403434753418,0,10
28,0.0020225727930665016,0.0020225737243890762,0,10
29,0.0019309788476675749,0.0019309520721435547,0,10
30,0.0017898662481456995,0.0017898983787745237,0,10
0,0.023432791233062744,0.02343282848596573,0,10
1,0.023745371028780937,0.023745406419038773,0,10
2,0.026098035275936127,0.026098042726516724,0,10
3,0.025327494367957115,0.0253275316208601,0,10
4,0.02710331603884697,0.027103343978524208,0,10
5,0.02270418033003807,0.02270420826971531,0,10
6,0.021417286247015,0.021417323499917984,0,10
7,0.02037135884165764,0.020371392369270325,0,10
8,0.018896559253335,0.018896590918302536,0,10
9,0.016117680817842484,0.01611771248281002,0,10
10,0.013181006535887718,0.013181030750274658,0,10
11,0.011195192113518715,0.011195223778486252,0,10
12,0.0111635597422719,0.011163582094013691,0,10
13,0.00805622711777687,0.00805625505745411,0,10
14,0.00936146266758442,0.009361492469906807,0,10
15,0.006390345748513937,0.0063903783448040485,0,10
16,0.0059852609410882,0.00598527817055583,0,10
17,0.004571130499243736,0.004571152850985527,0,10
18,0.005984979216009378,0.005985011346638203,0,10
19,0.004085687920451164,0.004085707478225231,0,10
20,0.003390278434380889,0.003390287281945348,0,10
21,0.0035600150004029274,0.003559994278475642,0,10
22,0.002745257457718253,0.0027452707290649414,0,10
23,0.0032116195652633905,0.003211645409464836,0,10
24,0.0020167073234915733,0.002016723155975342,0,10
25,0.0016607986763119698,0.0016608238220214844,0,10
26,0.0023033812176436186,0.002303396351635456,0,10
27,0.0013683992438018322,0.001368403434753418,0,10
28,0.0020225727930665016,0.00202256441116333,0,10
29,0.0019309788476675749,0.0019309520721435547,0,10
30,0.0017898662481456995,0.001789867877960205,0,10
31,0.00048137421254068613,0.00048140453873202205,0,10
0,0.023432791233062744,0.023432817310094833,0,10
1,0.023745371028780937,0.02374539151787758,0,10
2,0.026098035275936127,0.026098055765032768,0,10
3,0.025327494367957115,0.0253275316208601,0,10
4,0.02710331603884697,0.027103353291749954,0,10
5,0.02270418033003807,0.02270418591797352,0,10
6,0.021417286247015,0.02141730859875679,0,10
7,0.02037135884165764,0.020371384918689728,0,10
8,0.018896559253335,0.01889657974243164,0,10
9,0.016117680817842484,0.016117719933390617,0,10
10,0.013181006535887718,0.013181040994822979,0,10
11,0.011195192113518715,0.011195232160389423,0,10
12,0.0111635597422719,0.011163586750626564,0,10
13,0.00805622711777687,0.008056245744228363,0,10
14,0.00936146266758442,0.009361492469906807,0,10
15,0.006390345748513937,0.00639038160443306,0,10
16,0.0059852609410882,0.005985281430184841,0,10
17,0.004571130499243736,0.004571154713630676,0,10
18,0.005984979216009378,0.005984990857541561,0,10
19,0.004085687920451164,0.004085713531821966,0,10
20,0.003390278434380889,0.0033903075382113457,0,10
21,0.0035600150004029274,0.0035600338596850634,0,10
22,0.002745257457718253,0.002745290519669652,0,10
23,0.0032116195652633905,0.0032116174697875977,0,10
24,0.0020167073234915733,0.0020167389884591103,0,10
25,0.0016607986763119698,0.0016608238220214844,0,10
26,0.0023033812176436186,0.0023033618927001953,0,10
27,0.0013683992438018322,0.0013684120494872332,0,10
28,0.0020225727930665016,0.00202256441116333,0,10
29,0.0019309788476675749,0.00193098618183285,0,10
30,0.0017898662481456995,0.001789853093214333,0,10
31,0.00048137421254068613,0.0004814008716493845,0,10
32,0.0007827577064745128,0.0007827507797628641,0,10
0,0.023432791233062744,0.023432821035385132,0,10
1,0.023745371028780937,0.02374538779258728,0,10
2,0.026098035275936127,0.026098042726516724,0,10
3,0.025327494367957115,0.025327514857053757,0,10
4,0.02710331603884697,0.02710334211587906,0,10
5,0.02270418033003807,0.02270422875881195,0,10
6,0.021417286247015,0.021417317911982536,0,10
7,0.02037135884165764,0.020371384918689728,0,10
8,0.018896559253335,0.018896587193012238,0,10
9,0.016117680817842484,0.016117699444293976,0,10
10,0.013181006535887718,0.013181032612919807,0,10
11,0.011195192113518715,0.0111952293664217,0,10
12,0.0111635597422719,0.01116358581930399,0,10
13,0.00805622711777687,0.00805625505745411,0,10
14,0.00936146266758442,0.009361487813293934,0,10
15,0.006390345748513937,0.006390371359884739,0,10
16,0.0059852609410882,0.005985296331346035,0,10
17,0.004571130499243736,0.004571150988340378,0,10
18,0.005984979216009378,0.0059850034303963184,0,10
19,0.004085687920451164,0.004085705149918795,0,10
20,0.003390278434380889,0.0033903082367032766,0,10
21,0.0035600150004029274,0.003560044802725315,0,10
22,0.002745257457718253,0.0027452739886939526,0,10
23,0.0032116195652633905,0.003211620729416609,0,10
24,0.0020167073234915733,0.002016723155975342,0,10
25,0.0016607986763119698,0.0016608238220214844,0,10
26,0.0023033812176436186,0.0023033618927001953,0,10
27,0.0013683992438018322,0.0013684076257050037,0,10
28,0.0020225727930665016,0.00202256441116333,0,10
29,0.0019309788476675749,0.0019309520721435547,0,10
30,0.0017898662481456995,0.0017898574005812407,0,10
31,0.00048137421254068613,0.0004813671112060547,0,10
32,0.0007827577064745128,0.0007827688823454082,0,10
33,0.0007360890740528703,0.0007361035677604377,0,10
0,0.023432791233062744,0.023432807996869087,0,10
1,0.023745371028780937,0.02374538779258728,0,10
2,0.026098035275936127,0.02609805017709732,0,10
3,0.025327494367957115,0.0253275316208601,0,10
4,0.02710331603884697,0.02710336446762085,0,10
5,0.02270418033003807,0.022704200819134712,0,10
6,0.021417286247015,0.021417317911982536,0,10
7,0.02037135884165764,0.020371410995721817,0,10
8,0.018896559253335,0.018896576017141342,0,10
9,0.016117680817842484,0.016117701306939125,0,10
10,0.013181006535887718,0.013181030750274658,0,10
11,0.011195192113518715,0.011195209808647633,0,10
12,0.0111635597422719,0.011163575574755669,0,10
13,0.00805622711777687,0.008056256920099258,0,10
14,0.00936146266758442,0.009361477568745613,0,10
15,0.006390345748513937,0.006390363909304142,0,10
16,0.0059852609410882,0.005985292140394449,0,10
17,0.004571130499243736,0.004571144934743643,0,10
18,0.005984979216009378,0.005984995514154434,0,10
19,0.004085687920451164,0.004085713066160679,0,10
20,0.003390278434380889,0.0033902954310178757,0,10
21,0.0035600150004029274,0.003560044104233384,0,10
22,0.002745257457718253,0.0027452707290649414,0,10
23,0.0032116195652633905,0.003211632603779435,0,10
24,0.0020167073234915733,0.0020167152397334576,0,10
25,0.0016607986763119698,0.0016608238220214844,0,10
26,0.0023033812176436186,0.0023033879697322845,0,10
27,0.0013683992438018322,0.001368403434753418,0,10
28,0.0020225727930665016,0.00202256441116333,0,10
29,0.0019309788476675749,0.0019309520721435547,0,10
30,0.0017898662481456995,0.001789867877960205,0,10
31,0.00048137421254068613,0.00045707973185926676,0,10
32,0.0007827577064745128,0.0007827571243979037,0,10
33,0.0007360890740528703,0.0007361173629760742,0,10
34,0.0015590549446642399,0.0015590786933898926,0,10
0,0.023432791233062744,0.023432813584804535,0,10
1,0.023745371028780937,0.023745395243167877,0,10
2,0.026098035275936127,0.026098055765032768,0,10
3,0.025327494367957115,0.0253275278955698,0,10
4,0.02710331603884697,0.02710333652794361,0,10
5,0.02270418033003807,0.02270420826971531,0,10
6,0.021417286247015,0.021417323499917984,0,10
7,0.02037135884165764,0.020371371880173683,0,10
8,0.018896559253335,0.01889657974243164,0,10
9,0.016117680817842484,0.016117705032229424,0,10
10,0.013181006535887718,0.013181030750274658,0,10
11,0.011195192113518715,0.011195219121873379,0,10
12,0.0111635597422719,0.011163588613271713,0,10
13,0.00805622711777687,0.008056248538196087,0,10
14,0.00936146266758442,0.009361491538584232,0,10
15,0.006390345748513937,0.006390374153852463,0,10
16,0.0059852609410882,0.005985289812088013,0,10
17,0.004571130499243736,0.004571160767227411,0,10
18,0.005984979216009378,0.005984997842460871,0,10
19,0.004085687920451164,0.004085704684257507,0,10
20,0.003390278434380889,0.003390304045751691,0,10
21,0.0035600150004029274,0.0035600506234914064,0,10
22,0.002745257457718253,0.0027452707290649414,0,10
23,0.0032116195652633905,0.0032116174697875977,0,10
24,0.0020167073234915733,0.002016723155975342,0,10
25,0.0016607986763119698,0.0016608238220214844,0,10
26,0.0023033812176436186,0.0023033656179904938,0,10
27,0.0013683992438018322,0.001368403434753418,0,10
28,0.0020225727930665016,0.00202256441116333,0,10
29,0.0019309788476675749,0.0019309520721435547,0,10
30,0.0017898662481456995,0.001789867877960205,0,10
31,0.00048137421254068613,0.00048140290891751647,0,10
32,0.0007827577064745128,0.0007581114768981934,0,10
33,0.0007360890740528703,0.0007361173629760742,0,10
34,0.0015590549446642399,0.0015590786933898926,0,10
35,0.0005078245885670185,0.0005078315734863281,0,10
0,0.023432791233062744,0.02343279868364334,0,10
1,0.023745371028780937,0.023745395243167877,0,10
2,0.026098035275936127,0.02609807625412941,0,10
3,0.025327494367957115,0.025327524170279503,0,10
4,0.02710331603884697,0.02710334025323391,0,10
5,0.02270418033003807,0.022704197093844414,0,10
6,0.021417286247015,0.021417319774627686,0,10
7,0.02037135884165764,0.02037137933075428,0,10
8,0.018896559253335,0.018896596506237984,0,10
9,0.016117680817842484,0.01611771062016487,0,10
10,0.013181006535887718,0.013181036338210106,0,10
11,0.011195192113518715,0.011195228435099125,0,10
12,0.0111635597422719,0.011163579300045967,0,10
13,0.00805622711777687,0.008056248538196087,0,10
14,0.00936146266758442,0.009361490607261658,0,10
15,0.006390345748513937,0.006390375550836325,0,10
16,0.0059852609410882,0.005985296797007322,0,10
17,0.004571130499243736,0.004571155179291964,0,10
18,0.005984979216009378,0.00598499970510602,0,10
19,0.004085687920451164,0.004085707478225231,0,10
20,0.003390278434380889,0.00339029124006629,0,10
21,0.0035600150004029274,0.003560025477781892,0,10
22,0.002745257457718253,0.0027452849317342043,0,10
23,0.0032116195652633905,0.003211631439626217,0,10
24,0.0020167073234915733,0.002016727114096284,0,10
25,0.0016607986763119698,0.0016608238220214844,0,10
26,0.0023033812176436186,0.0023033921606838703,0,10
27,0.0013683992438018322,0.001368403434753418,0,10
28,0.0020225727930665016,0.0020225788466632366,0,10
29,0.0019309788476675749,0.0019309520721435547,0,10
30,0.0017898662481456995,0.001789867877960205,0,10
31,0.00048137421254068613,0.0004813671112060547,0,10
32,0.0007827577064745128,0.0007827281951904297,0,10
33,0.0007360890740528703,0.0007360781892202795,0,10
34,0.0015590549446642399,0.0015590786933898926,0,10
35,0.0005078245885670185,0.0005078315734863281,0,10
0,0.023432791233062744,0.023432809859514236,0,10
1,0.023745371028780937,0.02374538965523243,0,10
2,0.026098035275936127,0.026098059490323067,0,10
3,0.025327494367957115,0.025327535346150398,0,10
4,0.02710331603884697,0.02710333839058876,0,10
5,0.02270418033003807,0.022704197093844414,0,10
6,0.021417286247015,0.021417314186692238,0,10
7,0.02037135884165764,0.020371392369270325,0,10
8,0.018896559253335,0.01889657974243164,0,10
9,0.016117680817842484,0.01611771620810032,0,10
10,0.013181006535887718,0.013181030750274658,0,10
11,0.011195192113518715,0.011195210739970207,0,10
12,0.0111635597422719,0.011163595132529736,0,10
13,0.00805622711777687,0.008056244812905788,0,10
14,0.00936146266758442,0.009361469186842442,0,10
15,0.006390345748513937,0.006390352733433247,0,10
16,0.0059852609410882,0.005985271651297808,0,10
17,0.004571130499243736,0.0045711626298725605,0,10
18,0.005984979216009378,0.005985007155686617,0,10
19,0.004085687920451164,0.004085710737854242,0,10
20,0.003390278434380889,0.0033902854193001986,0,10
21,0.0035600150004029274,0.003560040146112442,0,10
22,0.002745257457718253,0.0027452840004116297,0,10
23,0.0032116195652633905,0.0032116263173520565,0,10
24,0.0020167073234915733,0.002016723155975342,0,10
25,0.0016607986763119698,0.0016608238220214844,0,10
26,0.0023033812176436186,0.002303397050127387,0,10
27,0.0013683992438018322,0.001368367113173008,0,10
28,0.0020225727930665016,0.002022590022534132,0,10
29,0.0019309788476675749,0.0019310014322400093,0,10
30,0.0017898662481456995,0.001789867877960205,0,10
31,0.00048137421254068613,0.00048136888653971255,0,10
32,0.0007827577064745128,0.0007827630033716559,0,10
33,0.0007360890740528703,0.0007361173629760742,0,10
34,0.0015590549446642399,0.0015590786933898926,0,10
35,0.0005078245885670185,0.0005078355316072702,0,10
0,0.023432791233062744,0.023432815447449684,0,10
1,0.023745371028780937,0.02374539151787758,0,10
2,0.026098035275936127,0.026098063215613365,0,10
3,0.025327494367957115,0.025327522307634354,0,10
4,0.02710331603884697,0.027103343978524208,0,10
5,0.02270418033003807,0.022704219445586205,0,10
6,0.021417286247015,0.021417338401079178,0,10
7,0.02037135884165764,0.020371390506625175,0,10
8,0.018896559253335,0.01889660209417343,0,10
9,0.016117680817842484,0.016117719933390617,0,10
10,0.013181006535887718,0.013181048445403576,0,10
11,0.011195192113518715,0.011195232160389423,0,10
12,0.0111635597422719,0.011163566261529922,0,10
13,0.00805622711777687,0.008056258782744408,0,10
14,0.00936146266758442,0.009361487813293934,0,10
15,0.006390345748513937,0.006390368100255728,0,10
16,0.0059852609410882,0.005985292140394449,0,10
17,0.004571130499243736,0.004571148194372654,0,10
18,0.005984979216009378,0.005985007621347904,0,10
19,0.004085687920451164,0.0040857200510799885,0,10
20,0.003390278434380889,0.00339031801559031,0,10
21,0.0035600150004029274,0.0035600420087575912,0,10
22,0.002745257457718253,0.0027452707290649414,0,10
23,0.0032116195652633905,0.0032116426154971123,0,10
24,0.0020167073234915733,0.002016723155975342,0,10
25,0.0016607986763119698,0.0016608238220214844,0,10
26,0.0023033812176436186,0.0023033618927001953,0,10
27,0.0013683992438018322,0.001368403434753418,0,10
28,0.0020225727930665016,0.002022556960582733,0,10
29,0.0019309788476675749,0.0019309682538732886,0,10
30,0.0017898662481456995,0.001789867877960205,0,10
31,0.00048137421254068613,0.0004813671112060547,0,10
32,0.0007827577064745128,0.0007827281951904297,0,10
33,0.0007360890740528703,0.0007360909366980195,0,10
34,0.0015590549446642399,0.0015590573893859982,0,10
35,0.0005078245885670185,0.0005078315734863281,0,10
38,0.0002636630670167506,0.0002636909484863281,0,10
0,0.023432791233062744,0.023432807996869087,0,10
1,0.023745371028780937,0.02374538965523243,0,10
2,0.026098035275936127,0.02609805203974247,0,10
3,0.025327494367957115,0.0253275316208601,0,10
4,0.02710331603884697,0.027103343978524208,0,10
5,0.02270418033003807,0.022704213857650757,0,10
6,0.021417286247015,0.021417321637272835,0,10
7,0.02037135884165764,0.020371392369270325,0,10
8,0.018896559253335,0.01889657974243164,0,10
9,0.016117680817842484,0.01611771248281002,0,10
10,0.013181006535887718,0.013181019574403763,0,10
11,0.011195192113518715,0.011195209808647633,0,10
12,0.0111635597422719,0.011163589544594288,0,10
13,0.00805622711777687,0.008056245744228363,0,10
14,0.00936146266758442,0.009361481294035912,0,10
15,0.006390345748513937,0.006390367168933153,0,10
16,0.0059852609410882,0.005985299125313759,0,10
17,0.004571130499243736,0.004571154247969389,0,10
18,0.005984979216009378,0.005985000170767307,0,10
19,0.004085687920451164,0.004085706081241369,0,10
20,0.003390278434380889,0.003390296595171094,0,10
21,0.0035600150004029274,0.003560044337064028,0,10
22,0.002745257457718253,0.0027452707290649414,0,10
23,0.0032116195652633905,0.003211640752851963,0,10
24,0.0020167073234915733,0.002016723155975342,0,10
25,0.0016607986763119698,0.0016608118312433362,0,10
26,0.0023033812176436186,0.0023033861070871353,0,10
27,0.0013683992438018322,0.0013683916768059134,0,10
28,0.0020225727930665016,0.00202256441116333,0,10
29,0.0019309788476675749,0.0019309520721435547,0,10
30,0.0017898662481456995,0.001789867877960205,0,10
31,0.00048137421254068613,0.0004813671112060547,0,10
32,0.0007827577064745128,0.0007827548542991281,0,10
33,0.0007360890740528703,0.0007361221360042691,0,10
34,0.0015590549446642399,0.0015590786933898926,0,10
35,0.0005078245885670185,0.0005078315734863281,0,10
38,0.0002636630670167506,0.0002636909484863281,0,10
39,0.0005301871569827199,0.0005301759229041636,0,10
0,0.023432791233062744,0.023432809859514236,0,10
1,0.023745371028780937,0.023745404556393623,0,10
2,0.026098035275936127,0.02609805017709732,0,10
3,0.025327494367957115,0.025327524170279503,0,10
4,0.02710331603884697,0.027103370055556297,0,10
5,0.02270418033003807,0.02270420640707016,0,10
6,0.021417286247015,0.02141732908785343,0,10
7,0.02037135884165764,0.020371390506625175,0,10
8,0.018896559253335,0.01889657974243164,0,10
9,0.016117680817842484,0.01611771620810032,0,10
10,0.013181006535887718,0.013181038200855255,0,10
11,0.011195192113518715,0.01119521725922823,0,10
12,0.0111635597422719,0.01116358581930399,0,10
13,0.00805622711777687,0.008056246675550938,0,10
14,0.00936146266758442,0.009361482225358486,0,10
15,0.006390345748513937,0.006390377413481474,0,10
16,0.0059852609410882,0.00598529540002346,0,10
17,0.004571130499243736,0.004571147263050079,0,10
18,0.005984979216009378,0.005985007621347904,0,10
19,0.004085687920451164,0.004085727501660585,0,10
20,0.003390278434380889,0.0033903191797435284,0,10
21,0.0035600150004029274,0.0035600338596850634,0,10
22,0.002745257457718253,0.002745280275121331,0,10
23,0.0032116195652633905,0.0032116479706019163,0,10
24,0.0020167073234915733,0.002016723155975342,0,10
25,0.0016607986763119698,0.0016608238220214844,0,10
26,0.0023033812176436186,0.002303376328200102,0,10
27,0.0013683992438018322,0.001368403434753418,0,10
28,0.0020225727930665016,0.00202256441116333,0,10
29,0.0019309788476675749,0.0019309860654175282,0,10
30,0.0017898662481456995,0.0017898734658956528,0,10
31,0.00048137421254068613,0.0004813671112060547,0,10
32,0.0007827577064745128,0.0007827835506759584,0,10
33,0.0007360890740528703,0.0007360985036939383,0,10
34,0.0015590549446642399,0.0015590786933898926,0,10
35,0.0005078245885670185,0.0005078315734863281,0,10
38,0.0002636630670167506,0.00026367345708422363,0,10
39,0.0005301871569827199,0.0005301833152770996,0,10
40,0.0011348809348419309,0.0011348724365234375,0,10
0,0.023432791233062744,0.023432813584804535,0,10
1,0.023745371028780937,0.02374538965523243,0,10
2,0.026098035275936127,0.02609807439148426,0,10
3,0.025327494367957115,0.02532750926911831,0,10
4,0.02710331603884697,0.027103345841169357,0,10
5,0.02270418033003807,0.022704211995005608,0,10
6,0.021417286247015,0.021417340263724327,0,10
7,0.02037135884165764,0.020371409133076668,0,10
8,0.018896559253335,0.01889658160507679,0,10
9,0.016117680817842484,0.01611771248281002,0,10
10,0.013181006535887718,0.013181031681597233,0,10
11,0.011195192113518715,0.011195223778486252,0,10
12,0.0111635597422719,0.011163567192852497,0,10
13,0.00805622711777687,0.00805625505745411,0,10
14,0.00936146266758442,0.009361505508422852,0,10
15,0.006390345748513937,0.006390376482158899,0,10
16,0.0059852609410882,0.005985273979604244,0,10
17,0.004571130499243736,0.004571158438920975,0,10
18,0.005984979216009378,0.005985000170767307,0,10
19,0.004085687920451164,0.0040857200510799885,0,10
20,0.003390278434380889,0.003390282392501831,0,10
21,0.0035600150004029274,0.0035600236151367426,0,10
22,0.002745257457718253,0.002745294012129307,0,10
23,0.0032116195652633905,0.003211641451343894,0,10
24,0.0020167073234915733,0.002016723155975342,0,10
25,0.0016607986763119698,0.0016608238220214844,0,10
26,0.0023033812176436186,0.0023033898323774338,0,10
27,0.0013683992438018322,0.001368403434753418,0,10
28,0.0020225727930665016,0.0020225876942276955,0,10
29,0.0019309788476675749,0.0019309520721435547,0,10
30,0.0017898662481456995,0.001789867877960205,0,10
31,0.00048137421254068613,0.0004813671112060547,0,10
32,0.0007827577064745128,0.0007827281951904297,0,10
33,0.0007360890740528703,0.0007361173629760742,0,10
34,0.0015590549446642399,0.0015590786933898926,0,10
35,0.0005078245885670185,0.00047836845624260604,0,10
38,0.0002636630670167506,0.0002636909484863281,0,10
39,0.0005301871569827199,0.000530206598341465,0,10
40,0.0011348809348419309,0.0011348724365234375,0,10
0,0.023432791233062744,0.023432817310094833,0,10
1,0.023745371028780937,0.023745397105813026,0,10
2,0.026098035275936127,0.026098068803548813,0,10
3,0.025327494367957115,0.025327518582344055,0,10
4,0.02710331603884697,0.027103358879685402,0,10
5,0.02270418033003807,0.022704215720295906,0,10
6,0.021417286247015,0.02141730673611164,0,10
7,0.02037135884165764,0.02037138305604458,0,10
8,0.018896559253335,0.018896589055657387,0,10
9,0.016117680817842484,0.016117705032229424,0,10
10,0.013181006535887718,0.013181047514081001,0,10
11,0.011195192113518715,0.011195220053195953,0,10
12,0.0111635597422719,0.011163587681949139,0,10
13,0.00805622711777687,0.008056254126131535,0,10
14,0.00936146266758442,0.009361489675939083,0,10
15,0.006390345748513937,0.0063903736881911755,0,10
16,0.0059852609410882,0.005985291209071875,0,10
17,0.004571130499243736,0.00457116449251771,0,10
18,0.005984979216009378,0.005985023453831673,0,10
19,0.004085687920451164,0.004085727035999298,0,10
20,0.003390278434380889,0.0033903077710419893,0,10
21,0.0035600150004029274,0.0035600296687334776,0,10
22,0.002745257457718253,0.00274527701549232,0,10
23,0.0032116195652633905,0.003211646107956767,0,10
24,0.0020167073234915733,0.002016723155975342,0,10
25,0.0016607986763119698,0.0016608238220214844,0,10
26,0.0023033812176436186,0.0023033618927001953,0,10
27,0.0013683992438018322,0.001368403434753418,0,10
28,0.0020225727930665016,0.002022543689236045,0,10
29,0.0019309788476675749,0.0019310006173327565,0,10
30,0.0017898662481456995,0.0017898643855005503,0,10
31,0.00048137421254068613,0.0004813671112060547,0,10
32,0.0007827577064745128,0.0007827281951904297,0,10
33,0.0007360890740528703,0.000736104033421725,0,10
34,0.0015590549446642399,0.0015590786933898926,0,10
35,0.0005078245885670185,0.0005078315734863281,0,10
38,0.0002636630670167506,0.0002636909484863281,0,10
39,0.0005301871569827199,0.000530187098775059,0,10
40,0.0011348809348419309,0.0011348724365234375,0,10
42,0.000782903516665101,0.0007829070091247559,0,10
0,0.023432791233062744,0.023432819172739983,0,10
1,0.023745371028780937,0.023745400831103325,0,10
2,0.026098035275936127,0.026098042726516724,0,10
3,0.025327494367957115,0.025327535346150398,0,10
4,0.02710331603884697,0.027103368192911148,0,10
5,0.02270418033003807,0.022704221308231354,0,10
6,0.021417286247015,0.021417316049337387,0,10
7,0.02037135884165764,0.02037137746810913,0,10
8,0.018896559253335,0.018896594643592834,0,10
9,0.016117680817842484,0.016117723658680916,0,10
10,0.013181006535887718,0.013181033544242382,0,10
11,0.011195192113518715,0.011195220984518528,0,10
12,0.0111635597422719,0.011163590475916862,0,10
13,0.00805622711777687,0.008056247606873512,0,10
14,0.00936146266758442,0.009361492469906807,0,10
15,0.006390345748513937,0.006390365306288004,0,10
16,0.0059852609410882,0.005985300522297621,0,10
17,0.004571130499243736,0.004571154247969389,0,10
18,0.005984979216009378,0.005985005758702755,0,10
19,0.004085687920451164,0.004085708409547806,0,10
20,0.003390278434380889,0.0033902942668646574,0,10
21,0.0035600150004029274,0.0035600361879915,0,10
22,0.002745257457718253,0.0027452707290649414,0,10
23,0.0032116195652633905,0.0032116409856826067,0,10
24,0.0020167073234915733,0.002016723155975342,0,10
25,0.0016607986763119698,0.0016608238220214844,0,10
26,0.0023033812176436186,0.0023033726029098034,0,10
27,0.0013683992438018322,0.0013684104196727276,0,10
28,0.0020225727930665016,0.0020225730258971453,0,10
29,0.0019309788476675749,0.0019309524213895202,0,10
30,0.0017898662481456995,0.001789867877960205,0,10
31,0.00048137421254068613,0.0004813671112060547,0,10
32,0.0007827577064745128,0.000740349292755127,0,10
33,0.0007360890740528703,0.0007360861054621637,0,10
34,0.0015590549446642399,0.0015590786933898926,0,10
35,0.0005078245885670185,0.0005078315734863281,0,10
38,0.0002636630670167506,0.00026366562815383077,0,10
39,0.0005301871569827199,0.0005301833152770996,0,10
40,0.0011348809348419309,0.0011348853586241603,0,10
42,0.000782903516665101,0.0007829285459592938,0,10
43,0.0007335313712246716,0.0007222890853881836,0,10
0,0.023432791233062744,0.023432821035385132,0,10
1,0.023745371028780937,0.023745402693748474,0,10
2,0.026098035275936127,0.026098063215613365,0,10
3,0.025327494367957115,0.0253275316208601,0,10
4,0.02710331603884697,0.027103349566459656,0,10
5,0.02270418033003807,0.022704219445586205,0,10
6,0.021417286247015,0.02141733653843403,0,10
7,0.02037135884165764,0.02037138119339943,0,10
8,0.018896559253335,0.01889657974243164,0,10
9,0.016117680817842484,0.016117703169584274,0,10
10,0.013181006535887718,0.013181034475564957,0,10
11,0.011195192113518715,0.011195219121873379,0,10
12,0.0111635597422719,0.011163589544594288,0,10
13,0.00805622711777687,0.008056240156292915,0,10
14,0.00936146266758442,0.00936148501932621,0,10
15,0.006390345748513937,0.006390372756868601,0,10
16,0.0059852609410882,0.005985289346426725,0,10
17,0.004571130499243736,0.004571164026856422,0,10
18,0.005984979216009378,0.005985013674944639,0,10
19,0.004085687920451164,0.004085703752934933,0,10
20,0.003390278434380889,0.00339029124006629,0,10
21,0.0035600150004029274,0.003560034791007638,0,10
22,0.002745257457718253,0.0027452909853309393,0,10
23,0.0032116195652633905,0.003211646806448698,0,10
24,0.0020167073234915733,0.0020167233888059855,0,10
25,0.0016607986763119698,0.0016608238220214844,0,10
26,0.0023033812176436186,0.0023033935576677322,0,10
27,0.0013683992438018322,0.0013683937722817063,0,10
28,0.0020225727930665016,0.00202256441116333,0,10
29,0.0019309788476675749,0.0019309549825266004,0,10
30,0.0017898662481456995,0.001789867877960205,0,10
31,0.00048137421254068613,0.0004813671112060547,0,10
32,0.0007827577064745128,0.0007827401859685779,0,10
33,0.0007360890740528703,0.000736099376808852,0,10
34,0.0015590549446642399,0.0015590786933898926,0,10
35,0.0005078245885670185,0.0005078315734863281,0,10
38,0.0002636630670167506,0.0002636544231791049,0,10
39,0.0005301871569827199,0.0005302150966599584,0,10
40,0.0011348809348419309,0.0010252594947814941,0,10
42,0.000782903516665101,0.0007829200476408005,0,10
43,0.0007335313712246716,0.0007335543632507324,0,10
44,0.0003708272415678948,0.0003708049771375954,0,10
0,0.023432791233062744,0.023432813584804535,0,10
1,0.023745371028780937,0.02374539151787758,0,10
2,0.026098035275936127,0.026098059490323067,0,10
3,0.025327494367957115,0.02532752975821495,0,10
4,0.02710331603884697,0.027103368192911148,0,10
5,0.02270418033003807,0.022704223170876503,0,10
6,0.021417286247015,0.02141731232404709,0,10
7,0.02037135884165764,0.02037137560546398,0,10
8,0.018896559253335,0.01889657974243164,0,10
9,0.016117680817842484,0.016117718070745468,0,10
10,0.013181006535887718,0.013181043788790703,0,10
11,0.011195192113518715,0.011195232160389423,0,10
12,0.0111635597422719,0.011163603514432907,0,10
13,0.00805622711777687,0.00805626343935728,0,10
14,0.00936146266758442,0.00936148315668106,0,10
15,0.006390345748513937,0.006390363909304142,0,10
16,0.0059852609410882,0.005985294468700886,0,10
17,0.004571130499243736,0.004571158438920975,0,10
18,0.005984979216009378,0.005985001102089882,0,10
19,0.004085687920451164,0.004085698630660772,0,10
20,0.003390278434380889,0.003390302648767829,0,10
21,0.0035600150004029274,0.003560039447620511,0,10
22,0.002745257457718253,0.0027452707290649414,0,10
23,0.0032116195652633905,0.0032116544898599386,0,10
24,0.0020167073234915733,0.002016723155975342,0,10
25,0.0016607986763119698,0.001660829526372254,0,10
26,0.0023033812176436186,0.0023033986799418926,0,10
27,0.0013683992438018322,0.0013684186851605773,0,10
28,0.0020225727930665016,0.00202256441116333,0,10
29,0.0019309788476675749,0.0019309640629217029,0,10
30,0.0017898662481456995,0.001789867877960205,0,10
31,0.00048137421254068613,0.0004813671112060547,0,10
32,0.0007827577064745128,0.000782747461926192,0,10
33,0.0007360890740528703,0.0007361173629760742,0,10
34,0.0015590549446642399,0.0015590786933898926,0,10
35,0.0005078245885670185,0.0005078315734863281,0,10
38,0.0002636630670167506,0.0002636909484863281,0,10
39,0.0005301871569827199,0.0005301886703819036,0,10
40,0.0011348809348419309,0.0011348724365234375,0,10
42,0.000782903516665101,0.0007829070091247559,0,10
43,0.0007335313712246716,0.0007335543632507324,0,10
44,0.0003708272415678948,0.0003708188596647233,0,10
0,0.023432791233062744,0.02343279868364334,0,10
1,0.023745371028780937,0.023745395243167877,0,10
2,0.026098035275936127,0.02609805203974247,0,10
3,0.025327494367957115,0.025327512994408607,0,10
4,0.02710331603884697,0.027103329077363014,0,10
5,0.02270418033003807,0.022704213857650757,0,10
6,0.021417286247015,0.02141731232404709,0,10
7,0.02037135884165764,0.020371396094560623,0,10
8,0.018896559253335,0.01889657787978649,0,10
9,0.016117680817842484,0.016117697581648827,0,10
10,0.013181006535887718,0.013181042857468128,0,10
11,0.011195192113518715,0.011195220984518528,0,10
12,0.0111635597422719,0.011163572780787945,0,10
13,0.00805622711777687,0.00805624295026064,0,10
14,0.00936146266758442,0.00936148315668106,0,10
15,0.006390345748513937,0.006390376947820187,0,10
16,0.0059852609410882,0.005985287483781576,0,10
17,0.004571130499243736,0.004571139812469482,0,10
18,0.005984979216009378,0.005984993651509285,0,10
19,0.004085687920451164,0.004085693974047899,0,10
20,0.003390278434380889,0.0033902970608323812,0,10
21,0.0035600150004029274,0.0035600403789430857,0,10
22,0.002745257457718253,0.00274527701549232,0,10
23,0.0032116195652633905,0.0032116235233843327,0,10
24,0.0020167073234915733,0.002016723155975342,0,10
25,0.0016607986763119698,0.0016608238220214844,0,10
26,0.0023033812176436186,0.002303415909409523,0,10
27,0.0013683992438018322,0.0013684071600437164,0,10
28,0.0020225727930665016,0.00202256441116333,0,10
29,0.0019309788476675749,0.0019309682538732886,0,10
30,0.0017898662481456995,0.0017898754449561238,0,10
31,0.00048137421254068613,0.0004813730774912983,0,10
32,0.0007827577064745128,0.0007827281951904297,0,10
33,0.0007360890740528703,0.0007361173629760742,0,10
34,0.0015590549446642399,0.0015590786933898926,0,10
35,0.0005078245885670185,0.0005078315734863281,0,10
38,0.0002636630670167506,0.0002636909484863281,0,10
39,0.0005301871569827199,0.0005301912315189838,0,10
40,0.0011348809348419309,0.0011348518310114741,0,10
42,0.000782903516665101,0.0007828836678527296,0,10
43,0.0007335313712246716,0.0007335543632507324,0,10
44,0.0003708272415678948,0.0003708004951477051,0,10
0,0.023432791233062744,0.02343282289803028,0,10
1,0.023745371028780937,0.02374539151787758,0,10
2,0.026098035275936127,0.02609805017709732,0,10
3,0.025327494367957115,0.025327537208795547,0,10
4,0.02710331603884697,0.02710334025323391,0,10
5,0.02270418033003807,0.022704217582941055,0,10
6,0.021417286247015,0.02141732908785343,0,10
7,0.02037135884165764,0.020371409133076668,0,10
8,0.018896559253335,0.018896596506237984,0,10
9,0.016117680817842484,0.016117721796035767,0,10
10,0.013181006535887718,0.013181057758629322,0,10
11,0.011195192113518715,0.011195230297744274,0,10
12,0.0111635597422719,0.011163588613271713,0,10
13,0.00805622711777687,0.008056246675550938,0,10
14,0.00936146266758442,0.009361493401229382,0,10
15,0.006390345748513937,0.006390346679836512,0,10
16,0.0059852609410882,0.005985295865684748,0,10
17,0.004571130499243736,0.004571139812469482,0,10
18,0.005984979216009378,0.005985014606267214,0,10
19,0.004085687920451164,0.004085698630660772,0,10
20,0.003390278434380889,0.003390304511412978,0,10
21,0.0035600150004029274,0.003560006618499756,0,10
22,0.002745257457718253,0.0027452707290649414,0,10
23,0.0032116195652633905,0.0032116298098117113,0,10
24,0.0020167073234915733,0.002016723155975342,0,10
25,0.0016607986763119698,0.0016608238220214844,0,10
26,0.0023033812176436186,0.0023033618927001953,0,10
27,0.0013683992438018322,0.001368403434753418,0,10
28,0.0020225727930665016,0.00202256441116333,0,10
29,0.0019309788476675749,0.001930949161760509,0,10
30,0.0017898662481456995,0.001789867877960205,0,10
31,0.00048137421254068613,0.0004813671112060547,0,10
32,0.0007827577064745128,0.0007827800000086427,0,10
33,0.0007360890740528703,0.0007361173629760742,0,10
34,0.0015590549446642399,0.0015590786933898926,0,10
35,0.0005078245885670185,0.0005078315734863281,0,10
38,0.0002636630670167506,0.0002636909484863281,0,10
39,0.0005301871569827199,0.0005068182945251465,0,10
40,0.0011348809348419309,0.0011348724365234375,0,10
42,0.000782903516665101,0.000782922375947237,0,10
43,0.0007335313712246716,0.0007335543632507324,0,10
44,0.0003708272415678948,0.00037085835356265306,0,10
47,0.00027463474543765187,0.00027463232981972396,0,10
0,0.023432791233062744,0.023432821035385132,0,10
1,0.023745371028780937,0.023745398968458176,0,10
2,0.026098035275936127,0.02609807811677456,0,10
3,0.025327494367957115,0.02532753348350525,0,10
4,0.02710331603884697,0.027103351429104805,0,10
5,0.02270418033003807,0.022704225033521652,0,10
6,0.021417286247015,0.021417321637272835,0,10
7,0.02037135884165764,0.020371396094560623,0,10
8,0.018896559253335,0.018896590918302536,0,10
9,0.016117680817842484,0.016117701306939125,0,10
10,0.013181006535887718,0.013181030750274658,0,10
11,0.011195192113518715,0.01119522750377655,0,10
12,0.0111635597422719,0.011163590475916862,0,10
13,0.00805622711777687,0.008056254126131535,0,10
14,0.00936146266758442,0.009361491538584232,0,10
15,0.006390345748513937,0.006390374153852463,0,10
16,0.0059852609410882,0.005985294934362173,0,10
17,0.004571130499243736,0.004571166820824146,0,10
18,0.005984979216009378,0.0059850155375897884,0,10
19,0.004085687920451164,0.00408569909632206,0,10
20,0.003390278434380889,0.0033903082367032766,0,10
21,0.0035600150004029274,0.003560040146112442,0,10
22,0.002745257457718253,0.0027452721260488033,0,10
23,0.0032116195652633905,0.0032116377260535955,0,10
24,0.0020167073234915733,0.002016723155975342,0,10
25,0.0016607986763119698,0.0016608238220214844,0,10
26,0.0023033812176436186,0.0023033798206597567,0,10
27,0.0013683992438018322,0.0013684177538380027,0,10
28,0.0020225727930665016,0.002022587927058339,0,10
29,0.0019309788476675749,0.0019309520721435547,0,10
30,0.0017898662481456995,0.001789867877960205,0,10
31,0.00048137421254068613,0.0004813671112060547,0,10
32,0.0007827577064745128,0.0007659196853637695,0,10
33,0.0007360890740528703,0.0007361173629760742,0,10
34,0.0015590549446642399,0.0015590519178658724,0,10
35,0.0005078245885670185,0.0005078315734863281,0,10
38,0.0002636630670167506,0.0002636909484863281,0,10
39,0.0005301871569827199,0.0005301833152770996,0,10
40,0.0011348809348419309,0.0011348724365234375,0,10
42,0.000782903516665101,0.0007829194073565304,0,10
43,0.0007335313712246716,0.0007335543632507324,0,10
44,0.0003708272415678948,0.00037083803908899426,0,10
47,0.00027463474543765187,0.000274658203125,0,10
0,0.023432791233062744,0.023432806134223938,0,10
1,0.023745371028780937,0.023745398968458176,0,10
2,0.026098035275936127,0.02609804831445217,0,10
3,0.025327494367957115,0.02532753348350525,0,10
4,0.02710331603884697,0.027103355154395103,0,10
5,0.02270418033003807,0.022704213857650757,0,10
6,0.021417286247015,0.021417301148176193,0,10
7,0.02037135884165764,0.02037140168249607,0,10
8,0.018896559253335,0.018896590918302536,0,10
9,0.016117680817842484,0.01611771062016487,0,10
10,0.013181006535887718,0.013181030750274658,0,10
11,0.011195192113518715,0.01119522750377655,0,10
12,0.0111635597422719,0.011163575574755669,0,10
13,0.00805622711777687,0.00805625319480896,0,10
14,0.00936146266758442,0.009361489675939083,0,10
15,0.006390345748513937,0.006390370428562164,0,10
16,0.0059852609410882,0.0059852902777493,0,10
17,0.004571130499243736,0.004571151454001665,0,10
18,0.005984979216009378,0.005985009949654341,0,10
19,0.004085687920451164,0.0040857018902897835,0,10
20,0.003390278434380889,0.0033903142903000116,0,10
21,0.0035600150004029274,0.003560041543096304,0,10
22,0.002745257457718253,0.0027452707290649414,0,10
23,0.0032116195652633905,0.0032116237562149763,0,10
24,0.0020167073234915733,0.002016723155975342,0,10
25,0.0016607986763119698,0.0016608238220214844,0,10
26,0.0023033812176436186,0.0023033618927001953,0,10
27,0.0013683992438018322,0.001368403434753418,0,10
28,0.0020225727930665016,0.0020225862972438335,0,10
29,0.0019309788476675749,0.0019309959607198834,0,10
30,0.0017898662481456995,0.001789857866242528,0,10
31,0.00048137421254068613,0.0004813671112060547,0,10
32,0.0007827577064745128,0.0007827449589967728,0,10
33,0.0007360890740528703,0.0007361173629760742,0,10
34,0.0015590549446642399,0.0015590583207085729,0,10
35,0.0005078245885670185,0.0005078315734863281,0,10
38,0.0002636630670167506,0.0002636909484863281,0,10
39,0.0005301871569827199,0.0005301833152770996,0,10
40,0.0011348809348419309,0.0010666201123967767,0,10
42,0.000782903516665101,0.0007829070091247559,0,10
43,0.0007335313712246716,0.0007335543632507324,0,10
44,0.0003708272415678948,0.0003708004951477051,0,10
47,0.00027463474543765187,0.0002746337268035859,0,10
49,0.0009064056794159114,0.0009064078330993652,0,10
0,0.023432791233062744,0.02343282848596573,0,10
1,0.023745371028780937,0.02374539151787758,0,10
2,0.026098035275936127,0.02609807625412941,0,10
3,0.025327494367957115,0.025327501818537712,0,10
4,0.02710331603884697,0.027103368192911148,0,10
5,0.02270418033003807,0.022704187780618668,0,10
6,0.021417286247015,0.021417327225208282,0,10
7,0.02037135884165764,0.020371394231915474,0,10
8,0.018896559253335,0.01889658346772194,0,10
9,0.016117680817842484,0.01611771062016487,0,10
10,0.013181006535887718,0.013181032612919807,0,10
11,0.011195192113518715,0.011195207014679909,0,10
12,0.0111635597422719,0.011163595132529736,0,10
13,0.00805622711777687,0.008056252263486385,0,10
14,0.00936146266758442,0.009361493401229382,0,10
15,0.006390345748513937,0.006390370428562164,0,10
16,0.0059852609410882,0.005985283758491278,0,10
17,0.004571130499243736,0.004571142140775919,0,10
18,0.005984979216009378,0.0059850080870091915,0,10
19,0.004085687920451164,0.004085729364305735,0,10
20,0.003390278434380889,0.003390302648767829,0,10
21,0.0035600150004029274,0.0035600371193140745,0,10
22,0.002745257457718253,0.0027452707290649414,0,10
23,0.0032116195652633905,0.0032116174697875977,0,10
24,0.0020167073234915733,0.00201673386618495,0,10
25,0.0016607986763119698,0.0016608238220214844,0,10
26,0.0023033812176436186,0.0023033961188048124,0,10
27,0.0013683992438018322,0.001368403434753418,0,10
28,0.0020225727930665016,0.0020225855987519026,0,10
29,0.0019309788476675749,0.0019309520721435547,0,10
30,0.0017898662481456995,0.001789867877960205,0,10
31,0.00048137421254068613,0.0004813671112060547,0,10
32,0.0007827577064745128,0.0007827655645087361,0,10
33,0.0007360890740528703,0.0007361173629760742,0,10
34,0.0015590549446642399,0.0015590786933898926,0,10
35,0.0005078245885670185,0.0005078315734863281,0,10
38,0.0002636630670167506,0.0002636909484863281,0,10
39,0.0005301871569827199,0.0005301833152770996,0,10
40,0.0011348809348419309,0.0011348724365234375,0,10
42,0.000782903516665101,0.0007829070091247559,0,10
43,0.0007335313712246716,0.0007335543632507324,0,10
44,0.0003708272415678948,0.0003708004951477051,0,10
47,0.00027463474543765187,0.000274658203125,0,10
49,0.0009064056794159114,0.0009064078330993652,0,10
0,0.023432791233062744,0.023432813584804535,0,10
1,0.023745371028780937,0.02374539151787758,0,10
2,0.026098035275936127,0.026098055765032768,0,10
3,0.025327494367957115,0.0253275316208601,0,10
4,0.02710331603884697,0.02710334211587906,0,10
5,0.02270418033003807,0.02270420268177986,0,10
6,0.021417286247015,0.02141732908785343,0,10
7,0.02037135884165764,0.02037137933075428,0,10
8,0.018896559253335,0.018896594643592834,0,10
9,0.016117680817842484,0.01611771062016487,0,10
10,0.013181006535887718,0.013181042857468128,0,10
11,0.011195192113518715,0.011195220984518528,0,10
12,0.0111635597422719,0.011163578368723392,0,10
13,0.00805622711777687,0.008056271821260452,0,10
14,0.00936146266758442,0.009361481294035912,0,10
15,0.006390345748513937,0.006390374153852463,0,10
16,0.0059852609410882,0.005985279567539692,0,10
17,0.004571130499243736,0.004571153316646814,0,10
18,0.005984979216009378,0.005985013674944639,0,10
19,0.004085687920451164,0.004085705615580082,0,10
20,0.003390278434380889,0.003390305442735553,0,10
21,0.0035600150004029274,0.003560035489499569,0,10
22,0.002745257457718253,0.0027452707290649414,0,10
23,0.0032116195652633905,0.0032116600777953863,0,10
24,0.0020167073234915733,0.002016723155975342,0,10
25,0.0016607986763119698,0.0016608238220214844,0,10
26,0.0023033812176436186,0.002303401241078973,0,10
27,0.0013683992438018322,0.001368403434753418,0,10
28,0.0020225727930665016,0.00202256441116333,0,10
29,0.0019309788476675749,0.0019309520721435547,0,10
30,0.0017898662481456995,0.0017898703226819634,0,10
31,0.00048137421254068613,0.0004813595151063055,0,10
32,0.0007827577064745128,0.0007827281951904297,0,10
33,0.0007360890740528703,0.0007361173629760742,0,10
34,0.0015590549446642399,0.0015590640250593424,0,10
35,0.0005078245885670185,0.0005078315734863281,0,10
38,0.0002636630670167506,0.0002636909484863281,0,10
39,0.0005301871569827199,0.0005301833152770996,0,10
40,0.0011348809348419309,0.0011349039850756526,0,10
42,0.000782903516665101,0.0007829070091247559,0,10
43,0.0007335313712246716,0.0007335599511861801,0,10
44,0.0003708272415678948,0.00037084153154864907,0,10
47,0.00027463474543765187,0.000274658203125,0,10
49,0.0009064056794159114,0.0009064078330993652,0,10
51,0.0002752422878984362,0.0002752542495727539,0,10
0,0.023432791233062744,0.02343282289803028,0,10
1,0.023745371028780937,0.023745406419038773,0,10
2,0.026098035275936127,0.02609804831445217,0,10
3,0.025327494367957115,0.025327514857053757,0,10
4,0.02710331603884697,0.027103343978524208,0,10
5,0.02270418033003807,0.022704221308231354,0,10
6,0.021417286247015,0.021417319774627686,0,10
7,0.02037135884165764,0.02037140727043152,0,10
8,0.018896559253335,0.018896590918302536,0,10
9,0.016117680817842484,0.01611771620810032,0,10
10,0.013181006535887718,0.01318103726953268,0,10
11,0.011195192113518715,0.011195220984518528,0,10
12,0.0111635597422719,0.011163598857820034,0,10
13,0.00805622711777687,0.00805625505745411,0,10
14,0.00936146266758442,0.009361477568745613,0,10
15,0.006390345748513937,0.006390359718352556,0,10
16,0.0059852609410882,0.0059852902777493,0,10
17,0.004571130499243736,0.004571149591356516,0,10
18,0.005984979216009378,0.005984993651509285,0,10
19,0.004085687920451164,0.00408572144806385,0,10
20,0.003390278434380889,0.003390310099348426,0,10
21,0.0035600150004029274,0.003560026176273823,0,10
22,0.002745257457718253,0.0027452707290649414,0,10
23,0.0032116195652633905,0.0032116472721099854,0,10
24,0.0020167073234915733,0.002016723155975342,0,10
25,0.0016607986763119698,0.0016607848228886724,0,10
26,0.0023033812176436186,0.002303408458828926,0,10
27,0.0013683992438018322,0.001368403434753418,0,10
28,0.0020225727930665016,0.00202256441116333,0,10
29,0.0019309788476675749,0.0019309520721435547,0,10
30,0.0017898662481456995,0.001789867877960205,0,10
31,0.00048137421254068613,0.0004813705163542181,0,10
32,0.0007827577064745128,0.0007827585795894265,0,10
33,0.0007360890740528703,0.0007361173629760742,0,10
34,0.0015590549446642399,0.0015590786933898926,0,10
35,0.0005078245885670185,0.0005078315734863281,0,10
38,0.0002636630670167506,0.0002636909484863281,0,10
39,0.0005301871569827199,0.0005301845376379788,0,10
40,0.0011348809348419309,0.0011348804691806436,0,10
42,0.000782903516665101,0.0007829242968000472,0,10
43,0.0007335313712246716,0.0007335543632507324,0,10
44,0.0003708272415678948,0.00037085259100422263,0,10
47,0.00027463474543765187,0.000274658203125,0,10
49,0.0009064056794159114,0.0009063900797627866,0,10
51,0.0002752422878984362,0.0002607107162475586,0,10
0,0.023432791233062744,0.023432796820998192,0,10
1,0.023745371028780937,0.023745380342006683,0,10
2,0.026098035275936127,0.026098066940903664,0,10
3,0.025327494367957115,0.02532753348350525,0,10
4,0.02710331603884697,0.027103327214717865,0,10
5,0.02270418033003807,0.022704195231199265,0,10
6,0.021417286247015,0.021417317911982536,0,10
7,0.02037135884165764,0.020371390506625175,0,10
8,0.018896559253335,0.018896596506237984,0,10
9,0.016117680817842484,0.016117708757519722,0,10
10,0.013181006535887718,0.013181030750274658,0,10
11,0.011195192113518715,0.011195199564099312,0,10
12,0.0111635597422719,0.011163572780787945,0,10
13,0.00805622711777687,0.008056258782744408,0,10
14,0.00936146266758442,0.009361485950648785,0,10
15,0.006390345748513937,0.00639036949723959,0,10
16,0.0059852609410882,0.005985296331346035,0,10
17,0.004571130499243736,0.004571154713630676,0,10
18,0.005984979216009378,0.005985016003251076,0,10
19,0.004085687920451164,0.004085722845047712,0,10
20,0.003390278434380889,0.003390287747606635,0,10
21,0.0035600150004029274,0.0035600357223302126,0,10
22,0.002745257457718253,0.0027452707290649414,0,10
23,0.0032116195652633905,0.00321164820343256,0,10
24,0.0020167073234915733,0.002016723155975342,0,10
25,0.0016607986763119698,0.0016608238220214844,0,10
26,0.0023033812176436186,0.0023034007754176855,0,10
27,0.0013683992438018322,0.0013684186851605773,0,10
28,0.0020225727930665016,0.002022575819864869,0,10
29,0.0019309788476675749,0.001930995611473918,0,10
30,0.0017898662481456995,0.0017898962832987309,0,10
31,0.00048137421254068613,0.00048138946294784546,0,10
32,0.0007827577064745128,0.0007827281951904297,0,10
33,0.0007360890740528703,0.0006932616233825684,0,10
34,0.0015590549446642399,0.0015590786933898926,0,10
35,0.0005078245885670185,0.0005078315734863281,0,10
38,0.0002636630670167506,0.0002636909484863281,0,10
39,0.0005301871569827199,0.000530207238625735,0,10
40,0.0011348809348419309,0.0011348724365234375,0,10
42,0.000782903516665101,0.0007829070091247559,0,10
43,0.0007335313712246716,0.000684996135532856,0,10
44,0.0003708272415678948,0.0003708004951477051,0,10
47,0.00027463474543765187,0.000274658203125,0,10
49,0.0009064056794159114,0.0009064078330993652,0,10
51,0.0002752422878984362,0.0002752726140897721,0,10
53,0.0007770080701448023,0.0007770061492919922,0,10
0,0.023432791233062744,0.023432821035385132,0,10
1,0.023745371028780937,0.023745395243167877,0,10
2,0.026098035275936127,0.02609805390238762,0,10
3,0.025327494367957115,0.025327524170279503,0,10
4,0.02710331603884697,0.027103357017040253,0,10
5,0.02270418033003807,0.022704217582941055,0,10
6,0.021417286247015,0.02141731232404709,0,10
7,0.02037135884165764,0.02037140354514122,0,10
8,0.018896559253335,0.01889657974243164,0,10
9,0.016117680817842484,0.016117705032229424,0,10
10,0.013181006535887718,0.013181044720113277,0,10
11,0.011195192113518715,0.011195208877325058,0,10
12,0.0111635597422719,0.011163590475916862,0,10
13,0.00805622711777687,0.008056259714066982,0,10
14,0.00936146266758442,0.009361499920487404,0,10
15,0.006390345748513937,0.006390368100255728,0,10
16,0.0059852609410882,0.005985298193991184,0,10
17,0.004571130499243736,0.004571151919662952,0,10
18,0.005984979216009378,0.005984996911138296,0,10
19,0.004085687920451164,0.004085717257112265,0,10
20,0.003390278434380889,0.003390313358977437,0,10
21,0.0035600150004029274,0.003560009179636836,0,10
22,0.002745257457718253,0.0027452774811536074,0,10
23,0.0032116195652633905,0.003211638890206814,0,10
24,0.0020167073234915733,0.0020167340990155935,0,10
25,0.0016607986763119698,0.0016608238220214844,0,10
26,0.0023033812176436186,0.002303363522514701,0,10
27,0.0013683992438018322,0.001368401455692947,0,10
28,0.0020225727930665016,0.00202256441116333,0,10
29,0.0019309788476675749,0.001930963364429772,0,10
30,0.0017898662481456995,0.001789867877960205,0,10
31,0.00048137421254068613,0.0004813728737644851,0,10
32,0.0007827577064745128,0.0007827281951904297,0,10
33,0.0007360890740528703,0.0007361173629760742,0,10
34,0.0015590549446642399,0.0015590786933898926,0,10
35,0.0005078245885670185,0.0005078469985164702,0,10
38,0.0002636630670167506,0.0002636747376527637,0,10
39,0.0005301871569827199,0.0005301844794303179,0,10
40,0.0011348809348419309,0.0011348724365234375,0,10
42,0.000782903516665101,0.0007829079404473305,0,10
43,0.0007335313712246716,0.000733555294573307,0,10
44,0.0003708272415678948,0.00037086932570673525,0,10
47,0.00027463474543765187,0.000274658203125,0,10
49,0.0009064056794159114,0.0009064078330993652,0,10
51,0.0002752422878984362,0.0002752542495727539,0,10
53,0.0007770080701448023,0.0007770262891426682,0,10
0,0.023432791233062744,0.023432815447449684,0,10
1,0.023745371028780937,0.023745397105813026,0,10
2,0.026098035275936127,0.026098055765032768,0,10
3,0.025327494367957115,0.0253275316208601,0,10
4,0.02710331603884697,0.027103358879685402,0,10
5,0.02270418033003807,0.02270420640707016,0,10
6,0.021417286247015,0.021417323499917984,0,10
7,0.02037135884165764,0.02037138119339943,0,10
8,0.018896559253335,0.018896590918302536,0,10
9,0.016117680817842484,0.016117701306939125,0,10
10,0.013181006535887718,0.013181030750274658,0,10
11,0.011195192113518715,0.011195210739970207,0,10
12,0.0111635597422719,0.01116358395665884,0,10
13,0.00805622711777687,0.00805625505745411,0,10
14,0.00936146266758442,0.009361487813293934,0,10
15,0.006390345748513937,0.006390384864062071,0,10
16,0.0059852609410882,0.005985288880765438,0,10
17,0.004571130499243736,0.004571158438920975,0,10
18,0.005984979216009378,0.0059850020334124565,0,10
19,0.004085687920451164,0.00408570421859622,0,10
20,0.003390278434380889,0.003390307305380702,0,10
21,0.0035600150004029274,0.00356002664193511,0,10
22,0.002745257457718253,0.0027452707290649414,0,10
23,0.0032116195652633905,0.0032116174697875977,0,10
24,0.0020167073234915733,0.002016723155975342,0,10
25,0.0016607986763119698,0.0016608238220214844,0,10
26,0.0023033812176436186,0.0023033618927001953,0,10
27,0.0013683992438018322,0.001368366414681077,0,10
28,0.0020225727930665016,0.0020225765183568,0,10
29,0.0019309788476675749,0.0019309520721435547,0,10
30,0.0017898662481456995,0.001789867877960205,0,10
31,0.00048137421254068613,0.0004813671112060547,0,10
32,0.0007827577064745128,0.0007827281951904297,0,10
33,0.0007360890740528703,0.0007361173629760742,0,10
34,0.0015590549446642399,0.0015590786933898926,0,10
35,0.0005078245885670185,0.0005078315734863281,0,10
38,0.0002636630670167506,0.0002636909484863281,0,10
39,0.0005301871569827199,0.0005302139325067401,0,10
40,0.0011348809348419309,0.0011348724365234375,0,10
42,0.000782903516665101,0.0007829070091247559,0,10
43,0.0007335313712246716,0.0007335543632507324,0,10
44,0.0003708272415678948,0.0003708004951477051,0,10
47,0.00027463474543765187,0.00027460174169391394,0,10
49,0.0009064056794159114,0.0009064078330993652,0,10
51,0.0002752422878984362,0.0002752542495727539,0,10
53,0.0007770080701448023,0.0007770061492919922,0,10
0,0.023432791233062744,0.02343282289803028,0,10
1,0.023745371028780937,0.02374539151787758,0,10
2,0.026098035275936127,0.026098070666193962,0,10
3,0.025327494367957115,0.025327522307634354,0,10
4,0.02710331603884697,0.027103353291749954,0,10
5,0.02270418033003807,0.022704213857650757,0,10
6,0.021417286247015,0.021417303010821342,0,10
7,0.02037135884165764,0.020371390506625175,0,10
8,0.018896559253335,0.018896592780947685,0,10
9,0.016117680817842484,0.01611771248281002,0,10
10,0.013181006535887718,0.013181048445403576,0,10
11,0.011195192113518715,0.011195216327905655,0,10
12,0.0111635597422719,0.011163583025336266,0,10
13,0.00805622711777687,0.00805625319480896,0,10
14,0.00936146266758442,0.009361492469906807,0,10
15,0.006390345748513937,0.006390376482158899,0,10
16,0.0059852609410882,0.00598529540002346,0,10
17,0.004571130499243736,0.004571172408759594,0,10
18,0.005984979216009378,0.00598500482738018,0,10
19,0.004085687920451164,0.004085698630660772,0,10
20,0.003390278434380889,0.003390299156308174,0,10
21,0.0035600150004029274,0.0035600264091044664,0,10
22,0.002745257457718253,0.002745281206443906,0,10
23,0.0032116195652633905,0.0032116174697875977,0,10
24,0.0020167073234915733,0.002016723155975342,0,10
25,0.0016607986763119698,0.0016608238220214844,0,10
26,0.0023033812176436186,0.0023034142795950174,0,10
27,0.0013683992438018322,0.001368403434753418,0,10
28,0.0020225727930665016,0.00202256441116333,0,10
29,0.0019309788476675749,0.0019309974741190672,0,10
30,0.0017898662481456995,0.001789867877960205,0,10
31,0.00048137421254068613,0.0004813667037524283,0,10
32,0.0007827577064745128,0.0007827634690329432,0,10
33,0.0007360890740528703,0.0007156729698181152,0,10
34,0.0015590549446642399,0.0015590786933898926,0,10
35,0.0005078245885670185,0.0005078315734863281,0,10
38,0.0002636630670167506,0.0002636686258483678,0,10
39,0.0005301871569827199,0.0005301833152770996,0,10
40,0.0011348809348419309,0.0011199116706848145,0,10
42,0.000782903516665101,0.0007829070091247559,0,10
43,0.0007335313712246716,0.0007335543632507324,0,10
44,0.0003708272415678948,0.0003708534059114754,0,10
47,0.00027463474543765187,0.000274658203125,0,10
49,0.0009064056794159114,0.0009064078330993652,0,10
51,0.0002752422878984362,0.0002752542495727539,0,10
53,0.0007770080701448023,0.0007770061492919922,0,10
56,0.0001898431364679709,0.00018986861687153578,0,10
0,0.023432791233062744,0.02343280240893364,0,10
1,0.023745371028780937,0.023745395243167877,0,10
2,0.026098035275936127,0.026098066940903664,0,10
3,0.025327494367957115,0.0253275316208601,0,10
4,0.02710331603884697,0.02710334211587906,0,10
5,0.02270418033003807,0.022704221308231354,0,10
6,0.021417286247015,0.021417325362563133,0,10
7,0.02037135884165764,0.020371392369270325,0,10
8,0.018896559253335,0.018896590918302536,0,10
9,0.016117680817842484,0.016117718070745468,0,10
10,0.013181006535887718,0.013181030750274658,0,10
11,0.011195192113518715,0.011195214465260506,0,10
12,0.0111635597422719,0.011163590475916862,0,10
13,0.00805622711777687,0.00805624295026064,0,10
14,0.00936146266758442,0.009361487813293934,0,10
15,0.006390345748513937,0.006390376016497612,0,10
16,0.0059852609410882,0.0059852865524590015,0,10
17,0.004571130499243736,0.004571158438920975,0,10
18,0.005984979216009378,0.0059849852696061134,0,10
19,0.004085687920451164,0.004085705149918795,0,10
20,0.003390278434380889,0.003390308003872633,0,10
21,0.0035600150004029274,0.003560049459338188,0,10
22,0.002745257457718253,0.0027452728245407343,0,10
23,0.0032116195652633905,0.0032116263173520565,0,10
24,0.0020167073234915733,0.002016723155975342,0,10
25,0.0016607986763119698,0.0016608238220214844,0,10
26,0.0023033812176436186,0.0023033618927001953,0,10
27,0.0013683992438018322,0.001368403434753418,0,10
28,0.0020225727930665016,0.00202256441116333,0,10
29,0.0019309788476675749,0.0019309520721435547,0,10
30,0.0017898662481456995,0.001789867877960205,0,10
31,0.00048137421254068613,0.00046003423631191254,0,10
32,0.0007827577064745128,0.0007827720837667584,0,10
33,0.0007360890740528703,0.0007360955933108926,0,10
34,0.0015590549446642399,0.0015590507537126541,0,10
35,0.0005078245885670185,0.0005078315734863281,0,10
38,0.0002636630670167506,0.0002636909484863281,0,10
39,0.0005301871569827199,0.0005302010104060173,0,10
40,0.0011348809348419309,0.0011348724365234375,0,10
42,0.000782903516665101,0.0007829070091247559,0,10
43,0.0007335313712246716,0.0007335543632507324,0,10
44,0.0003708272415678948,0.0003708004951477051,0,10
47,0.00027463474543765187,0.000274658203125,0,10
49,0.0009064056794159114,0.0009064078330993652,0,10
51,0.0002752422878984362,0.0002752542495727539,0,10
53,0.0007770080701448023,0.0007770061492919922,0,10
56,0.0001898431364679709,0.00018985866336151958,0,10
0,0.023432791233062744,0.02343280240893364,0,10
1,0.023745371028780937,0.02374538779258728,0,10
2,0.026098035275936127,0.02609807252883911,0,10
3,0.025327494367957115,0.025327524170279503,0,10
4,0.02710331603884697,0.02710334211587906,0,10
5,0.02270418033003807,0.022704213857650757,0,10
6,0.021417286247015,0.02141730487346649,0,10
7,0.02037135884165764,0.020371390506625175,0,10
8,0.018896559253335,0.01889658533036709,0,10
9,0.016117680817842484,0.016117706894874573,0,10
10,0.013181006535887718,0.013181032612919807,0,10
11,0.011195192113518715,0.011195216327905655,0,10
12,0.0111635597422719,0.011163579300045967,0,10
13,0.00805622711777687,0.008056248538196087,0,10
14,0.00936146266758442,0.009361477568745613,0,10
15,0.006390345748513937,0.006390371825546026,0,10
16,0.0059852609410882,0.005985297728329897,0,10
17,0.004571130499243736,0.004571165423840284,0,10
18,0.005984979216009378,0.005985010880976915,0,10
19,0.004085687920451164,0.004085717257112265,0,10
20,0.003390278434380889,0.003390274476259947,0,10
21,0.0035600150004029274,0.0035600343253463507,0,10
22,0.002745257457718253,0.002745274920016527,0,10
23,0.0032116195652633905,0.0032116237562149763,0,10
24,0.0020167073234915733,0.002016723155975342,0,10
25,0.0016607986763119698,0.0016608238220214844,0,10
26,0.0023033812176436186,0.002303379587829113,0,10
27,0.0013683992438018322,0.0013684190344065428,0,10
28,0.0020225727930665016,0.0020225823391228914,0,10
29,0.0019309788476675749,0.0019309520721435547,0,10
30,0.0017898662481456995,0.001789867877960205,0,10
31,0.00048137421254068613,0.0004813932173419744,0,10
32,0.0007827577064745128,0.0007827281951904297,0,10
33,0.0007360890740528703,0.0007361173629760742,0,10
34,0.0015590549446642399,0.0015590419061481953,0,10
35,0.0005078245885670185,0.0005078315734863281,0,10
38,0.0002636630670167506,0.0002636909484863281,0,10
39,0.0005301871569827199,0.0005301833152770996,0,10
40,0.0011348809348419309,0.0011248295195400715,0,10
42,0.000782903516665101,0.0007829070091247559,0,10
43,0.0007335313712246716,0.0007335543632507324,0,10
44,0.0003708272415678948,0.0003496315039228648,0,10
47,0.00027463474543765187,0.000274658203125,0,10
49,0.0009064056794159114,0.0009064258774742484,0,10
51,0.0002752422878984362,0.0002752542495727539,0,10
53,0.0007770080701448023,0.0007120966911315918,0,10
56,0.0001898431364679709,0.00018984079360961914,0,10
0,0.023432791233062744,0.023432813584804535,0,10
1,0.023745371028780937,0.023745398968458176,0,10
2,0.026098035275936127,0.026098061352968216,0,10
3,0.025327494367957115,0.02532750926911831,0,10
4,0.02710331603884697,0.02710333839058876,0,10
5,0.02270418033003807,0.022704223170876503,0,10
6,0.021417286247015,0.021417299285531044,0,10
7,0.02037135884165764,0.02037137746810913,0,10
8,0.018896559253335,0.018896589055657387,0,10
9,0.016117680817842484,0.016117706894874573,0,10
10,0.013181006535887718,0.013181044720113277,0,10
11,0.011195192113518715,0.011195225641131401,0,10
12,0.0111635597422719,0.01116358581930399,0,10
13,0.00805622711777687,0.008056262508034706,0,10
14,0.00936146266758442,0.009361477568745613,0,10
15,0.006390345748513937,0.006390377879142761,0,10
16,0.0059852609410882,0.0059852865524590015,0,10
17,0.004571130499243736,0.004571144934743643,0,10
18,0.005984979216009378,0.005985017400234938,0,10
19,0.004085687920451164,0.004085710272192955,0,10
20,0.003390278434380889,0.003390311263501644,0,10
21,0.0035600150004029274,0.0035600361879915,0,10
22,0.002745257457718253,0.002745281672105193,0,10
23,0.0032116195652633905,0.003211639355868101,0,10
24,0.0020167073234915733,0.002016723155975342,0,10
25,0.0016607986763119698,0.0016608238220214844,0,10
26,0.0023033812176436186,0.0023033618927001953,0,10
27,0.0013683992438018322,0.001368403434753418,0,10
28,0.0020225727930665016,0.00202256441116333,0,10
29,0.0019309788476675749,0.0019309783820062876,0,10
30,0.0017898662481456995,0.001789867877960205,0,10
31,0.00048137421254068613,0.0004813671112060547,0,10
32,0.0007827577064745128,0.0007827281951904297,0,10
33,0.0007360890740528703,0.0007361173629760742,0,10
34,0.0015590549446642399,0.0015590786933898926,0,10
35,0.0005078245885670185,0.0005078315734863281,0,10
38,0.0002636630670167506,0.00026365352096036077,0,10
39,0.0005301871569827199,0.0005301833152770996,0,10
40,0.0011348809348419309,0.001134903053753078,0,10
42,0.000782903516665101,0.0007829070091247559,0,10
43,0.0007335313712246716,0.0007335543632507324,0,10
44,0.0003708272415678948,0.0003708004951477051,0,10
47,0.00027463474543765187,0.0002530813217163086,0,10
49,0.0009064056794159114,0.0009064078330993652,0,10
51,0.0002752422878984362,0.0002752542495727539,0,10
53,0.0007770080701448023,0.0007770061492919922,0,10
56,0.0001898431364679709,0.00018984109919983894,0,10
59,0.0004291993100196123,0.0004292130470275879,0,10
0,0.023432791233062744,0.023432813584804535,0,10
1,0.023745371028780937,0.023745402693748474,0,10
2,0.026098035275936127,0.026098059490323067,0,10
3,0.025327494367957115,0.025327535346150398,0,10
4,0.02710331603884697,0.027103358879685402,0,10
5,0.02270418033003807,0.022704195231199265,0,10
6,0.021417286247015,0.021417321637272835,0,10
7,0.02037135884165764,0.020371392369270325,0,10
8,0.018896559253335,0.01889658346772194,0,10
9,0.016117680817842484,0.016117695719003677,0,10
10,0.013181006535887718,0.013181035406887531,0,10
11,0.011195192113518715,0.011195222847163677,0,10
12,0.0111635597422719,0.01116358581930399,0,10
13,0.00805622711777687,0.00805625319480896,0,10
14,0.00936146266758442,0.009361478500068188,0,10
15,0.006390345748513937,0.006390350870788097,0,10
16,0.0059852609410882,0.005985280033200979,0,10
17,0.004571130499243736,0.004571162164211273,0,10
18,0.005984979216009378,0.005985004361718893,0,10
19,0.004085687920451164,0.004085727501660585,0,10
20,0.003390278434380889,0.0033902833238244057,0,10
21,0.0035600150004029274,0.00356001453474164,0,10
22,0.002745257457718253,0.0027452753856778145,0,10
23,0.0032116195652633905,0.0032116230577230453,0,10
24,0.0020167073234915733,0.002016723155975342,0,10
25,0.0016607986763119698,0.0016608238220214844,0,10
26,0.0023033812176436186,0.00230340170674026,0,10
27,0.0013683992438018322,0.001368403434753418,0,10
28,0.0020225727930665016,0.0020225858315825462,0,10
29,0.0019309788476675749,0.0019309921190142632,0,10
30,0.0017898662481456995,0.0017899047816172242,0,10
31,0.00048137421254068613,0.0004813671112060547,0,10
32,0.0007827577064745128,0.0007827281951904297,0,10
33,0.0007360890740528703,0.0007361173629760742,0,10
34,0.0015590549446642399,0.0015590786933898926,0,10
35,0.0005078245885670185,0.0005078142858110368,0,10
38,0.0002636630670167506,0.00025093555450439453,0,10
39,0.0005301871569827199,0.0005301833152770996,0,10
40,0.0011348809348419309,0.0011348724365234375,0,10
42,0.000782903516665101,0.0007829070091247559,0,10
43,0.0007335313712246716,0.0007335389964282513,0,10
44,0.0003708272415678948,0.0003708016301970929,0,10
47,0.00027463474543765187,0.000274658203125,0,10
49,0.0009064056794159114,0.0009064078330993652,0,10
51,0.0002752422878984362,0.0002719759941101074,0,10
53,0.0007770080701448023,0.0007770061492919922,0,10
56,0.0001898431364679709,0.00018985332280863076,0,10
59,0.0004291993100196123,0.000429215666372329,0,10
0,0.023432791233062744,0.023432807996869087,0,10
1,0.023745371028780937,0.02374538592994213,0,10
2,0.026098035275936127,0.026098055765032768,0,10
3,0.025327494367957115,0.025327516719698906,0,10
4,0.02710331603884697,0.02710334025323391,0,10
5,0.02270418033003807,0.022704215720295906,0,10
6,0.021417286247015,0.021417319774627686,0,10
7,0.02037135884165764,0.02037138119339943,0,10
8,0.018896559253335,0.018896589055657387,0,10
9,0.016117680817842484,0.016117671504616737,0,10
10,0.013181006535887718,0.013181030750274658,0,10
11,0.011195192113518715,0.01119521539658308,0,10
12,0.0111635597422719,0.011163593269884586,0,10
13,0.00805622711777687,0.008056246675550938,0,10
14,0.00936146266758442,0.009361492469906807,0,10
15,0.006390345748513937,0.0063903676345944405,0,10
16,0.0059852609410882,0.0059852926060557365,0,10
17,0.004571130499243736,0.0045711575075984,0,10
18,0.005984979216009378,0.00598499970510602,0,10
19,0.004085687920451164,0.004085709806531668,0,10
20,0.003390278434380889,0.0033903070725500584,0,10
21,0.0035600150004029274,0.003560035489499569,0,10
22,0.002745257457718253,0.0027452707290649414,0,10
23,0.0032116195652633905,0.0032116395886987448,0,10
24,0.0020167073234915733,0.002016740385442972,0,10
25,0.0016607986763119698,0.0016608238220214844,0,10
26,0.0023033812176436186,0.0023033618927001953,0,10
27,0.0013683992438018322,0.001368403434753418,0,10
28,0.0020225727930665016,0.00202256441116333,0,10
29,0.0019309788476675749,0.0019309758208692074,0,10
30,0.0017898662481456995,0.001789867877960205,0,10
31,0.00048137421254068613,0.0004813671112060547,0,10
32,0.0007827577064745128,0.0007827281951904297,0,10
33,0.0007360890740528703,0.0007361173629760742,0,10
34,0.0015590549446642399,0.0015590786933898926,0,10
35,0.0005078245885670185,0.0005078346584923565,0,10
38,0.0002636630670167506,0.0002636694407556206,0,10
39,0.0005301871569827199,0.0005301954224705696,0,10
40,0.0011348809348419309,0.0011348724365234375,0,10
42,0.000782903516665101,0.0007829070091247559,0,10
43,0.0007335313712246716,0.0007335543632507324,0,10
44,0.0003708272415678948,0.0003708492440637201,0,10
47,0.00027463474543765187,0.00027461504214443266,0,10
49,0.0009064056794159114,0.0009064085315912962,0,10
51,0.0002752422878984362,0.0002752542495727539,0,10
53,0.0007770080701448023,0.0007393956184387207,0,10
56,0.0001898431364679709,0.00018984079360961914,0,10
59,0.0004291993100196123,0.0004292133671697229,0,10
0,0.023432791233062744,0.02343282289803028,0,10
1,0.023745371028780937,0.02374538965523243,0,10
2,0.026098035275936127,0.026098055765032768,0,10
3,0.025327494367957115,0.025327540934085846,0,10
4,0.02710331603884697,0.027103353291749954,0,10
5,0.02270418033003807,0.022704213857650757,0,10
6,0.021417286247015,0.02141730859875679,0,10
7,0.02037135884165764,0.020371397957205772,0,10
8,0.018896559253335,0.018896590918302536,0,10
9,0.016117680817842484,0.01611771062016487,0,10
10,0.013181006535887718,0.013181045651435852,0,10
11,0.011195192113518715,0.011195210739970207,0,10
12,0.0111635597422719,0.011163596995174885,0,10
13,0.00805622711777687,0.008056243881583214,0,10
14,0.00936146266758442,0.009361488744616508,0,10
15,0.006390345748513937,0.006390370894223452,0,10
16,0.0059852609410882,0.00598528515547514,0,10
17,0.004571130499243736,0.004571150057017803,0,10
18,0.005984979216009378,0.005985005758702755,0,10
19,0.004085687920451164,0.004085718188434839,0,10
20,0.003390278434380889,0.0033903000876307487,0,10
21,0.0035600150004029274,0.0035600196570158005,0,10
22,0.002745257457718253,0.0027452707290649414,0,10
23,0.0032116195652633905,0.00321164820343256,0,10
24,0.0020167073234915733,0.0020167299080640078,0,10
25,0.0016607986763119698,0.0016608238220214844,0,10
26,0.0023033812176436186,0.0023033961188048124,0,10
27,0.0013683992438018322,0.001368403434753418,0,10
28,0.0020225727930665016,0.002022596774622798,0,10
29,0.0019309788476675749,0.001931003644131124,0,10
30,0.0017898662481456995,0.001789867877960205,0,10
31,0.00048137421254068613,0.00048138221609406173,0,10
32,0.0007827577064745128,0.0007827281951904297,0,10
33,0.0007360890740528703,0.0007361173629760742,0,10
34,0.0015590549446642399,0.0015590786933898926,0,10
35,0.0005078245885670185,0.0005078276735730469,0,10
38,0.0002636630670167506,0.0002636909484863281,0,10
39,0.0005301871569827199,0.0005301833152770996,0,10
40,0.0011348809348419309,0.0011348724365234375,0,10
42,0.000782903516665101,0.0007829070091247559,0,10
43,0.0007335313712246716,0.0007335543632507324,0,10
44,0.0003708272415678948,0.0003708004951477051,0,10
47,0.00027463474543765187,0.000274658203125,0,10
49,0.0009064056794159114,0.0009064078330993652,0,10
51,0.0002752422878984362,0.0002752542495727539,0,10
53,0.0007770080701448023,0.0007770061492919922,0,10
56,0.0001898431364679709,0.0001898414338938892,0,10
59,0.0004291993100196123,0.00042919721454381943,0,10
62,0.0004947310662828386,0.0004947185516357422,0,10
0,0.023432791233062744,0.023432817310094833,0,10
1,0.023745371028780937,0.023745384067296982,0,10
2,0.026098035275936127,0.026098059490323067,0,10
3,0.025327494367957115,0.02532752975821495,0,10
4,0.02710331603884697,0.027103355154395103,0,10
5,0.02270418033003807,0.022704219445586205,0,10
6,0.021417286247015,0.021417317911982536,0,10
7,0.02037135884165764,0.020371384918689728,0,10
8,0.018896559253335,0.018896594643592834,0,10
9,0.016117680817842484,0.01611771620810032,0,10
10,0.013181006535887718,0.013181030750274658,0,10
11,0.011195192113518715,0.011195221915841103,0,10
12,0.0111635597422719,0.01116358395665884,0,10
13,0.00805622711777687,0.008056260645389557,0,10
14,0.00936146266758442,0.009361487813293934,0,10
15,0.006390345748513937,0.006390376947820187,0,10
16,0.0059852609410882,0.005985277704894543,0,10
17,0.004571130499243736,0.004571148194372654,0,10
18,0.005984979216009378,0.005985002499073744,0,10
19,0.004085687920451164,0.004085707478225231,0,10
20,0.003390278434380889,0.0033903049770742655,0,10
21,0.0035600150004029274,0.0035600485280156136,0,10
22,0.002745257457718253,0.002745281672105193,0,10
23,0.0032116195652633905,0.0032116174697875977,0,10
24,0.0020167073234915733,0.002016723155975342,0,10
25,0.0016607986763119698,0.0016608238220214844,0,10
26,0.0023033812176436186,0.0023033826146274805,0,10
27,0.0013683992438018322,0.001368403434753418,0,10
28,0.0020225727930665016,0.00202256441116333,0,10
29,0.0019309788476675749,0.0019309913041070104,0,10
30,0.0017898662481456995,0.0017898869700729847,0,10
31,0.00048137421254068613,0.0004813873383682221,0,10
32,0.0007827577064745128,0.0007827281951904297,0,10
33,0.0007360890740528703,0.0007361173629760742,0,10
34,0.0015590549446642399,0.0015590786933898926,0,10
35,0.0005078245885670185,0.000507816846948117,0,10
38,0.0002636630670167506,0.00026368501130491495,0,10
39,0.0005301871569827199,0.0005301833152770996,0,10
40,0.0011348809348419309,0.0011348807020112872,0,10
42,0.000782903516665101,0.0007829070091247559,0,10
43,0.0007335313712246716,0.0007335538975894451,0,10
44,0.0003708272415678948,0.0003708004951477051,0,10
47,0.00027463474543765187,0.000274658203125,0,10
49,0.0009064056794159114,0.000906431523617357,0,10
51,0.0002752422878984362,0.0002752542495727539,0,10
53,0.0007770080701448023,0.0007367134094238281,0,10
56,0.0001898431364679709,0.00018982237088494003,0,10
59,0.0004291993100196123,0.0004292130470275879,0,10
62,0.0004947310662828386,0.0004947214620187879,0,10
0,0.023432791233062744,0.02343280240893364,0,10
1,0.023745371028780937,0.023745400831103325,0,10
2,0.026098035275936127,0.026098059490323067,0,10
3,0.025327494367957115,0.02532750368118286,0,10
4,0.02710331603884697,0.027103349566459656,0,10
5,0.02270418033003807,0.02270420826971531,0,10
6,0.021417286247015,0.021417325362563133,0,10
7,0.02037135884165764,0.020371390506625175,0,10
8,0.018896559253335,0.01889657974243164,0,10
9,0.016117680817842484,0.016117705032229424,0,10
10,0.013181006535887718,0.013181040994822979,0,10
11,0.011195192113518715,0.011195210739970207,0,10
12,0.0111635597422719,0.01116359606385231,0,10
13,0.00805622711777687,0.00805625505745411,0,10
14,0.00936146266758442,0.009361468255519867,0,10
15,0.006390345748513937,0.006390371825546026,0,10
16,0.0059852609410882,0.005985293537378311,0,10
17,0.004571130499243736,0.004571157973259687,0,10
18,0.005984979216009378,0.005985011346638203,0,10
19,0.004085687920451164,0.004085702821612358,0,10
20,0.003390278434380889,0.003390309400856495,0,10
21,0.0035600150004029274,0.003560048760846257,0,10
22,0.002745257457718253,0.0027452739886939526,0,10
23,0.0032116195652633905,0.0032116398215293884,0,10
24,0.0020167073234915733,0.0020166870672255754,0,10
25,0.0016607986763119698,0.0016607979778200388,0,10
26,0.0023033812176436186,0.0023033618927001953,0,10
27,0.0013683992438018322,0.001368403434753418,0,10
28,0.0020225727930665016,0.00202256441116333,0,10
29,0.0019309788476675749,0.001930949161760509,0,10
30,0.0017898662481456995,0.001789867877960205,0,10
31,0.00048137421254068613,0.0004813671112060547,0,10
32,0.0007827577064745128,0.0007827281951904297,0,10
33,0.0007360890740528703,0.0007361173629760742,0,10
34,0.0015590549446642399,0.0015590786933898926,0,10
35,0.0005078245885670185,0.0005078286048956215,0,10
38,0.0002636630670167506,0.0002636909484863281,0,10
39,0.0005301871569827199,0.0005302014178596437,0,10
40,0.0011348809348419309,0.0010447220411151648,0,10
42,0.000782903516665101,0.0007829070091247559,0,10
43,0.0007335313712246716,0.0006883539608679712,0,10
44,0.0003708272415678948,0.0003708177537191659,0,10
47,0.00027463474543765187,0.000274658203125,0,10
49,0.0009064056794159114,0.0009064078330993652,0,10
51,0.0002752422878984362,0.0002752542495727539,0,10
53,0.0007770080701448023,0.0007770061492919922,0,10
56,0.0001898431364679709,0.00018984079360961914,0,10
59,0.0004291993100196123,0.0004292130470275879,0,10
62,0.0004947310662828386,0.0004947185516357422,0,10
0,0.023432791233062744,0.02343282289803028,0,10
1,0.023745371028780937,0.023745398968458176,0,10
2,0.026098035275936127,0.026098059490323067,0,10
3,0.025327494367957115,0.025327522307634354,0,10
4,0.02710331603884697,0.027103355154395103,0,10
5,0.02270418033003807,0.022704225033521652,0,10
6,0.021417286247015,0.021417293697595596,0,10
7,0.02037135884165764,0.020371386781334877,0,10
8,0.018896559253335,0.01889657974243164,0,10
9,0.016117680817842484,0.016117706894874573,0,10
10,0.013181006535887718,0.01318103726953268,0,10
11,0.011195192113518715,0.011195218190550804,0,10
12,0.0111635597422719,0.011163579300045967,0,10
13,0.00805622711777687,0.008056255988776684,0,10
14,0.00936146266758442,0.009361496195197105,0,10
15,0.006390345748513937,0.006390358321368694,0,10
16,0.0059852609410882,0.005985298193991184,0,10
17,0.004571130499243736,0.004571139812469482,0,10
18,0.005984979216009378,0.00598500669002533,0,10
19,0.004085687920451164,0.00408569909632206,0,10
20,0.003390278434380889,0.0033903128933161497,0,10
21,0.0035600150004029274,0.0035600466653704643,0,10
22,0.002745257457718253,0.0027452795766294003,0,10
23,0.0032116195652633905,0.0032116395886987448,0,10
24,0.0020167073234915733,0.002016723155975342,0,10
25,0.0016607986763119698,0.0016608238220214844,0,10
26,0.0023033812176436186,0.0023033854085952044,0,10
27,0.0013683992438018322,0.001368403434753418,0,10
28,0.0020225727930665016,0.00202256441116333,0,10
29,0.0019309788476675749,0.0019309520721435547,0,10
30,0.0017898662481456995,0.001789842383004725,0,10
31,0.00048137421254068613,0.0004813671112060547,0,10
32,0.0007827577064745128,0.0007827540975995362,0,10
33,0.0007360890740528703,0.0007361018797382712,0,10
34,0.0015590549446642399,0.0015590786933898926,0,10
35,0.0005078245885670185,0.0005078315734863281,0,10
38,0.0002636630670167506,0.0002636909484863281,0,10
39,0.0005301871569827199,0.0005301947239786386,0,10
40,0.0011348809348419309,0.0011348724365234375,0,10
42,0.000782903516665101,0.0007768869400024414,0,10
43,0.0007335313712246716,0.0007335040136240423,0,10
44,0.0003708272415678948,0.0003708383592311293,0,10
47,0.00027463474543765187,0.000274658203125,0,10
49,0.0009064056794159114,0.0009064078330993652,0,10
51,0.0002752422878984362,0.00027525777113623917,0,10
53,0.0007770080701448023,0.0007770061492919922,0,10
56,0.0001898431364679709,0.00017774105072021484,0,10
59,0.0004291993100196123,0.0004292130470275879,0,10
62,0.0004947310662828386,0.0004947185516357422,0,10
65,4.407260348671116e-05,4.409900066093542e-05,0,10
0,0.023432791233062744,0.023432811722159386,0,10
1,0.023745371028780937,0.023745397105813026,0,10
2,0.026098035275936127,0.02609805203974247,0,10
3,0.025327494367957115,0.0253275316208601,0,10
4,0.02710331603884697,0.027103368192911148,0,10
5,0.02270418033003807,0.022704200819134712,0,10
6,0.021417286247015,0.021417316049337387,0,10
7,0.02037135884165764,0.020371390506625175,0,10
8,0.018896559253335,0.01889660209417343,0,10
9,0.016117680817842484,0.01611771248281002,0,10
10,0.013181006535887718,0.013181033544242382,0,10
11,0.011195192113518715,0.011195214465260506,0,10
12,0.0111635597422719,0.011163582094013691,0,10
13,0.00805622711777687,0.008056242018938065,0,10
14,0.00936146266758442,0.009361494332551956,0,10
15,0.006390345748513937,0.006390375550836325,0,10
16,0.0059852609410882,0.005985288415104151,0,10
17,0.004571130499243736,0.0045711575075984,0,10
18,0.005984979216009378,0.005985005293041468,0,10
19,0.004085687920451164,0.004085713066160679,0,10
20,0.003390278434380889,0.003390308702364564,0,10
21,0.0035600150004029274,0.0035600389819592237,0,10
22,0.002745257457718253,0.0027452781796455383,0,10
23,0.0032116195652633905,0.003211638191714883,0,10
24,0.0020167073234915733,0.002016704063862562,0,10
25,0.0016607986763119698,0.0016608238220214844,0,10
26,0.0023033812176436186,0.002303388435393572,0,10
27,0.0013683992438018322,0.001368403434753418,0,10
28,0.0020225727930665016,0.0020226016640663147,0,10
29,0.0019309788476675749,0.0019309663912281394,0,10
30,0.0017898662481456995,0.001789867877960205,0,10
31,0.00048137421254068613,0.0004813671112060547,0,10
32,0.0007827577064745128,0.0007827281951904297,0,10
33,0.0007360890740528703,0.0007361173629760742,0,10
34,0.0015590549446642399,0.001559063559398055,0,10
35,0.0005078245885670185,0.0005078330868855119,0,10
38,0.0002636630670167506,0.0002636909484863281,0,10
39,0.0005301871569827199,0.0005301890196278691,0,10
40,0.0011348809348419309,0.0011348724365234375,0,10
42,0.000782903516665101,0.0007829146925359964,0,10
43,0.0007335313712246716,0.0007335543632507324,0,10
44,0.0003708272415678948,0.0003708398435264826,0,10
47,0.00027463474543765187,0.00027465575840324163,0,10
49,0.0009064056794159114,0.0009064078330993652,0,10
51,0.0002752422878984362,0.0002752542495727539,0,10
53,0.0007770080701448023,0.0007770061492919922,0,10
56,0.0001898431364679709,0.00018985383212566376,0,10
59,0.0004291993100196123,0.0004278478736523539,0,10
62,0.0004947310662828386,0.0004947185516357422,0,10
65,4.407260348671116e-05,4.1565104766050354e-05,0,10
0,0.023432791233062744,0.023432821035385132,0,10
1,0.023745371028780937,0.023745378479361534,0,10
2,0.026098035275936127,0.026098059490323067,0,10
3,0.025327494367957115,0.025327524170279503,0,10
4,0.02710331603884697,0.027103358879685402,0,10
5,0.02270418033003807,0.022704225033521652,0,10
6,0.021417286247015,0.021417303010821342,0,10
7,0.02037135884165764,0.020371366292238235,0,10
8,0.018896559253335,0.01889657974243164,0,10
9,0.016117680817842484,0.01611769199371338,0,10
10,0.013181006535887718,0.013181038200855255,0,10
11,0.011195192113518715,0.01119521725922823,0,10
12,0.0111635597422719,0.011163591407239437,0,10
13,0.00805622711777687,0.008056256920099258,0,10
14,0.00936146266758442,0.009361492469906807,0,10
15,0.006390345748513937,0.006390379276126623,0,10
16,0.0059852609410882,0.005985294468700886,0,10
17,0.004571130499243736,0.004571150988340378,0,10
18,0.005984979216009378,0.005985025782138109,0,10
19,0.004085687920451164,0.004085711669176817,0,10
20,0.003390278434380889,0.003390310099348426,0,10
21,0.0035600150004029274,0.0035600364208221436,0,10
22,0.002745257457718253,0.002745286328718066,0,10
23,0.0032116195652633905,0.0032116523943841457,0,10
24,0.0020167073234915733,0.002016723155975342,0,10
25,0.0016607986763119698,0.0016608238220214844,0,10
26,0.0023033812176436186,0.0023033618927001953,0,10
27,0.0013683992438018322,0.001368403434753418,0,10
28,0.0020225727930665016,0.00202256441116333,0,10
29,0.0019309788476675749,0.0019310024799779058,0,10
30,0.0017898662481456995,0.0017898713704198599,0,10
31,0.00048137421254068613,0.0004813671112060547,0,10
32,0.0007827577064745128,0.0007827331428416073,0,10
33,0.0007360890740528703,0.0007361173629760742,0,10
34,0.0015590549446642399,0.0015590786933898926,0,10
35,0.0005078245885670185,0.0005078315734863281,0,10
38,0.0002636630670167506,0.0002636922581586987,0,10
39,0.0005301871569827199,0.0005302097415551543,0,10
40,0.0011348809348419309,0.0011348724365234375,0,10
42,0.000782903516665101,0.0007829070091247559,0,10
43,0.0007335313712246716,0.0007335357367992401,0,10
44,0.0003708272415678948,0.0003708004951477051,0,10
47,0.00027463474543765187,0.0002746611717157066,0,10
49,0.0009064056794159114,0.0009064316982403398,0,10
51,0.0002752422878984362,0.0002752542495727539,0,10
53,0.0007770080701448023,0.0007770227966830134,0,10
56,0.0001898431364679709,0.0001898613991215825,0,10
59,0.0004291993100196123,0.0004292130470275879,0,10
62,0.0004947310662828386,0.0004947574925608933,0,10
65,4.407260348671116e-05,4.40401527157519e-05,0,10
0,0.023432791233062744,0.023432817310094833,0,10
1,0.023745371028780937,0.02374538965523243,0,10
2,0.026098035275936127,0.02609807811677456,0,10
3,0.025327494367957115,0.02532750926911831,0,10
4,0.02710331603884697,0.027103357017040253,0,10
5,0.02270418033003807,0.022704225033521652,0,10
6,0.021417286247015,0.02141733095049858,0,10
7,0.02037135884165764,0.020371388643980026,0,10
8,0.018896559253335,0.018896600231528282,0,10
9,0.016117680817842484,0.016117699444293976,0,10
10,0.013181006535887718,0.013181023299694061,0,10
11,0.011195192113518715,0.011195222847163677,0,10
12,0.0111635597422719,0.011163577437400818,0,10
13,0.00805622711777687,0.00805624108761549,0,10
14,0.00936146266758442,0.00936149712651968,0,10
15,0.006390345748513937,0.006390370428562164,0,10
16,0.0059852609410882,0.005985298193991184,0,10
17,0.004571130499243736,0.004571150057017803,0,10
18,0.005984979216009378,0.005985007621347904,0,10
19,0.004085687920451164,0.004085723776370287,0,10
20,0.003390278434380889,0.0033903000876307487,0,10
21,0.0035600150004029274,0.0035600243136286736,0,10
22,0.002745257457718253,0.002745275851339102,0,10
23,0.0032116195652633905,0.0032116465736180544,0,10
24,0.0020167073234915733,0.002016723155975342,0,10
25,0.0016607986763119698,0.0016608238220214844,0,10
26,0.0023033812176436186,0.0023033618927001953,0,10
27,0.0013683992438018322,0.001368403434753418,0,10
28,0.0020225727930665016,0.00202256441116333,0,10
29,0.0019309788476675749,0.0019309520721435547,0,10
30,0.0017898662481456995,0.001789867877960205,0,10
31,0.00048137421254068613,0.00048139519640244544,0,10
32,0.0007827577064745128,0.0007827854715287685,0,10
33,0.0007360890740528703,0.0007360670133493841,0,10
34,0.0015590549446642399,0.0015590786933898926,0,10
35,0.0005078245885670185,0.0005078315734863281,0,10
38,0.0002636630670167506,0.0002636909484863281,0,10
39,0.0005301871569827199,0.0005301833152770996,0,10
40,0.0011348809348419309,0.0011348871048539877,0,10
42,0.000782903516665101,0.0007829070091247559,0,10
43,0.0007335313712246716,0.0007335543632507324,0,10
44,0.0003708272415678948,0.0003708188596647233,0,10
47,0.00027463474543765187,0.000274658203125,0,10
49,0.0009064056794159114,0.00090643425937742,0,10
51,0.0002752422878984362,0.0002752609725575894,0,10
53,0.0007770080701448023,0.0007770061492919922,0,10
56,0.0001898431364679709,0.00018984079360961914,0,10
59,0.0004291993100196123,0.0004292130470275879,0,10
62,0.0004947310662828386,0.0004947320558130741,0,10
65,4.407260348671116e-05,4.404783248901367e-05,0,10
0,0.023432791233062744,0.023432796820998192,0,10
1,0.023745371028780937,0.02374538965523243,0,10
2,0.026098035275936127,0.026098066940903664,0,10
3,0.025327494367957115,0.025327537208795547,0,10
4,0.02710331603884697,0.027103347703814507,0,10
5,0.02270418033003807,0.022704225033521652,0,10
6,0.021417286247015,0.02141731232404709,0,10
7,0.02037135884165764,0.02037140168249607,0,10
8,0.018896559253335,0.018896596506237984,0,10
9,0.016117680817842484,0.016117706894874573,0,10
10,0.013181006535887718,0.013181034475564957,0,10
11,0.011195192113518715,0.01119521725922823,0,10
12,0.0111635597422719,0.011163586750626564,0,10
13,0.00805622711777687,0.008056254126131535,0,10
14,0.00936146266758442,0.00936148688197136,0,10
15,0.006390345748513937,0.006390380673110485,0,10
16,0.0059852609410882,0.0059852758422493935,0,10
17,0.004571130499243736,0.004571160301566124,0,10
18,0.005984979216009378,0.005985002499073744,0,10
19,0.004085687920451164,0.004085707478225231,0,10
20,0.003390278434380889,0.003390304744243622,0,10
21,0.0035600150004029274,0.0035600524861365557,0,10
22,0.002745257457718253,0.002745280275121331,0,10
23,0.0032116195652633905,0.0032116174697875977,0,10
24,0.0020167073234915733,0.002016723155975342,0,10
25,0.0016607986763119698,0.0016608238220214844,0,10
26,0.0023033812176436186,0.0023034042678773403,0,10
27,0.0013683992438018322,0.0013684106525033712,0,10
28,0.0020225727930665016,0.002022575819864869,0,10
29,0.0019309788476675749,0.0019309520721435547,0,10
30,0.0017898662481456995,0.001789867877960205,0,10
31,0.00048137421254068613,0.00048136734403669834,0,10
32,0.0007827577064745128,0.0007827667868696153,0,10
33,0.0007360890740528703,0.0007361182942986488,0,10
34,0.0015590549446642399,0.0015590786933898926,0,10
35,0.0005078245885670185,0.0005078079411759973,0,10
38,0.0002636630670167506,0.0002636909484863281,0,10
39,0.0005301871569827199,0.0005301833152770996,0,10
40,0.0011348809348419309,0.0011348716216161847,0,10
42,0.000782903516665101,0.0007124774274416268,0,10
43,0.0007335313712246716,0.0007335570990107954,0,10
44,0.0003708272415678948,0.00037086030351929367,0,10
47,0.00027463474543765187,0.000274658203125,0,10
49,0.0009064056794159114,0.0009064078330993652,0,10
51,0.0002752422878984362,0.00027526350459083915,0,10
53,0.0007770080701448023,0.0007587884902022779,0,10
56,0.0001898431364679709,0.00018984079360961914,0,10
59,0.0004291993100196123,0.0004292130470275879,0,10
62,0.0004947310662828386,0.0004947185516357422,0,10
65,4.407260348671116e-05,4.40956573584117e-05,0,10
69,0.0002957913966383785,0.00029581785202026367,0,10
0,0.023432791233062744,0.02343280427157879,0,10
1,0.023745371028780937,0.023745398968458176,0,10
2,0.026098035275936127,0.026098059490323067,0,10
3,0.025327494367957115,0.025327544659376144,0,10
4,0.02710331603884697,0.027103343978524208,0,10
5,0.02270418033003807,0.022704211995005608,0,10
6,0.021417286247015,0.021417293697595596,0,10
7,0.02037135884165764,0.02037140354514122,0,10
8,0.018896559253335,0.018896587193012238,0,10
9,0.016117680817842484,0.016117719933390617,0,10
10,0.013181006535887718,0.013181043788790703,0,10
11,0.011195192113518715,0.011195221915841103,0,10
12,0.0111635597422719,0.011163588613271713,0,10
13,0.00805622711777687,0.008056257851421833,0,10
14,0.00936146266758442,0.009361484088003635,0,10
15,0.006390345748513937,0.006390377879142761,0,10
16,0.0059852609410882,0.005985281430184841,0,10
17,0.004571130499243736,0.004571164026856422,0,10
18,0.005984979216009378,0.0059850141406059265,0,10
19,0.004085687920451164,0.004085714463144541,0,10
20,0.003390278434380889,0.0033903063740581274,0,10
21,0.0035600150004029274,0.0035600117407739162,0,10
22,0.002745257457718253,0.0027452707290649414,0,10
23,0.0032116195652633905,0.003211619332432747,0,10
24,0.0020167073234915733,0.002016723155975342,0,10
25,0.0016607986763119698,0.0016608238220214844,0,10
26,0.0023033812176436186,0.0023033739998936653,0,10
27,0.0013683992438018322,0.001368403434753418,0,10
28,0.0020225727930665016,0.00202256441116333,0,10
29,0.0019309788476675749,0.0019309520721435547,0,10
30,0.0017898662481456995,0.001789867877960205,0,10
31,0.00048137421254068613,0.00048137668636627495,0,10
32,0.0007827577064745128,0.0007827281951904297,0,10
33,0.0007360890740528703,0.0007361173629760742,0,10
34,0.0015590549446642399,0.0015456676483154297,0,10
35,0.0005078245885670185,0.0005078315734863281,0,10
38,0.0002636630670167506,0.0002636578574310988,0,10
39,0.0005301871569827199,0.0005301833152770996,0,10
40,0.0011348809348419309,0.0011348724365234375,0,10
42,0.000782903516665101,0.0007829070091247559,0,10
43,0.0007335313712246716,0.0007335543632507324,0,10
44,0.0003708272415678948,0.0003708004951477051,0,10
47,0.00027463474543765187,0.000274658203125,0,10
49,0.0009064056794159114,0.0009064078330993652,0,10
51,0.0002752422878984362,0.00027525221230462193,0,10
53,0.0007770080701448023,0.0007770287338644266,0,10
56,0.0001898431364679709,0.00018984079360961914,0,10
59,0.0004291993100196123,0.0004292130470275879,0,10
62,0.0004947310662828386,0.000494727399200201,0,10
65,4.407260348671116e-05,4.404783248901367e-05,0,10
69,0.0002957913966383785,0.00029581785202026367,0,10
0,0.023432791233062744,0.02343282476067543,0,10
1,0.023745371028780937,0.02374541014432907,0,10
2,0.026098035275936127,0.026098044589161873,0,10
3,0.025327494367957115,0.025327524170279503,0,10
4,0.02710331603884697,0.02710336074233055,0,10
5,0.02270418033003807,0.022704211995005608,0,10
6,0.021417286247015,0.021417325362563133,0,10
7,0.02037135884165764,0.020371394231915474,0,10
8,0.018896559253335,0.018896598368883133,0,10
9,0.016117680817842484,0.016117708757519722,0,10
10,0.013181006535887718,0.013181034475564957,0,10
11,0.011195192113518715,0.011195222847163677,0,10
12,0.0111635597422719,0.011163574643433094,0,10
13,0.00805622711777687,0.008056259714066982,0,10
14,0.00936146266758442,0.009361491538584232,0,10
15,0.006390345748513937,0.006390371825546026,0,10
16,0.0059852609410882,0.005985294934362173,0,10
17,0.004571130499243736,0.004571164026856422,0,10
18,0.005984979216009378,0.005985001102089882,0,10
19,0.004085687920451164,0.0040857200510799885,0,10
20,0.003390278434380889,0.0033902828581631184,0,10
21,0.0035600150004029274,0.0035600292030721903,0,10
22,0.002745257457718253,0.0027452707290649414,0,10
23,0.0032116195652633905,0.0032116484362632036,0,10
24,0.0020167073234915733,0.0020167354959994555,0,10
25,0.0016607986763119698,0.0016608238220214844,0,10
26,0.0023033812176436186,0.0023034007754176855,0,10
27,0.0013683992438018322,0.0013684150762856007,0,10
28,0.0020225727930665016,0.00202256441116333,0,10
29,0.0019309788476675749,0.0019309634808450937,0,10
30,0.0017898662481456995,0.001789867877960205,0,10
31,0.00048137421254068613,0.0004813671112060547,0,10
32,0.0007827577064745128,0.0007827540393918753,0,10
33,0.0007360890740528703,0.0007361173629760742,0,10
34,0.0015590549446642399,0.0015590786933898926,0,10
35,0.0005078245885670185,0.0005078315734863281,0,10
38,0.0002636630670167506,0.0002636909484863281,0,10
39,0.0005301871569827199,0.0005301833152770996,0,10
40,0.0011348809348419309,0.001134886289946735,0,10
42,0.000782903516665101,0.0007829070091247559,0,10
43,0.0007335313712246716,0.0007335543632507324,0,10
44,0.0003708272415678948,0.0003708004951477051,0,10
47,0.00027463474543765187,0.000274658203125,0,10
49,0.0009064056794159114,0.0009064078330993652,0,10
51,0.0002752422878984362,0.0002752542495727539,0,10
53,0.0007770080701448023,0.0007770158699713647,0,10
56,0.0001898431364679709,0.00018984079360961914,0,10
59,0.0004291993100196123,0.0004292130470275879,0,10
62,0.0004947310662828386,0.0004947258858010173,0,10
65,4.407260348671116e-05,4.405251092975959e-05,0,10
69,0.0002957913966383785,0.00029581785202026367,0,10
0,0.023432791233062744,0.02343282848596573,0,10
1,0.023745371028780937,0.023745380342006683,0,10
2,0.026098035275936127,0.026098070666193962,0,10
3,0.025327494367957115,0.025327516719698906,0,10
4,0.02710331603884697,0.02710333652794361,0,10
5,0.02270418033003807,0.0227042343467474,0,10
6,0.021417286247015,0.02141730859875679,0,10
7,0.02037135884165764,0.020371390506625175,0,10
8,0.018896559253335,0.01889657974243164,0,10
9,0.016117680817842484,0.01611771248281002,0,10
10,0.013181006535887718,0.013181036338210106,0,10
11,0.011195192113518715,0.011195219121873379,0,10
12,0.0111635597422719,0.011163590475916862,0,10
13,0.00805622711777687,0.008056258782744408,0,10
14,0.00936146266758442,0.009361498057842255,0,10
15,0.006390345748513937,0.006390371825546026,0,10
16,0.0059852609410882,0.005985270719975233,0,10
17,0.004571130499243736,0.004571150057017803,0,10
18,0.005984979216009378,0.005985013209283352,0,10
19,0.004085687920451164,0.004085715394467115,0,10
20,0.003390278434380889,0.003390297759324312,0,10
21,0.0035600150004029274,0.0035600150004029274,0,10
22,0.002745257457718253,0.0027452842332422733,0,10
23,0.0032116195652633905,0.0032116244547069073,0,10
24,0.0020167073234915733,0.0020167140755802393,0,10
25,0.0016607986763119698,0.0016608238220214844,0,10
26,0.0023033812176436186,0.0023033965844660997,0,10
27,0.0013683992438018322,0.0013684203149750829,0,10
28,0.0020225727930665016,0.00202256441116333,0,10
29,0.0019309788476675749,0.0019309520721435547,0,10
30,0.0017898662481456995,0.001789867877960205,0,10
31,0.00048137421254068613,0.0004813671112060547,0,10
32,0.0007827577064745128,0.0007827455410733819,0,10
33,0.0007360890740528703,0.0007361173629760742,0,10
34,0.0015590549446642399,0.0015590786933898926,0,10
35,0.0005078245885670185,0.0005078315734863281,0,10
38,0.0002636630670167506,0.0002636909484863281,0,10
39,0.0005301871569827199,0.0005301833152770996,0,10
40,0.0011348809348419309,0.0011349004926159978,0,10
42,0.000782903516665101,0.0007829070091247559,0,10
43,0.0007335313712246716,0.0007335543632507324,0,10
44,0.0003708272415678948,0.0003708551521413028,0,10
47,0.00027463474543765187,0.000274658203125,0,10
49,0.0009064056794159114,0.0009064080659300089,0,10
51,0.0002752422878984362,0.0002752542495727539,0,10
53,0.0007770080701448023,0.0007419610628858209,0,10
56,0.0001898431364679709,0.00018984079360961914,0,10
59,0.0004291993100196123,0.0004292130470275879,0,10
62,0.0004947310662828386,0.0004947185516357422,0,10
65,4.407260348671116e-05,4.404783248901367e-05,0,10
69,0.0002957913966383785,0.00029581785202026367,0,10
0,0.023432791233062744,0.02343280240893364,0,10
1,0.023745371028780937,0.023745393380522728,0,10
2,0.026098035275936127,0.02609805390238762,0,10
3,0.025327494367957115,0.025327539071440697,0,10
4,0.02710331603884697,0.02710336446762085,0,10
5,0.02270418033003807,0.02270421013236046,0,10
6,0.021417286247015,0.021417297422885895,0,10
7,0.02037135884165764,0.02037138305604458,0,10
8,0.018896559253335,0.018896590918302536,0,10
9,0.016117680817842484,0.016117723658680916,0,10
10,0.013181006535887718,0.013181040063500404,0,10
11,0.011195192113518715,0.011195210739970207,0,10
12,0.0111635597422719,0.011163579300045967,0,10
13,0.00805622711777687,0.008056249469518661,0,10
14,0.00936146266758442,0.009361478500068188,0,10
15,0.006390345748513937,0.006390363443642855,0,10
16,0.0059852609410882,0.005985265597701073,0,10
17,0.004571130499243736,0.0045711565762758255,0,10
18,0.005984979216009378,0.00598500669002533,0,10
19,0.004085687920451164,0.004085705149918795,0,10
20,0.003390278434380889,0.003390305442735553,0,10
21,0.0035600150004029274,0.0035600143019109964,0,10
22,0.002745257457718253,0.0027452707290649414,0,10
23,0.0032116195652633905,0.0032116312067955732,0,10
24,0.0020167073234915733,0.002016723155975342,0,10
25,0.0016607986763119698,0.0016608238220214844,0,10
26,0.0023033812176436186,0.002303363988175988,0,10
27,0.0013683992438018322,0.001368403434753418,0,10
28,0.0020225727930665016,0.00202256441116333,0,10
29,0.0019309788476675749,0.0019309779163450003,0,10
30,0.0017898662481456995,0.0017898818477988243,0,10
31,0.00048137421254068613,0.00048135340330190957,0,10
32,0.0007827577064745128,0.0007827281951904297,0,10
33,0.0007360890740528703,0.0007361173629760742,0,10
34,0.0015590549446642399,0.0015590786933898926,0,10
35,0.0005078245885670185,0.000497367000207305,0,10
38,0.0002636630670167506,0.0002636909484863281,0,10
39,0.0005301871569827199,0.0005301748751662672,0,10
40,0.0011348809348419309,0.0011348724365234375,0,10
42,0.000782903516665101,0.0007829269161447883,0,10
43,0.0007335313712246716,0.0007335543632507324,0,10
44,0.0003708272415678948,0.0003708004951477051,0,10
47,0.00027463474543765187,0.000274658203125,0,10
49,0.0009064056794159114,0.0009064276819117367,0,10
51,0.0002752422878984362,0.00027526478515937924,0,10
53,0.0007770080701448023,0.0007770018419250846,0,10
56,0.0001898431364679709,0.00018984079360961914,0,10
59,0.0004291993100196123,0.0004292130470275879,0,10
62,0.0004947310662828386,0.0004947185516357422,0,10
65,4.407260348671116e-05,4.404783248901367e-05,0,10
69,0.0002957913966383785,0.00028514862060546875,0,10
0,0.023432791233062744,0.02343282289803028,0,10
1,0.023745371028780937,0.02374539151787758,0,10
2,0.026098035275936127,0.02609804831445217,0,10
3,0.025327494367957115,0.0253275316208601,0,10
4,0.02710331603884697,0.027103332802653313,0,10
5,0.02270418033003807,0.022704217582941055,0,10
6,0.021417286247015,0.021417327225208282,0,10
7,0.02037135884165764,0.02037137933075428,0,10
8,0.018896559253335,0.018896590918302536,0,10
9,0.016117680817842484,0.01611769199371338,0,10
10,0.013181006535887718,0.013181030750274658,0,10
11,0.011195192113518715,0.011195206083357334,0,10
12,0.0111635597422719,0.011163591407239437,0,10
13,0.00805622711777687,0.008056259714066982,0,10
14,0.00936146266758442,0.009361487813293934,0,10
15,0.006390345748513937,0.006390371359884739,0,10
16,0.0059852609410882,0.005985300522297621,0,10
17,0.004571130499243736,0.004571146331727505,0,10
18,0.005984979216009378,0.005985002499073744,0,10
19,0.004085687920451164,0.004085717722773552,0,10
20,0.003390278434380889,0.003390298690646887,0,10
21,0.0035600150004029274,0.003560020122677088,0,10
22,0.002745257457718253,0.0027452707290649414,0,10
23,0.0032116195652633905,0.0032116444781422615,0,10
24,0.0020167073234915733,0.002016731770709157,0,10
25,0.0016607986763119698,0.0016608238220214844,0,10
26,0.0023033812176436186,0.0023034189362078905,0,10
27,0.0013683992438018322,0.001368408091366291,0,10
28,0.0020225727930665016,0.00202256441116333,0,10
29,0.0019309788476675749,0.0019309520721435547,0,10
30,0.0017898662481456995,0.001789867877960205,0,10
31,0.00048137421254068613,0.0004813671112060547,0,10
32,0.0007827577064745128,0.0007827281951904297,0,10
33,0.0007360890740528703,0.0007361063617281616,0,10
34,0.0015590549446642399,0.0015590786933898926,0,10
35,0.0005078245885670185,0.0005078315734863281,0,10
38,0.0002636630670167506,0.0002636653953231871,0,10
39,0.0005301871569827199,0.0005301833152770996,0,10
40,0.0011348809348419309,0.0011348724365234375,0,10
42,0.000782903516665101,0.0007829070091247559,0,10
43,0.0007335313712246716,0.0007335556438192725,0,10
44,0.0003708272415678948,0.0003708004951477051,0,10
47,0.00027463474543765187,0.000274658203125,0,10
49,0.0009064056794159114,0.000906428205780685,0,10
51,0.0002752422878984362,0.0002752542495727539,0,10
53,0.0007770080701448023,0.0007770061492919922,0,10
56,0.0001898431364679709,0.00018984079360961914,0,10
59,0.0004291993100196123,0.00042919060797430575,0,10
62,0.0004947310662828386,0.0004947378183715045,0,10
65,4.407260348671116e-05,4.404783248901367e-05,0,10
69,0.0002957913966383785,0.00029581785202026367,0,10
74,0.0002708536048885435,0.000270843505859375,0,10
0,0.023432791233062744,0.023432809859514236,0,10
1,0.023745371028780937,0.023745395243167877,0,10
2,0.026098035275936127,0.02609805203974247,0,10
3,0.025327494367957115,0.025327522307634354,0,10
4,0.02710331603884697,0.027103343978524208,0,10
5,0.02270418033003807,0.02270420826971531,0,10
6,0.021417286247015,0.02141733653843403,0,10
7,0.02037135884165764,0.020371384918689728,0,10
8,0.018896559253335,0.01889658346772194,0,10
9,0.016117680817842484,0.016117708757519722,0,10
10,0.013181006535887718,0.013181053102016449,0,10
11,0.011195192113518715,0.011195220053195953,0,10
12,0.0111635597422719,0.011163564398884773,0,10
13,0.00805622711777687,0.008056254126131535,0,10
14,0.00936146266758442,0.009361482225358486,0,10
15,0.006390345748513937,0.006390375550836325,0,10
16,0.0059852609410882,0.005985271651297808,0,10
17,0.004571130499243736,0.004571153316646814,0,10
18,0.005984979216009378,0.00598501181229949,0,10
19,0.004085687920451164,0.004085721913725138,0,10
20,0.003390278434380889,0.0033902868162840605,0,10
21,0.0035600150004029274,0.0035600499249994755,0,10
22,0.002745257457718253,0.0027452707290649414,0,10
23,0.0032116195652633905,0.003211621893569827,0,10
24,0.0020167073234915733,0.002016723155975342,0,10
25,0.0016607986763119698,0.0016608238220214844,0,10
26,0.0023033812176436186,0.0023033793549984694,0,10
27,0.0013683992438018322,0.001368403434753418,0,10
28,0.0020225727930665016,0.00202256441116333,0,10
29,0.0019309788476675749,0.0019309748895466328,0,10
30,0.0017898662481456995,0.001789867877960205,0,10
31,0.00048137421254068613,0.0004813846608158201,0,10
32,0.0007827577064745128,0.0007827281951904297,0,10
33,0.0007360890740528703,0.0007361173629760742,0,10
34,0.0015590549446642399,0.0015590786933898926,0,10
35,0.0005078245885670185,0.0005078315734863281,0,10
38,0.0002636630670167506,0.00026367217651568353,0,10
39,0.0005301871569827199,0.0004990128218196332,0,10
40,0.0011348809348419309,0.0011348724365234375,0,10
42,0.000782903516665101,0.0007829070091247559,0,10
43,0.0007335313712246716,0.0007335543632507324,0,10
44,0.0003708272415678948,0.00037079915637150407,0,10
47,0.00027463474543765187,0.00027465596213005483,0,10
49,0.0009064056794159114,0.0009064078330993652,0,10
51,0.0002752422878984362,0.0002752542495727539,0,10
53,0.0007770080701448023,0.0007770061492919922,0,10
56,0.0001898431364679709,0.00018984079360961914,0,10
59,0.0004291993100196123,0.0004292130470275879,0,10
62,0.0004947310662828386,0.000494745618198067,0,10
65,4.407260348671116e-05,4.023313522338867e-05,0,10
69,0.0002957913966383785,0.00029578947578556836,0,10
74,0.0002708536048885435,0.000270843505859375,0,10
0,0.023432791233062744,0.023432813584804535,0,10
1,0.023745371028780937,0.02374539151787758,0,10
2,0.026098035275936127,0.026098059490323067,0,10
3,0.025327494367957115,0.025327520444989204,0,10
4,0.02710331603884697,0.027103357017040253,0,10
5,0.02270418033003807,0.022704211995005608,0,10
6,0.021417286247015,0.021417317911982536,0,10
7,0.02037135884165764,0.02037138305604458,0,10
8,0.018896559253335,0.018896589055657387,0,10
9,0.016117680817842484,0.01611771434545517,0,10
10,0.013181006535887718,0.013181019574403763,0,10
11,0.011195192113518715,0.011195207014679909,0,10
12,0.0111635597422719,0.011163588613271713,0,10
13,0.00805622711777687,0.008056255988776684,0,10
14,0.00936146266758442,0.009361490607261658,0,10
15,0.006390345748513937,0.006390382070094347,0,10
16,0.0059852609410882,0.005985282827168703,0,10
17,0.004571130499243736,0.004571143537759781,0,10
18,0.005984979216009378,0.005985007621347904,0,10
19,0.004085687920451164,0.004085713066160679,0,10
20,0.003390278434380889,0.0033903063740581274,0,10
21,0.0035600150004029274,0.003560037584975362,0,10
22,0.002745257457718253,0.002745274920016527,0,10
23,0.0032116195652633905,0.0032116491347551346,0,10
24,0.0020167073234915733,0.002016723155975342,0,10
25,0.0016607986763119698,0.0016608238220214844,0,10
26,0.0023033812176436186,0.002303374232724309,0,10
27,0.0013683992438018322,0.001368403434753418,0,10
28,0.0020225727930665016,0.0020225949119776487,0,10
29,0.0019309788476675749,0.0019309974741190672,0,10
30,0.0017898662481456995,0.001789867877960205,0,10
31,0.00048137421254068613,0.0004813671112060547,0,10
32,0.0007827577064745128,0.0007827281951904297,0,10
33,0.0007360890740528703,0.0007361173629760742,0,10
34,0.0015590549446642399,0.0015590786933898926,0,10
35,0.0005078245885670185,0.0005078315734863281,0,10
38,0.0002636630670167506,0.0002636909484863281,0,10
39,0.0005301871569827199,0.0005301833152770996,0,10
40,0.0011348809348419309,0.0011348724365234375,0,10
42,0.000782903516665101,0.0007829243550077081,0,10
43,0.0007335313712246716,0.0007335543632507324,0,10
44,0.0003708272415678948,0.0003708004951477051,0,10
47,0.00027463474543765187,0.000274658203125,0,10
49,0.0009064056794159114,0.0009064078330993652,0,10
51,0.0002752422878984362,0.0002752542495727539,0,10
53,0.0007770080701448023,0.0007770061492919922,0,10
56,0.0001898431364679709,0.00018984079360961914,0,10
59,0.0004291993100196123,0.00042918475810438395,0,10
62,0.0004947310662828386,0.0004947185516357422,0,10
65,4.407260348671116e-05,4.405732033774257e-05,0,10
69,0.0002957913966383785,0.00029581785202026367,0,10
74,0.0002708536048885435,0.000270843505859375,0,10
0,0.023432791233062744,0.023432811722159386,0,10
1,0.023745371028780937,0.023745384067296982,0,10
2,0.026098035275936127,0.026098061352968216,0,10
3,0.025327494367957115,0.025327524170279503,0,10
4,0.02710331603884697,0.027103355154395103,0,10
5,0.02270418033003807,0.022704213857650757,0,10
6,0.021417286247015,0.021417295560240746,0,10
7,0.02037135884165764,0.020371384918689728,0,10
8,0.018896559253335,0.01889660581946373,0,10
9,0.016117680817842484,0.016117703169584274,0,10
10,0.013181006535887718,0.013181050308048725,0,10
11,0.011195192113518715,0.011195210739970207,0,10
12,0.0111635597422719,0.011163584887981415,0,10
13,0.00805622711777687,0.008056255988776684,0,10
14,0.00936146266758442,0.009361484088003635,0,10
15,0.006390345748513937,0.006390356924384832,0,10
16,0.0059852609410882,0.005985294934362173,0,10
17,0.004571130499243736,0.004571161698549986,0,10
18,0.005984979216009378,0.0059850020334124565,0,10
19,0.004085687920451164,0.004085700027644634,0,10
20,0.003390278434380889,0.003390296595171094,0,10
21,0.0035600150004029274,0.003560051554813981,0,10
22,0.002745257457718253,0.002745280275121331,0,10
23,0.0032116195652633905,0.0032116174697875977,0,10
24,0.0020167073234915733,0.0020167294424027205,0,10
25,0.0016607986763119698,0.0016608238220214844,0,10
26,0.0023033812176436186,0.0023033618927001953,0,10
27,0.0013683992438018322,0.001368403434753418,0,10
28,0.0020225727930665016,0.00202256441116333,0,10
29,0.0019309788476675749,0.0019309994531795382,0,10
30,0.0017898662481456995,0.001789867877960205,0,10
31,0.00048137421254068613,0.0004813495615962893,0,10
32,0.0007827577064745128,0.0007827281951904297,0,10
33,0.0007360890740528703,0.0007361173629760742,0,10
34,0.0015590549446642399,0.0015590786933898926,0,10
35,0.0005078245885670185,0.0005078542744740844,0,10
38,0.0002636630670167506,0.0002636909484863281,0,10
39,0.0005301871569827199,0.000530198507476598,0,10
40,0.0011348809348419309,0.0011348724365234375,0,10
42,0.000782903516665101,0.0007829070091247559,0,10
43,0.0007335313712246716,0.0007335543632507324,0,10
44,0.0003708272415678948,0.00037084537325426936,0,10
47,0.00027463474543765187,0.0002746662648860365,0,10
49,0.0009064056794159114,0.0009064078330993652,0,10
51,0.0002752422878984362,0.0002752542495727539,0,10
53,0.0007770080701448023,0.0007770188385620713,0,10
56,0.0001898431364679709,0.00018984700727742165,0,10
59,0.0004291993100196123,0.0004292130470275879,0,10
62,0.0004947310662828386,0.0004947301931679249,0,10
65,4.407260348671116e-05,4.4070169678889215e-05,0,10
69,0.0002957913966383785,0.00029581785202026367,0,10
74,0.0002708536048885435,0.000270843505859375,0,10
0,0.023432791233062744,0.02343279868364334,0,10
1,0.023745371028780937,0.023745395243167877,0,10
2,0.026098035275936127,0.026098070666193962,0,10
3,0.025327494367957115,0.025327535346150398,0,10
4,0.02710331603884697,0.027103332802653313,0,10
5,0.02270418033003807,0.022704211995005608,0,10
6,0.021417286247015,0.021417299285531044,0,10
7,0.02037135884165764,0.020371388643980026,0,10
8,0.018896559253335,0.018896598368883133,0,10
9,0.016117680817842484,0.016117699444293976,0,10
10,0.013181006535887718,0.013181030750274658,0,10
11,0.011195192113518715,0.011195221915841103,0,10
12,0.0111635597422719,0.01116358581930399,0,10
13,0.00805622711777687,0.008056258782744408,0,10
14,0.00936146266758442,0.009361475706100464,0,10
15,0.006390345748513937,0.006390383467078209,0,10
16,0.0059852609410882,0.005985294468700886,0,10
17,0.004571130499243736,0.004571163561195135,0,10
18,0.005984979216009378,0.005985012743622065,0,10
19,0.004085687920451164,0.004085716791450977,0,10
20,0.003390278434380889,0.0033903084695339203,0,10
21,0.0035600150004029274,0.0035600613337010145,0,10
22,0.002745257457718253,0.002745272358879447,0,10
23,0.0032116195652633905,0.003211647504940629,0,10
24,0.0020167073234915733,0.002016723155975342,0,10
25,0.0016607986763119698,0.0016608238220214844,0,10
26,0.0023033812176436186,0.002303366782143712,0,10
27,0.0013683992438018322,0.001368403434753418,0,10
28,0.0020225727930665016,0.0020225944463163614,0,10
29,0.0019309788476675749,0.0019309864146634936,0,10
30,0.0017898662481456995,0.0017898852238431573,0,10
31,0.00048137421254068613,0.0004813671112060547,0,10
32,0.0007827577064745128,0.0007827804074622691,0,10
33,0.0007360890740528703,0.000736082496587187,0,10
34,0.0015590549446642399,0.0015590786933898926,0,10
35,0.0005078245885670185,0.0005078315734863281,0,10
38,0.0002636630670167506,0.000263684632955119,0,10
39,0.0005301871569827199,0.0005301833152770996,0,10
40,0.0011348809348419309,0.0011348724365234375,0,10
42,0.000782903516665101,0.0007829070091247559,0,10
43,0.0007335313712246716,0.0007335543632507324,0,10
44,0.0003708272415678948,0.0003708004951477051,0,10
47,0.00027463474543765187,0.00027464693994261324,0,10
49,0.0009064056794159114,0.0009064078330993652,0,10
51,0.0002752422878984362,0.0002752542495727539,0,10
53,0.0007770080701448023,0.000776986067648977,0,10
56,0.0001898431364679709,0.00017320964252576232,0,10
59,0.0004291993100196123,0.0004292130470275879,0,10
62,0.0004947310662828386,0.0004947185516357422,0,10
65,4.407260348671116e-05,4.4077351049054414e-05,0,10
69,0.0002957913966383785,0.00029581785202026367,0,10
74,0.0002708536048885435,0.000270843505859375,0,10
78,7.677765097469091e-05,7.677078247070312e-05,0,10
0,0.023432791233062744,0.02343280240893364,0,10
1,0.023745371028780937,0.023745393380522728,0,10
2,0.026098035275936127,0.02609805390238762,0,10
3,0.025327494367957115,0.025327524170279503,0,10
4,0.02710331603884697,0.027103343978524208,0,10
5,0.02270418033003807,0.022704191505908966,0,10
6,0.021417286247015,0.021417301148176193,0,10
7,0.02037135884165764,0.02037137933075428,0,10
8,0.018896559253335,0.018896589055657387,0,10
9,0.016117680817842484,0.016117701306939125,0,10
10,0.013181006535887718,0.013181052170693874,0,10
11,0.011195192113518715,0.011195220984518528,0,10
12,0.0111635597422719,0.011163598857820034,0,10
13,0.00805622711777687,0.008056255988776684,0,10
14,0.00936146266758442,0.009361492469906807,0,10
15,0.006390345748513937,0.006390363909304142,0,10
16,0.0059852609410882,0.0059852926060557365,0,10
17,0.004571130499243736,0.004571155179291964,0,10
18,0.005984979216009378,0.00598501181229949,0,10
19,0.004085687920451164,0.00408571120351553,0,10
20,0.003390278434380889,0.0033903024159371853,0,10
21,0.0035600150004029274,0.0035600361879915,0,10
22,0.002745257457718253,0.0027452711947262287,0,10
23,0.0032116195652633905,0.003211644943803549,0,10
24,0.0020167073234915733,0.002016723155975342,0,10
25,0.0016607986763119698,0.001660816720686853,0,10
26,0.0023033812176436186,0.0023033618927001953,0,10
27,0.0013683992438018322,0.0013683977304026484,0,10
28,0.0020225727930665016,0.00202256441116333,0,10
29,0.0019309788476675749,0.0019309520721435547,0,10
30,0.0017898662481456995,0.001789867877960205,0,10
31,0.00048137421254068613,0.0004813671112060547,0,10
32,0.0007827577064745128,0.0007827411754988134,0,10
33,0.0007360890740528703,0.0007361173629760742,0,10
34,0.0015590549446642399,0.0015590786933898926,0,10
35,0.0005078245885670185,0.0005078315734863281,0,10
38,0.0002636630670167506,0.000263682974036783,0,10
39,0.0005301871569827199,0.0005302191711962223,0,10
40,0.0011348809348419309,0.0011348724365234375,0,10
42,0.000782903516665101,0.0007829251117073,0,10
43,0.0007335313712246716,0.0007335543632507324,0,10
44,0.0003708272415678948,0.0003708004951477051,0,10
47,0.00027463474543765187,0.000274658203125,0,10
49,0.0009064056794159114,0.0009064248879440129,0,10
51,0.0002752422878984362,0.0002752542495727539,0,10
53,0.0007770080701448023,0.0007770061492919922,0,10
56,0.0001898431364679709,0.00018984079360961914,0,10
59,0.0004291993100196123,0.0004292130470275879,0,10
62,0.0004947310662828386,0.0004947185516357422,0,10
65,4.407260348671116e-05,4.4072610762668774e-05,0,10
69,0.0002957913966383785,0.00029581785202026367,0,10
74,0.0002708536048885435,0.000270843505859375,0,10
78,7.677765097469091e-05,7.677078247070312e-05,0,10
79,0.00047731888480484486,0.0004773139953613281,0,10
0,0.023432791233062744,0.02343280240893364,0,10
1,0.023745371028780937,0.023745398968458176,0,10
2,0.026098035275936127,0.026098065078258514,0,10
3,0.025327494367957115,0.025327512994408607,0,10
4,0.02710331603884697,0.027103357017040253,0,10
5,0.02270418033003807,0.022704217582941055,0,10
6,0.021417286247015,0.021417301148176193,0,10
7,0.02037135884165764,0.02037137933075428,0,10
8,0.018896559253335,0.018896587193012238,0,10
9,0.016117680817842484,0.01611769199371338,0,10
10,0.013181006535887718,0.013181030750274658,0,10
11,0.011195192113518715,0.011195219121873379,0,10
12,0.0111635597422719,0.011163592338562012,0,10
13,0.00805622711777687,0.008056254126131535,0,10
14,0.00936146266758442,0.009361484088003635,0,10
15,0.006390345748513937,0.006390370894223452,0,10
16,0.0059852609410882,0.0059852879494428635,0,10
17,0.004571130499243736,0.004571161698549986,0,10
18,0.005984979216009378,0.005984998773783445,0,10
19,0.004085687920451164,0.0040857079438865185,0,10
20,0.003390278434380889,0.0033903124276548624,0,10
21,0.0035600150004029274,0.003560034092515707,0,10
22,0.002745257457718253,0.002745286328718066,0,10
23,0.0032116195652633905,0.0032116174697875977,0,10
24,0.0020167073234915733,0.002016723155975342,0,10
25,0.0016607986763119698,0.0016608268488198519,0,10
26,0.0023033812176436186,0.0023033618927001953,0,10
27,0.0013683992438018322,0.001368403434753418,0,10
28,0.0020225727930665016,0.00202256441116333,0,10
29,0.0019309788476675749,0.0019309520721435547,0,10
30,0.0017898662481456995,0.001789867877960205,0,10
31,0.00048137421254068613,0.0004813671112060547,0,10
32,0.0007827577064745128,0.0007216334342956543,0,10
33,0.0007360890740528703,0.0007361173629760742,0,10
34,0.0015590549446642399,0.0015590786933898926,0,10
35,0.0005078245885670185,0.0005078315734863281,0,10
38,0.0002636630670167506,0.0002636909484863281,0,10
39,0.0005301871569827199,0.0005301833152770996,0,10
40,0.0011348809348419309,0.0011349082924425602,0,10
42,0.000782903516665101,0.0007829070091247559,0,10
43,0.0007335313712246716,0.0007335543632507324,0,10
44,0.0003708272415678948,0.00035327672958374023,0,10
47,0.00027463474543765187,0.00027460508863441646,0,10
49,0.0009064056794159114,0.0009064078330993652,0,10
51,0.0002752422878984362,0.0002752542495727539,0,10
53,0.0007770080701448023,0.000777014356572181,0,10
56,0.0001898431364679709,0.00018984079360961914,0,10
59,0.0004291993100196123,0.0003973245620727539,0,10
62,0.0004947310662828386,0.0004947305424138904,0,10
65,4.407260348671116e-05,4.404783248901367e-05,0,10
69,0.0002957913966383785,0.00029581785202026367,0,10
74,0.0002708536048885435,0.000270843505859375,0,10
78,7.677765097469091e-05,7.021427154541016e-05,0,10
79,0.00047731888480484486,0.0004773139953613281,0,10
0,0.023432791233062744,0.023432809859514236,0,10
1,0.023745371028780937,0.023745408281683922,0,10
2,0.026098035275936127,0.02609807252883911,0,10
3,0.025327494367957115,0.025327518582344055,0,10
4,0.02710331603884697,0.02710333839058876,0,10
5,0.02270418033003807,0.02270422875881195,0,10
6,0.021417286247015,0.021417340263724327,0,10
7,0.02037135884165764,0.02037139981985092,0,10
8,0.018896559253335,0.018896590918302536,0,10
9,0.016117680817842484,0.016117701306939125,0,10
10,0.013181006535887718,0.01318103726953268,0,10
11,0.011195192113518715,0.011195220984518528,0,10
12,0.0111635597422719,0.01116358581930399,0,10
13,0.00805622711777687,0.008056244812905788,0,10
14,0.00936146266758442,0.009361473843455315,0,10
15,0.006390345748513937,0.006390372756868601,0,10
16,0.0059852609410882,0.005985276773571968,0,10
17,0.004571130499243736,0.0045711626298725605,0,10
18,0.005984979216009378,0.005984995514154434,0,10
19,0.004085687920451164,0.004085720516741276,0,10
20,0.003390278434380889,0.00339029124006629,0,10
21,0.0035600150004029274,0.003560046898201108,0,10
22,0.002745257457718253,0.0027452707290649414,0,10
23,0.0032116195652633905,0.0032116370275616646,0,10
24,0.0020167073234915733,0.002016723155975342,0,10
25,0.0016607986763119698,0.0016608238220214844,0,10
26,0.0023033812176436186,0.002303418703377247,0,10
27,0.0013683992438018322,0.0013684099540114403,0,10
28,0.0020225727930665016,0.00202256441116333,0,10
29,0.0019309788476675749,0.0019309946801513433,0,10
30,0.0017898662481456995,0.001789867877960205,0,10
31,0.00048137421254068613,0.0004813671112060547,0,10
32,0.0007827577064745128,0.0007827662630006671,0,10
33,0.0007360890740528703,0.0007361173629760742,0,10
34,0.0015590549446642399,0.0015590786933898926,0,10
35,0.0005078245885670185,0.0005078315734863281,0,10
38,0.0002636630670167506,0.0002636909484863281,0,10
39,0.0005301871569827199,0.0005301833152770996,0,10
40,0.0011348809348419309,0.0011348724365234375,0,10
42,0.000782903516665101,0.0007829070091247559,0,10
43,0.0007335313712246716,0.0007335543632507324,0,10
44,0.0003708272415678948,0.0003708184231072664,0,10
47,0.00027463474543765187,0.000274658203125,0,10
49,0.0009064056794159114,0.0009064078330993652,0,10
51,0.0002752422878984362,0.0002752542495727539,0,10
53,0.0007770080701448023,0.0007770168012939394,0,10
56,0.0001898431364679709,0.00018984079360961914,0,10
59,0.0004291993100196123,0.0004292130470275879,0,10
62,0.0004947310662828386,0.0004947185516357422,0,10
65,4.407260348671116e-05,4.404783248901367e-05,0,10
69,0.0002957913966383785,0.00029581785202026367,0,10
74,0.0002708536048885435,0.000270843505859375,0,10
78,7.677765097469091e-05,7.677078247070312e-05,0,10
79,0.00047731888480484486,0.00047733093379065394,0,10
0,0.023432791233062744,0.023432807996869087,0,10
1,0.023745371028780937,0.023745380342006683,0,10
2,0.026098035275936127,0.026098066940903664,0,10
3,0.025327494367957115,0.02532753348350525,0,10
4,0.02710331603884697,0.02710333839058876,0,10
5,0.02270418033003807,0.02270420640707016,0,10
6,0.021417286247015,0.021417321637272835,0,10
7,0.02037135884165764,0.02037137933075428,0,10
8,0.018896559253335,0.018896570429205894,0,10
9,0.016117680817842484,0.01611771620810032,0,10
10,0.013181006535887718,0.013181038200855255,0,10
11,0.011195192113518715,0.011195213533937931,0,10
12,0.0111635597422719,0.011163596995174885,0,10
13,0.00805622711777687,0.008056257851421833,0,10
14,0.00936146266758442,0.009361469186842442,0,10
15,0.006390345748513937,0.006390371825546026,0,10
16,0.0059852609410882,0.0059852804988622665,0,10
17,0.004571130499243736,0.0045711575075984,0,10
18,0.005984979216009378,0.005985012743622065,0,10
19,0.004085687920451164,0.004085711669176817,0,10
20,0.003390278434380889,0.00339029124006629,0,10
21,0.0035600150004029274,0.003560044337064028,0,10
22,0.002745257457718253,0.002745275618508458,0,10
23,0.0032116195652633905,0.0032116174697875977,0,10
24,0.0020167073234915733,0.002016723155975342,0,10
25,0.0016607986763119698,0.0016608238220214844,0,10
26,0.0023033812176436186,0.0023033844772726297,0,10
27,0.0013683992438018322,0.0013684036675840616,0,10
28,0.0020225727930665016,0.00202256441116333,0,10
29,0.0019309788476675749,0.0019309858325868845,0,10
30,0.0017898662481456995,0.001789867877960205,0,10
31,0.00048137421254068613,0.0004813721461687237,0,10
32,0.0007827577064745128,0.0007331967353820801,0,10
33,0.0007360890740528703,0.0006852083606645465,0,10
34,0.0015590549446642399,0.0015590779948979616,0,10
35,0.0005078245885670185,0.00050785590428859,0,10
38,0.0002636630670167506,0.0002636909484863281,0,10
39,0.0005301871569827199,0.0005302054923959076,0,10
40,0.0011348809348419309,0.0011348724365234375,0,10
42,0.000782903516665101,0.0007829070091247559,0,10
43,0.0007335313712246716,0.0007335543632507324,0,10
44,0.0003708272415678948,0.0003708004951477051,0,10
47,0.00027463474543765187,0.000274658203125,0,10
49,0.0009064056794159114,0.0009064078330993652,0,10
51,0.0002752422878984362,0.0002752542495727539,0,10
53,0.0007770080701448023,0.0007770203519612551,0,10
56,0.0001898431364679709,0.00018984079360961914,0,10
59,0.0004291993100196123,0.0004292130470275879,0,10
62,0.0004947310662828386,0.0004947322304360569,0,10
65,4.407260348671116e-05,4.4077110942453146e-05,0,10
69,0.0002957913966383785,0.00029581785202026367,0,10
74,0.0002708536048885435,0.00027088201022706926,0,10
78,7.677765097469091e-05,7.679012924199924e-05,0,10
79,0.00047731888480484486,0.0004773139953613281,0,10
82,2.368184686929453e-05,2.3663043975830078e-05,0,10
0,0.023432791233062744,0.02343279868364334,0,10
1,0.023745371028780937,0.02374539151787758,0,10
2,0.026098035275936127,0.026098039001226425,0,10
3,0.025327494367957115,0.0253275316208601,0,10
4,0.02710331603884697,0.027103329077363014,0,10
5,0.02270418033003807,0.022704211995005608,0,10
6,0.021417286247015,0.02141731046140194,0,10
7,0.02037135884165764,0.020371396094560623,0,10
8,0.018896559253335,0.018896600231528282,0,10
9,0.016117680817842484,0.016117708757519722,0,10
10,0.013181006535887718,0.013181030750274658,0,10
11,0.011195192113518715,0.011195208877325058,0,10
12,0.0111635597422719,0.011163580231368542,0,10
13,0.00805622711777687,0.008056254126131535,0,10
14,0.00936146266758442,0.009361461736261845,0,10
15,0.006390345748513937,0.00639037461951375,0,10
16,0.0059852609410882,0.0059852744452655315,0,10
17,0.004571130499243736,0.00457116449251771,0,10
18,0.005984979216009378,0.005985003896057606,0,10
19,0.004085687920451164,0.004085709806531668,0,10
20,0.003390278434380889,0.0033902896102517843,0,10
21,0.0035600150004029274,0.003560006618499756,0,10
22,0.002745257457718253,0.0027452893555164337,0,10
23,0.0032116195652633905,0.0032116337679326534,0,10
24,0.0020167073234915733,0.002016723155975342,0,10
25,0.0016607986763119698,0.0016608238220214844,0,10
26,0.0023033812176436186,0.00230341381393373,0,10
27,0.0013683992438018322,0.00136841950006783,0,10
28,0.0020225727930665016,0.0020225534681230783,0,10
29,0.0019309788476675749,0.0019309520721435547,0,10
30,0.0017898662481456995,0.001789867877960205,0,10
31,0.00048137421254068613,0.0004813671112060547,0,10
32,0.0007827577064745128,0.0007827281951904297,0,10
33,0.0007360890740528703,0.0007220507832244039,0,10
34,0.0015590549446642399,0.0015590786933898926,0,10
35,0.0005078245885670185,0.0005078524118289351,0,10
38,0.0002636630670167506,0.0002636909484863281,0,10
39,0.0005301871569827199,0.0005301833152770996,0,10
40,0.0011348809348419309,0.0011348547413945198,0,10
42,0.000782903516665101,0.000711977481842041,0,10
43,0.0007335313712246716,0.0007335543632507324,0,10
44,0.0003708272415678948,0.0003708004951477051,0,10
47,0.00027463474543765187,0.000274658203125,0,10
49,0.0009064056794159114,0.0009064078330993652,0,10
51,0.0002752422878984362,0.0002752542495727539,0,10
53,0.0007770080701448023,0.0007770061492919922,0,10
56,0.0001898431364679709,0.00018984079360961914,0,10
59,0.0004291993100196123,0.0004292130470275879,0,10
62,0.0004947310662828386,0.0004947315319441259,0,10
65,4.407260348671116e-05,4.404783248901367e-05,0,10
69,0.0002957913966383785,0.00027626752853393555,0,10
74,0.0002708536048885435,0.000270843505859375,0,10
78,7.677765097469091e-05,7.677581015741453e-05,0,10
79,0.00047731888480484486,0.0004773139953613281,0,10
82,2.368184686929453e-05,2.367992783547379e-05,0,10
0,0.023432791233062744,0.023432819172739983,0,10
1,0.023745371028780937,0.023745369166135788,0,10
2,0.026098035275936127,0.026098055765032768,0,10
3,0.025327494367957115,0.0253275278955698,0,10
4,0.02710331603884697,0.027103349566459656,0,10
5,0.02270418033003807,0.022704213857650757,0,10
6,0.021417286247015,0.02141731232404709,0,10
7,0.02037135884165764,0.020371392369270325,0,10
8,0.018896559253335,0.018896564841270447,0,10
9,0.016117680817842484,0.01611771620810032,0,10
10,0.013181006535887718,0.013181030750274658,0,10
11,0.011195192113518715,0.011195219121873379,0,10
12,0.0111635597422719,0.01116358395665884,0,10
13,0.00805622711777687,0.008056247606873512,0,10
14,0.00936146266758442,0.00936149526387453,0,10
15,0.006390345748513937,0.00639035739004612,0,10
16,0.0059852609410882,0.00598528515547514,0,10
17,0.004571130499243736,0.004571161232888699,0,10
18,0.005984979216009378,0.005985000636428595,0,10
19,0.004085687920451164,0.004085706081241369,0,10
20,0.003390278434380889,0.003390297759324312,0,10
21,0.0035600150004029274,0.0035600445698946714,0,10
22,0.002745257457718253,0.0027452700305730104,0,10
23,0.0032116195652633905,0.0032116174697875977,0,10
24,0.0020167073234915733,0.002016723155975342,0,10
25,0.0016607986763119698,0.0016607856377959251,0,10
26,0.0023033812176436186,0.0023033618927001953,0,10
27,0.0013683992438018322,0.001368425670079887,0,10
28,0.0020225727930665016,0.00202256441116333,0,10
29,0.0019309788476675749,0.0019309520721435547,0,10
30,0.0017898662481456995,0.001789867877960205,0,10
31,0.00048137421254068613,0.0004813671112060547,0,10
32,0.0007827577064745128,0.0007759928703308105,0,10
33,0.0007360890740528703,0.0007360969320870936,0,10
34,0.0015590549446642399,0.0015590504044666886,0,10
35,0.0005078245885670185,0.0005078315734863281,0,10
38,0.0002636630670167506,0.0002636909484863281,0,10
39,0.0005301871569827199,0.0005301833152770996,0,10
40,0.0011348809348419309,0.0011348724365234375,0,10
42,0.000782903516665101,0.0007829070091247559,0,10
43,0.0007335313712246716,0.0007335558766499162,0,10
44,0.0003708272415678948,0.000370818714145571,0,10
47,0.00027463474543765187,0.00027463765582069755,0,10
49,0.0009064056794159114,0.0009064078330993652,0,10
51,0.0002752422878984362,0.0002752568107098341,0,10
53,0.0007770080701448023,0.0007770061492919922,0,10
56,0.0001898431364679709,0.00018984079360961914,0,10
59,0.0004291993100196123,0.0004292130470275879,0,10
62,0.0004947310662828386,0.0004947073757648468,0,10
65,4.407260348671116e-05,4.404783248901367e-05,0,10
69,0.0002957913966383785,0.0002957773394882679,0,10
74,0.0002708536048885435,0.0002708635583985597,0,10
78,7.677765097469091e-05,6.985664367675781e-05,0,10
79,0.00047731888480484486,0.0004773139953613281,0,10
82,2.368184686929453e-05,2.3685253836447373e-05,0,10
0,0.023432791233062744,0.023432813584804535,0,10
1,0.023745371028780937,0.023745393380522728,0,10
2,0.026098035275936127,0.026098057627677917,0,10
3,0.025327494367957115,0.025327539071440697,0,10
4,0.02710331603884697,0.02710334211587906,0,10
5,0.02270418033003807,0.022704225033521652,0,10
6,0.021417286247015,0.02141730487346649,0,10
7,0.02037135884165764,0.02037139981985092,0,10
8,0.018896559253335,0.018896594643592834,0,10
9,0.016117680817842484,0.016117708757519722,0,10
10,0.013181006535887718,0.013181018643081188,0,10
11,0.011195192113518715,0.011195224709808826,0,10
12,0.0111635597422719,0.011163588613271713,0,10
13,0.00805622711777687,0.008056252263486385,0,10
14,0.00936146266758442,0.009361484088003635,0,10
15,0.006390345748513937,0.006390383932739496,0,10
16,0.0059852609410882,0.0059852940030395985,0,10
17,0.004571130499243736,0.004571157041937113,0,10
18,0.005984979216009378,0.00598499970510602,0,10
19,0.004085687920451164,0.004085710737854242,0,10
20,0.003390278434380889,0.003390277735888958,0,10
21,0.0035600150004029274,0.003560013137757778,0,10
22,0.002745257457718253,0.0027452707290649414,0,10
23,0.0032116195652633905,0.0032116479706019163,0,10
24,0.0020167073234915733,0.002016723155975342,0,10
25,0.0016607986763119698,0.0016608238220214844,0,10
26,0.0023033812176436186,0.0023033637553453445,0,10
27,0.0013683992438018322,0.0013684174045920372,0,10
28,0.0020225727930665016,0.00202256441116333,0,10
29,0.0019309788476675749,0.0019309857161715627,0,10
30,0.0017898662481456995,0.0017898790538311005,0,10
31,0.00048137421254068613,0.00046956539154052734,0,10
32,0.0007827577064745128,0.0007827302906662226,0,10
33,0.0007360890740528703,0.0007361173629760742,0,10
34,0.0015590549446642399,0.0015590345719829202,0,10
35,0.0005078245885670185,0.0005078315734863281,0,10
38,0.0002636630670167506,0.0002636909484863281,0,10
39,0.0005301871569827199,0.0005301713827066123,0,10
40,0.0011348809348419309,0.0010417699813842773,0,10
42,0.000782903516665101,0.0007829070091247559,0,10
43,0.0007335313712246716,0.0007335189147852361,0,10
44,0.0003708272415678948,0.0003708004951477051,0,10
47,0.00027463474543765187,0.0002746586105786264,0,10
49,0.0009064056794159114,0.0009064078330993652,0,10
51,0.0002752422878984362,0.00027525925543159246,0,10
53,0.0007770080701448023,0.0007770281517878175,0,10
56,0.0001898431364679709,0.00018984079360961914,0,10
59,0.0004291993100196123,0.0004292130470275879,0,10
62,0.0004947310662828386,0.0004947185516357422,0,10
65,4.407260348671116e-05,4.290888682589866e-05,0,10
69,0.0002957913966383785,0.0002683401107788086,0,10
74,0.0002708536048885435,0.0002708769461605698,0,10
78,7.677765097469091e-05,7.680227281525731e-05,0,10
79,0.00047731888480484486,0.00047731641097925603,0,10
82,2.368184686929453e-05,2.3663043975830078e-05,0,10
0,0.023432791233062744,0.023432807996869087,0,10
1,0.023745371028780937,0.023745393380522728,0,10
2,0.026098035275936127,0.026098066940903664,0,10
3,0.025327494367957115,0.025327540934085846,0,10
4,0.02710331603884697,0.02710334025323391,0,10
5,0.02270418033003807,0.022704221308231354,0,10
6,0.021417286247015,0.02141733467578888,0,10
7,0.02037135884165764,0.02037138305604458,0,10
8,0.018896559253335,0.018896592780947685,0,10
9,0.016117680817842484,0.01611771248281002,0,10
10,0.013181006535887718,0.013181045651435852,0,10
11,0.011195192113518715,0.011195220053195953,0,10
12,0.0111635597422719,0.011163598857820034,0,10
13,0.00805622711777687,0.008056247606873512,0,10
14,0.00936146266758442,0.009361505508422852,0,10
15,0.006390345748513937,0.0063903662376105785,0,10
16,0.0059852609410882,0.005985289812088013,0,10
17,0.004571130499243736,0.004571153316646814,0,10
18,0.005984979216009378,0.005984975956380367,0,10
19,0.004085687920451164,0.004085713066160679,0,10
20,0.003390278434380889,0.0033902525901794434,0,10
21,0.0035600150004029274,0.003560015931725502,0,10
22,0.002745257457718253,0.002745293313637376,0,10
23,0.0032116195652633905,0.003211638890206814,0,10
24,0.0020167073234915733,0.002016723155975342,0,10
25,0.0016607986763119698,0.0016607919242233038,0,10
26,0.0023033812176436186,0.002303402405232191,0,10
27,0.0013683992438018322,0.0013683951692655683,0,10
28,0.0020225727930665016,0.0020225956104695797,0,10
29,0.0019309788476675749,0.0019309645285829902,0,10
30,0.0017898662481456995,0.0017898868536576629,0,10
31,0.00048137421254068613,0.0004813671112060547,0,10
32,0.0007827577064745128,0.0007078051567077637,0,10
33,0.0007360890740528703,0.0007361173629760742,0,10
34,0.0015590549446642399,0.0015590835828334093,0,10
35,0.0005078245885670185,0.0005078315734863281,0,10
38,0.0002636630670167506,0.0002636909484863281,0,10
39,0.0005301871569827199,0.0005301833152770996,0,10
40,0.0011348809348419309,0.001134888851083815,0,10
42,0.000782903516665101,0.0007829169626347721,0,10
43,0.0007335313712246716,0.0007335543632507324,0,10
44,0.0003708272415678948,0.00037082412745803595,0,10
47,0.00027463474543765187,0.0002746639074757695,0,10
49,0.0009064056794159114,0.0009064078330993652,0,10
51,0.0002752422878984362,0.0002752542495727539,0,10
53,0.0007770080701448023,0.0007770061492919922,0,10
56,0.0001898431364679709,0.00018984079360961914,0,10
59,0.0004291993100196123,0.0004292130470275879,0,10
62,0.0004947310662828386,0.0004947302513755858,0,10
65,4.407260348671116e-05,4.4060412619728595e-05,0,10
69,0.0002957913966383785,0.00029581785202026367,0,10
74,0.0002708536048885435,0.0002708770043682307,0,10
78,7.677765097469091e-05,7.677078247070312e-05,0,10
79,0.00047731888480484486,0.0004773139953613281,0,10
82,2.368184686929453e-05,2.3663043975830078e-05,0,10
0,0.023432791233062744,0.02343282848596573,0,10
1,0.023745371028780937,0.023745395243167877,0,10
2,0.026098035275936127,0.02609805390238762,0,10
3,0.025327494367957115,0.025327526032924652,0,10
4,0.02710331603884697,0.027103332802653313,0,10
5,0.02270418033003807,0.022704200819134712,0,10
6,0.021417286247015,0.021417321637272835,0,10
7,0.02037135884165764,0.02037137746810913,0,10
8,0.018896559253335,0.01889657974243164,0,10
9,0.016117680817842484,0.01611771248281002,0,10
10,0.013181006535887718,0.013181030750274658,0,10
11,0.011195192113518715,0.01119521539658308,0,10
12,0.0111635597422719,0.01116358395665884,0,10
13,0.00805622711777687,0.00805625133216381,0,10
14,0.00936146266758442,0.009361493401229382,0,10
15,0.006390345748513937,0.006390373222529888,0,10
16,0.0059852609410882,0.005985284689813852,0,10
17,0.004571130499243736,0.004571171477437019,0,10
18,0.005984979216009378,0.005985002499073744,0,10
19,0.004085687920451164,0.004085717257112265,0,10
20,0.003390278434380889,0.003390311961993575,0,10
21,0.0035600150004029274,0.003560037584975362,0,10
22,0.002745257457718253,0.002745279110968113,0,10
23,0.0032116195652633905,0.0032116174697875977,0,10
24,0.0020167073234915733,0.002016723155975342,0,10
25,0.0016607986763119698,0.0016608238220214844,0,10
26,0.0023033812176436186,0.00230337493121624,0,10
27,0.0013683992438018322,0.001368403434753418,0,10
28,0.0020225727930665016,0.002022572560235858,0,10
29,0.0019309788476675749,0.001930994214490056,0,10
30,0.0017898662481456995,0.001789867877960205,0,10
31,0.00048137421254068613,0.0004813671112060547,0,10
32,0.0007827577064745128,0.0007827281951904297,0,10
33,0.0007360890740528703,0.0007361173629760742,0,10
34,0.0015590549446642399,0.001559078344143927,0,10
35,0.0005078245885670185,0.0005078315734863281,0,10
38,0.0002636630670167506,0.0002636909484863281,0,10
39,0.0005301871569827199,0.0005302035715430975,0,10
40,0.0011348809348419309,0.0011348724365234375,0,10
42,0.000782903516665101,0.0007829269161447883,0,10
43,0.0007335313712246716,0.0007335164700634778,0,10
44,0.0003708272415678948,0.0003708324220497161,0,10
47,0.00027463474543765187,0.000274658203125,0,10
49,0.0009064056794159114,0.000906430825125426,0,10
51,0.0002752422878984362,0.0002752542495727539,0,10
53,0.0007770080701448023,0.0007770061492919922,0,10
56,0.0001898431364679709,0.0001780986785888672,0,10
59,0.0004291993100196123,0.0004292112425900996,0,10
62,0.0004947310662828386,0.0004947185516357422,0,10
65,4.407260348671116e-05,4.404783248901367e-05,0,10
69,0.0002957913966383785,0.00029581785202026367,0,10
74,0.0002708536048885435,0.000270843505859375,0,10
78,7.677765097469091e-05,7.677078247070312e-05,0,10
79,0.00047731888480484486,0.0004773140244651586,0,10
82,2.368184686929453e-05,2.3693577531958e-05,0,10
0,0.023432791233062744,0.023432813584804535,0,10
1,0.023745371028780937,0.02374539151787758,0,10
2,0.026098035275936127,0.026098061352968216,0,10
3,0.025327494367957115,0.025327539071440697,0,10
4,0.02710331603884697,0.027103353291749954,0,10
5,0.02270418033003807,0.022704217582941055,0,10
6,0.021417286247015,0.021417323499917984,0,10
7,0.02037135884165764,0.020371371880173683,0,10
8,0.018896559253335,0.01889657787978649,0,10
9,0.016117680817842484,0.016117718070745468,0,10
10,0.013181006535887718,0.013181030750274658,0,10
11,0.011195192113518715,0.011195224709808826,0,10
12,0.0111635597422719,0.01116358581930399,0,10
13,0.00805622711777687,0.008056249469518661,0,10
14,0.00936146266758442,0.00936149898916483,0,10
15,0.006390345748513937,0.0063903797417879105,0,10
16,0.0059852609410882,0.005985282827168703,0,10
17,0.004571130499243736,0.004571149125695229,0,10
18,0.005984979216009378,0.005985001567751169,0,10
19,0.004085687920451164,0.00408571632578969,0,10
20,0.003390278434380889,0.003390283789485693,0,10
21,0.0035600150004029274,0.0035600264091044664,0,10
22,0.002745257457718253,0.002745288424193859,0,10
23,0.0032116195652633905,0.0032116174697875977,0,10
24,0.0020167073234915733,0.002016723155975342,0,10
25,0.0016607986763119698,0.0016608238220214844,0,10
26,0.0023033812176436186,0.002303405199199915,0,10
27,0.0013683992438018322,0.001368403434753418,0,10
28,0.0020225727930665016,0.00202256441116333,0,10
29,0.0019309788476675749,0.0019309805938974023,0,10
30,0.0017898662481456995,0.001789867877960205,0,10
31,0.00048137421254068613,0.0004813671112060547,0,10
32,0.0007827577064745128,0.0007827560766600072,0,10
33,0.0007360890740528703,0.0007361173629760742,0,10
34,0.0015590549446642399,0.0015590786933898926,0,10
35,0.0005078245885670185,0.000507798045873642,0,10
38,0.0002636630670167506,0.00026368768885731697,0,10
39,0.0005301871569827199,0.0005172491073608398,0,10
40,0.0011348809348419309,0.0011348730186000466,0,10
42,0.000782903516665101,0.0007377266883850098,0,10
43,0.0007335313712246716,0.0007335543632507324,0,10
44,0.0003708272415678948,0.00037083792267367244,0,10
47,0.00027463474543765187,0.000274658203125,0,10
49,0.0009064056794159114,0.0009064043406397104,0,10
51,0.0002752422878984362,0.0002752542495727539,0,10
53,0.0007770080701448023,0.000777008943259716,0,10
56,0.0001898431364679709,0.00018984079360961914,0,10
59,0.0004291993100196123,0.00041885749669745564,0,10
62,0.0004947310662828386,0.0004947185516357422,0,10
65,4.407260348671116e-05,4.405655272421427e-05,0,10
69,0.0002957913966383785,0.0002892736520152539,0,10
74,0.0002708536048885435,0.000270843505859375,0,10
78,7.677765097469091e-05,7.678066322114319e-05,0,10
79,0.00047731888480484486,0.0004773224936798215,0,10
82,2.368184686929453e-05,2.3682745450059883e-05,0,10
0,0.023432791233062744,0.023432821035385132,0,10
1,0.023745371028780937,0.02374539151787758,0,10
2,0.026098035275936127,0.026098070666193962,0,10
3,0.025327494367957115,0.02532752975821495,0,10
4,0.02710331603884697,0.027103347703814507,0,10
5,0.02270418033003807,0.02270420826971531,0,10
6,0.021417286247015,0.02141733281314373,0,10
7,0.02037135884165764,0.020371384918689728,0,10
8,0.018896559253335,0.018896587193012238,0,10
9,0.016117680817842484,0.016117718070745468,0,10
10,0.013181006535887718,0.013181040063500404,0,10
11,0.011195192113518715,0.011195214465260506,0,10
12,0.0111635597422719,0.011163575574755669,0,10
13,0.00805622711777687,0.008056258782744408,0,10
14,0.00936146266758442,0.009361493401229382,0,10
15,0.006390345748513937,0.006390347611159086,0,10
16,0.0059852609410882,0.005985293537378311,0,10
17,0.004571130499243736,0.004571152850985527,0,10
18,0.005984979216009378,0.005985005293041468,0,10
19,0.004085687920451164,0.004085715860128403,0,10
20,0.003390278434380889,0.0033903156872838736,0,10
21,0.0035600150004029274,0.003560017328709364,0,10
22,0.002745257457718253,0.0027452707290649414,0,10
23,0.0032116195652633905,0.0032116565853357315,0,10
24,0.0020167073234915733,0.002016723155975342,0,10
25,0.0016607986763119698,0.0016608330188319087,0,10
26,0.0023033812176436186,0.002303391695022583,0,10
27,0.0013683992438018322,0.001368403434753418,0,10
28,0.0020225727930665016,0.00202256441116333,0,10
29,0.0019309788476675749,0.0019309556810185313,0,10
30,0.0017898662481456995,0.001789867877960205,0,10
31,0.00048137421254068613,0.00048139700083993375,0,10
32,0.0007827577064745128,0.0007827529916539788,0,10
33,0.0007360890740528703,0.0007361173629760742,0,10
34,0.0015590549446642399,0.0015590516850352287,0,10
35,0.0005078245885670185,0.0005078312824480236,0,10
38,0.0002636630670167506,0.0002636909484863281,0,10
39,0.0005301871569827199,0.0005301833152770996,0,10
40,0.0011348809348419309,0.0011348724365234375,0,10
42,0.000782903516665101,0.0007829070091247559,0,10
43,0.0007335313712246716,0.0007335543632507324,0,10
44,0.0003708272415678948,0.00037081362097524107,0,10
47,0.00027463474543765187,0.000274658203125,0,10
49,0.0009064056794159114,0.0009064078330993652,0,10
51,0.0002752422878984362,0.0002752542495727539,0,10
53,0.0007770080701448023,0.0007770061492919922,0,10
56,0.0001898431364679709,0.00018985307542607188,0,10
59,0.0004291993100196123,0.0004292130470275879,0,10
62,0.0004947310662828386,0.0004947185516357422,0,10
65,4.407260348671116e-05,4.407951928442344e-05,0,10
69,0.0002957913966383785,0.00029581785202026367,0,10
74,0.0002708536048885435,0.000270843505859375,0,10
78,7.677765097469091e-05,7.679855480091646e-05,0,10
79,0.00047731888480484486,0.0004773139953613281,0,10
82,2.368184686929453e-05,2.3663043975830078e-05,0,10
0,0.023432791233062744,0.023432819172739983,0,10
1,0.023745371028780937,0.02374538965523243,0,10
2,0.026098035275936127,0.02609807439148426,0,10
3,0.025327494367957115,0.025327520444989204,0,10
4,0.02710331603884697,0.027103332802653313,0,10
5,0.02270418033003807,0.02270420640707016,0,10
6,0.021417286247015,0.02141731046140194,0,10
7,0.02037135884165764,0.020371397957205772,0,10
8,0.018896559253335,0.01889660209417343,0,10
9,0.016117680817842484,0.016117706894874573,0,10
10,0.013181006535887718,0.013181021437048912,0,10
11,0.011195192113518715,0.011195218190550804,0,10
12,0.0111635597422719,0.011163583025336266,0,10
13,0.00805622711777687,0.008056255988776684,0,10
14,0.00936146266758442,0.00936148501932621,0,10
15,0.006390345748513937,0.006390349939465523,0,10
16,0.0059852609410882,0.005985288415104151,0,10
17,0.004571130499243736,0.004571163561195135,0,10
18,0.005984979216009378,0.005984997842460871,0,10
19,0.004085687920451164,0.004085691645741463,0,10
20,0.003390278434380889,0.003390307305380702,0,10
21,0.0035600150004029274,0.003560024779289961,0,10
22,0.002745257457718253,0.0027452707290649414,0,10
23,0.0032116195652633905,0.0032116370275616646,0,10
24,0.0020167073234915733,0.002016723155975342,0,10
25,0.0016607986763119698,0.0016608238220214844,0,10
26,0.0023033812176436186,0.0023034054320305586,0,10
27,0.0013683992438018322,0.0013684057630598545,0,10
28,0.0020225727930665016,0.0020225706975907087,0,10
29,0.0019309788476675749,0.0019309879280626774,0,10
30,0.0017898662481456995,0.0017898824298754334,0,10
31,0.00048137421254068613,0.0004813671112060547,0,10
32,0.0007827577064745128,0.0007827613153494895,0,10
33,0.0007360890740528703,0.0007361293537542224,0,10
34,0.0015590549446642399,0.0015590786933898926,0,10
35,0.0005078245885670185,0.0005078315734863281,0,10
38,0.0002636630670167506,0.00026363175129517913,0,10
39,0.0005301871569827199,0.0005301833152770996,0,10
40,0.0011348809348419309,0.0011348724365234375,0,10
42,0.000782903516665101,0.000766456127166748,0,10
43,0.0007335313712246716,0.0007335543632507324,0,10
44,0.0003708272415678948,0.00037085896474309266,0,10
47,0.00027463474543765187,0.000274658203125,0,10
49,0.0009064056794159114,0.0009064078330993652,0,10
51,0.0002752422878984362,0.0002752657455857843,0,10
53,0.0007770080701448023,0.0007770061492919922,0,10
56,0.0001898431364679709,0.00018984079360961914,0,10
59,0.0004291993100196123,0.0004292130470275879,0,10
62,0.0004947310662828386,0.0004947462002746761,0,10
65,4.407260348671116e-05,4.404783248901367e-05,0,10
69,0.0002957913966383785,0.00029581785202026367,0,10
74,0.0002708536048885435,0.000270843505859375,0,10
78,7.677765097469091e-05,7.677078247070312e-05,0,10
79,0.00047731888480484486,0.0004773139953613281,0,10
82,2.368184686929453e-05,2.257395681226626e-05,0,10
0,0.023432791233062744,0.023432821035385132,0,10
1,0.023745371028780937,0.02374538965523243,0,10
2,0.026098035275936127,0.026098063215613365,0,10
3,0.025327494367957115,0.02532753348350525,0,10
4,0.02710331603884697,0.027103345841169357,0,10
5,0.02270418033003807,0.02270420826971531,0,10
6,0.021417286247015,0.021417323499917984,0,10
7,0.02037135884165764,0.02037138119339943,0,10
8,0.018896559253335,0.01889657974243164,0,10
9,0.016117680817842484,0.01611771062016487,0,10
10,0.013181006535887718,0.013181032612919807,0,10
11,0.011195192113518715,0.011195224709808826,0,10
12,0.0111635597422719,0.011163580231368542,0,10
13,0.00805622711777687,0.00805625319480896,0,10
14,0.00936146266758442,0.00936149898916483,0,10
15,0.006390345748513937,0.006390376482158899,0,10
16,0.0059852609410882,0.005985296797007322,0,10
17,0.004571130499243736,0.0045711505226790905,0,10
18,0.005984979216009378,0.005985000636428595,0,10
19,0.004085687920451164,0.004085707478225231,0,10
20,0.003390278434380889,0.0033902996219694614,0,10
21,0.0035600150004029274,0.0035600478295236826,0,10
22,0.002745257457718253,0.002745283069089055,0,10
23,0.0032116195652633905,0.003211642149835825,0,10
24,0.0020167073234915733,0.002016723155975342,0,10
25,0.0016607986763119698,0.0016608238220214844,0,10
26,0.0023033812176436186,0.0023033656179904938,0,10
27,0.0013683992438018322,0.001368403434753418,0,10
28,0.0020225727930665016,0.0020225837361067533,0,10
29,0.0019309788476675749,0.0019309520721435547,0,10
30,0.0017898662481456995,0.001789867877960205,0,10
31,0.00048137421254068613,0.0004813671112060547,0,10
32,0.0007827577064745128,0.0007827281951904297,0,10
33,0.0007360890740528703,0.0006984472274780273,0,10
34,0.0015590549446642399,0.001559088472276926,0,10
35,0.0005078245885670185,0.0005078547983430326,0,10
38,0.0002636630670167506,0.0002636909484863281,0,10
39,0.0005301871569827199,0.0005301833152770996,0,10
40,0.0011348809348419309,0.0011348724365234375,0,10
42,0.000782903516665101,0.0007638335227966309,0,10
43,0.0007335313712246716,0.000714402471203357,0,10
44,0.0003708272415678948,0.0003708004951477051,0,10
47,0.00027463474543765187,0.00027466786559671164,0,10
49,0.0009064056794159114,0.0009064078330993652,0,10
51,0.0002752422878984362,0.0002752542495727539,0,10
53,0.0007770080701448023,0.000777020410168916,0,10
56,0.0001898431364679709,0.00018984079360961914,0,10
59,0.0004291993100196123,0.0004292130470275879,0,10
62,0.0004947310662828386,0.0004947185516357422,0,10
65,4.407260348671116e-05,4.406343578011729e-05,0,10
69,0.0002957913966383785,0.00029581785202026367,0,10
74,0.0002708536048885435,0.0002639293670654297,0,10
78,7.677765097469091e-05,7.677078247070312e-05,0,10
79,0.00047731888480484486,0.0004773139953613281,0,10
82,2.368184686929453e-05,2.36974246945465e-05,0,10
91,0.00023088883608579636,0.0002309008123120293,0,10
0,0.023432791233062744,0.023432809859514236,0,10
1,0.023745371028780937,0.023745400831103325,0,10
2,0.026098035275936127,0.026098059490323067,0,10
3,0.025327494367957115,0.025327518582344055,0,10
4,0.02710331603884697,0.027103351429104805,0,10
5,0.02270418033003807,0.022704198956489563,0,10
6,0.021417286247015,0.02141733281314373,0,10
7,0.02037135884165764,0.020371397957205772,0,10
8,0.018896559253335,0.018896589055657387,0,10
9,0.016117680817842484,0.01611771620810032,0,10
10,0.013181006535887718,0.013181043788790703,0,10
11,0.011195192113518715,0.011195219121873379,0,10
12,0.0111635597422719,0.011163586750626564,0,10
13,0.00805622711777687,0.008056249469518661,0,10
14,0.00936146266758442,0.009361489675939083,0,10
15,0.006390345748513937,0.006390374153852463,0,10
16,0.0059852609410882,0.005985282361507416,0,10
17,0.004571130499243736,0.00457115238532424,0,10
18,0.005984979216009378,0.005985012277960777,0,10
19,0.004085687920451164,0.004085707012563944,0,10
20,0.003390278434380889,0.003390284487977624,0,10
21,0.0035600150004029274,0.0035600275732576847,0,10
22,0.002745257457718253,0.002745275851339102,0,10
23,0.0032116195652633905,0.0032116174697875977,0,10
24,0.0020167073234915733,0.002016723155975342,0,10
25,0.0016607986763119698,0.001660831505432725,0,10
26,0.0023033812176436186,0.002303368877619505,0,10
27,0.0013683992438018322,0.0013683908618986607,0,10
28,0.0020225727930665016,0.00202256441116333,0,10
29,0.0019309788476675749,0.0019309520721435547,0,10
30,0.0017898662481456995,0.001789867877960205,0,10
31,0.00048137421254068613,0.0004502534866333008,0,10
32,0.0007827577064745128,0.000782770395744592,0,10
33,0.0007360890740528703,0.0007361173629760742,0,10
34,0.0015590549446642399,0.001559072290547192,0,10
35,0.0005078245885670185,0.0005078402464278042,0,10
38,0.0002636630670167506,0.0002543926239013672,0,10
39,0.0005301871569827199,0.0005301833152770996,0,10
40,0.0011348809348419309,0.0011348724365234375,0,10
42,0.000782903516665101,0.0007829070091247559,0,10
43,0.0007335313712246716,0.0007335543632507324,0,10
44,0.0003708272415678948,0.0003708004951477051,0,10
47,0.00027463474543765187,0.000274658203125,0,10
49,0.0009064056794159114,0.0009064014302566648,0,10
51,0.0002752422878984362,0.0002752542495727539,0,10
53,0.0007770080701448023,0.0007770144147798419,0,10
56,0.0001898431364679709,0.00018984079360961914,0,10
59,0.0004291993100196123,0.0004292130470275879,0,10
62,0.0004947310662828386,0.0004947374109178782,0,10
65,4.407260348671116e-05,4.404783248901367e-05,0,10
69,0.0002957913966383785,0.00029581785202026367,0,10
74,0.0002708536048885435,0.000270843505859375,0,10
78,7.677765097469091e-05,7.677078247070312e-05,0,10
79,0.00047731888480484486,0.0004773139953613281,0,10
82,2.368184686929453e-05,2.3664550099056214e-05,0,10
91,0.00023088883608579636,0.00023090839385986328,0,10
0,0.023432791233062744,0.023432806134223938,0,10
1,0.023745371028780937,0.02374538965523243,0,10
2,0.026098035275936127,0.02609807252883911,0,10
3,0.025327494367957115,0.025327514857053757,0,10
4,0.02710331603884697,0.027103351429104805,0,10
5,0.02270418033003807,0.022704217582941055,0,10
6,0.021417286247015,0.02141730487346649,0,10
7,0.02037135884165764,0.020371396094560623,0,10
8,0.018896559253335,0.01889658346772194,0,10
9,0.016117680817842484,0.01611771620810032,0,10
10,0.013181006535887718,0.013181036338210106,0,10
11,0.011195192113518715,0.01119521539658308,0,10
12,0.0111635597422719,0.011163587681949139,0,10
13,0.00805622711777687,0.008056252263486385,0,10
14,0.00936146266758442,0.00936148315668106,0,10
15,0.006390345748513937,0.0063903662376105785,0,10
16,0.0059852609410882,0.005985289346426725,0,10
17,0.004571130499243736,0.004571160767227411,0,10
18,0.005984979216009378,0.005985003896057606,0,10
19,0.004085687920451164,0.004085724242031574,0,10
20,0.003390278434380889,0.003390285884961486,0,10
21,0.0035600150004029274,0.003560030134394765,0,10
22,0.002745257457718253,0.0027452707290649414,0,10
23,0.0032116195652633905,0.0032116298098117113,0,10
24,0.0020167073234915733,0.002016723155975342,0,10
25,0.0016607986763119698,0.0016607865691184998,0,10
26,0.0023033812176436186,0.0023033921606838703,0,10
27,0.0013683992438018322,0.001368403434753418,0,10
28,0.0020225727930665016,0.002022589324042201,0,10
29,0.0019309788476675749,0.0019309520721435547,0,10
30,0.0017898662481456995,0.001789867877960205,0,10
31,0.00048137421254068613,0.0004813671112060547,0,10
32,0.0007827577064745128,0.0007827684748917818,0,10
33,0.0007360890740528703,0.0007361173629760742,0,10
34,0.0015590549446642399,0.0015590786933898926,0,10
35,0.0005078245885670185,0.0005078315734863281,0,10
38,0.0002636630670167506,0.0002636909484863281,0,10
39,0.0005301871569827199,0.0005301751079969108,0,10
40,0.0011348809348419309,0.0011348724365234375,0,10
42,0.000782903516665101,0.0007829070091247559,0,10
43,0.0007335313712246716,0.0007335543632507324,0,10
44,0.0003708272415678948,0.0003708454023580998,0,10
47,0.00027463474543765187,0.00027461405261419713,0,10
49,0.0009064056794159114,0.0009064078330993652,0,10
51,0.0002752422878984362,0.0002752542495727539,0,10
53,0.0007770080701448023,0.0007770061492919922,0,10
56,0.0001898431364679709,0.0001898608315968886,0,10
59,0.0004291993100196123,0.0004292137746233493,0,10
62,0.0004947310662828386,0.0004947185516357422,0,10
65,4.407260348671116e-05,4.404783248901367e-05,0,10
69,0.0002957913966383785,0.00029581785202026367,0,10
74,0.0002708536048885435,0.000270843505859375,0,10
78,7.677765097469091e-05,7.2479248046875e-05,0,10
79,0.00047731888480484486,0.0004773406544700265,0,10
82,2.368184686929453e-05,2.368902278249152e-05,0,10
91,0.00023088883608579636,0.00023090839385986328,0,10
93,0.00017974401998799294,0.0001658797264099121,0,10
0,0.023432791233062744,0.023432809859514236,0,10
1,0.023745371028780937,0.02374538779258728,0,10
2,0.026098035275936127,0.026098081842064857,0,10
3,0.025327494367957115,0.025327548384666443,0,10
4,0.02710331603884697,0.02710336074233055,0,10
5,0.02270418033003807,0.022704191505908966,0,10
6,0.021417286247015,0.02141730859875679,0,10
7,0.02037135884165764,0.02037140540778637,0,10
8,0.018896559253335,0.018896587193012238,0,10
9,0.016117680817842484,0.016117706894874573,0,10
10,0.013181006535887718,0.013181043788790703,0,10
11,0.011195192113518715,0.011195219121873379,0,10
12,0.0111635597422719,0.011163579300045967,0,10
13,0.00805622711777687,0.00805625319480896,0,10
14,0.00936146266758442,0.009361478500068188,0,10
15,0.006390345748513937,0.00639038160443306,0,10
16,0.0059852609410882,0.005985293071717024,0,10
17,0.004571130499243736,0.004571151454001665,0,10
18,0.005984979216009378,0.005984996445477009,0,10
19,0.004085687920451164,0.004085718188434839,0,10
20,0.003390278434380889,0.003390304511412978,0,10
21,0.0035600150004029274,0.0035600338596850634,0,10
22,0.002745257457718253,0.0027452707290649414,0,10
23,0.0032116195652633905,0.0032116214279085398,0,10
24,0.0020167073234915733,0.002016723155975342,0,10
25,0.0016607986763119698,0.0016608238220214844,0,10
26,0.0023033812176436186,0.0023033814504742622,0,10
27,0.0013683992438018322,0.001368403434753418,0,10
28,0.0020225727930665016,0.00202256441116333,0,10
29,0.0019309788476675749,0.0019309520721435547,0,10
30,0.0017898662481456995,0.0017898732330650091,0,10
31,0.00048137421254068613,0.0004813671112060547,0,10
32,0.0007827577064745128,0.0007459521293640137,0,10
33,0.0007360890740528703,0.0007361173629760742,0,10
34,0.0015590549446642399,0.0015590786933898926,0,10
35,0.0005078245885670185,0.0005078315734863281,0,10
38,0.0002636630670167506,0.0002636909484863281,0,10
39,0.0005301871569827199,0.0005301912897266448,0,10
40,0.0011348809348419309,0.0011348797706887126,0,10
42,0.000782903516665101,0.0007829070091247559,0,10
43,0.0007335313712246716,0.0007335520349442959,0,10
44,0.0003708272415678948,0.0003708004951477051,0,10
47,0.00027463474543765187,0.000274658203125,0,10
49,0.0009064056794159114,0.0009064078330993652,0,10
51,0.0002752422878984362,0.0002752542495727539,0,10
53,0.0007770080701448023,0.0007770061492919922,0,10
56,0.0001898431364679709,0.00018984079360961914,0,10
59,0.0004291993100196123,0.0004292130470275879,0,10
62,0.0004947310662828386,0.0004947185516357422,0,10
65,4.407260348671116e-05,4.40632866229862e-05,0,10
69,0.0002957913966383785,0.00029581785202026367,0,10
74,0.0002708536048885435,0.000270843505859375,0,10
78,7.677765097469091e-05,7.677078247070312e-05,0,10
79,0.00047731888480484486,0.0004773139953613281,0,10
82,2.368184686929453e-05,2.3663043975830078e-05,0,10
91,0.00023088883608579636,0.0002309048140887171,0,10
93,0.00017974401998799294,0.00017976760864257812,0,10
94,0.0002779641654342413,0.00027796864742413163,0,10
0,0.023432791233062744,0.02343280240893364,0,10
1,0.023745371028780937,0.02374538592994213,0,10
2,0.026098035275936127,0.026098057627677917,0,10
3,0.025327494367957115,0.02532753348350525,0,10
4,0.02710331603884697,0.027103351429104805,0,10
5,0.02270418033003807,0.022704211995005608,0,10
6,0.021417286247015,0.02141731046140194,0,10
7,0.02037135884165764,0.02037137746810913,0,10
8,0.018896559253335,0.01889657974243164,0,10
9,0.016117680817842484,0.016117708757519722,0,10
10,0.013181006535887718,0.013181036338210106,0,10
11,0.011195192113518715,0.011195207014679909,0,10
12,0.0111635597422719,0.011163595132529736,0,10
13,0.00805622711777687,0.00805624295026064,0,10
14,0.00936146266758442,0.009361493401229382,0,10
15,0.006390345748513937,0.006390370894223452,0,10
16,0.0059852609410882,0.00598528329282999,0,10
17,0.004571130499243736,0.004571155644953251,0,10
18,0.005984979216009378,0.0059849838726222515,0,10
19,0.004085687920451164,0.004085708875209093,0,10
20,0.003390278434380889,0.003390287281945348,0,10
21,0.0035600150004029274,0.003560044802725315,0,10
22,0.002745257457718253,0.0027452707290649414,0,10
23,0.0032116195652633905,0.003211621195077896,0,10
24,0.0020167073234915733,0.002016723155975342,0,10
25,0.0016607986763119698,0.0016608184669166803,0,10
26,0.0023033812176436186,0.002303370740264654,0,10
27,0.0013683992438018322,0.0013684070436283946,0,10
28,0.0020225727930665016,0.00202256441116333,0,10
29,0.0019309788476675749,0.0019309520721435547,0,10
30,0.0017898662481456995,0.001789867877960205,0,10
31,0.00048137421254068613,0.0004813671112060547,0,10
32,0.0007827577064745128,0.0007827281951904297,0,10
33,0.0007360890740528703,0.0007361173629760742,0,10
34,0.0015590549446642399,0.0015590413240715861,0,10
35,0.0005078245885670185,0.0005078329122625291,0,10
38,0.0002636630670167506,0.0002636909484863281,0,10
39,0.0005301871569827199,0.0005301833152770996,0,10
40,0.0011348809348419309,0.0011349045671522617,0,10
42,0.000782903516665101,0.0007829070091247559,0,10
43,0.0007335313712246716,0.0007335543632507324,0,10
44,0.0003708272415678948,0.0003708004951477051,0,10
47,0.00027463474543765187,0.000274658203125,0,10
49,0.0009064056794159114,0.0009064078330993652,0,10
51,0.0002752422878984362,0.0002752542495727539,0,10
53,0.0007770080701448023,0.0007770065567456186,0,10
56,0.0001898431364679709,0.00018984079360961914,0,10
59,0.0004291993100196123,0.0004292130470275879,0,10
62,0.0004947310662828386,0.0004947136039845645,0,10
65,4.407260348671116e-05,4.4092335883760825e-05,0,10
69,0.0002957913966383785,0.00029581531998701394,0,10
74,0.0002708536048885435,0.000270843505859375,0,10
78,7.677765097469091e-05,7.675511733395979e-05,0,10
79,0.00047731888480484486,0.0004773139953613281,0,10
82,2.368184686929453e-05,2.3663043975830078e-05,0,10
91,0.00023088883608579636,0.00020438432693481445,0,10
93,0.00017974401998799294,0.00017064809799194336,0,10
94,0.0002779641654342413,0.00027794018387794495,0,10
95,0.0003401865251362324,0.0003401637077331543,0,10
0,0.023432791233062744,0.023432793095707893,0,10
1,0.023745371028780937,0.023745380342006683,0,10
2,0.026098035275936127,0.026098061352968216,0,10
3,0.025327494367957115,0.025327539071440697,0,10
4,0.02710331603884697,0.02710333839058876,0,10
5,0.02270418033003807,0.02270420268177986,0,10
6,0.021417286247015,0.02141730859875679,0,10
7,0.02037135884165764,0.02037137933075428,0,10
8,0.018896559253335,0.01889657974243164,0,10
9,0.016117680817842484,0.016117705032229424,0,10
10,0.013181006535887718,0.013181030750274658,0,10
11,0.011195192113518715,0.01119520515203476,0,10
12,0.0111635597422719,0.011163577437400818,0,10
13,0.00805622711777687,0.008056259714066982,0,10
14,0.00936146266758442,0.009361502714455128,0,10
15,0.006390345748513937,0.006390364374965429,0,10
16,0.0059852609410882,0.005985281430184841,0,10
17,0.004571130499243736,0.0045711575075984,0,10
18,0.005984979216009378,0.0059850034303963184,0,10
19,0.004085687920451164,0.004085717257112265,0,10
20,0.003390278434380889,0.0033903031144291162,0,10
21,0.0035600150004029274,0.0035600257106125355,0,10
22,0.002745257457718253,0.0027452725917100906,0,10
23,0.0032116195652633905,0.003211625851690769,0,10
24,0.0020167073234915733,0.00201671221293509,0,10
25,0.0016607986763119698,0.0016608238220214844,0,10
26,0.0023033812176436186,0.0023033691104501486,0,10
27,0.0013683992438018322,0.0013684226432815194,0,10
28,0.0020225727930665016,0.0020225991029292345,0,10
29,0.0019309788476675749,0.0019310052739456296,0,10
30,0.0017898662481456995,0.001789867877960205,0,10
31,0.00048137421254068613,0.00048139129648916423,0,10
32,0.0007827577064745128,0.0007728934288024902,0,10
33,0.0007360890740528703,0.0007361185853369534,0,10
34,0.0015590549446642399,0.0015590842813253403,0,10
35,0.0005078245885670185,0.0005078315734863281,0,10
38,0.0002636630670167506,0.000263660098426044,0,10
39,0.0005301871569827199,0.0005055665969848633,0,10
40,0.0011348809348419309,0.00113489490468055,0,10
42,0.000782903516665101,0.0007829070091247559,0,10
43,0.0007335313712246716,0.0007335543632507324,0,10
44,0.0003708272415678948,0.0003708004951477051,0,10
47,0.00027463474543765187,0.0002599358558654785,0,10
49,0.0009064056794159114,0.0009064078330993652,0,10
51,0.0002752422878984362,0.00027527622296474874,0,10
53,0.0007770080701448023,0.0007770140655338764,0,10
56,0.0001898431364679709,0.00018987272051163018,0,10
59,0.0004291993100196123,0.0004292130470275879,0,10
62,0.0004947310662828386,0.0004947185516357422,0,10
65,4.407260348671116e-05,4.404783248901367e-05,0,10
69,0.0002957913966383785,0.00029581785202026367,0,10
74,0.0002708536048885435,0.000270843505859375,0,10
78,7.677765097469091e-05,7.678561814827845e-05,0,10
79,0.00047731888480484486,0.00047728701611049473,0,10
82,2.368184686929453e-05,2.3663043975830078e-05,0,10
91,0.00023088883608579636,0.00023090839385986328,0,10
93,0.00017974401998799294,0.000179290771484375,0,10
94,0.0002779641654342413,0.00027795301866717637,0,10
95,0.0003401865251362324,0.0003401637077331543,0,10
0,0.023432791233062744,0.023432809859514236,0,10
1,0.023745371028780937,0.023745395243167877,0,10
2,0.026098035275936127,0.02609805390238762,0,10
3,0.025327494367957115,0.02532750926911831,0,10
4,0.02710331603884697,0.02710334025323391,0,10
5,0.02270418033003807,0.022704219445586205,0,10
6,0.021417286247015,0.021417321637272835,0,10
7,0.02037135884165764,0.020371388643980026,0,10
8,0.018896559253335,0.01889660209417343,0,10
9,0.016117680817842484,0.016117718070745468,0,10
10,0.013181006535887718,0.013181044720113277,0,10
11,0.011195192113518715,0.011195220984518528,0,10
12,0.0111635597422719,0.011163587681949139,0,10
13,0.00805622711777687,0.008056252263486385,0,10
14,0.00936146266758442,0.00936148688197136,0,10
15,0.006390345748513937,0.0063903601840138435,0,10
16,0.0059852609410882,0.0059852902777493,0,10
17,0.004571130499243736,0.0045711505226790905,0,10
18,0.005984979216009378,0.005985008552670479,0,10
19,0.004085687920451164,0.004085718188434839,0,10
20,0.003390278434380889,0.0033903031144291162,0,10
21,0.0035600150004029274,0.0035600361879915,0,10
22,0.002745257457718253,0.0027452707290649414,0,10
23,0.0032116195652633905,0.003211650298908353,0,10
24,0.0020167073234915733,0.002016723155975342,0,10
25,0.0016607986763119698,0.0016608238220214844,0,10
26,0.0023033812176436186,0.0023033618927001953,0,10
27,0.0013683992438018322,0.0013683970319107175,0,10
28,0.0020225727930665016,0.00202256441116333,0,10
29,0.0019309788476675749,0.0019309843191877007,0,10
30,0.0017898662481456995,0.001789867877960205,0,10
31,0.00048137421254068613,0.0004813671112060547,0,10
32,0.0007827577064745128,0.0007827574736438692,0,10
33,0.0007360890740528703,0.0007361173629760742,0,10
34,0.0015590549446642399,0.001559079741127789,0,10
35,0.0005078245885670185,0.0005078315734863281,0,10
38,0.0002636630670167506,0.0002636909484863281,0,10
39,0.0005301871569827199,0.0005301992641761899,0,10
40,0.0011348809348419309,0.0011348641710355878,0,10
42,0.000782903516665101,0.0007828916423022747,0,10
43,0.0007335313712246716,0.000733547261916101,0,10
44,0.0003708272415678948,0.0003708466829266399,0,10
47,0.00027463474543765187,0.000274658203125,0,10
49,0.0009064056794159114,0.0009064078330993652,0,10
51,0.0002752422878984362,0.0002752499422058463,0,10
53,0.0007770080701448023,0.0007770061492919922,0,10
56,0.0001898431364679709,0.00018987407383974642,0,10
59,0.0004291993100196123,0.0004292130470275879,0,10
62,0.0004947310662828386,0.0004947185516357422,0,10
65,4.407260348671116e-05,4.404783248901367e-05,0,10
69,0.0002957913966383785,0.00029581785202026367,0,10
74,0.0002708536048885435,0.000270843505859375,0,10
78,7.677765097469091e-05,7.678865222260356e-05,0,10
79,0.00047731888480484486,0.00047734283725731075,0,10
82,2.368184686929453e-05,2.3685479391133413e-05,0,10
91,0.00023088883608579636,0.00023088231682777405,0,10
93,0.00017974401998799294,0.00017976760864257812,0,10
94,0.0002779641654342413,0.0002779364585876465,0,10
95,0.0003401865251362324,0.0003401718568056822,0,10
0,0.023432791233062744,0.02343280240893364,0,10
1,0.023745371028780937,0.023745398968458176,0,10
2,0.026098035275936127,0.02609805390238762,0,10
3,0.025327494367957115,0.025327518582344055,0,10
4,0.02710331603884697,0.027103353291749954,0,10
5,0.02270418033003807,0.022704225033521652,0,10
6,0.021417286247015,0.02141731046140194,0,10
7,0.02037135884165764,0.02037138119339943,0,10
8,0.018896559253335,0.018896596506237984,0,10
9,0.016117680817842484,0.016117705032229424,0,10
10,0.013181006535887718,0.013181040063500404,0,10
11,0.011195192113518715,0.011195218190550804,0,10
12,0.0111635597422719,0.011163584887981415,0,10
13,0.00805622711777687,0.008056260645389557,0,10
14,0.00936146266758442,0.00936148315668106,0,10
15,0.006390345748513937,0.006390355061739683,0,10
16,0.0059852609410882,0.005985273513942957,0,10
17,0.004571130499243736,0.004571155644953251,0,10
18,0.005984979216009378,0.0059850094839930534,0,10
19,0.004085687920451164,0.004085725173354149,0,10
20,0.003390278434380889,0.003390310565009713,0,10
21,0.0035600150004029274,0.00356004829518497,0,10
22,0.002745257457718253,0.0027452707290649414,0,10
23,0.0032116195652633905,0.0032116484362632036,0,10
24,0.0020167073234915733,0.002016723155975342,0,10
25,0.0016607986763119698,0.0016608270816504955,0,10
26,0.0023033812176436186,0.0023033618927001953,0,10
27,0.0013683992438018322,0.001368403434753418,0,10
28,0.0020225727930665016,0.00202256441116333,0,10
29,0.0019309788476675749,0.0019309520721435547,0,10
30,0.0017898662481456995,0.001789867877960205,0,10
31,0.00048137421254068613,0.00047218799591064453,0,10
32,0.0007827577064745128,0.000782755552791059,0,10
33,0.0007360890740528703,0.0007189512252807617,0,10
34,0.0015590549446642399,0.0015590786933898926,0,10
35,0.0005078245885670185,0.0005078315734863281,0,10
38,0.0002636630670167506,0.000246496289037168,0,10
39,0.0005301871569827199,0.0005301833152770996,0,10
40,0.0011348809348419309,0.00113490573130548,0,10
42,0.000782903516665101,0.0007829092792235315,0,10
43,0.0007335313712246716,0.0007335679256357253,0,10
44,0.0003708272415678948,0.00037085579242557287,0,10
47,0.00027463474543765187,0.000274658203125,0,10
49,0.0009064056794159114,0.0009064300684258342,0,10
51,0.0002752422878984362,0.00025451183319091797,0,10
53,0.0007770080701448023,0.0007770094089210033,0,10
56,0.0001898431364679709,0.00018984079360961914,0,10
59,0.0004291993100196123,0.00042922457214444876,0,10
62,0.0004947310662828386,0.0004947574925608933,0,10
65,4.407260348671116e-05,4.404783248901367e-05,0,10
69,0.0002957913966383785,0.00029581785202026367,0,10
74,0.0002708536048885435,0.000270843505859375,0,10
78,7.677765097469091e-05,7.677078247070312e-05,0,10
79,0.00047731888480484486,0.0004773139953613281,0,10
82,2.368184686929453e-05,2.3669743313803338e-05,0,10
91,0.00023088883608579636,0.00023090839385986328,0,10
93,0.00017974401998799294,0.0001797210716176778,0,10
94,0.0002779641654342413,0.0002779364585876465,0,10
95,0.0003401865251362324,0.0003401651338208467,0,10
0,0.023432791233062744,0.023432809859514236,0,10
1,0.023745371028780937,0.023745402693748474,0,10
2,0.026098035275936127,0.026098055765032768,0,10
3,0.025327494367957115,0.025327537208795547,0,10
4,0.02710331603884697,0.0271033626049757,0,10
5,0.02270418033003807,0.022704219445586205,0,10
6,0.021417286247015,0.02141730673611164,0,10
7,0.02037135884165764,0.02037137746810913,0,10
8,0.018896559253335,0.018896587193012238,0,10
9,0.016117680817842484,0.016117718070745468,0,10
10,0.013181006535887718,0.013181021437048912,0,10
11,0.011195192113518715,0.011195235885679722,0,10
12,0.0111635597422719,0.011163586750626564,0,10
13,0.00805622711777687,0.008056269027292728,0,10
14,0.00936146266758442,0.00936147104948759,0,10
15,0.006390345748513937,0.006390378810465336,0,10
16,0.0059852609410882,0.005985285621136427,0,10
17,0.004571130499243736,0.004571161698549986,0,10
18,0.005984979216009378,0.005985002499073744,0,10
19,0.004085687920451164,0.0040857139974832535,0,10
20,0.003390278434380889,0.0033902816940099,0,10
21,0.0035600150004029274,0.0035600343253463507,0,10
22,0.002745257457718253,0.002745274920016527,0,10
23,0.0032116195652633905,0.0032116284128278494,0,10
24,0.0020167073234915733,0.0020167087204754353,0,10
25,0.0016607986763119698,0.0016608238220214844,0,10
26,0.0023033812176436186,0.0023033684119582176,0,10
27,0.0013683992438018322,0.001368403434753418,0,10
28,0.0020225727930665016,0.00202256441116333,0,10
29,0.0019309788476675749,0.001930970698595047,0,10
30,0.0017898662481456995,0.001789867877960205,0,10
31,0.00048137421254068613,0.00045643039629794657,0,10
32,0.0007827577064745128,0.0007827281951904297,0,10
33,0.0007360890740528703,0.0007361173629760742,0,10
34,0.0015590549446642399,0.0015590786933898926,0,10
35,0.0005078245885670185,0.0005078315734863281,0,10
38,0.0002636630670167506,0.0002636909484863281,0,10
39,0.0005301871569827199,0.0005301833152770996,0,10
40,0.0011348809348419309,0.0011348724365234375,0,10
42,0.000782903516665101,0.0007829070091247559,0,10
43,0.0007335313712246716,0.0007174474885687232,0,10
44,0.0003708272415678948,0.0003708159492816776,0,10
47,0.00027463474543765187,0.000274658203125,0,10
49,0.0009064056794159114,0.0009064078330993652,0,10
51,0.0002752422878984362,0.0002752389991655946,0,10
53,0.0007770080701448023,0.0007770061492919922,0,10
56,0.0001898431364679709,0.00018986116629093885,0,10
59,0.0004291993100196123,0.0004292130470275879,0,10
62,0.0004947310662828386,0.0004947185516357422,0,10
65,4.407260348671116e-05,4.404783248901367e-05,0,10
69,0.0002957913966383785,0.00029581785202026367,0,10
74,0.0002708536048885435,0.00025284290313720703,0,10
78,7.677765097469091e-05,7.677078247070312e-05,0,10
79,0.00047731888480484486,0.0004773471737280488,0,10
82,2.368184686929453e-05,2.276897430419922e-05,0,10
91,0.00023088883608579636,0.00023090839385986328,0,10
93,0.00017974401998799294,0.00017976760864257812,0,10
94,0.0002779641654342413,0.0002779364585876465,0,10
95,0.0003401865251362324,0.00034015209530480206,0,10
