anchor_idx,radius,max_dist,n_escaped,n_total
0,0.03491806611418724,0.03491811826825142,0,10
0,0.03491806611418724,0.034918125718832016,0,10
1,0.029722897335886955,0.029722951352596283,0,10
0,0.03491806611418724,0.03491811081767082,0,10
1,0.029722897335886955,0.029722953215241432,0,10
2,0.025855883955955505,0.02585587650537491,0,10
0,0.03491806611418724,0.034918125718832016,0,10
1,0.029722897335886955,0.029722947627305984,0,10
2,0.025855883955955505,0.025855911895632744,0,10
3,0.021306244656443596,0.021306287497282028,0,10
0,0.03491806611418724,0.034918107092380524,0,10
1,0.029722897335886955,0.0297229140996933,0,10
2,0.025855883955955505,0.025855939835309982,0,10
3,0.021306244656443596,0.021306270733475685,0,10
4,0.017473295331001282,0.01747334934771061,0,10
0,0.03491806611418724,0.034918125718832016,0,10
1,0.029722897335886955,0.029722902923822403,0,10
2,0.025855883955955505,0.025855934247374535,0,10
3,0.021306244656443596,0.021306302398443222,0,10
4,0.017473295331001282,0.017473353073000908,0,10
5,0.014462392777204514,0.014462443999946117,0,10
0,0.03491806611418724,0.03491809219121933,0,10
1,0.029722897335886955,0.029722947627305984,0,10
2,0.025855883955955505,0.025855939835309982,0,10
3,0.021306244656443596,0.021306276321411133,0,10
4,0.017473295331001282,0.017473330721259117,0,10
5,0.014462392777204514,0.014462421648204327,0,10
6,0.011383762583136559,0.011383814737200737,0,10
0,0.03491806611418724,0.03491811081767082,0,10
1,0.029722897335886955,0.029722953215241432,0,10
2,0.025855883955955505,0.025855930522084236,0,10
3,0.021306244656443596,0.02130628563463688,0,10
4,0.017473295331001282,0.017473336309194565,0,10
5,0.014462392777204514,0.014462441205978394,0,10
6,0.011383762583136559,0.01138378120958805,0,10
7,0.00797039084136486,0.007970436476171017,0,10
0,0.03491806611418724,0.03491811454296112,0,10
1,0.029722897335886955,0.029722942039370537,0,10
2,0.025855883955955505,0.02585594169795513,0,10
3,0.021306244656443596,0.02130628563463688,0,10
4,0.017473295331001282,0.017473330721259117,0,10
5,0.014462392777204514,0.01446245051920414,0,10
6,0.011383762583136559,0.011383804492652416,0,10
7,0.00797039084136486,0.007970444858074188,0,10
8,0.007221930660307407,0.007221950218081474,0,10
0,0.03491806611418724,0.03491808846592903,0,10
1,0.029722897335886955,0.02972293086349964,0,10
2,0.025855883955955505,0.02585592307150364,0,10
3,0.021306244656443596,0.021306296810507774,0,10
4,0.017473295331001282,0.017473341897130013,0,10
5,0.014462392777204514,0.01446242444217205,0,10
6,0.011383762583136559,0.011383815668523312,0,10
7,0.00797039084136486,0.007970448583364487,0,10
8,0.007221930660307407,0.007221981417387724,0,10
9,0.005904095713049173,0.005904145073145628,0,10
0,0.03491806611418724,0.034918107092380524,0,10
1,0.029722897335886955,0.029722929000854492,0,10
2,0.025855883955955505,0.025855932384729385,0,10
3,0.021306244656443596,0.021306289359927177,0,10
4,0.017473295331001282,0.01747334562242031,0,10
5,0.014462392777204514,0.014462441205978394,0,10
6,0.011383762583136559,0.011383822187781334,0,10
7,0.00797039084136486,0.007970444858074188,0,10
8,0.007221930660307407,0.0072219520807266235,0,10
9,0.005904095713049173,0.005904084071516991,0,10
10,0.004550311714410782,0.0045503126457333565,0,10
0,0.03491806611418724,0.034918125718832016,0,10
1,0.029722897335886955,0.02972295694053173,0,10
2,0.025855883955955505,0.025855939835309982,0,10
3,0.021306244656443596,0.021306270733475685,0,10
4,0.017473295331001282,0.017473343759775162,0,10
5,0.014462392777204514,0.014462445862591267,0,10
6,0.011383762583136559,0.011383812874555588,0,10
7,0.00797039084136486,0.007970418781042099,0,10
8,0.007221930660307407,0.007221985142678022,0,10
9,0.005904095713049173,0.005904152523726225,0,10
10,0.004550311714410782,0.0045502930879592896,0,10
11,0.0037368538323789835,0.0037369036581367254,0,10
0,0.03491806611418724,0.03491811081767082,0,10
1,0.029722897335886955,0.029722949489951134,0,10
2,0.025855883955955505,0.02585594356060028,0,10
3,0.021306244656443596,0.021306296810507774,0,10
4,0.017473295331001282,0.017473343759775162,0,10
5,0.014462392777204514,0.014462447725236416,0,10
6,0.011383762583136559,0.011383804492652416,0,10
7,0.00797039084136486,0.007970448583364487,0,10
8,0.007221930660307407,0.007221940904855728,0,10
9,0.005904095713049173,0.005904096178710461,0,10
10,0.004550311714410782,0.004550271667540073,0,10
11,0.0037368538323789835,0.0037368126213550568,0,10
12,0.0022270854096859694,0.00214854022487998,0,10
0,0.03491806611418724,0.034918103367090225,0,10
1,0.029722897335886955,0.029722940176725388,0,10
2,0.025855883955955505,0.025855930522084236,0,10
3,0.021306244656443596,0.021306294947862625,0,10
4,0.017473295331001282,0.01747334562242031,0,10
5,0.014462392777204514,0.01446243841201067,0,10
6,0.011383762583136559,0.011383815668523312,0,10
7,0.00797039084136486,0.007970448583364487,0,10
8,0.007221930660307407,0.007221982814371586,0,10
9,0.005904095713049173,0.00590411527082324,0,10
10,0.004550311714410782,0.0045503186993300915,0,10
11,0.0037368538323789835,0.00373686570674181,0,10
12,0.0022270854096859694,0.002227053279057145,0,10
13,0.0019420651951804757,0.0019421074539422989,0,10
0,0.03491806611418724,0.03491812199354172,0,10
1,0.029722897335886955,0.029722953215241432,0,10
2,0.025855883955955505,0.025855939835309982,0,10
3,0.021306244656443596,0.021306300535798073,0,10
4,0.017473295331001282,0.01747334934771061,0,10
5,0.014462392777204514,0.01446245051920414,0,10
6,0.011383762583136559,0.011383810080587864,0,10
7,0.00797039084136486,0.00797043927013874,0,10
8,0.007221930660307407,0.0072219581343233585,0,10
9,0.005904095713049173,0.005904146004468203,0,10
10,0.004550311714410782,0.004550297744572163,0,10
11,0.0037368538323789835,0.0037369125057011843,0,10
12,0.0022270854096859694,0.0022271324414759874,0,10
13,0.0019420651951804757,0.0019421197939664125,0,10
14,0.0011005222331732512,0.0011005342239513993,0,10
0,0.03491806611418724,0.034918103367090225,0,10
1,0.029722897335886955,0.029722951352596283,0,10
2,0.025855883955955505,0.025855932384729385,0,10
3,0.021306244656443596,0.021306287497282028,0,10
4,0.017473295331001282,0.01747334562242031,0,10
5,0.014462392777204514,0.014462449587881565,0,10
6,0.011383762583136559,0.011383808217942715,0,10
7,0.00797039084136486,0.007970436476171017,0,10
8,0.007221930660307407,0.007221942767500877,0,10
9,0.005904095713049173,0.005904149729758501,0,10
10,0.004550311714410782,0.004550283774733543,0,10
11,0.0037368538323789835,0.003736908780410886,0,10
12,0.0022270854096859694,0.002227099845185876,0,10
13,0.0019420651951804757,0.0019420150201767683,0,10
14,0.0011005222331732512,0.0011005537817254663,0,10
15,0.001546840532682836,0.0015468803467229009,0,10
0,0.03491806611418724,0.034918107092380524,0,10
1,0.029722897335886955,0.029722943902015686,0,10
2,0.025855883955955505,0.025855936110019684,0,10
3,0.021306244656443596,0.021306276321411133,0,10
4,0.017473295331001282,0.017473353073000908,0,10
5,0.014462392777204514,0.014462433755397797,0,10
6,0.011383762583136559,0.01138379704207182,0,10
7,0.00797039084136486,0.007970435544848442,0,10
8,0.007221930660307407,0.0072219474241137505,0,10
9,0.005904095713049173,0.005904124118387699,0,10
10,0.004550311714410782,0.004550364799797535,0,10
11,0.0037368538323789835,0.0037368913181126118,0,10
12,0.0022270854096859694,0.002227078890427947,0,10
13,0.0019420651951804757,0.0019420681055635214,0,10
14,0.0011005222331732512,0.0011005701962858438,0,10
15,0.001546840532682836,0.0015468867495656013,0,10
16,0.0009656050824560225,0.0009656614274717867,0,10
0,0.03491806611418724,0.03491811454296112,0,10
1,0.029722897335886955,0.029722943902015686,0,10
2,0.025855883955955505,0.02585592120885849,0,10
3,0.021306244656443596,0.021306278184056282,0,10
4,0.017473295331001282,0.01747332327067852,0,10
5,0.014462392777204514,0.014462431892752647,0,10
6,0.011383762583136559,0.01138381753116846,0,10
7,0.00797039084136486,0.007970448583364487,0,10
8,0.007221930660307407,0.007221956271678209,0,10
9,0.005904095713049173,0.005904113408178091,0,10
10,0.004550311714410782,0.0045502702705562115,0,10
11,0.0037368538323789835,0.003736901795491576,0,10
12,0.0022270854096859694,0.0022271310444921255,0,10
13,0.0019420651951804757,0.0019421234028413892,0,10
14,0.0011005222331732512,0.0011005416745319963,0,10
15,0.001546840532682836,0.001546879531815648,0,10
16,0.0009656050824560225,0.0009656001930125058,0,10
17,0.0011683482443913817,0.001168370246887207,0,10
0,0.03491806611418724,0.03491811454296112,0,10
1,0.029722897335886955,0.029722915962338448,0,10
2,0.025855883955955505,0.025855936110019684,0,10
3,0.021306244656443596,0.021306300535798073,0,10
4,0.017473295331001282,0.017473328858613968,0,10
5,0.014462392777204514,0.01446243654936552,0,10
6,0.011383762583136559,0.011383818462491035,0,10
7,0.00797039084136486,0.007970440201461315,0,10
8,0.007221930660307407,0.007221948821097612,0,10
9,0.005904095713049173,0.005904133431613445,0,10
10,0.004550311714410782,0.0045503610745072365,0,10
11,0.0037368538323789835,0.0037368780467659235,0,10
12,0.0022270854096859694,0.002227084944024682,0,10
13,0.0019420651951804757,0.0019420450553297997,0,10
14,0.0011005222331732512,0.0011005474952980876,0,10
15,0.001546840532682836,0.0015273654134944081,0,10
16,0.0009656050824560225,0.0009655858739279211,0,10
17,0.0011683482443913817,0.001168328570201993,0,10
18,-3.672618913697079e-05,3.6716461181640625e-05,10,10
0,0.03491806611418724,0.034918107092380524,0,10
1,0.029722897335886955,0.029722951352596283,0,10
2,0.025855883955955505,0.025855908170342445,0,10
3,0.021306244656443596,0.021306268870830536,0,10
4,0.017473295331001282,0.017473334446549416,0,10
5,0.014462392777204514,0.014462440274655819,0,10
6,0.011383762583136559,0.01138381939381361,0,10
7,0.00797039084136486,0.007970447652041912,0,10
8,0.007221930660307407,0.007221976760774851,0,10
9,0.005904095713049173,0.005904126912355423,0,10
10,0.004550311714410782,0.004550349432975054,0,10
11,0.0037368538323789835,0.0037368086632341146,0,10
12,0.0022270854096859694,0.002227136166766286,0,10
13,0.0019420651951804757,0.0019420674070715904,0,10
14,0.0011005222331732512,0.0011005662381649017,0,10
15,0.001546840532682836,0.001546811661683023,0,10
16,0.0009656050824560225,0.0009656152687966824,0,10
17,0.0011683482443913817,0.0011682978365570307,0,10
18,-3.672618913697079e-05,3.6716461181640625e-05,10,10
19,0.000533788581378758,0.0005338325281627476,0,10
0,0.03491806611418724,0.03491811826825142,0,10
1,0.029722897335886955,0.02972290851175785,0,10
2,0.025855883955955505,0.02585591934621334,0,10
3,0.021306244656443596,0.021306302398443222,0,10
4,0.017473295331001282,0.01747334562242031,0,10
5,0.014462392777204514,0.014462451450526714,0,10
6,0.011383762583136559,0.011383811011910439,0,10
7,0.00797039084136486,0.007970443926751614,0,10
8,0.007221930660307407,0.007221972569823265,0,10
9,0.005904095713049173,0.005904113873839378,0,10
10,0.004550311714410782,0.004550288897007704,0,10
11,0.0037368538323789835,0.0037368647754192352,0,10
12,0.0022270854096859694,0.0022271054331213236,0,10
13,0.0019420651951804757,0.0019420712487772107,0,10
14,0.0011005222331732512,0.0011005594860762358,0,10
15,0.001546840532682836,0.0015468605561181903,0,10
16,0.0009656050824560225,0.0009656181209720671,0,10
17,0.0011683482443913817,0.0011683981865644455,0,10
18,-3.672618913697079e-05,3.674891195259988e-05,10,10
19,0.000533788581378758,0.0005338274058885872,0,10
20,0.0006892802193760872,0.00068930588895455,0,10
0,0.03491806611418724,0.03491811826825142,0,10
1,0.029722897335886955,0.029722947627305984,0,10
2,0.025855883955955505,0.025855930522084236,0,10
3,0.021306244656443596,0.021306296810507774,0,10
4,0.017473295331001282,0.01747335121035576,0,10
5,0.014462392777204514,0.014462451450526714,0,10
6,0.011383762583136559,0.011383814737200737,0,10
7,0.00797039084136486,0.007970434613525867,0,10
8,0.007221930660307407,0.007221945095807314,0,10
9,0.005904095713049173,0.005904140416532755,0,10
10,0.004550311714410782,0.004550273064523935,0,10
11,0.0037368538323789835,0.003736844751983881,0,10
12,0.0022270854096859694,0.002212281571701169,0,10
13,0.0019420651951804757,0.0019420977914705873,0,10
14,0.0011005222331732512,0.0011005289852619171,0,10
15,0.001546840532682836,0.0015468589263036847,0,10
16,0.0009656050824560225,0.0009656333713792264,0,10
17,0.0011683482443913817,0.0011684000492095947,0,10
18,-3.672618913697079e-05,3.6671877751359716e-05,10,10
19,0.000533788581378758,0.0005103127914480865,0,10
20,0.0006892802193760872,0.0006893006502650678,0,10
21,-0.0003699078515637666,0.0003699064254760742,10,10
0,0.03491806611418724,0.034918125718832016,0,10
1,0.029722897335886955,0.029722951352596283,0,10
2,0.025855883955955505,0.02585592307150364,0,10
3,0.021306244656443596,0.021306296810507774,0,10
4,0.017473295331001282,0.017473353073000908,0,10
5,0.014462392777204514,0.014462451450526714,0,10
6,0.011383762583136559,0.011383806355297565,0,10
7,0.00797039084136486,0.007970440201461315,0,10
8,0.007221930660307407,0.007221926935017109,0,10
9,0.005904095713049173,0.0059041231870651245,0,10
10,0.004550311714410782,0.004550284240394831,0,10
11,0.0037368538323789835,0.0037368126213550568,0,10
12,0.0022270854096859694,0.002227120567113161,0,10
13,0.0019420651951804757,0.0019421109464019537,0,10
14,0.0011005222331732512,0.0011005456326529384,0,10
15,0.001546840532682836,0.0015468195779249072,0,10
16,0.0009656050824560225,0.0009656466427259147,0,10
17,0.0011683482443913817,0.0011683542979881167,0,10
18,-3.672618913697079e-05,3.6716461181640625e-05,10,10
19,0.000533788581378758,0.0005338205373845994,0,10
20,0.0006892802193760872,0.0006892964011058211,0,10
21,-0.0003699078515637666,0.0003699064254760742,10,10
22,0.00011625342449406162,0.0001162468979600817,0,10
0,0.03491806611418724,0.03491811454296112,0,10
1,0.029722897335886955,0.029722953215241432,0,10
2,0.025855883955955505,0.025855939835309982,0,10
3,0.021306244656443596,0.021306296810507774,0,10
4,0.017473295331001282,0.017473353073000908,0,10
5,0.014462392777204514,0.014462427236139774,0,10
6,0.011383762583136559,0.01138381753116846,0,10
7,0.00797039084136486,0.00797044113278389,0,10
8,0.007221930660307407,0.007221980486065149,0,10
9,0.005904095713049173,0.005904091522097588,0,10
10,0.004550311714410782,0.004550290759652853,0,10
11,0.0037368538323789835,0.0037368345074355602,0,10
12,0.0022270854096859694,0.0020238140132278204,0,10
13,0.0019420651951804757,0.0019420689204707742,0,10
14,0.0011005222331732512,0.001100489404052496,0,10
15,0.001546840532682836,0.0015468742931261659,0,10
16,0.0009656050824560225,0.0009656006586737931,0,10
17,0.0011683482443913817,0.0011683765333145857,0,10
18,-3.672618913697079e-05,3.6716461181640625e-05,10,10
19,0.000533788581378758,0.0005338197224773467,0,10
20,0.0006892802193760872,0.0006892963428981602,0,10
21,-0.0003699078515637666,0.0003699064254760742,10,10
22,0.00011625342449406162,0.0001162741391453892,0,10
23,-0.00011840670049423352,0.00011260821338510141,10,10
0,0.03491806611418724,0.034918125718832016,0,10
1,0.029722897335886955,0.029722945764660835,0,10
2,0.025855883955955505,0.025855939835309982,0,10
3,0.021306244656443596,0.02130628004670143,0,10
4,0.017473295331001282,0.01747335121035576,0,10
5,0.014462392777204514,0.014462432824075222,0,10
6,0.011383762583136559,0.011383789591491222,0,10
7,0.00797039084136486,0.007970410399138927,0,10
8,0.007221930660307407,0.00722197862342,0,10
9,0.005904095713049173,0.005904133897274733,0,10
10,0.004550311714410782,0.004550350364297628,0,10
11,0.0037368538323789835,0.0037368666380643845,0,10
12,0.0022270854096859694,0.0022270875051617622,0,10
13,0.0019420651951804757,0.0019420817261561751,0,10
14,0.0011005222331732512,0.0011004976695403457,0,10
15,0.001546840532682836,0.0015468817437067628,0,10
16,0.0009656050824560225,0.000935747055336833,0,10
17,0.0011683482443913817,0.0011683088960126042,0,10
18,-3.672618913697079e-05,3.676260166685097e-05,10,10
19,0.000533788581378758,0.0005338000482879579,0,10
20,0.0006892802193760872,0.0006893269019201398,0,10
21,-0.0003699078515637666,0.0003699064254760742,10,10
22,0.00011625342449406162,0.00011626579362200573,0,10
23,-0.00011840670049423352,0.00011843189713545144,10,10
24,-0.00015585384971927851,0.0001558065414428711,10,10
0,0.03491806611418724,0.034918125718832016,0,10
1,0.029722897335886955,0.029722949489951134,0,10
2,0.025855883955955505,0.025855939835309982,0,10
3,0.021306244656443596,0.021306296810507774,0,10
4,0.017473295331001282,0.017473338171839714,0,10
5,0.014462392777204514,0.01446244865655899,0,10
6,0.011383762583136559,0.011383811943233013,0,10
7,0.00797039084136486,0.007970431819558144,0,10
8,0.007221930660307407,0.007221938110888004,0,10
9,0.005904095713049173,0.0059041487984359264,0,10
10,0.004550311714410782,0.004550362005829811,0,10
11,0.0037368538323789835,0.003420821623876691,0,10
12,0.0022270854096859694,0.0022270362824201584,0,10
13,0.0019420651951804757,0.0019421030301600695,0,10
14,0.0011005222331732512,0.0010858793975785375,0,10
15,0.001546840532682836,0.0015467895427718759,0,10
16,0.0009656050824560225,0.0009656509500928223,0,10
17,0.0011683482443913817,0.0011683818884193897,0,10
18,-3.672618913697079e-05,3.6716461181640625e-05,10,10
19,0.000533788581378758,0.0005338348564691842,0,10
20,0.0006892802193760872,0.0006892931996844709,0,10
21,-0.0003699078515637666,0.00036986361374147236,10,10
22,0.00011625342449406162,0.00011627014464465901,0,10
23,-0.00011840670049423352,0.00011837482452392578,10,10
24,-0.00015585384971927851,0.0001558065414428711,10,10
25,-0.00021217680478002876,0.00020325183868408203,10,10
0,0.03491806611418724,0.03491811081767082,0,10
1,0.029722897335886955,0.02972295507788658,0,10
2,0.025855883955955505,0.025855934247374535,0,10
3,0.021306244656443596,0.021306294947862625,0,10
4,0.017473295331001282,0.01747334748506546,0,10
5,0.014462392777204514,0.014462445862591267,0,10
6,0.011383762583136559,0.0113837830722332,0,10
7,0.00797039084136486,0.007970421575009823,0,10
8,0.007221930660307407,0.007221980020403862,0,10
9,0.005904095713049173,0.005904154386371374,0,10
10,0.004550311714410782,0.004550356417894363,0,10
11,0.0037368538323789835,0.0037368633784353733,0,10
12,0.0022270854096859694,0.002227128716185689,0,10
13,0.0019420651951804757,0.0019420775352045894,0,10
14,0.0011005222331732512,0.00110056868288666,0,10
15,0.001546840532682836,0.0015468919882550836,0,10
16,0.0009656050824560225,0.0009656272013671696,0,10
17,0.0011683482443913817,0.0011683822376653552,0,10
18,-3.672618913697079e-05,3.674575054901652e-05,10,10
19,0.000533788581378758,0.0005337661132216454,0,10
20,0.0006892802193760872,0.0006892645033076406,0,10
21,-0.0003699078515637666,0.0003699584922287613,10,10
22,0.00011625342449406162,0.00011631176312221214,0,10
23,-0.00011840670049423352,0.00011840916704386473,10,10
24,-0.00015585384971927851,0.00015581329353153706,10,10
25,-0.00021217680478002876,0.00021016597747802734,10,10
26,-1.389281442243373e-05,1.3947486877441406e-05,10,10
0,0.03491806611418724,0.03491812199354172,0,10
1,0.029722897335886955,0.029722943902015686,0,10
2,0.025855883955955505,0.025855902582406998,0,10
3,0.021306244656443596,0.021306298673152924,0,10
4,0.017473295331001282,0.017473341897130013,0,10
5,0.014462392777204514,0.014462445862591267,0,10
6,0.011383762583136559,0.011383796110749245,0,10
7,0.00797039084136486,0.007970442064106464,0,10
8,0.007221930660307407,0.0072219474241137505,0,10
9,0.005904095713049173,0.005904145538806915,0,10
10,0.004550311714410782,0.004550320096313953,0,10
11,0.0037368538323789835,0.003736817045137286,0,10
12,0.0022270854096859694,0.0021944271866232157,0,10
13,0.0019420651951804757,0.0019290834898129106,0,10
14,0.0011005222331732512,0.0011005467968061566,0,10
15,0.001546840532682836,0.0015468671917915344,0,10
16,0.0009656050824560225,0.0009656506590545177,0,10
17,0.0011683482443913817,0.0011683411430567503,0,10
18,-3.672618913697079e-05,3.67273241863586e-05,10,10
19,0.000533788581378758,0.0005338242626748979,0,10
20,0.0006892802193760872,0.0006893211393617094,0,10
21,-0.0003699078515637666,0.0003699182707350701,10,10
22,0.00011625342449406162,0.00011630770313786343,0,10
23,-0.00011840670049423352,0.00011837732745334506,10,10
24,-0.00015585384971927851,0.00015583058120682836,10,10
25,-0.00021217680478002876,0.0002122152509400621,10,10
26,-1.389281442243373e-05,1.3947486877441406e-05,10,10
27,3.8069840684329392e-06,3.765135716093937e-06,0,10
0,0.03491806611418724,0.03491811081767082,0,10
1,0.029722897335886955,0.029722953215241432,0,10
2,0.025855883955955505,0.02585592493414879,0,10
3,0.021306244656443596,0.021306300535798073,0,10
4,0.017473295331001282,0.017473354935646057,0,10
5,0.014462392777204514,0.014462430030107498,0,10
6,0.011383762583136559,0.01138381753116846,0,10
7,0.00797039084136486,0.00797043927013874,0,10
8,0.007221930660307407,0.007221965119242668,0,10
9,0.005904095713049173,0.005904095713049173,0,10
10,0.004550311714410782,0.004550340585410595,0,10
11,0.0037368538323789835,0.0037368591874837875,0,10
12,0.0022270854096859694,0.002227124525234103,0,10
13,0.0019420651951804757,0.0019420668249949813,0,10
14,0.0011005222331732512,0.0011005789274349809,0,10
15,0.001546840532682836,0.0015468926867470145,0,10
16,0.0009656050824560225,0.000965609448030591,0,10
17,0.0011683482443913817,0.0011682934127748013,0,10
18,-3.672618913697079e-05,3.6759265640284866e-05,10,10
19,0.000533788581378758,0.0005338049377314746,0,10
20,0.0006892802193760872,0.0006892519886605442,0,10
21,-0.0003699078515637666,0.0003699064254760742,10,10
22,0.00011625342449406162,0.00011629709479166195,0,10
23,-0.00011840670049423352,0.00011837482452392578,10,10
24,-0.00015585384971927851,0.00015588849782943726,10,10
25,-0.00021217680478002876,0.00021219253540039062,10,10
26,-1.389281442243373e-05,1.3947486877441406e-05,10,10
27,3.8069840684329392e-06,3.85384873879957e-06,0,10
28,0.00037979354965500534,0.0003797341778408736,0,10
0,0.03491806611418724,0.034918107092380524,0,10
1,0.029722897335886955,0.029722929000854492,0,10
2,0.025855883955955505,0.025855913758277893,0,10
3,0.021306244656443596,0.021306291222572327,0,10
4,0.017473295331001282,0.01747334748506546,0,10
5,0.014462392777204514,0.014462447725236416,0,10
6,0.011383762583136559,0.01138379517942667,0,10
7,0.00797039084136486,0.007970442995429039,0,10
8,0.007221930660307407,0.007221946958452463,0,10
9,0.005904095713049173,0.005904145073145628,0,10
10,0.004550311714410782,0.004550359211862087,0,10
11,0.0037368538323789835,0.0037368517369031906,0,10
12,0.0022270854096859694,0.0022270570043474436,0,10
13,0.0019420651951804757,0.0019420913886278868,0,10
14,0.0011005222331732512,0.0011004937114194036,0,10
15,0.001546840532682836,0.0015467900084331632,0,10
16,0.0009656050824560225,0.0009655822068452835,0,10
17,0.0011683482443913817,0.001111976569518447,0,10
18,-3.672618913697079e-05,3.678333087009378e-05,10,10
19,0.000533788581378758,0.0005338163464330137,0,10
20,0.0006892802193760872,0.000689301872625947,0,10
21,-0.0003699078515637666,0.0003699064254760742,10,10
22,0.00011625342449406162,0.0001162761909654364,0,10
23,-0.00011840670049423352,0.00011535309022292495,10,10
24,-0.00015585384971927851,0.0001558065414428711,10,10
25,-0.00021217680478002876,0.00021219253540039062,10,10
26,-1.389281442243373e-05,1.3947486877441406e-05,10,10
27,3.8069840684329392e-06,3.842340902338037e-06,0,10
28,0.00037979354965500534,0.00037975169834680855,0,10
29,-0.0001279358984902501,0.00012791156768798828,10,10
0,0.03491806611418724,0.034918107092380524,0,10
1,0.029722897335886955,0.029722945764660835,0,10
2,0.025855883955955505,0.02585592120885849,0,10
3,0.021306244656443596,0.021306302398443222,0,10
4,0.017473295331001282,0.017473338171839714,0,10
5,0.014462392777204514,0.014462447725236416,0,10
6,0.011383762583136559,0.011383765377104282,0,10
7,0.00797039084136486,0.0079704150557518,0,10
8,0.007221930660307407,0.007221972569823265,0,10
9,0.005904095713049173,0.005904087796807289,0,10
10,0.004550311714410782,0.004550337791442871,0,10
11,0.0037368538323789835,0.003736875019967556,0,10
12,0.0022270854096859694,0.0022271377965807915,0,10
13,0.0019420651951804757,0.001942114788107574,0,10
14,0.0011005222331732512,0.001100550522096455,0,10
15,0.001546840532682836,0.0014868283178657293,0,10
16,0.0009656050824560225,0.0009655770845711231,0,10
17,0.0011683482443913817,0.0011684074997901917,0,10
18,-3.672618913697079e-05,3.6722354707308114e-05,10,10
19,0.000533788581378758,0.0005337703041732311,0,10
20,0.0006892802193760872,0.000689248088747263,0,10
21,-0.0003699078515637666,0.0003699604421854019,10,10
22,0.00011625342449406162,0.00011623622413026169,0,10
23,-0.00011840670049423352,0.00011837482452392578,10,10
24,-0.00015585384971927851,0.00015589660324621946,10,10
25,-0.00021217680478002876,0.00020281189063098282,10,10
26,-1.389281442243373e-05,1.3947486877441406e-05,10,10
27,3.8069840684329392e-06,3.85043722417322e-06,0,10
28,0.00037979354965500534,0.00037984494701959193,0,10
29,-0.0001279358984902501,0.00012792073539458215,10,10
30,0.00034000774030573666,0.0003400503774173558,0,10
0,0.03491806611418724,0.03491809964179993,0,10
1,0.029722897335886955,0.02972295694053173,0,10
2,0.025855883955955505,0.025855936110019684,0,10
3,0.021306244656443596,0.021306291222572327,0,10
4,0.017473295331001282,0.017473343759775162,0,10
5,0.014462392777204514,0.014462445862591267,0,10
6,0.011383762583136559,0.01138380914926529,0,10
7,0.00797039084136486,0.007970443926751614,0,10
8,0.007221930660307407,0.007221987005323172,0,10
9,0.005904095713049173,0.005904129706323147,0,10
10,0.004550311714410782,0.004550275392830372,0,10
11,0.0037368538323789835,0.0037368452176451683,0,10
12,0.0022270854096859694,0.0022271107882261276,0,10
13,0.0019420651951804757,0.0019420684548094869,0,10
14,0.0011005222331732512,0.0011005676351487637,0,10
15,0.001546840532682836,0.001546853338368237,0,10
16,0.0009656050824560225,0.000965663290116936,0,10
17,0.0011683482443913817,0.00116831308696419,0,10
18,-3.672618913697079e-05,3.67788779840339e-05,10,10
19,0.000533788581378758,0.0005337729235179722,0,10
20,0.0006892802193760872,0.0006893070531077683,0,10
21,-0.0003699078515637666,0.00035774707794189453,10,10
22,0.00011625342449406162,0.00011623655882431194,0,10
23,-0.00011840670049423352,0.00011837708007078618,10,10
24,-0.00015585384971927851,0.0001558065414428711,10,10
25,-0.00021217680478002876,0.00021214745356701314,10,10
26,-1.389281442243373e-05,1.3947486877441406e-05,10,10
27,3.8069840684329392e-06,3.605667188821826e-06,0,10
28,0.00037979354965500534,0.00037982952198944986,0,10
29,-0.0001279358984902501,0.00012791156768798828,10,10
30,0.00034000774030573666,0.00033998824073933065,0,10
31,-0.00031356411636807024,0.0003034890105482191,10,10
0,0.03491806611418724,0.034918103367090225,0,10
1,0.029722897335886955,0.029722943902015686,0,10
2,0.025855883955955505,0.025855937972664833,0,10
3,0.021306244656443596,0.02130628563463688,0,10
4,0.017473295331001282,0.01747334562242031,0,10
5,0.014462392777204514,0.01446244865655899,0,10
6,0.011383762583136559,0.011383810080587864,0,10
7,0.00797039084136486,0.007970442064106464,0,10
8,0.007221930660307407,0.007221972104161978,0,10
9,0.005904095713049173,0.005904119461774826,0,10
10,0.004550311714410782,0.004550350829958916,0,10
11,0.0037368538323789835,0.003736804937943816,0,10
12,0.0022270854096859694,0.0022271359339356422,0,10
13,0.0019420651951804757,0.0019421014003455639,0,10
14,0.0011005222331732512,0.0011004670523107052,0,10
15,0.001546840532682836,0.0015468666097149253,0,10
16,0.0009656050824560225,0.0009656010079197586,0,10
17,0.0011683482443913817,0.0011683672200888395,0,10
18,-3.672618913697079e-05,3.6716461181640625e-05,10,10
19,0.000533788581378758,0.0005338400951586664,0,10
20,0.0006892802193760872,0.000689242035150528,0,10
21,-0.0003699078515637666,0.0003699064254760742,10,10
22,0.00011625342449406162,0.00011628823267528787,0,10
23,-0.00011840670049423352,0.00011845725384773687,10,10
24,-0.00015585384971927851,0.0001558065414428711,10,10
25,-0.00021217680478002876,0.00021219253540039062,10,10
26,-1.389281442243373e-05,1.3947486877441406e-05,10,10
27,3.8069840684329392e-06,3.844153525278671e-06,0,10
28,0.00037979354965500534,0.0003797858371399343,0,10
29,-0.0001279358984902501,0.00012791156768798828,10,10
30,0.00034000774030573666,0.0003399896086193621,0,10
31,-0.00031356411636807024,0.0003135204315185547,10,10
32,-0.0009552771225571632,0.0009553325944580138,10,10
0,0.03491806611418724,0.03491811081767082,0,10
1,0.029722897335886955,0.02972295507788658,0,10
2,0.025855883955955505,0.025855930522084236,0,10
3,0.021306244656443596,0.021306302398443222,0,10
4,0.017473295331001282,0.01747334562242031,0,10
5,0.014462392777204514,0.014462439343333244,0,10
6,0.011383762583136559,0.011383822187781334,0,10
7,0.00797039084136486,0.007970447652041912,0,10
8,0.007221930660307407,0.007221962790936232,0,10
9,0.005904095713049173,0.005904142279177904,0,10
10,0.004550311714410782,0.004550354089587927,0,10
11,0.0037368538323789835,0.003736896673217416,0,10
12,0.0022270854096859694,0.002227097051218152,0,10
13,0.0019420651951804757,0.0019420308526605368,0,10
14,0.0011005222331732512,0.0011005548294633627,0,10
15,0.001546840532682836,0.0015468546189367771,0,10
16,0.0009656050824560225,0.0009655857575125992,0,10
17,0.0011683482443913817,0.0011683759512379766,0,10
18,-3.672618913697079e-05,3.671699232654646e-05,10,10
19,0.000533788581378758,0.0005337917245924473,0,10
20,0.0006892802193760872,0.0006893199752084911,0,10
21,-0.0003699078515637666,0.0003594319277908653,10,10
22,0.00011625342449406162,0.00011208421346964315,0,10
23,-0.00011840670049423352,0.00011837482452392578,10,10
24,-0.00015585384971927851,0.00015585521759930998,10,10
25,-0.00021217680478002876,0.00021219253540039062,10,10
26,-1.389281442243373e-05,1.3947486877441406e-05,10,10
27,3.8069840684329392e-06,3.859555818053195e-06,0,10
28,0.00037979354965500534,0.0003797456156462431,0,10
29,-0.0001279358984902501,0.0001279619027627632,10,10
30,0.00034000774030573666,0.00034001743188127875,0,10
31,-0.00031356411636807024,0.0003135204315185547,10,10
32,-0.0009552771225571632,0.0009553165291436017,10,10
33,-0.0009186622337438166,0.0009186267852783203,10,10
0,0.03491806611418724,0.03491809591650963,0,10
1,0.029722897335886955,0.029722951352596283,0,10
2,0.025855883955955505,0.025855930522084236,0,10
3,0.021306244656443596,0.021306302398443222,0,10
4,0.017473295331001282,0.01747334934771061,0,10
5,0.014462392777204514,0.014462437480688095,0,10
6,0.011383762583136559,0.01138381939381361,0,10
7,0.00797039084136486,0.007970449514687061,0,10
8,0.007221930660307407,0.007221953012049198,0,10
9,0.005904095713049173,0.005904138088226318,0,10
10,0.004550311714410782,0.004550349898636341,0,10
11,0.0037368538323789835,0.0037368701305240393,0,10
12,0.0022270854096859694,0.0022271424531936646,0,10
13,0.0019420651951804757,0.00181659369263798,0,10
14,0.0011005222331732512,0.0011005336418747902,0,10
15,0.001546840532682836,0.0015468006022274494,0,10
16,0.0009656050824560225,0.0009655844769440591,0,10
17,0.0011683482443913817,0.001112843630835414,0,10
18,-3.672618913697079e-05,3.6672165151685476e-05,10,10
19,0.000533788581378758,0.000533843063749373,0,10
20,0.0006892802193760872,0.000689302571117878,0,10
21,-0.0003699078515637666,0.0003489255905151367,10,10
22,0.00011625342449406162,0.00011623159662121907,0,10
23,-0.00011840670049423352,0.00011837482452392578,10,10
24,-0.00015585384971927851,0.0001558065414428711,10,10
25,-0.00021217680478002876,0.00021219253540039062,10,10
26,-1.389281442243373e-05,1.3846817637386266e-05,10,10
27,3.8069840684329392e-06,3.820776782959001e-06,0,10
28,0.00037979354965500534,0.0003798069665208459,0,10
29,-0.0001279358984902501,0.00012791156768798828,10,10
30,0.00034000774030573666,0.00034006452187895775,0,10
31,-0.00031356411636807024,0.0003135204315185547,10,10
32,-0.0009552771225571632,0.0009552240371704102,10,10
33,-0.0009186622337438166,0.0009187126997858286,10,10
34,-0.0010966805275529623,0.0010724067687988281,10,10
0,0.03491806611418724,0.034918125718832016,0,10
1,0.029722897335886955,0.029722951352596283,0,10
2,0.025855883955955505,0.025855934247374535,0,10
3,0.021306244656443596,0.021306239068508148,0,10
4,0.017473295331001282,0.017473353073000908,0,10
5,0.014462392777204514,0.014462427236139774,0,10
6,0.011383762583136559,0.011383804492652416,0,10
7,0.00797039084136486,0.007970448583364487,0,10
8,0.007221930660307407,0.007221946492791176,0,10
9,0.005904095713049173,0.005904109217226505,0,10
10,0.004550311714410782,0.00455032242462039,0,10
11,0.0037368538323789835,0.003736835904419422,0,10
12,0.0022270854096859694,0.002227084944024682,0,10
13,0.0019420651951804757,0.0019421211909502745,0,10
14,0.0011005222331732512,0.0010664587607607245,0,10
15,0.001546840532682836,0.0015468092169612646,0,10
16,0.0009656050824560225,0.0009655627072788775,0,10
17,0.0011683482443913817,0.001168363611213863,0,10
18,-3.672618913697079e-05,3.6716461181640625e-05,10,10
19,0.000533788581378758,0.0005338394548743963,0,10
20,0.0006892802193760872,0.0006893316749483347,0,10
21,-0.0003699078515637666,0.0003699064254760742,10,10
22,0.00011625342449406162,0.00011629499203991145,0,10
23,-0.00011840670049423352,0.00011837482452392578,10,10
24,-0.00015585384971927851,0.0001558065414428711,10,10
25,-0.00021217680478002876,0.00021219253540039062,10,10
26,-1.389281442243373e-05,1.3947486877441406e-05,10,10
27,3.8069840684329392e-06,3.7680169953091536e-06,0,10
28,0.00037979354965500534,0.0003798132238443941,0,10
29,-0.0001279358984902501,0.00012791156768798828,10,10
30,0.00034000774030573666,0.00034005421912297606,0,10
31,-0.00031356411636807024,0.0003135204315185547,10,10
32,-0.0009552771225571632,0.0009552966221235693,10,10
33,-0.0009186622337438166,0.0009186267852783203,10,10
34,-0.0010966805275529623,0.0010967254638671875,10,10
35,-0.0009432445513084531,0.0008548498153686523,10,10
0,0.03491806611418724,0.034918125718832016,0,10
1,0.029722897335886955,0.029722949489951134,0,10
2,0.025855883955955505,0.02585594169795513,0,10
3,0.021306244656443596,0.02130628377199173,0,10
4,0.017473295331001282,0.017473334446549416,0,10
5,0.014462392777204514,0.014462439343333244,0,10
6,0.011383762583136559,0.011383816599845886,0,10
7,0.00797039084136486,0.007970429956912994,0,10
8,0.007221930660307407,0.007221914827823639,0,10
9,0.005904095713049173,0.005904097575694323,0,10
10,0.004550311714410782,0.00455031543970108,0,10
11,0.0037368538323789835,0.003736909944564104,0,10
12,0.0022270854096859694,0.002227097051218152,0,10
13,0.0019420651951804757,0.001942084520123899,0,10
14,0.0011005222331732512,0.0011005576234310865,0,10
15,0.001546840532682836,0.0015467930352315307,0,10
16,0.0009656050824560225,0.0009655550238676369,0,10
17,0.0011683482443913817,0.0011683092452585697,0,10
18,-3.672618913697079e-05,3.6716461181640625e-05,10,10
19,0.000533788581378758,0.0005338176270015538,0,10
20,0.0006892802193760872,0.0006892543169669807,0,10
21,-0.0003699078515637666,0.0003699064254760742,10,10
22,0.00011625342449406162,0.00011628915672190487,0,10
23,-0.00011840670049423352,0.00011837644706247374,10,10
24,-0.00015585384971927851,0.0001558065414428711,10,10
25,-0.00021217680478002876,0.00019943714141845703,10,10
26,-1.389281442243373e-05,1.3947486877441406e-05,10,10
27,3.8069840684329392e-06,3.856631337839644e-06,0,10
28,0.00037979354965500534,0.0003798332763835788,0,10
29,-0.0001279358984902501,0.00012798440002370626,10,10
30,0.00034000774030573666,0.00034005832276307046,0,10
31,-0.00031356411636807024,0.0003135275037493557,10,10
32,-0.0009552771225571632,0.0009552608826197684,10,10
33,-0.0009186622337438166,0.0008792998269200325,10,10
34,-0.0010966805275529623,0.0010967254638671875,10,10
35,-0.0009432445513084531,0.000943303108215332,10,10
36,-0.001701035420410335,0.0017009973526000977,10,10
0,0.03491806611418724,0.03491811081767082,0,10
1,0.029722897335886955,0.02972293458878994,0,10
2,0.025855883955955505,0.025855932384729385,0,10
3,0.021306244656443596,0.021306294947862625,0,10
4,0.017473295331001282,0.017473353073000908,0,10
5,0.014462392777204514,0.014462444931268692,0,10
6,0.011383762583136559,0.01138381753116846,0,10
7,0.00797039084136486,0.007970430888235569,0,10
8,0.007221930660307407,0.007221913896501064,0,10
9,0.005904095713049173,0.0059041534550487995,0,10
10,0.004550311714410782,0.004550322890281677,0,10
11,0.0037368538323789835,0.003736822633072734,0,10
12,0.0022270854096859694,0.0022270819172263145,0,10
13,0.0019420651951804757,0.001942046801559627,0,10
14,0.0011005222331732512,0.0011005030246451497,0,10
15,0.001546840532682836,0.0015468236524611712,0,10
16,0.0009656050824560225,0.0009655736503191292,0,10
17,0.0011683482443913817,0.0011683764168992639,0,10
18,-3.672618913697079e-05,3.6716461181640625e-05,10,10
19,0.000533788581378758,0.0005337800830602646,0,10
20,0.0006892802193760872,0.0006893246318213642,0,10
21,-0.0003699078515637666,0.0003699064254760742,10,10
22,0.00011625342449406162,0.00011625949264271185,0,10
23,-0.00011840670049423352,0.00011846547567984089,10,10
24,-0.00015585384971927851,0.00014054164057597518,10,10
25,-0.00021217680478002876,0.00021219253540039062,10,10
26,-1.389281442243373e-05,1.3947486877441406e-05,10,10
27,3.8069840684329392e-06,3.816122898570029e-06,0,10
28,0.00037979354965500534,0.0003798486141022295,0,10
29,-0.0001279358984902501,0.00012791156768798828,10,10
30,0.00034000774030573666,0.0003400481946300715,0,10
31,-0.00031356411636807024,0.0003135204315185547,10,10
32,-0.0009552771225571632,0.0009552240371704102,10,10
33,-0.0009186622337438166,0.0009186267852783203,10,10
34,-0.0010966805275529623,0.0010967254638671875,10,10
35,-0.0009432445513084531,0.000943303108215332,10,10
36,-0.001701035420410335,0.0017009973526000977,10,10
37,-0.0015822669956833124,0.0015822649002075195,10,10
0,0.03491806611418724,0.03491811081767082,0,10
1,0.029722897335886955,0.029722953215241432,0,10
2,0.025855883955955505,0.025855934247374535,0,10
3,0.021306244656443596,0.02130628190934658,0,10
4,0.017473295331001282,0.017473338171839714,0,10
5,0.014462392777204514,0.014462447725236416,0,10
6,0.011383762583136559,0.01138380914926529,0,10
7,0.00797039084136486,0.007970428094267845,0,10
8,0.007221930660307407,0.007221933454275131,0,10
9,0.005904095713049173,0.005904104560613632,0,10
10,0.004550311714410782,0.004550344776362181,0,10
11,0.0037368538323789835,0.003736858954653144,0,10
12,0.0022270854096859694,0.002227097749710083,0,10
13,0.0019420651951804757,0.0019420632161200047,0,10
14,0.0011005222331732512,0.001100490102544427,0,10
15,0.001546840532682836,0.001546835876069963,0,10
16,0.0009656050824560225,0.0009655521716922522,0,10
17,0.0011683482443913817,0.0011683073826134205,0,10
18,-3.672618913697079e-05,3.6716461181640625e-05,10,10
19,0.000533788581378758,0.0005337793845683336,0,10
20,0.0006892802193760872,0.0006893076351843774,0,10
21,-0.0003699078515637666,0.0003699064254760742,10,10
22,0.00011625342449406162,0.00011629335494944826,0,10
23,-0.00011840670049423352,0.00011837482452392578,10,10
24,-0.00015585384971927851,0.00015583033382426947,10,10
25,-0.00021217680478002876,0.00021219253540039062,10,10
26,-1.389281442243373e-05,1.3900419617129955e-05,10,10
27,3.8069840684329392e-06,3.815004674834199e-06,0,10
28,0.00037979354965500534,0.00037974189035594463,0,10
29,-0.0001279358984902501,0.00012791156768798828,10,10
30,0.00034000774030573666,0.00031750393100082874,0,10
31,-0.00031356411636807024,0.0003135064907837659,10,10
32,-0.0009552771225571632,0.0009552240371704102,10,10
33,-0.0009186622337438166,0.0009186103125102818,10,10
34,-0.0010966805275529623,0.0010967254638671875,10,10
35,-0.0009432445513084531,0.000858306884765625,10,10
36,-0.001701035420410335,0.0016863346099853516,10,10
37,-0.0015822669956833124,0.0015822649002075195,10,10
38,-0.0020574142690747976,0.0020574331283569336,10,10
0,0.03491806611418724,0.034918125718832016,0,10
1,0.029722897335886955,0.029722940176725388,0,10
2,0.025855883955955505,0.025855928659439087,0,10
3,0.021306244656443596,0.021306300535798073,0,10
4,0.017473295331001282,0.01747332699596882,0,10
5,0.014462392777204514,0.014462449587881565,0,10
6,0.011383762583136559,0.01138380914926529,0,10
7,0.00797039084136486,0.007970438338816166,0,10
8,0.007221930660307407,0.007221965119242668,0,10
9,0.005904095713049173,0.0059041474014520645,0,10
10,0.004550311714410782,0.004550303798168898,0,10
11,0.0037368538323789835,0.003736889688298106,0,10
12,0.0022270854096859694,0.0022270935587584972,0,10
13,0.0019420651951804757,0.0019420967437326908,0,10
14,0.0011005222331732512,0.001100571476854384,0,10
15,0.001546840532682836,0.0014882818795740604,0,10
16,0.0009656050824560225,0.0009656151523813605,0,10
17,0.0011683482443913817,0.0011683653574436903,0,10
18,-3.672618913697079e-05,3.6716461181640625e-05,10,10
19,0.000533788581378758,0.0005338466726243496,0,10
20,0.0006892802193760872,0.0006893116515129805,0,10
21,-0.0003699078515637666,0.0003699064254760742,10,10
22,0.00011625342449406162,0.00011626660852925852,0,10
23,-0.00011840670049423352,0.00011837482452392578,10,10
24,-0.00015585384971927851,0.0001558065414428711,10,10
25,-0.00021217680478002876,0.00021219253540039062,10,10
26,-1.389281442243373e-05,1.3947486877441406e-05,10,10
27,3.8069840684329392e-06,3.835602001345251e-06,0,10
28,0.00037979354965500534,0.00037226834683679044,0,10
29,-0.0001279358984902501,0.000118255615234375,10,10
30,0.00034000774030573666,0.00034003789187408984,0,10
31,-0.00031356411636807024,0.0003135525912512094,10,10
32,-0.0009552771225571632,0.0009552240371704102,10,10
33,-0.0009186622337438166,0.0009186267852783203,10,10
34,-0.0010966805275529623,0.0010967254638671875,10,10
35,-0.0009432445513084531,0.000943303108215332,10,10
36,-0.001701035420410335,0.0017009973526000977,10,10
37,-0.0015822669956833124,0.0015822649002075195,10,10
38,-0.0020574142690747976,0.0020574331283569336,10,10
39,-0.002038154983893037,0.0020381512586027384,10,10
0,0.03491806611418724,0.03491811454296112,0,10
1,0.029722897335886955,0.029722943902015686,0,10
2,0.025855883955955505,0.025855930522084236,0,10
3,0.021306244656443596,0.021306289359927177,0,10
4,0.017473295331001282,0.017473340034484863,0,10
5,0.014462392777204514,0.01446244865655899,0,10
6,0.011383762583136559,0.01138381753116846,0,10
7,0.00797039084136486,0.007970440201461315,0,10
8,0.007221930660307407,0.0072219492867589,0,10
9,0.005904095713049173,0.005904120393097401,0,10
10,0.004550311714410782,0.004550357349216938,0,10
11,0.0037368538323789835,0.003736872458830476,0,10
12,0.0022270854096859694,0.0022270921617746353,0,10
13,0.0019420651951804757,0.0019420929020270705,0,10
14,0.0011005222331732512,0.0011004647240042686,0,10
15,0.001546840532682836,0.001546850660815835,0,10
16,0.0009656050824560225,0.0009655878529883921,0,10
17,0.0011683482443913817,0.0011682943440973759,0,10
18,-3.672618913697079e-05,3.671970625873655e-05,10,10
19,0.000533788581378758,0.0005338399787433445,0,10
20,0.0006892802193760872,0.0006408913759514689,0,10
21,-0.0003699078515637666,0.0003699064254760742,10,10
22,0.00011625342449406162,0.00011629165965132415,0,10
23,-0.00011840670049423352,0.00011841318337246776,10,10
24,-0.00015585384971927851,0.0001558065414428711,10,10
25,-0.00021217680478002876,0.00021219253540039062,10,10
26,-1.389281442243373e-05,1.3947486877441406e-05,10,10
27,3.8069840684329392e-06,3.7637164496118203e-06,0,10
28,0.00037979354965500534,0.00037981278728693724,0,10
29,-0.0001279358984902501,0.00012791156768798828,10,10
30,0.00034000774030573666,0.00034004353801719844,0,10
31,-0.00031356411636807024,0.0003135204315185547,10,10
32,-0.0009552771225571632,0.0009552240371704102,10,10
33,-0.0009186622337438166,0.0008830463630147278,10,10
34,-0.0010966805275529623,0.001096716383472085,10,10
35,-0.0009432445513084531,0.000943303108215332,10,10
36,-0.001701035420410335,0.0017009973526000977,10,10
37,-0.0015822669956833124,0.0015822649002075195,10,10
38,-0.0020574142690747976,0.0020574331283569336,10,10
39,-0.002038154983893037,0.002038128674030304,10,10
40,-0.002759519498795271,0.0027595111168920994,10,10
0,0.03491806611418724,0.03491812199354172,0,10
1,0.029722897335886955,0.02972293645143509,0,10
2,0.025855883955955505,0.02585591934621334,0,10
3,0.021306244656443596,0.021306276321411133,0,10
4,0.017473295331001282,0.017473328858613968,0,10
5,0.014462392777204514,0.01446244865655899,0,10
6,0.011383762583136559,0.011383803561329842,0,10
7,0.00797039084136486,0.007970445789396763,0,10
8,0.007221930660307407,0.0072219823487102985,0,10
9,0.005904095713049173,0.00590411527082324,0,10
10,0.004550311714410782,0.00455037085339427,0,10
11,0.0037368538323789835,0.003736869664862752,0,10
12,0.0022270854096859694,0.0022271170746535063,0,10
13,0.0019420651951804757,0.001942052855156362,0,10
14,0.0011005222331732512,0.0011005718261003494,0,10
15,0.001546840532682836,0.001546848681755364,0,10
16,0.0009656050824560225,0.0009655770263634622,0,10
17,0.0011683482443913817,0.0011683269403874874,0,10
18,-3.672618913697079e-05,3.6716461181640625e-05,10,10
19,0.000533788581378758,0.0005338269402272999,0,10
20,0.0006892802193760872,0.0006892911624163389,0,10
21,-0.0003699078515637666,0.0003370046615600586,10,10
22,0.00011625342449406162,0.00011627346248133108,0,10
23,-0.00011840670049423352,0.00011837482452392578,10,10
24,-0.00015585384971927851,0.0001558065414428711,10,10
25,-0.00021217680478002876,0.0002122196019627154,10,10
26,-1.389281442243373e-05,1.3947486877441406e-05,10,10
27,3.8069840684329392e-06,3.841455963993212e-06,0,10
28,0.00037979354965500534,0.0003798423276748508,0,10
29,-0.0001279358984902501,0.00012791156768798828,10,10
30,0.00034000774030573666,0.0003400378336664289,0,10
31,-0.00031356411636807024,0.0003135204315185547,10,10
32,-0.0009552771225571632,0.0009552916744723916,10,10
33,-0.0009186622337438166,0.0009186267852783203,10,10
34,-0.0010966805275529623,0.0010967254638671875,10,10
35,-0.0009432445513084531,0.000943303108215332,10,10
36,-0.001701035420410335,0.0017009973526000977,10,10
37,-0.0015822669956833124,0.0015822649002075195,10,10
38,-0.0020574142690747976,0.0020574331283569336,10,10
39,-0.002038154983893037,0.002038121223449707,10,10
40,-0.002759519498795271,0.002759575843811035,10,10
41,-0.003739346284419298,0.0037393569946289062,10,10
0,0.03491806611418724,0.03491811826825142,0,10
1,0.029722897335886955,0.029722942039370537,0,10
2,0.025855883955955505,0.025855934247374535,0,10
3,0.021306244656443596,0.021306300535798073,0,10
4,0.017473295331001282,0.01747334934771061,0,10
5,0.014462392777204514,0.014462418854236603,0,10
6,0.011383762583136559,0.01138381753116846,0,10
7,0.00797039084136486,0.00797041691839695,0,10
8,0.007221930660307407,0.007221982814371586,0,10
9,0.005904095713049173,0.0059041413478553295,0,10
10,0.004550311714410782,0.0045502930879592896,0,10
11,0.0037368538323789835,0.003736899932846427,0,10
12,0.0022270854096859694,0.0022270632907748222,0,10
13,0.0019420651951804757,0.0019420466851443052,0,10
14,0.0011005222331732512,0.0011005718261003494,0,10
15,0.001546840532682836,0.0015468691708520055,0,10
16,0.0009656050824560225,0.000965555664151907,0,10
17,0.0011683482443913817,0.0011683887569233775,0,10
18,-3.672618913697079e-05,3.669663055916317e-05,10,10
19,0.000533788581378758,0.0005337951588444412,0,10
20,0.0006892802193760872,0.0006892806268297136,0,10
21,-0.0003699078515637666,0.0003699064254760742,10,10
22,0.00011625342449406162,0.00011630541121121496,0,10
23,-0.00011840670049423352,0.00011837482452392578,10,10
24,-0.00015585384971927851,0.0001558065414428711,10,10
25,-0.00021217680478002876,0.00021219253540039062,10,10
26,-1.389281442243373e-05,1.3947486877441406e-05,10,10
27,3.8069840684329392e-06,3.8388352550100535e-06,0,10
28,0.00037979354965500534,0.00037979334592819214,0,10
29,-0.0001279358984902501,0.00012791156768798828,10,10
30,0.00034000774030573666,0.00034000538289546967,0,10
31,-0.00031356411636807024,0.0003135204315185547,10,10
32,-0.0009552771225571632,0.0009552240371704102,10,10
33,-0.0009186622337438166,0.0009186267852783203,10,10
34,-0.0010966805275529623,0.0010967254638671875,10,10
35,-0.0009432445513084531,0.000943303108215332,10,10
36,-0.001701035420410335,0.0017009973526000977,10,10
37,-0.0015822669956833124,0.0015822649002075195,10,10
38,-0.0020574142690747976,0.0020574331283569336,10,10
39,-0.002038154983893037,0.002038121223449707,10,10
40,-0.002759519498795271,0.002759575843811035,10,10
41,-0.003739346284419298,0.0037393569946289062,10,10
42,-0.004689078778028488,0.0046890974044799805,10,10
0,0.03491806611418724,0.034918129444122314,0,10
1,0.029722897335886955,0.02972293272614479,0,10
2,0.025855883955955505,0.02585591748356819,0,10
3,0.021306244656443596,0.021306302398443222,0,10
4,0.017473295331001282,0.017473353073000908,0,10
5,0.014462392777204514,0.014462439343333244,0,10
6,0.011383762583136559,0.011383794248104095,0,10
7,0.00797039084136486,0.007970407605171204,0,10
8,0.007221930660307407,0.007221922278404236,0,10
9,0.005904095713049173,0.005904150195419788,0,10
10,0.004550311714410782,0.004550356417894363,0,10
11,0.0037368538323789835,0.003736796323210001,0,10
12,0.0022270854096859694,0.002227068180218339,0,10
13,0.0019420651951804757,0.0019420359749346972,0,10
14,0.0011005222331732512,0.0011005582055076957,0,10
15,0.001546840532682836,0.0015467955963686109,0,10
16,0.0009656050824560225,0.000965650484431535,0,10
17,0.0011683482443913817,0.0011683633783832192,0,10
18,-3.672618913697079e-05,3.675895641208626e-05,10,10
19,0.000533788581378758,0.0005013556219637394,0,10
20,0.0006892802193760872,0.0006893342360854149,0,10
21,-0.0003699078515637666,0.0003361701965332031,10,10
22,0.00011625342449406162,0.00011625090701272711,0,10
23,-0.00011840670049423352,0.00011837482452392578,10,10
24,-0.00015585384971927851,0.0001558065414428711,10,10
25,-0.00021217680478002876,0.00021219253540039062,10,10
26,-1.389281442243373e-05,1.3947486877441406e-05,10,10
27,3.8069840684329392e-06,3.5319917515153065e-06,0,10
28,0.00037979354965500534,0.0003560434852261096,0,10
29,-0.0001279358984902501,0.0001188516616821289,10,10
30,0.00034000774030573666,0.00034005354973487556,0,10
31,-0.00031356411636807024,0.0003135204315185547,10,10
32,-0.0009552771225571632,0.0009552240371704102,10,10
33,-0.0009186622337438166,0.0009186934912577271,10,10
34,-0.0010966805275529623,0.0010967254638671875,10,10
35,-0.0009432445513084531,0.000943303108215332,10,10
36,-0.001701035420410335,0.0017009973526000977,10,10
37,-0.0015822669956833124,0.0015822649002075195,10,10
38,-0.0020574142690747976,0.0020574331283569336,10,10
39,-0.002038154983893037,0.0020382096990942955,10,10
40,-0.002759519498795271,0.002759575843811035,10,10
41,-0.003739346284419298,0.003705739974975586,10,10
42,-0.004689078778028488,0.0046890974044799805,10,10
43,-0.005491722375154495,0.005491733551025391,10,10
0,0.03491806611418724,0.034918125718832016,0,10
1,0.029722897335886955,0.029722927138209343,0,10
2,0.025855883955955505,0.025855928659439087,0,10
3,0.021306244656443596,0.021306291222572327,0,10
4,0.017473295331001282,0.01747335121035576,0,10
5,0.014462392777204514,0.014462451450526714,0,10
6,0.011383762583136559,0.01138380914926529,0,10
7,0.00797039084136486,0.007970447652041912,0,10
8,0.007221930660307407,0.007221973035484552,0,10
9,0.005904095713049173,0.005904121790081263,0,10
10,0.004550311714410782,0.004550328943878412,0,10
11,0.0037368538323789835,0.00373688992112875,0,10
12,0.0022270854096859694,0.0021496007684618235,0,10
13,0.0019420651951804757,0.0019420270109549165,0,10
14,0.0011005222331732512,0.0011005245614796877,0,10
15,0.001546840532682836,0.0015468441415578127,0,10
16,0.0009656050824560225,0.000965620914939791,0,10
17,0.0011683482443913817,0.0011683109914883971,0,10
18,-3.672618913697079e-05,3.6716461181640625e-05,10,10
19,0.000533788581378758,0.000533826882019639,0,10
20,0.0006892802193760872,0.0006893360987305641,0,10
21,-0.0003699078515637666,0.00036994947004131973,10,10
22,0.00011625342449406162,0.0001162202242994681,0,10
23,-0.00011840670049423352,0.00011837482452392578,10,10
24,-0.00015585384971927851,0.00015586621884722263,10,10
25,-0.00021217680478002876,0.00021219253540039062,10,10
26,-1.389281442243373e-05,1.3947486877441406e-05,10,10
27,3.8069840684329392e-06,3.823347469733562e-06,0,10
28,0.00037979354965500534,0.00037981464993208647,0,10
29,-0.0001279358984902501,0.00012254714965820312,10,10
30,0.00034000774030573666,0.0003400650748517364,0,10
31,-0.00031356411636807024,0.0003135204315185547,10,10
32,-0.0009552771225571632,0.0009552278788760304,10,10
33,-0.0009186622337438166,0.0009186980896629393,10,10
34,-0.0010966805275529623,0.0010967254638671875,10,10
35,-0.0009432445513084531,0.000943303108215332,10,10
36,-0.001701035420410335,0.0017009973526000977,10,10
37,-0.0015822669956833124,0.0015822649002075195,10,10
38,-0.0020574142690747976,0.002057438949123025,10,10
39,-0.002038154983893037,0.002038121223449707,10,10
40,-0.002759519498795271,0.00275952136144042,10,10
41,-0.003739346284419298,0.0037393569946289062,10,10
42,-0.004689078778028488,0.004301177803426981,10,10
43,-0.005491722375154495,0.005491733551025391,10,10
44,-0.00720358407124877,0.006668567657470703,10,10
0,0.03491806611418724,0.034918107092380524,0,10
1,0.029722897335886955,0.02972293831408024,0,10
2,0.025855883955955505,0.025855926796793938,0,10
3,0.021306244656443596,0.021306287497282028,0,10
4,0.017473295331001282,0.017473308369517326,0,10
5,0.014462392777204514,0.014462440274655819,0,10
6,0.011383762583136559,0.011383815668523312,0,10
7,0.00797039084136486,0.00797043927013874,0,10
8,0.007221930660307407,0.0072219837456941605,0,10
9,0.005904095713049173,0.005904085468500853,0,10
10,0.004550311714410782,0.00455036386847496,0,10
11,0.0037368538323789835,0.003736851504072547,0,10
12,0.0022270854096859694,0.0021013228688389063,0,10
13,0.0019420651951804757,0.0019421139732003212,0,10
14,0.0011005222331732512,0.0011004890548065305,0,10
15,0.001546840532682836,0.0015468383207917213,0,10
16,0.0009656050824560225,0.0009024079190567136,0,10
17,0.0011683482443913817,0.0011683037737384439,0,10
18,-3.672618913697079e-05,3.675370680866763e-05,10,10
19,0.000533788581378758,0.0005337301408872008,0,10
20,0.0006892802193760872,0.0006892419187352061,0,10
21,-0.0003699078515637666,0.00036728382110595703,10,10
22,0.00011625342449406162,0.00011427168647060171,0,10
23,-0.00011840670049423352,0.0001184608117910102,10,10
24,-0.00015585384971927851,0.0001558065414428711,10,10
25,-0.00021217680478002876,0.00021219253540039062,10,10
26,-1.389281442243373e-05,1.3709068298339844e-05,10,10
27,3.8069840684329392e-06,3.83930546377087e-06,0,10
28,0.00037979354965500534,0.00037984090158715844,0,10
29,-0.0001279358984902501,0.00011777877807617188,10,10
30,0.00034000774030573666,0.0003400012501515448,0,10
31,-0.00031356411636807024,0.0003136054438073188,10,10
32,-0.0009552771225571632,0.0009552450501359999,10,10
33,-0.0009186622337438166,0.0009186267852783203,10,10
34,-0.0010966805275529623,0.0010967254638671875,10,10
35,-0.0009432445513084531,0.000943303108215332,10,10
36,-0.001701035420410335,0.0017009981675073504,10,10
37,-0.0015822669956833124,0.0015822649002075195,10,10
38,-0.0020574142690747976,0.0020574331283569336,10,10
39,-0.002038154983893037,0.0020381822250783443,10,10
40,-0.002759519498795271,0.002759575843811035,10,10
41,-0.003739346284419298,0.0037393569946289062,10,10
42,-0.004689078778028488,0.0046890974044799805,10,10
43,-0.005491722375154495,0.005491750780493021,10,10
44,-0.00720358407124877,0.007203578948974609,10,10
45,-0.0079245800152421,0.007924579083919525,10,10
0,0.03491806611418724,0.03491811454296112,0,10
1,0.029722897335886955,0.029722951352596283,0,10
2,0.025855883955955505,0.025855934247374535,0,10
3,0.021306244656443596,0.021306294947862625,0,10
4,0.017473295331001282,0.01747332699596882,0,10
5,0.014462392777204514,0.014462443068623543,0,10
6,0.011383762583136559,0.011383818462491035,0,10
7,0.00797039084136486,0.007970443926751614,0,10
8,0.007221930660307407,0.007221972104161978,0,10
9,0.005904095713049173,0.005904071498662233,0,10
10,0.004550311714410782,0.004550296813249588,0,10
11,0.0037368538323789835,0.003736850107088685,0,10
12,0.0022270854096859694,0.0022270435001701117,0,10
13,0.0019420651951804757,0.0019421183969825506,0,10
14,0.0011005222331732512,0.0011004869593307376,0,10
15,0.001546840532682836,0.0015468659112229943,0,10
16,0.0009656050824560225,0.0009443037561140954,0,10
17,0.0011683482443913817,0.00116838444955647,0,10
18,-3.672618913697079e-05,3.6716461181640625e-05,10,10
19,0.000533788581378758,0.0005338219925761223,0,10
20,0.0006892802193760872,0.0006892915698699653,0,10
21,-0.0003699078515637666,0.0003699064254760742,10,10
22,0.00011625342449406162,0.00011626396008068696,0,10
23,-0.00011840670049423352,0.00011837482452392578,10,10
24,-0.00015585384971927851,0.0001558065414428711,10,10
25,-0.00021217680478002876,0.00021219253540039062,10,10
26,-1.389281442243373e-05,1.3947486877441406e-05,10,10
27,3.8069840684329392e-06,3.845575520244893e-06,0,10
28,0.00037979354965500534,0.0003797406970988959,0,10
29,-0.0001279358984902501,0.00012793556379619986,10,10
30,0.00034000774030573666,0.00033997453283518553,0,10
31,-0.00031356411636807024,0.0003135204315185547,10,10
32,-0.0009552771225571632,0.0009552445844747126,10,10
33,-0.0009186622337438166,0.0009187073446810246,10,10
34,-0.0010966805275529623,0.0010967254638671875,10,10
35,-0.0009432445513084531,0.000943303108215332,10,10
36,-0.001701035420410335,0.0017010566079989076,10,10
37,-0.0015822669956833124,0.0015822649002075195,10,10
38,-0.0020574142690747976,0.0020574331283569336,10,10
39,-0.002038154983893037,0.002038121223449707,10,10
40,-0.002759519498795271,0.002759575843811035,10,10
41,-0.003739346284419298,0.003466964466497302,10,10
42,-0.004689078778028488,0.0046890974044799805,10,10
43,-0.005491722375154495,0.005491733551025391,10,10
44,-0.00720358407124877,0.0072035761550068855,10,10
45,-0.0079245800152421,0.007924639619886875,10,10
46,-0.01026904582977295,0.010269036516547203,10,10
0,0.03491806611418724,0.03491812199354172,0,10
1,0.029722897335886955,0.029722951352596283,0,10
2,0.025855883955955505,0.0258558951318264,0,10
3,0.021306244656443596,0.02130630426108837,0,10
4,0.017473295331001282,0.01747334934771061,0,10
5,0.014462392777204514,0.014462449587881565,0,10
6,0.011383762583136559,0.01138382125645876,0,10
7,0.00797039084136486,0.007970444858074188,0,10
8,0.007221930660307407,0.0072219595313072205,0,10
9,0.005904095713049173,0.005904150195419788,0,10
10,0.004550311714410782,0.004550365265458822,0,10
11,0.0037368538323789835,0.003736882470548153,0,10
12,0.0022270854096859694,0.0022271203342825174,0,10
13,0.0019420651951804757,0.001942114089615643,0,10
14,0.0011005222331732512,0.0011005764827132225,0,10
15,0.001546840532682836,0.001546852639876306,0,10
16,0.0009656050824560225,0.0009656086913309991,0,10
17,0.0011683482443913817,0.0011683308985084295,0,10
18,-3.672618913697079e-05,3.676940468722023e-05,10,10
19,0.000533788581378758,0.0005337859620340168,0,10
20,0.0006892802193760872,0.0006892575183883309,0,10
21,-0.0003699078515637666,0.0003699064254760742,10,10
22,0.00011625342449406162,0.00011628833453869447,0,10
23,-0.00011840670049423352,0.00011837298370664939,10,10
24,-0.00015585384971927851,0.0001558727672090754,10,10
25,-0.00021217680478002876,0.00021219253540039062,10,10
26,-1.389281442243373e-05,1.3947486877441406e-05,10,10
27,3.8069840684329392e-06,3.4880422390415333e-06,0,10
28,0.00037979354965500534,0.00037980597699061036,0,10
29,-0.0001279358984902501,0.00012791779590770602,10,10
30,0.00034000774030573666,0.00034006006899289787,0,10
31,-0.00031356411636807024,0.0003135204315185547,10,10
32,-0.0009552771225571632,0.0009552240371704102,10,10
33,-0.0009186622337438166,0.000918680161703378,10,10
34,-0.0010966805275529623,0.0010967254638671875,10,10
35,-0.0009432445513084531,0.0009432020015083253,10,10
36,-0.001701035420410335,0.0017009973526000977,10,10
37,-0.0015822669956833124,0.0015822649002075195,10,10
38,-0.0020574142690747976,0.0020574331283569336,10,10
39,-0.002038154983893037,0.0020381861831992865,10,10
40,-0.002759519498795271,0.002759575843811035,10,10
41,-0.003739346284419298,0.0034627914428710938,10,10
42,-0.004689078778028488,0.0046890974044799805,10,10
43,-0.005491722375154495,0.005491733551025391,10,10
44,-0.00720358407124877,0.007203633897006512,10,10
45,-0.0079245800152421,0.007924556732177734,10,10
46,-0.01026904582977295,0.01026904582977295,10,10
47,-0.012329493649303913,0.012329459190368652,10,10
0,0.03491806611418724,0.03491811826825142,0,10
1,0.029722897335886955,0.029722945764660835,0,10
2,0.025855883955955505,0.025855928659439087,0,10
3,0.021306244656443596,0.021306289359927177,0,10
4,0.017473295331001282,0.017473353073000908,0,10
5,0.014462392777204514,0.014462432824075222,0,10
6,0.011383762583136559,0.011383812874555588,0,10
7,0.00797039084136486,0.007970435544848442,0,10
8,0.007221930660307407,0.007221923675388098,0,10
9,0.005904095713049173,0.005904150661081076,0,10
10,0.004550311714410782,0.004550369456410408,0,10
11,0.0037368538323789835,0.003736799815669656,0,10
12,0.0022270854096859694,0.002227113815024495,0,10
13,0.0019420651951804757,0.0019420543685555458,0,10
14,0.0011005222331732512,0.0011005634441971779,0,10
15,0.001546840532682836,0.0015468961792066693,0,10
16,0.0009656050824560225,0.0009656188194639981,0,10
17,0.0011683482443913817,0.0011683804914355278,0,10
18,-3.672618913697079e-05,3.6716461181640625e-05,10,10
19,0.000533788581378758,0.0005337653565220535,0,10
20,0.0006892802193760872,0.0006893311510793865,0,10
21,-0.0003699078515637666,0.0003699064254760742,10,10
22,0.00011625342449406162,0.00011628702486632392,0,10
23,-0.00011840670049423352,0.00011837482452392578,10,10
24,-0.00015585384971927851,0.0001558504009153694,10,10
25,-0.00021217680478002876,0.00021222053328529,10,10
26,-1.389281442243373e-05,1.3947486877441406e-05,10,10
27,3.8069840684329392e-06,3.846022991638165e-06,0,10
28,0.00037979354965500534,0.0003797395620495081,0,10
29,-0.0001279358984902501,0.00012791156768798828,10,10
30,0.00034000774030573666,0.0003400140267331153,0,10
31,-0.00031356411636807024,0.00031353128724731505,10,10
32,-0.0009552771225571632,0.0009552240371704102,10,10
33,-0.0009186622337438166,0.0009186980896629393,10,10
34,-0.0010966805275529623,0.001010298728942871,10,10
35,-0.0009432445513084531,0.000943303108215332,10,10
36,-0.001701035420410335,0.0017009973526000977,10,10
37,-0.0015822669956833124,0.0015822649002075195,10,10
38,-0.0020574142690747976,0.0020574331283569336,10,10
39,-0.002038154983893037,0.002038121223449707,10,10
40,-0.002759519498795271,0.002759575843811035,10,10
41,-0.003739346284419298,0.0037393569946289062,10,10
42,-0.004689078778028488,0.004689127206802368,10,10
43,-0.005491722375154495,0.005491733551025391,10,10
44,-0.00720358407124877,0.007203578948974609,10,10
45,-0.0079245800152421,0.007924563251435757,10,10
46,-0.01026904582977295,0.01026904582977295,10,10
47,-0.012329493649303913,0.012329459190368652,10,10
48,-0.016374196857213974,0.01637423038482666,10,10
0,0.03491806611418724,0.03491812199354172,0,10
1,0.029722897335886955,0.029722951352596283,0,10
2,0.025855883955955505,0.02585594356060028,0,10
3,0.021306244656443596,0.021306293085217476,0,10
4,0.017473295331001282,0.01747334748506546,0,10
5,0.014462392777204514,0.01446244865655899,0,10
6,0.011383762583136559,0.011383806355297565,0,10
7,0.00797039084136486,0.007970424368977547,0,10
8,0.007221930660307407,0.007221958599984646,0,10
9,0.005904095713049173,0.005904145073145628,0,10
10,0.004550311714410782,0.004223888274282217,0,10
11,0.0037368538323789835,0.003736903890967369,0,10
12,0.0022270854096859694,0.002227034419775009,0,10
13,0.0019420651951804757,0.0019421214237809181,0,10
14,0.0011005222331732512,0.0010071510914713144,0,10
15,0.001546840532682836,0.0015468781348317862,0,10
16,0.0009656050824560225,0.0009656251058913767,0,10
17,0.0011683482443913817,0.0011684034252539277,0,10
18,-3.672618913697079e-05,3.6716461181640625e-05,10,10
19,0.000533788581378758,0.0005338409100659192,0,10
20,0.0006892802193760872,0.0006892557721585035,0,10
21,-0.0003699078515637666,0.0003699064254760742,10,10
22,0.00011625342449406162,0.00011625056504271924,0,10
23,-0.00011840670049423352,0.00011838241334771737,10,10
24,-0.00015585384971927851,0.0001558065414428711,10,10
25,-0.00021217680478002876,0.00021219253540039062,10,10
26,-1.389281442243373e-05,1.3947486877441406e-05,10,10
27,3.8069840684329392e-06,3.829895831586327e-06,0,10
28,0.00037979354965500534,0.0003797640965785831,0,10
29,-0.0001279358984902501,0.00012218952178955078,10,10
30,0.00034000774030573666,0.00034001850872300565,0,10
31,-0.00031356411636807024,0.00031350829522125423,10,10
32,-0.0009552771225571632,0.0009552541887387633,10,10
33,-0.0009186622337438166,0.0009186752722598612,10,10
34,-0.0010966805275529623,0.0010967254638671875,10,10
35,-0.0009432445513084531,0.0008571147918701172,10,10
36,-0.001701035420410335,0.0017010655719786882,10,10
37,-0.0015822669956833124,0.0015822184504941106,10,10
38,-0.0020574142690747976,0.0020574331283569336,10,10
39,-0.002038154983893037,0.002038121223449707,10,10
40,-0.002759519498795271,0.002759575843811035,10,10
41,-0.003739346284419298,0.003739302046597004,10,10
42,-0.004689078778028488,0.004689116962254047,10,10
43,-0.005491722375154495,0.005491764284670353,10,10
44,-0.00720358407124877,0.007203578948974609,10,10
45,-0.0079245800152421,0.007924556732177734,10,10
46,-0.01026904582977295,0.01026904582977295,10,10
47,-0.012329493649303913,0.012329459190368652,10,10
48,-0.016374196857213974,0.016374213621020317,10,10
49,-0.02048105001449585,0.020481109619140625,10,10
0,0.03491806611418724,0.03491812199354172,0,10
1,0.029722897335886955,0.029722953215241432,0,10
2,0.025855883955955505,0.025855928659439087,0,10
3,0.021306244656443596,0.021306300535798073,0,10
4,0.017473295331001282,0.017473328858613968,0,10
5,0.014462392777204514,0.014462439343333244,0,10
6,0.011383762583136559,0.011383806355297565,0,10
7,0.00797039084136486,0.00797044113278389,0,10
8,0.007221930660307407,0.007221945561468601,0,10
9,0.005904095713049173,0.00590411014854908,0,10
10,0.004550311714410782,0.0045503368601202965,0,10
11,0.0037368538323789835,0.003736909246072173,0,10
12,0.0022270854096859694,0.002227057935670018,0,10
13,0.0019420651951804757,0.001942077768035233,0,10
14,0.0011005222331732512,0.0011004734551534057,0,10
15,0.001546840532682836,0.001546887680888176,0,10
16,0.0009656050824560225,0.000965649844147265,0,10
17,0.0011683482443913817,0.0011683187913149595,0,10
18,-3.672618913697079e-05,3.6716461181640625e-05,10,10
19,0.000533788581378758,0.0005337425391189754,0,10
20,0.0006892802193760872,0.0006892376113682985,0,10
21,-0.0003699078515637666,0.0003699381195474416,10,10
22,0.00011625342449406162,0.00011623644968494773,0,10
23,-0.00011840670049423352,0.00011835850455099717,10,10
24,-0.00015585384971927851,0.0001558065414428711,10,10
25,-0.00021217680478002876,0.00021219869086053222,10,10
26,-1.389281442243373e-05,1.3947486877441406e-05,10,10
27,3.8069840684329392e-06,3.8570274227822665e-06,0,10
28,0.00037979354965500534,0.0003797782410401851,0,10
29,-0.0001279358984902501,0.00011932849884033203,10,10
30,0.00034000774030573666,0.00034005544148385525,0,10
31,-0.00031356411636807024,0.0003135204315185547,10,10
32,-0.0009552771225571632,0.0009552240371704102,10,10
33,-0.0009186622337438166,0.0009186267852783203,10,10
34,-0.0010966805275529623,0.0010966736590489745,10,10
35,-0.0009432445513084531,0.000943303108215332,10,10
36,-0.001701035420410335,0.0017009973526000977,10,10
37,-0.0015822669956833124,0.0015822649002075195,10,10
38,-0.0020574142690747976,0.0020574533846229315,10,10
39,-0.002038154983893037,0.002038121223449707,10,10
40,-0.002759519498795271,0.002759575843811035,10,10
41,-0.003739346284419298,0.003659209469333291,10,10
42,-0.004689078778028488,0.0046890974044799805,10,10
43,-0.005491722375154495,0.005491733551025391,10,10
44,-0.00720358407124877,0.007203578948974609,10,10
45,-0.0079245800152421,0.007924556732177734,10,10
46,-0.01026904582977295,0.01026904582977295,10,10
47,-0.012329493649303913,0.012329459190368652,10,10
48,-0.016374196857213974,0.01637423038482666,10,10
49,-0.02048105001449585,0.020481109619140625,10,10
50,-0.025423036888241768,0.025423049926757812,10,10
0,0.03491806611418724,0.034918103367090225,0,10
1,0.029722897335886955,0.029722951352596283,0,10
2,0.025855883955955505,0.025855937972664833,0,10
3,0.021306244656443596,0.021306287497282028,0,10
4,0.017473295331001282,0.01747335121035576,0,10
5,0.014462392777204514,0.014462430030107498,0,10
6,0.011383762583136559,0.011383818462491035,0,10
7,0.00797039084136486,0.007970429956912994,0,10
8,0.007221930660307407,0.007221950683742762,0,10
9,0.005904095713049173,0.005904138088226318,0,10
10,0.004550311714410782,0.004550364334136248,0,10
11,0.0037368538323789835,0.003736829850822687,0,10
12,0.0022270854096859694,0.002227113116532564,0,10
13,0.0019420651951804757,0.0019420996541157365,0,10
14,0.0011005222331732512,0.0011004876578226686,0,10
15,0.001546840532682836,0.0015468286583200097,0,10
16,0.0009656050824560225,0.0009656480979174376,0,10
17,0.0011683482443913817,0.0011683915508911014,0,10
18,-3.672618913697079e-05,3.674128674902022e-05,10,10
19,0.000533788581378758,0.0005337893380783498,0,10
20,0.0006892802193760872,0.0006893312092870474,0,10
21,-0.0003699078515637666,0.0003699064254760742,10,10
22,0.00011625342449406162,0.00011626293417066336,0,10
23,-0.00011840670049423352,0.00011846038978546858,10,10
24,-0.00015585384971927851,0.0001558065414428711,10,10
25,-0.00021217680478002876,0.00021219253540039062,10,10
26,-1.389281442243373e-05,1.3947486877441406e-05,10,10
27,3.8069840684329392e-06,3.819997800746933e-06,0,10
28,0.00037979354965500534,0.0003797785611823201,0,10
29,-0.0001279358984902501,0.00012791156768798828,10,10
30,0.00034000774030573666,0.00034001542371697724,0,10
31,-0.00031356411636807024,0.0003135652223136276,10,10
32,-0.0009552771225571632,0.0009552240371704102,10,10
33,-0.0009186622337438166,0.0009186267852783203,10,10
34,-0.0010966805275529623,0.0010967254638671875,10,10
35,-0.0009432445513084531,0.000943208287935704,10,10
36,-0.001701035420410335,0.0017009973526000977,10,10
37,-0.0015822669956833124,0.0015822649002075195,10,10
38,-0.0020574142690747976,0.0020574331283569336,10,10
39,-0.002038154983893037,0.002038121223449707,10,10
40,-0.002759519498795271,0.002759575843811035,10,10
41,-0.003739346284419298,0.0037393569946289062,10,10
42,-0.004689078778028488,0.004689126741141081,10,10
43,-0.005491722375154495,0.005491733551025391,10,10
44,-0.00720358407124877,0.007203578948974609,10,10
45,-0.0079245800152421,0.007924556732177734,10,10
46,-0.01026904582977295,0.01026904582977295,10,10
47,-0.012329493649303913,0.012329461984336376,10,10
48,-0.016374196857213974,0.01637423038482666,10,10
49,-0.02048105001449585,0.020481109619140625,10,10
50,-0.025423036888241768,0.025423049926757812,10,10
51,-0.03273194283246994,0.03273193538188934,10,10
0,0.03491806611418724,0.03491811454296112,0,10
1,0.029722897335886955,0.029722953215241432,0,10
2,0.025855883955955505,0.025855939835309982,0,10
3,0.021306244656443596,0.02130628004670143,0,10
4,0.017473295331001282,0.017473353073000908,0,10
5,0.014462392777204514,0.014462439343333244,0,10
6,0.011383762583136559,0.01138381939381361,0,10
7,0.00797039084136486,0.007970429956912994,0,10
8,0.007221930660307407,0.007221988867968321,0,10
9,0.005904095713049173,0.005904108285903931,0,10
10,0.004550311714410782,0.004550304263830185,0,10
11,0.0037368538323789835,0.0037369094789028168,0,10
12,0.0022270854096859694,0.0022271296475082636,0,10
13,0.0019420651951804757,0.0019420949975028634,0,10
14,0.0011005222331732512,0.0011005259584635496,0,10
15,0.001546840532682836,0.001541002420708537,0,10
16,0.0009656050824560225,0.0009656004840508103,0,10
17,0.0011683482443913817,0.001168391783721745,0,10
18,-3.672618913697079e-05,3.6723129596794024e-05,10,10
19,0.000533788581378758,0.000533822167199105,0,10
20,0.0006892802193760872,0.0006893376703374088,0,10
21,-0.0003699078515637666,0.00033020973205566406,10,10
22,0.00011625342449406162,0.0001162746557383798,0,10
23,-0.00011840670049423352,0.00011837482452392578,10,10
24,-0.00015585384971927851,0.0001558065414428711,10,10
25,-0.00021217680478002876,0.0002046823501586914,10,10
26,-1.389281442243373e-05,1.3947486877441406e-05,10,10
27,3.8069840684329392e-06,3.6438523238757625e-06,0,10
28,0.00037979354965500534,0.00037981418427079916,0,10
29,-0.0001279358984902501,0.00012791156768798828,10,10
30,0.00034000774030573666,0.0003399938577786088,0,10
31,-0.00031356411636807024,0.0003135204315185547,10,10
32,-0.0009552771225571632,0.0009552240371704102,10,10
33,-0.0009186622337438166,0.0009186322567984462,10,10
34,-0.0010966805275529623,0.0010967254638671875,10,10
35,-0.0009432445513084531,0.000943303108215332,10,10
36,-0.001701035420410335,0.00170101725962013,10,10
37,-0.0015822669956833124,0.0015823212452232838,10,10
38,-0.0020574142690747976,0.0020574331283569336,10,10
39,-0.002038154983893037,0.0020381116773933172,10,10
40,-0.002759519498795271,0.002759575843811035,10,10
41,-0.003739346284419298,0.0037393569946289062,10,10
42,-0.004689078778028488,0.004541516304016113,10,10
43,-0.005491722375154495,0.005491733551025391,10,10
44,-0.00720358407124877,0.007203616667538881,10,10
45,-0.0079245800152421,0.007924556732177734,10,10
46,-0.01026904582977295,0.01026904582977295,10,10
47,-0.012329493649303913,0.011621594429016113,10,10
48,-0.016374196857213974,0.01637423038482666,10,10
49,-0.02048105001449585,0.020481109619140625,10,10
50,-0.025423036888241768,0.025423049926757812,10,10
51,-0.03273194283246994,0.03273189067840576,10,10
52,-0.04121411591768265,0.04121410846710205,10,10
0,0.03491806611418724,0.03491812199354172,0,10
1,0.029722897335886955,0.029722953215241432,0,10
2,0.025855883955955505,0.025855936110019684,0,10
3,0.021306244656443596,0.02130628190934658,0,10
4,0.017473295331001282,0.01747332699596882,0,10
5,0.014462392777204514,0.01446241419762373,0,10
6,0.011383762583136559,0.011383810080587864,0,10
7,0.00797039084136486,0.007970444858074188,0,10
8,0.007221930660307407,0.0072219292633235455,0,10
9,0.005904095713049173,0.005904150661081076,0,10
10,0.004550311714410782,0.0045502870343625546,0,10
11,0.0037368538323789835,0.0037368671037256718,0,10
12,0.0022270854096859694,0.002227136632427573,0,10
13,0.0019420651951804757,0.0019420853350311518,0,10
14,0.0011005222331732512,0.0011005743872374296,0,10
15,0.001546840532682836,0.0015468059573322535,0,10
16,0.0009656050824560225,0.0009656238835304976,0,10
17,0.0011683482443913817,0.001168350107036531,0,10
18,-3.672618913697079e-05,3.6716461181640625e-05,10,10
19,0.000533788581378758,0.0005337729235179722,0,10
20,0.0006892802193760872,0.0006893019308336079,0,10
21,-0.0003699078515637666,0.0003595381567720324,10,10
22,0.00011625342449406162,0.0001162187909358181,0,10
23,-0.00011840670049423352,0.00011837482452392578,10,10
24,-0.00015585384971927851,0.0001558065414428711,10,10
25,-0.00021217680478002876,0.00021219253540039062,10,10
26,-1.389281442243373e-05,1.3947486877441406e-05,10,10
27,3.8069840684329392e-06,3.839645614789333e-06,0,10
28,0.00037979354965500534,0.0003798200632445514,0,10
29,-0.0001279358984902501,0.00012794483336620033,10,10
30,0.00034000774030573666,0.000339995080139488,0,10
31,-0.00031356411636807024,0.0002881288528442383,10,10
32,-0.0009552771225571632,0.0009552240371704102,10,10
33,-0.0009186622337438166,0.0009186267852783203,10,10
34,-0.0010966805275529623,0.0010967254638671875,10,10
35,-0.0009432445513084531,0.000943303108215332,10,10
36,-0.001701035420410335,0.0017009973526000977,10,10
37,-0.0015822669956833124,0.001482248306274414,10,10
38,-0.0020574142690747976,0.0020574331283569336,10,10
39,-0.002038154983893037,0.002038121223449707,10,10
40,-0.002759519498795271,0.0025110605638474226,10,10
41,-0.003739346284419298,0.003739388892427087,10,10
42,-0.004689078778028488,0.0046890974044799805,10,10
43,-0.005491722375154495,0.005491733551025391,10,10
44,-0.00720358407124877,0.007203578948974609,10,10
45,-0.0079245800152421,0.007924556732177734,10,10
46,-0.01026904582977295,0.01026909425854683,10,10
47,-0.012329493649303913,0.012329459190368652,10,10
48,-0.016374196857213974,0.016374146565794945,10,10
49,-0.02048105001449585,0.020481109619140625,10,10
50,-0.025423036888241768,0.025423089042305946,10,10
51,-0.03273194283246994,0.03273189067840576,10,10
52,-0.04121411591768265,0.04121410846710205,10,10
53,-0.04020242393016815,0.04020245000720024,10,10
0,0.03491806611418724,0.03491811081767082,0,10
1,0.029722897335886955,0.02972295507788658,0,10
2,0.025855883955955505,0.025855936110019684,0,10
3,0.021306244656443596,0.02130628377199173,0,10
4,0.017473295331001282,0.017473338171839714,0,10
5,0.014462392777204514,0.014462447725236416,0,10
6,0.011383762583136559,0.01138380542397499,0,10
7,0.00797039084136486,0.007970447652041912,0,10
8,0.007221930660307407,0.007221939042210579,0,10
9,0.005904095713049173,0.005904081743210554,0,10
10,0.004550311714410782,0.004550298675894737,0,10
11,0.0037368538323789835,0.003736844751983881,0,10
12,0.0022270854096859694,0.002227123361080885,0,10
13,0.0019420651951804757,0.0019421138567849994,0,10
14,0.0011005222331732512,0.001100469147786498,0,10
15,0.001546840532682836,0.0015468253986909986,0,10
16,0.0009656050824560225,0.0009655943722464144,0,10
17,0.0011683482443913817,0.0011683469638228416,0,10
18,-3.672618913697079e-05,3.6716461181640625e-05,10,10
19,0.000533788581378758,0.0005337949842214584,0,10
20,0.0006892802193760872,0.0006893227691762149,0,10
21,-0.0003699078515637666,0.0003606491081882268,10,10
22,0.00011625342449406162,0.00010851838305825368,0,10
23,-0.00011840670049423352,0.00011840975639643148,10,10
24,-0.00015585384971927851,0.0001558156218379736,10,10
25,-0.00021217680478002876,0.00021219725022092462,10,10
26,-1.389281442243373e-05,1.3947486877441406e-05,10,10
27,3.8069840684329392e-06,3.863016900140792e-06,0,10
28,0.00037979354965500534,0.00037984634400345385,0,10
29,-0.0001279358984902501,0.00012795561633538455,10,10
30,0.00034000774030573666,0.0003400490095373243,0,10
31,-0.00031356411636807024,0.0003135204315185547,10,10
32,-0.0009552771225571632,0.0009552730480208993,10,10
33,-0.0009186622337438166,0.0009186267852783203,10,10
34,-0.0010966805275529623,0.0010967254638671875,10,10
35,-0.0009432445513084531,0.0009432541555725038,10,10
36,-0.001701035420410335,0.0017009973526000977,10,10
37,-0.0015822669956833124,0.0015823112335056067,10,10
38,-0.0020574142690747976,0.0020574331283569336,10,10
39,-0.002038154983893037,0.0019965171813964844,10,10
40,-0.002759519498795271,0.002759575843811035,10,10
41,-0.003739346284419298,0.0037393569946289062,10,10
42,-0.004689078778028488,0.0046890974044799805,10,10
43,-0.005491722375154495,0.005491733551025391,10,10
44,-0.00720358407124877,0.007203586399555206,10,10
45,-0.0079245800152421,0.007924556732177734,10,10
46,-0.01026904582977295,0.01026904582977295,10,10
47,-0.012329493649303913,0.012329459190368652,10,10
48,-0.016374196857213974,0.01637423038482666,10,10
49,-0.02048105001449585,0.020481109619140625,10,10
50,-0.025423036888241768,0.025423049926757812,10,10
51,-0.03273194283246994,0.032731954008340836,10,10
52,-0.04121411591768265,0.04121410846710205,10,10
53,-0.04020242393016815,0.04020237922668457,10,10
54,-0.03944196552038193,0.03944194316864014,10,10
0,0.03491806611418724,0.03491812199354172,0,10
1,0.029722897335886955,0.029722929000854492,0,10
2,0.025855883955955505,0.025855934247374535,0,10
3,0.021306244656443596,0.021306296810507774,0,10
4,0.017473295331001282,0.017473336309194565,0,10
5,0.014462392777204514,0.01446245051920414,0,10
6,0.011383762583136559,0.011383811011910439,0,10
7,0.00797039084136486,0.007970421575009823,0,10
8,0.007221930660307407,0.007221958599984646,0,10
9,0.005904095713049173,0.00590410316362977,0,10
10,0.004550311714410782,0.004550321958959103,0,10
11,0.0037368538323789835,0.0035411540884524584,0,10
12,0.0022270854096859694,0.002227136632427573,0,10
13,0.0019420651951804757,0.0016994751058518887,0,10
14,0.0011005222331732512,0.0011004925472661853,0,10
15,0.001546840532682836,0.001546801533550024,0,10
16,0.0009656050824560225,0.000965557643212378,0,10
17,0.0011683482443913817,0.0011683990014716983,0,10
18,-3.672618913697079e-05,3.678295615827665e-05,10,10
19,0.000533788581378758,0.0005337962647899985,0,10
20,0.0006892802193760872,0.0006892680539749563,0,10
21,-0.0003699078515637666,0.00036992577952332795,10,10
22,0.00011625342449406162,0.00011626668856479228,0,10
23,-0.00011840670049423352,0.00011837482452392578,10,10
24,-0.00015585384971927851,0.0001558065414428711,10,10
25,-0.00021217680478002876,0.00021222974464762956,10,10
26,-1.389281442243373e-05,1.3947486877441406e-05,10,10
27,3.8069840684329392e-06,3.860982815240277e-06,0,10
28,0.00037979354965500534,0.00037980586057528853,0,10
29,-0.0001279358984902501,0.00012767314910888672,10,10
30,0.00034000774030573666,0.0003399577981326729,0,10
31,-0.00031356411636807024,0.0003135204315185547,10,10
32,-0.0009552771225571632,0.0009552240371704102,10,10
33,-0.0009186622337438166,0.0009186267852783203,10,10
34,-0.0010966805275529623,0.0010967254638671875,10,10
35,-0.0009432445513084531,0.000943303108215332,10,10
36,-0.001701035420410335,0.0017009973526000977,10,10
37,-0.0015822669956833124,0.0015822649002075195,10,10
38,-0.0020574142690747976,0.0020574331283569336,10,10
39,-0.002038154983893037,0.002038181759417057,10,10
40,-0.002759519498795271,0.002684354782104492,10,10
41,-0.003739346284419298,0.0037393569946289062,10,10
42,-0.004689078778028488,0.0046890974044799805,10,10
43,-0.005491722375154495,0.005491733551025391,10,10
44,-0.00720358407124877,0.007203578948974609,10,10
45,-0.0079245800152421,0.007924556732177734,10,10
46,-0.01026904582977295,0.01026904582977295,10,10
47,-0.012329493649303913,0.01232947874814272,10,10
48,-0.016374196857213974,0.01637423038482666,10,10
49,-0.02048105001449585,0.020481109619140625,10,10
50,-0.025423036888241768,0.025423049926757812,10,10
51,-0.03273194283246994,0.03273192048072815,10,10
52,-0.04121411591768265,0.038602590560913086,10,10
53,-0.04020242393016815,0.04020237922668457,10,10
54,-0.03944196552038193,0.039441972970962524,10,10
55,-0.037060126662254333,0.03706014156341553,10,10
0,0.03491806611418724,0.03491811826825142,0,10
1,0.029722897335886955,0.029722953215241432,0,10
2,0.025855883955955505,0.02585592493414879,0,10
3,0.021306244656443596,0.021306293085217476,0,10
4,0.017473295331001282,0.017473353073000908,0,10
5,0.014462392777204514,0.014462430961430073,0,10
6,0.011383762583136559,0.011383816599845886,0,10
7,0.00797039084136486,0.00797044113278389,0,10
8,0.007221930660307407,0.007221963256597519,0,10
9,0.005904095713049173,0.005904145073145628,0,10
10,0.004550311714410782,0.004550342448055744,0,10
11,0.0037368538323789835,0.0037368491757661104,0,10
12,0.0022270854096859694,0.002227139426395297,0,10
13,0.0019420651951804757,0.0019420740427449346,0,10
14,0.0011005222331732512,0.0011005427222698927,0,10
15,0.001546840532682836,0.001546831103041768,0,10
16,0.0009656050824560225,0.0009655948961153626,0,10
17,0.0011683482443913817,0.0011684030760079622,0,10
18,-3.672618913697079e-05,3.6720164644066244e-05,10,10
19,0.000533788581378758,0.000533820188138634,0,10
20,0.0006892802193760872,0.0006893281824886799,0,10
21,-0.0003699078515637666,0.00036996681592427194,10,10
22,0.00011625342449406162,0.00011157977132825181,0,10
23,-0.00011840670049423352,0.00011837482452392578,10,10
24,-0.00015585384971927851,0.0001558065414428711,10,10
25,-0.00021217680478002876,0.00021213949366938323,10,10
26,-1.389281442243373e-05,1.3925284292781726e-05,10,10
27,3.8069840684329392e-06,3.849431323033059e-06,0,10
28,0.00037979354965500534,0.0003797652607318014,0,10
29,-0.0001279358984902501,0.00012791156768798828,10,10
30,0.00034000774030573666,0.0003400443238206208,0,10
31,-0.00031356411636807024,0.0003135204315185547,10,10
32,-0.0009552771225571632,0.0009552945848554373,10,10
33,-0.0009186622337438166,0.0009186267852783203,10,10
34,-0.0010966805275529623,0.0010967254638671875,10,10
35,-0.0009432445513084531,0.000943303108215332,10,10
36,-0.001701035420410335,0.0017009973526000977,10,10
37,-0.0015822669956833124,0.0015822649002075195,10,10
38,-0.0020574142690747976,0.0020574331283569336,10,10
39,-0.002038154983893037,0.002038121223449707,10,10
40,-0.002759519498795271,0.002759575843811035,10,10
41,-0.003739346284419298,0.0037393569946289062,10,10
42,-0.004689078778028488,0.0046890974044799805,10,10
43,-0.005491722375154495,0.005491733551025391,10,10
44,-0.00720358407124877,0.007203578948974609,10,10
45,-0.0079245800152421,0.007924556732177734,10,10
46,-0.01026904582977295,0.01026904582977295,10,10
47,-0.012329493649303913,0.01232951506972313,10,10
48,-0.016374196857213974,0.01637423038482666,10,10
49,-0.02048105001449585,0.020481036975979805,10,10
50,-0.025423036888241768,0.025423049926757812,10,10
51,-0.03273194283246994,0.03273189067840576,10,10
52,-0.04121411591768265,0.04018469899892807,10,10
53,-0.04020242393016815,0.04020237922668457,10,10
54,-0.03944196552038193,0.03944195434451103,10,10
55,-0.037060126662254333,0.03706014156341553,10,10
56,-0.04229021444916725,0.04229017347097397,10,10
0,0.03491806611418724,0.03491811454296112,0,10
1,0.029722897335886955,0.029722945764660835,0,10
2,0.025855883955955505,0.02585594169795513,0,10
3,0.021306244656443596,0.021306289359927177,0,10
4,0.017473295331001282,0.017473334446549416,0,10
5,0.014462392777204514,0.014462445862591267,0,10
6,0.011383762583136559,0.011383815668523312,0,10
7,0.00797039084136486,0.007970424368977547,0,10
8,0.007221930660307407,0.007221974898129702,0,10
9,0.005904095713049173,0.005904116202145815,0,10
10,0.004550311714410782,0.0045503429137170315,0,10
11,0.0037368538323789835,0.0037368868943303823,0,10
12,0.0022270854096859694,0.002227090997621417,0,10
13,0.0019420651951804757,0.001942010479979217,0,10
14,0.0011005222331732512,0.0011005466803908348,0,10
15,0.001546840532682836,0.0015468719648197293,0,10
16,0.0009656050824560225,0.0009656544425524771,0,10
17,0.0011683482443913817,0.001168389804661274,0,10
18,-3.672618913697079e-05,3.6716461181640625e-05,10,10
19,0.000533788581378758,0.0005338402115739882,0,10
20,0.0006892802193760872,0.0006892832461744547,0,10
21,-0.0003699078515637666,0.00036994426045566797,10,10
22,0.00011625342449406162,0.00011620287114055827,0,10
23,-0.00011840670049423352,0.0001093149185180664,10,10
24,-0.00015585384971927851,0.0001558065414428711,10,10
25,-0.00021217680478002876,0.00021219253540039062,10,10
26,-1.389281442243373e-05,1.33514404296875e-05,10,10
27,3.8069840684329392e-06,3.822206053882837e-06,0,10
28,0.00037979354965500534,0.00037977987085469067,0,10
29,-0.0001279358984902501,0.0001279493299080059,10,10
30,0.00034000774030573666,0.00034001588937826455,0,10
31,-0.00031356411636807024,0.00031353061785921454,10,10
32,-0.0009552771225571632,0.000955285329837352,10,10
33,-0.0009186622337438166,0.0009186267852783203,10,10
34,-0.0010966805275529623,0.0010967254638671875,10,10
35,-0.0009432445513084531,0.000943303108215332,10,10
36,-0.001701035420410335,0.0017010013107210398,10,10
37,-0.0015822669956833124,0.0015822649002075195,10,10
38,-0.0020574142690747976,0.0020574331283569336,10,10
39,-0.002038154983893037,0.002038121223449707,10,10
40,-0.002759519498795271,0.002759575843811035,10,10
41,-0.003739346284419298,0.0037393569946289062,10,10
42,-0.004689078778028488,0.004689098801463842,10,10
43,-0.005491722375154495,0.005491733551025391,10,10
44,-0.00720358407124877,0.007203578948974609,10,10
45,-0.0079245800152421,0.007924556732177734,10,10
46,-0.01026904582977295,0.01026904582977295,10,10
47,-0.012329493649303913,0.01202392578125,10,10
48,-0.016374196857213974,0.01637423038482666,10,10
49,-0.02048105001449585,0.020481109619140625,10,10
50,-0.025423036888241768,0.025423049926757812,10,10
51,-0.03273194283246994,0.032731927931308746,10,10
52,-0.04121411591768265,0.040238022804260254,10,10
53,-0.04020242393016815,0.04020237922668457,10,10
54,-0.03944196552038193,0.03944194316864014,10,10
55,-0.037060126662254333,0.03706008568406105,10,10
56,-0.04229021444916725,0.04229021072387695,10,10
57,-0.042802151292562485,0.041849613189697266,10,10
0,0.03491806611418724,0.03491811826825142,0,10
1,0.029722897335886955,0.029722923412919044,0,10
2,0.025855883955955505,0.025855939835309982,0,10
3,0.021306244656443596,0.021306276321411133,0,10
4,0.017473295331001282,0.017473338171839714,0,10
5,0.014462392777204514,0.014462441205978394,0,10
6,0.011383762583136559,0.011383811943233013,0,10
7,0.00797039084136486,0.007970450446009636,0,10
8,0.007221930660307407,0.007221983280032873,0,10
9,0.005904095713049173,0.005904124118387699,0,10
10,0.004550311714410782,0.0045503308065235615,0,10
11,0.0037368538323789835,0.0036005214788019657,0,10
12,0.0022270854096859694,0.002227118704468012,0,10
13,0.0019420651951804757,0.0019421125762164593,0,10
14,0.0011005222331732512,0.0011005764827132225,0,10
15,0.001546840532682836,0.0015467884950339794,0,10
16,0.0009656050824560225,0.000965571089182049,0,10
17,0.0011683482443913817,0.001138303428888321,0,10
18,-3.672618913697079e-05,3.6716461181640625e-05,10,10
19,0.000533788581378758,0.0005338166374713182,0,10
20,0.0006892802193760872,0.000689326087012887,0,10
21,-0.0003699078515637666,0.0003699064254760742,10,10
22,0.00011625342449406162,0.00011630053631961346,0,10
23,-0.00011840670049423352,0.00011839485523523763,10,10
24,-0.00015585384971927851,0.00015581543266307563,10,10
25,-0.00021217680478002876,0.00021219253540039062,10,10
26,-1.389281442243373e-05,1.391714067722205e-05,10,10
27,3.8069840684329392e-06,3.86272358809947e-06,0,10
28,0.00037979354965500534,0.0003797388344537467,0,10
29,-0.0001279358984902501,0.00012791810149792582,10,10
30,0.00034000774030573666,0.0003400413552299142,0,10
31,-0.00031356411636807024,0.0003135204315185547,10,10
32,-0.0009552771225571632,0.0009552240371704102,10,10
33,-0.0009186622337438166,0.0009135007858276367,10,10
34,-0.0010966805275529623,0.0010967368725687265,10,10
35,-0.0009432445513084531,0.000943303108215332,10,10
36,-0.001701035420410335,0.0017010695300996304,10,10
37,-0.0015822669956833124,0.0015822649002075195,10,10
38,-0.0020574142690747976,0.0020574554800987244,10,10
39,-0.002038154983893037,0.002038121223449707,10,10
40,-0.002759519498795271,0.002759575843811035,10,10
41,-0.003739346284419298,0.0037393569946289062,10,10
42,-0.004689078778028488,0.0046890974044799805,10,10
43,-0.005491722375154495,0.0054917605593800545,10,10
44,-0.00720358407124877,0.007203578948974609,10,10
45,-0.0079245800152421,0.007924609817564487,10,10
46,-0.01026904582977295,0.0095137357711792,10,10
47,-0.012329493649303913,0.011722564697265625,10,10
48,-0.016374196857213974,0.016374241560697556,10,10
49,-0.02048105001449585,0.02048099786043167,10,10
50,-0.025423036888241768,0.025423049926757812,10,10
51,-0.03273194283246994,0.03273191303014755,10,10
52,-0.04121411591768265,0.040758609771728516,10,10
53,-0.04020242393016815,0.04020237922668457,10,10
54,-0.03944196552038193,0.03944195806980133,10,10
55,-0.037060126662254333,0.03706014156341553,10,10
56,-0.04229021444916725,0.04061564803123474,10,10
57,-0.042802151292562485,0.03817390277981758,10,10
58,-0.04273449257016182,0.042734526097774506,10,10
0,0.03491806611418724,0.03491809964179993,0,10
1,0.029722897335886955,0.029722942039370537,0,10
2,0.025855883955955505,0.025855937972664833,0,10
3,0.021306244656443596,0.021306300535798073,0,10
4,0.017473295331001282,0.017473341897130013,0,10
5,0.014462392777204514,0.014462445862591267,0,10
6,0.011383762583136559,0.011383815668523312,0,10
7,0.00797039084136486,0.007970413193106651,0,10
8,0.007221930660307407,0.007221979554742575,0,10
9,0.005904095713049173,0.005904052406549454,0,10
10,0.004550311714410782,0.004550325684249401,0,10
11,0.0037368538323789835,0.0036549412179738283,0,10
12,0.0022270854096859694,0.0022271359339356422,0,10
13,0.0019420651951804757,0.0019421225879341364,0,10
14,0.0011005222331732512,0.0011004877742379904,0,10
15,0.001546840532682836,0.001546839950606227,0,10
16,0.0009656050824560225,0.000965621555224061,0,10
17,0.0011683482443913817,0.001168319839052856,0,10
18,-3.672618913697079e-05,3.6723129596794024e-05,10,10
19,0.000533788581378758,0.0005338394548743963,0,10
20,0.0006892802193760872,0.0006893302779644728,0,10
21,-0.0003699078515637666,0.0003699064254760742,10,10
22,0.00011625342449406162,0.00011623952741501853,0,10
23,-0.00011840670049423352,0.00011845898552564904,10,10
24,-0.00015585384971927851,0.0001558065414428711,10,10
25,-0.00021217680478002876,0.00021219253540039062,10,10
26,-1.389281442243373e-05,1.3947486877441406e-05,10,10
27,3.8069840684329392e-06,3.82261259801453e-06,0,10
28,0.00037979354965500534,0.0003797851677518338,0,10
29,-0.0001279358984902501,0.00012793524365406483,10,10
30,0.00034000774030573666,0.00034005666384473443,0,10
31,-0.00031356411636807024,0.0003135204315185547,10,10
32,-0.0009552771225571632,0.0009552240371704102,10,10
33,-0.0009186622337438166,0.0009186267852783203,10,10
34,-0.0010966805275529623,0.0010967254638671875,10,10
35,-0.0009432445513084531,0.000943303108215332,10,10
36,-0.001701035420410335,0.0017009973526000977,10,10
37,-0.0015822669956833124,0.0015822649002075195,10,10
38,-0.0020574142690747976,0.0020574331283569336,10,10
39,-0.002038154983893037,0.002038148930296302,10,10
40,-0.002759519498795271,0.002759575843811035,10,10
41,-0.003739346284419298,0.0037393844686448574,10,10
42,-0.004689078778028488,0.004689117427915335,10,10
43,-0.005491722375154495,0.005157947540283203,10,10
44,-0.00720358407124877,0.007103681564331055,10,10
45,-0.0079245800152421,0.007924556732177734,10,10
46,-0.01026904582977295,0.01026904582977295,10,10
47,-0.012329493649303913,0.01229238510131836,10,10
48,-0.016374196857213974,0.01637423038482666,10,10
49,-0.02048105001449585,0.020481109619140625,10,10
50,-0.025423036888241768,0.025423049926757812,10,10
51,-0.03273194283246994,0.03273189067840576,10,10
52,-0.04121411591768265,0.03833341598510742,10,10
53,-0.04020242393016815,0.04020237922668457,10,10
54,-0.03944196552038193,0.03944194316864014,10,10
55,-0.037060126662254333,0.03706014156341553,10,10
56,-0.04229021444916725,0.04229021072387695,10,10
57,-0.042802151292562485,0.042802147567272186,10,10
58,-0.04273449257016182,0.04263663291931152,10,10
59,-0.042997073382139206,0.042997121810913086,10,10
0,0.03491806611418724,0.03491811081767082,0,10
1,0.029722897335886955,0.029722951352596283,0,10
2,0.025855883955955505,0.025855937972664833,0,10
3,0.021306244656443596,0.02130628377199173,0,10
4,0.017473295331001282,0.01747335121035576,0,10
5,0.014462392777204514,0.014462440274655819,0,10
6,0.011383762583136559,0.01138379517942667,0,10
7,0.00797039084136486,0.00797042716294527,0,10
8,0.007221930660307407,0.00722197862342,0,10
9,0.005904095713049173,0.0059041352942585945,0,10
10,0.004550311714410782,0.004550283774733543,0,10
11,0.0037368538323789835,0.003736906684935093,0,10
12,0.0022270854096859694,0.0021560615859925747,0,10
13,0.0019420651951804757,0.0019421117613092065,0,10
14,0.0011005222331732512,0.0011005331762135029,0,10
15,0.001546840532682836,0.0015468032797798514,0,10
16,0.0009656050824560225,0.0009294006158597767,0,10
17,0.0011683482443913817,0.0011683956254273653,0,10
18,-3.672618913697079e-05,3.6716461181640625e-05,10,10
19,0.000533788581378758,0.0005338310147635639,0,10
20,0.0006892802193760872,0.0006892479141242802,0,10
21,-0.0003699078515637666,0.0003699064254760742,10,10
22,0.00011625342449406162,0.00011630298104137182,0,10
23,-0.00011840670049423352,0.00011837482452392578,10,10
24,-0.00015585384971927851,0.00015588516544084996,10,10
25,-0.00021217680478002876,0.00021222398208919913,10,10
26,-1.389281442243373e-05,1.3947486877441406e-05,10,10
27,3.8069840684329392e-06,3.8228540688578505e-06,0,10
28,0.00037979354965500534,0.00037981700734235346,0,10
29,-0.0001279358984902501,0.00012791156768798828,10,10
30,0.00034000774030573666,0.00034003102337010205,0,10
31,-0.00031356411636807024,0.0003135204315185547,10,10
32,-0.0009552771225571632,0.0009552240371704102,10,10
33,-0.0009186622337438166,0.0009186656679958105,10,10
34,-0.0010966805275529623,0.0010967254638671875,10,10
35,-0.0009432445513084531,0.000943303108215332,10,10
36,-0.001701035420410335,0.0017009973526000977,10,10
37,-0.0015822669956833124,0.0015822649002075195,10,10
38,-0.0020574142690747976,0.0020574331283569336,10,10
39,-0.002038154983893037,0.0020382001530379057,10,10
40,-0.002759519498795271,0.002759575843811035,10,10
41,-0.003739346284419298,0.0037393569946289062,10,10
42,-0.004689078778028488,0.0046890974044799805,10,10
43,-0.005491722375154495,0.005491733551025391,10,10
44,-0.00720358407124877,0.007203579414635897,10,10
45,-0.0079245800152421,0.007924556732177734,10,10
46,-0.01026904582977295,0.010269003920257092,10,10
47,-0.012329493649303913,0.012329459190368652,10,10
48,-0.016374196857213974,0.016374217346310616,10,10
49,-0.02048105001449585,0.020481109619140625,10,10
50,-0.025423036888241768,0.02542305178940296,10,10
51,-0.03273194283246994,0.03273198381066322,10,10
52,-0.04121411591768265,0.04121410846710205,10,10
53,-0.04020242393016815,0.04020242393016815,10,10
54,-0.03944196552038193,0.03944194316864014,10,10
55,-0.037060126662254333,0.03706008940935135,10,10
56,-0.04229021444916725,0.03733675926923752,10,10
57,-0.042802151292562485,0.04280209541320801,10,10
58,-0.04273449257016182,0.04273448884487152,10,10
59,-0.042997073382139206,0.042997103184461594,10,10
60,-0.04329105466604233,0.04329107701778412,10,10
0,0.03491806611418724,0.03491811454296112,0,10
1,0.029722897335886955,0.029722951352596283,0,10
2,0.025855883955955505,0.025855939835309982,0,10
3,0.021306244656443596,0.021306302398443222,0,10
4,0.017473295331001282,0.017473353073000908,0,10
5,0.014462392777204514,0.014462444931268692,0,10
6,0.011383762583136559,0.011383796110749245,0,10
7,0.00797039084136486,0.007970430888235569,0,10
8,0.007221930660307407,0.007221975363790989,0,10
9,0.005904095713049173,0.0059041427448391914,0,10
10,0.004550311714410782,0.004536904860287905,0,10
11,0.0037368538323789835,0.0037368505727499723,0,10
12,0.0022270854096859694,0.002227039309218526,0,10
13,0.0019420651951804757,0.0019420201424509287,0,10
14,0.0011005222331732512,0.001100526307709515,0,10
15,0.001546840532682836,0.0015468341298401356,0,10
16,0.0009656050824560225,0.000965558341704309,0,10
17,0.0011683482443913817,0.0011683227494359016,0,10
18,-3.672618913697079e-05,3.6727229598909616e-05,10,10
19,0.000533788581378758,0.0005338098271749914,0,10
20,0.0006892802193760872,0.0006893136305734515,0,10
21,-0.0003699078515637666,0.0003699100634548813,10,10
22,0.00011625342449406162,0.00011625389743130654,0,10
23,-0.00011840670049423352,0.00011837482452392578,10,10
24,-0.00015585384971927851,0.0001558065414428711,10,10
25,-0.00021217680478002876,0.00021219253540039062,10,10
26,-1.389281442243373e-05,1.3947486877441406e-05,10,10
27,3.8069840684329392e-06,3.816022854152834e-06,0,10
28,0.00037979354965500534,0.00037980207707732916,0,10
29,-0.0001279358984902501,0.00012792085180990398,10,10
30,0.00034000774030573666,0.00030783063266426325,0,10
31,-0.00031356411636807024,0.0003135204315185547,10,10
32,-0.0009552771225571632,0.0009553015697747469,10,10
33,-0.0009186622337438166,0.0009186267852783203,10,10
34,-0.0010966805275529623,0.0010967254638671875,10,10
35,-0.0009432445513084531,0.0008625984191894531,10,10
36,-0.001701035420410335,0.0017010113224387169,10,10
37,-0.0015822669956833124,0.0015822649002075195,10,10
38,-0.0020574142690747976,0.0020574331283569336,10,10
39,-0.002038154983893037,0.002038148231804371,10,10
40,-0.002759519498795271,0.002759575843811035,10,10
41,-0.003739346284419298,0.003739392152056098,10,10
42,-0.004689078778028488,0.0046890974044799805,10,10
43,-0.005491722375154495,0.005491733551025391,10,10
44,-0.00720358407124877,0.00720361340790987,10,10
45,-0.0079245800152421,0.007924556732177734,10,10
46,-0.01026904582977295,0.009982755407691002,10,10
47,-0.012329493649303913,0.012329459190368652,10,10
48,-0.016374196857213974,0.01637423038482666,10,10
49,-0.02048105001449585,0.020481109619140625,10,10
50,-0.025423036888241768,0.023613810539245605,10,10
51,-0.03273194283246994,0.03273189067840576,10,10
52,-0.04121411591768265,0.04121410846710205,10,10
53,-0.04020242393016815,0.04020237922668457,10,10
54,-0.03944196552038193,0.03944194316864014,10,10
55,-0.037060126662254333,0.03701126575469971,10,10
56,-0.04229021444916725,0.0381542444229126,10,10
57,-0.042802151292562485,0.03861457109451294,10,10
58,-0.04273449257016182,0.0411609411239624,10,10
59,-0.042997073382139206,0.042997077107429504,10,10
60,-0.04329105466604233,0.04329107329249382,10,10
61,-0.04253464192152023,0.042031556367874146,10,10
0,0.03491806611418724,0.03491811826825142,0,10
1,0.029722897335886955,0.029722947627305984,0,10
2,0.025855883955955505,0.025855930522084236,0,10
3,0.021306244656443596,0.02130628190934658,0,10
4,0.017473295331001282,0.017473328858613968,0,10
5,0.014462392777204514,0.014462430961430073,0,10
6,0.011383762583136559,0.01138381753116846,0,10
7,0.00797039084136486,0.007970435544848442,0,10
8,0.007221930660307407,0.007221944630146027,0,10
9,0.005904095713049173,0.005904146004468203,0,10
10,0.004550311714410782,0.004550350829958916,0,10
11,0.0037368538323789835,0.0037368943449109793,0,10
12,0.0022270854096859694,0.002227120567113161,0,10
13,0.0019420651951804757,0.00194207311142236,0,10
14,0.0011005222331732512,0.0011005457490682602,0,10
15,0.001546840532682836,0.001546895713545382,0,10
16,0.0009656050824560225,0.0009656031616032124,0,10
17,0.0011683482443913817,0.0011683577904477715,0,10
18,-3.672618913697079e-05,3.6716461181640625e-05,10,10
19,0.000533788581378758,0.0005337692564353347,0,10
20,0.0006892802193760872,0.0006893236422911286,0,10
21,-0.0003699078515637666,0.0003699064254760742,10,10
22,0.00011625342449406162,0.00011031594476662576,0,10
23,-0.00011840670049423352,0.00011837482452392578,10,10
24,-0.00015585384971927851,0.0001558065414428711,10,10
25,-0.00021217680478002876,0.00021219253540039062,10,10
26,-1.389281442243373e-05,1.3947486877441406e-05,10,10
27,3.8069840684329392e-06,3.806080485446728e-06,0,10
28,0.00037979354965500534,0.00034348812187090516,0,10
29,-0.0001279358984902501,0.00012791156768798828,10,10
30,0.00034000774030573666,0.00034004184999503195,0,10
31,-0.00031356411636807024,0.0003135328588541597,10,10
32,-0.0009552771225571632,0.0009552240371704102,10,10
33,-0.0009186622337438166,0.0009186267852783203,10,10
34,-0.0010966805275529623,0.0010967254638671875,10,10
35,-0.0009432445513084531,0.000943303108215332,10,10
36,-0.001701035420410335,0.0017009992152452469,10,10
37,-0.0015822669956833124,0.0015434026718139648,10,10
38,-0.0020574142690747976,0.0020574331283569336,10,10
39,-0.002038154983893037,0.002038117963820696,10,10
40,-0.002759519498795271,0.002759575843811035,10,10
41,-0.003739346284419298,0.0037393569946289062,10,10
42,-0.004689078778028488,0.0046890974044799805,10,10
43,-0.005491722375154495,0.005491733551025391,10,10
44,-0.00720358407124877,0.007203626912087202,10,10
45,-0.0079245800152421,0.007924556732177734,10,10
46,-0.01026904582977295,0.01026904582977295,10,10
47,-0.012329493649303913,0.012329518795013428,10,10
48,-0.016374196857213974,0.01637423038482666,10,10
49,-0.02048105001449585,0.020481109619140625,10,10
50,-0.025423036888241768,0.025423049926757812,10,10
51,-0.03273194283246994,0.03273189067840576,10,10
52,-0.04121411591768265,0.037677377462387085,10,10
53,-0.04020242393016815,0.04020237922668457,10,10
54,-0.03944196552038193,0.039441999047994614,10,10
55,-0.037060126662254333,0.03706008568406105,10,10
56,-0.04229021444916725,0.037085652351379395,10,10
57,-0.042802151292562485,0.0428021214902401,10,10
58,-0.04273449257016182,0.0388646125793457,10,10
59,-0.042997073382139206,0.0429970920085907,10,10
60,-0.04329105466604233,0.04329109564423561,10,10
61,-0.04253464192152023,0.04253459721803665,10,10
62,-0.04298584163188934,0.03930509090423584,10,10
0,0.03491806611418724,0.03491811826825142,0,10
1,0.029722897335886955,0.02972295507788658,0,10
2,0.025855883955955505,0.025855926796793938,0,10
3,0.021306244656443596,0.021306294947862625,0,10
4,0.017473295331001282,0.01747334934771061,0,10
5,0.014462392777204514,0.01446244865655899,0,10
6,0.011383762583136559,0.01138382125645876,0,10
7,0.00797039084136486,0.007970444858074188,0,10
8,0.007221930660307407,0.007221958599984646,0,10
9,0.005904095713049173,0.0059041352942585945,0,10
10,0.004550311714410782,0.004550325684249401,0,10
11,0.0037368538323789835,0.00373681727796793,0,10
12,0.0022270854096859694,0.0022271177731454372,0,10
13,0.0019420651951804757,0.0019420491298660636,0,10
14,0.0011005222331732512,0.0010418880265206099,0,10
15,0.001546840532682836,0.0015468666097149253,0,10
16,0.0009656050824560225,0.000960544275585562,0,10
17,0.0011683482443913817,0.0011683263583108783,0,10
18,-3.672618913697079e-05,3.6716461181640625e-05,10,10
19,0.000533788581378758,0.0005338207702152431,0,10
20,0.0006892802193760872,0.0006893149693496525,0,10
21,-0.0003699078515637666,0.0003699064254760742,10,10
22,0.00011625342449406162,0.00011625411571003497,0,10
23,-0.00011840670049423352,0.00011837482452392578,10,10
24,-0.00015585384971927851,0.0001558065414428711,10,10
25,-0.00021217680478002876,0.00021220541384536773,10,10
26,-1.389281442243373e-05,1.3947486877441406e-05,10,10
27,3.8069840684329392e-06,3.767965381484828e-06,0,10
28,0.00037979354965500534,0.0003798243997152895,0,10
29,-0.0001279358984902501,0.0001279215357499197,10,10
30,0.00034000774030573666,0.00034005369525402784,0,10
31,-0.00031356411636807024,0.0003135204315185547,10,10
32,-0.0009552771225571632,0.0009552240371704102,10,10
33,-0.0009186622337438166,0.0009186267852783203,10,10
34,-0.0010966805275529623,0.0010967254638671875,10,10
35,-0.0009432445513084531,0.000943303108215332,10,10
36,-0.001701035420410335,0.0017009973526000977,10,10
37,-0.0015822669956833124,0.0015822990098968148,10,10
38,-0.0020574142690747976,0.0020574331283569336,10,10
39,-0.002038154983893037,0.0020381330978125334,10,10
40,-0.002759519498795271,0.002759575843811035,10,10
41,-0.003739346284419298,0.0037393569946289062,10,10
42,-0.004689078778028488,0.0046890974044799805,10,10
43,-0.005491722375154495,0.005491733551025391,10,10
44,-0.00720358407124877,0.007203578948974609,10,10
45,-0.0079245800152421,0.007924556732177734,10,10
46,-0.01026904582977295,0.01026904582977295,10,10
47,-0.012329493649303913,0.012329459190368652,10,10
48,-0.016374196857213974,0.016374152153730392,10,10
49,-0.02048105001449585,0.020481109619140625,10,10
50,-0.025423036888241768,0.025423038750886917,10,10
51,-0.03273194283246994,0.03273189067840576,10,10
52,-0.04121411591768265,0.03452956676483154,10,10
53,-0.04020242393016815,0.03943873196840286,10,10
54,-0.03944196552038193,0.03944194316864014,10,10
55,-0.037060126662254333,0.0358731746673584,10,10
56,-0.04229021444916725,0.04229019582271576,10,10
57,-0.042802151292562485,0.04280209541320801,10,10
58,-0.04273449257016182,0.039433836936950684,10,10
59,-0.042997073382139206,0.04299711436033249,10,10
60,-0.04329105466604233,0.04329109191894531,10,10
61,-0.04253464192152023,0.04253470152616501,10,10
62,-0.04298584163188934,0.042985789477825165,10,10
63,-0.038399290293455124,0.03682267665863037,10,10
0,0.03491806611418724,0.03491811454296112,0,10
1,0.029722897335886955,0.029722953215241432,0,10
2,0.025855883955955505,0.025855937972664833,0,10
3,0.021306244656443596,0.021306294947862625,0,10
4,0.017473295331001282,0.017473353073000908,0,10
5,0.014462392777204514,0.014462444931268692,0,10
6,0.011383762583136559,0.011383818462491035,0,10
7,0.00797039084136486,0.007970428094267845,0,10
8,0.007221930660307407,0.0072219520807266235,0,10
9,0.005904095713049173,0.00590408593416214,0,10
10,0.004550311714410782,0.004550289362668991,0,10
11,0.0037368538323789835,0.0037368072662502527,0,10
12,0.0022270854096859694,0.0022270905319601297,0,10
13,0.0019420651951804757,0.0019420775352045894,0,10
14,0.0011005222331732512,0.001100555993616581,0,10
15,0.001546840532682836,0.0015468269120901823,0,10
16,0.0009656050824560225,0.0009655992616899312,0,10
17,0.0011683482443913817,0.001168368849903345,0,10
18,-3.672618913697079e-05,3.6716461181640625e-05,10,10
19,0.000533788581378758,0.0005337304901331663,0,10
20,0.0006892802193760872,0.0006893014069646597,0,10
21,-0.0003699078515637666,0.0003699064254760742,10,10
22,0.00011625342449406162,0.00011621924204519019,0,10
23,-0.00011840670049423352,0.00011839379294542596,10,10
24,-0.00015585384971927851,0.0001559011870995164,10,10
25,-0.00021217680478002876,0.00021219253540039062,10,10
26,-1.389281442243373e-05,1.3867842426407151e-05,10,10
27,3.8069840684329392e-06,3.7893528315180447e-06,0,10
28,0.00037979354965500534,0.0003566499217413366,0,10
29,-0.0001279358984902501,0.00012791156768798828,10,10
30,0.00034000774030573666,0.00034003067412413657,0,10
31,-0.00031356411636807024,0.0003135204315185547,10,10
32,-0.0009552771225571632,0.0009552240371704102,10,10
33,-0.0009186622337438166,0.0009186291717924178,10,10
34,-0.0010966805275529623,0.0010967254638671875,10,10
35,-0.0009432445513084531,0.000943303108215332,10,10
36,-0.001701035420410335,0.0017009973526000977,10,10
37,-0.0015822669956833124,0.0015822649002075195,10,10
38,-0.0020574142690747976,0.0020574331283569336,10,10
39,-0.002038154983893037,0.002038121223449707,10,10
40,-0.002759519498795271,0.002759575843811035,10,10
41,-0.003739346284419298,0.0037393569946289062,10,10
42,-0.004689078778028488,0.0046890974044799805,10,10
43,-0.005491722375154495,0.005491733551025391,10,10
44,-0.00720358407124877,0.007203578948974609,10,10
45,-0.0079245800152421,0.007924556732177734,10,10
46,-0.01026904582977295,0.01026904582977295,10,10
47,-0.012329493649303913,0.012329469434916973,10,10
48,-0.016374196857213974,0.015319466590881348,10,10
49,-0.02048105001449585,0.020481109619140625,10,10
50,-0.025423036888241768,0.025423040613532066,10,10
51,-0.03273194283246994,0.032731909304857254,10,10
52,-0.04121411591768265,0.03479146957397461,10,10
53,-0.04020242393016815,0.04020237922668457,10,10
54,-0.03944196552038193,0.03944194316864014,10,10
55,-0.037060126662254333,0.03706017881631851,10,10
56,-0.04229021444916725,0.03569173067808151,10,10
57,-0.042802151292562485,0.04280216246843338,10,10
58,-0.04273449257016182,0.042734544724226,10,10
59,-0.042997073382139206,0.042997121810913086,10,10
60,-0.04329105466604233,0.0432911142706871,10,10
61,-0.04253464192152023,0.039696335792541504,10,10
62,-0.04298584163188934,0.042985811829566956,10,10
63,-0.038399290293455124,0.03839929774403572,10,10
64,-0.03861386701464653,0.03861391544342041,10,10
0,0.03491806611418724,0.03491811826825142,0,10
1,0.029722897335886955,0.029722951352596283,0,10
2,0.025855883955955505,0.025855939835309982,0,10
3,0.021306244656443596,0.021306298673152924,0,10
4,0.017473295331001282,0.017473338171839714,0,10
5,0.014462392777204514,0.014462444931268692,0,10
6,0.011383762583136559,0.011383813805878162,0,10
7,0.00797039084136486,0.007970422506332397,0,10
8,0.007221930660307407,0.007221956271678209,0,10
9,0.005904095713049173,0.005904126446694136,0,10
10,0.004550311714410782,0.004550360143184662,0,10
11,0.0037368538323789835,0.003213202580809593,0,10
12,0.0022270854096859694,0.002227140124887228,0,10
13,0.0019420651951804757,0.001942100701853633,0,10
14,0.0011005222331732512,0.0011005636770278215,0,10
15,0.001546840532682836,0.0015468500787392259,0,10
16,0.0009656050824560225,0.0009656214388087392,0,10
17,0.0011683482443913817,0.001168365590274334,0,10
18,-3.672618913697079e-05,3.6716461181640625e-05,10,10
19,0.000533788581378758,0.0005337382317520678,0,10
20,0.0006892802193760872,0.0006893064128234982,0,10
21,-0.0003699078515637666,0.0003699064254760742,10,10
22,0.00011625342449406162,0.00011545994493644685,0,10
23,-0.00011840670049423352,0.00011837482452392578,10,10
24,-0.00015585384971927851,0.0001558065414428711,10,10
25,-0.00021217680478002876,0.00021219253540039062,10,10
26,-1.389281442243373e-05,1.3947486877441406e-05,10,10
27,3.8069840684329392e-06,3.854334408970317e-06,0,10
28,0.00037979354965500534,0.0003798217512667179,0,10
29,-0.0001279358984902501,0.00012791156768798828,10,10
30,0.00034000774030573666,0.0003400384448468685,0,10
31,-0.00031356411636807024,0.00030547508504241705,10,10
32,-0.0009552771225571632,0.0009552240371704102,10,10
33,-0.0009186622337438166,0.0009186267852783203,10,10
34,-0.0010966805275529623,0.0010967254638671875,10,10
35,-0.0009432445513084531,0.000943303108215332,10,10
36,-0.001701035420410335,0.0017009973526000977,10,10
37,-0.0015822669956833124,0.0015822649002075195,10,10
38,-0.0020574142690747976,0.0020574331283569336,10,10
39,-0.002038154983893037,0.002038193168118596,10,10
40,-0.002759519498795271,0.0027350187301635742,10,10
41,-0.003739346284419298,0.0037393688689917326,10,10
42,-0.004689078778028488,0.004689109977334738,10,10
43,-0.005491722375154495,0.005491698160767555,10,10
44,-0.00720358407124877,0.007203578948974609,10,10
45,-0.0079245800152421,0.007924556732177734,10,10
46,-0.01026904582977295,0.01026904582977295,10,10
47,-0.012329493649303913,0.012329459190368652,10,10
48,-0.016374196857213974,0.01637418195605278,10,10
49,-0.02048105001449585,0.020481109619140625,10,10
50,-0.025423036888241768,0.025423049926757812,10,10
51,-0.03273194283246994,0.03273196145892143,10,10
52,-0.04121411591768265,0.04121410846710205,10,10
53,-0.04020242393016815,0.040202438831329346,10,10
54,-0.03944196552038193,0.03944194316864014,10,10
55,-0.037060126662254333,0.03706014156341553,10,10
56,-0.04229021444916725,0.04229027032852173,10,10
57,-0.042802151292562485,0.04124724864959717,10,10
58,-0.04273449257016182,0.042734526097774506,10,10
59,-0.042997073382139206,0.04299713298678398,10,10
60,-0.04329105466604233,0.043291110545396805,10,10
61,-0.04253464192152023,0.03905797004699707,10,10
62,-0.04298584163188934,0.0403461828827858,10,10
63,-0.038399290293455124,0.038399338722229004,10,10
64,-0.03861386701464653,0.038613855838775635,10,10
65,-0.04220663383603096,0.04220665618777275,10,10
0,0.03491806611418724,0.03491811081767082,0,10
1,0.029722897335886955,0.029722940176725388,0,10
2,0.025855883955955505,0.025855902582406998,0,10
3,0.021306244656443596,0.021306300535798073,0,10
4,0.017473295331001282,0.017473341897130013,0,10
5,0.014462392777204514,0.014462442137300968,0,10
6,0.011383762583136559,0.01138381939381361,0,10
7,0.00797039084136486,0.00797041691839695,0,10
8,0.007221930660307407,0.007221978157758713,0,10
9,0.005904095713049173,0.005904131568968296,0,10
10,0.004550311714410782,0.004550268407911062,0,10
11,0.0037368538323789835,0.0037369001656770706,0,10
12,0.0022270854096859694,0.0022270623594522476,0,10
13,0.0019420651951804757,0.00194212154019624,0,10
14,0.0011005222331732512,0.0011004677508026361,0,10
15,0.001546840532682836,0.0015468974597752094,0,10
16,0.0009656050824560225,0.0009656515903770924,0,10
17,0.0011683482443913817,0.001168372225947678,0,10
18,-3.672618913697079e-05,3.6716461181640625e-05,10,10
19,0.000533788581378758,0.0005337524344213307,0,10
20,0.0006892802193760872,0.0006893195095472038,0,10
21,-0.0003699078515637666,0.0003699064254760742,10,10
22,0.00011625342449406162,0.00011619748693192378,0,10
23,-0.00011840670049423352,0.00011837482452392578,10,10
24,-0.00015585384971927851,0.00015163421630859375,10,10
25,-0.00021217680478002876,0.00021219253540039062,10,10
26,-1.389281442243373e-05,1.3947486877441406e-05,10,10
27,3.8069840684329392e-06,3.815926902461797e-06,0,10
28,0.00037979354965500534,0.000379842211259529,0,10
29,-0.0001279358984902501,0.00012791156768798828,10,10
30,0.00034000774030573666,0.00034002354368567467,0,10
31,-0.00031356411636807024,0.0003135204315185547,10,10
32,-0.0009552771225571632,0.0009552240371704102,10,10
33,-0.0009186622337438166,0.0009186267852783203,10,10
34,-0.0010966805275529623,0.0010831356048583984,10,10
35,-0.0009432445513084531,0.0009061098098754883,10,10
36,-0.001701035420410335,0.0015848875045776367,10,10
37,-0.0015822669956833124,0.0015822649002075195,10,10
38,-0.0020574142690747976,0.0020574331283569336,10,10
39,-0.002038154983893037,0.002038121223449707,10,10
40,-0.002759519498795271,0.0027594901621341705,10,10
41,-0.003739346284419298,0.0037393569946289062,10,10
42,-0.004689078778028488,0.004689105786383152,10,10
43,-0.005491722375154495,0.005491733551025391,10,10
44,-0.00720358407124877,0.007203578948974609,10,10
45,-0.0079245800152421,0.007924600504338741,10,10
46,-0.01026904582977295,0.010269076563417912,10,10
47,-0.012329493649303913,0.012329459190368652,10,10
48,-0.016374196857213974,0.01637423038482666,10,10
49,-0.02048105001449585,0.020481109619140625,10,10
50,-0.025423036888241768,0.02542307786643505,10,10
51,-0.03273194283246994,0.03273189067840576,10,10
52,-0.04121411591768265,0.04121410846710205,10,10
53,-0.04020242393016815,0.04020237922668457,10,10
54,-0.03944196552038193,0.03944196179509163,10,10
55,-0.037060126662254333,0.03706014156341553,10,10
56,-0.04229021444916725,0.04229016229510307,10,10
57,-0.042802151292562485,0.036078572273254395,10,10
58,-0.04273449257016182,0.042734503746032715,10,10
59,-0.042997073382139206,0.041557908058166504,10,10
60,-0.04329105466604233,0.039899155497550964,10,10
61,-0.04253464192152023,0.03973233699798584,10,10
62,-0.04298584163188934,0.04202328249812126,10,10
63,-0.038399290293455124,0.038399286568164825,10,10
64,-0.03861386701464653,0.03861392289400101,10,10
65,-0.04220663383603096,0.04105420038104057,10,10
66,-0.0399179644882679,0.0399179682135582,10,10
0,0.03491806611418724,0.034918125718832016,0,10
1,0.029722897335886955,0.029722947627305984,0,10
2,0.025855883955955505,0.02585594169795513,0,10
3,0.021306244656443596,0.021306298673152924,0,10
4,0.017473295331001282,0.01747335121035576,0,10
5,0.014462392777204514,0.014462447725236416,0,10
6,0.011383762583136559,0.011383804492652416,0,10
7,0.00797039084136486,0.007970449514687061,0,10
8,0.007221930660307407,0.007221932522952557,0,10
9,0.005904095713049173,0.005904121790081263,0,10
10,0.004550311714410782,0.004550322890281677,0,10
11,0.0037368538323789835,0.003736905287951231,0,10
12,0.0022270854096859694,0.002196777146309614,0,10
13,0.0019420651951804757,0.0019420491298660636,0,10
14,0.0011005222331732512,0.00110050558578223,0,10
15,0.001546840532682836,0.0015468428609892726,0,10
16,0.0009656050824560225,0.0009655633475631475,0,10
17,0.0011683482443913817,0.0011218832805752754,0,10
18,-3.672618913697079e-05,3.6716461181640625e-05,10,10
19,0.000533788581378758,0.0005338217015378177,0,10
20,0.0006892802193760872,0.0006892695091664791,0,10
21,-0.0003699078515637666,0.0003534555435180664,10,10
22,0.00011625342449406162,0.00011623425962170586,0,10
23,-0.00011840670049423352,0.00011098384857177734,10,10
24,-0.00015585384971927851,0.00015281517698895186,10,10
25,-0.00021217680478002876,0.00019887900270987302,10,10
26,-1.389281442243373e-05,1.2874603271484375e-05,10,10
27,3.8069840684329392e-06,3.850243956549093e-06,0,10
28,0.00037979354965500534,0.00037976517342031,0,10
29,-0.0001279358984902501,0.0001279507705476135,10,10
30,0.00034000774030573666,0.00034003183827735484,0,10
31,-0.00031356411636807024,0.0003135204315185547,10,10
32,-0.0009552771225571632,0.0009552240371704102,10,10
33,-0.0009186622337438166,0.0009186267852783203,10,10
34,-0.0010966805275529623,0.0010967254638671875,10,10
35,-0.0009432445513084531,0.000943303108215332,10,10
36,-0.001701035420410335,0.0017010378651320934,10,10
37,-0.0015822669956833124,0.0015823101857677102,10,10
38,-0.0020574142690747976,0.0020574331283569336,10,10
39,-0.002038154983893037,0.002038121223449707,10,10
40,-0.002759519498795271,0.002759575843811035,10,10
41,-0.003739346284419298,0.0037393569946289062,10,10
42,-0.004689078778028488,0.004689104855060577,10,10
43,-0.005491722375154495,0.005491733551025391,10,10
44,-0.00720358407124877,0.0072036320343613625,10,10
45,-0.0079245800152421,0.007924556732177734,10,10
46,-0.01026904582977295,0.01026904582977295,10,10
47,-0.012329493649303913,0.012329459190368652,10,10
48,-0.016374196857213974,0.01637423038482666,10,10
49,-0.02048105001449585,0.020481109619140625,10,10
50,-0.025423036888241768,0.025423087179660797,10,10
51,-0.03273194283246994,0.030257701873779297,10,10
52,-0.04121411591768265,0.0339658260345459,10,10
53,-0.04020242393016815,0.040202368050813675,10,10
54,-0.03944196552038193,0.03944194316864014,10,10
55,-0.037060126662254333,0.03706013783812523,10,10
56,-0.04229021444916725,0.04229021072387695,10,10
57,-0.042802151292562485,0.04178309440612793,10,10
58,-0.04273449257016182,0.04273452237248421,10,10
59,-0.042997073382139206,0.04299703612923622,10,10
60,-0.04329105466604233,0.043291009962558746,10,10
61,-0.04253464192152023,0.042534589767456055,10,10
62,-0.04298584163188934,0.04298579692840576,10,10
63,-0.038399290293455124,0.038399338722229004,10,10
64,-0.03861386701464653,0.03861391544342041,10,10
65,-0.04220663383603096,0.03935202956199646,10,10
66,-0.0399179644882679,0.03953719139099121,10,10
67,-0.03605814650654793,0.03605818748474121,10,10
0,0.03491806611418724,0.03491812199354172,0,10
1,0.029722897335886955,0.029722947627305984,0,10
2,0.025855883955955505,0.02585594542324543,0,10
3,0.021306244656443596,0.021306300535798073,0,10
4,0.017473295331001282,0.017473336309194565,0,10
5,0.014462392777204514,0.014462451450526714,0,10
6,0.011383762583136559,0.011383813805878162,0,10
7,0.00797039084136486,0.007970444858074188,0,10
8,0.007221930660307407,0.007221966050565243,0,10
9,0.005904095713049173,0.005904105957597494,0,10
10,0.004550311714410782,0.004550366196781397,0,10
11,0.0037368538323789835,0.003736875718459487,0,10
12,0.0022270854096859694,0.002194357570260763,0,10
13,0.0019420651951804757,0.0019420897588133812,0,10
14,0.0011005222331732512,0.001100549940019846,0,10
15,0.001546840532682836,0.001546827144920826,0,10
16,0.0009656050824560225,0.0009656584588810802,0,10
17,0.0011683482443913817,0.0011683986522257328,0,10
18,-3.672618913697079e-05,3.6716461181640625e-05,10,10
19,0.000533788581378758,0.0005018212832510471,0,10
20,0.0006892802193760872,0.0006892908713780344,0,10
21,-0.0003699078515637666,0.0003699064254760742,10,10
22,0.00011625342449406162,0.00011625956540228799,0,10
23,-0.00011840670049423352,0.00011840870865853503,10,10
24,-0.00015585384971927851,0.0001558065414428711,10,10
25,-0.00021217680478002876,0.00021219253540039062,10,10
26,-1.389281442243373e-05,1.3947486877441406e-05,10,10
27,3.8069840684329392e-06,3.757843160201446e-06,0,10
28,0.00037979354965500534,0.0003528099332470447,0,10
29,-0.0001279358984902501,0.00012791156768798828,10,10
30,0.00034000774030573666,0.000339982274454087,0,10
31,-0.00031356411636807024,0.0003136217128485441,10,10
32,-0.0009552771225571632,0.0009552240371704102,10,10
33,-0.0009186622337438166,0.0009137392044067383,10,10
34,-0.0010966805275529623,0.0010967254638671875,10,10
35,-0.0009432445513084531,0.000943303108215332,10,10
36,-0.001701035420410335,0.0017009973526000977,10,10
37,-0.0015822669956833124,0.0015822649002075195,10,10
38,-0.0020574142690747976,0.0020574331283569336,10,10
39,-0.002038154983893037,0.002038121223449707,10,10
40,-0.002759519498795271,0.002759575843811035,10,10
41,-0.003739346284419298,0.003739326260983944,10,10
42,-0.004689078778028488,0.0046890974044799805,10,10
43,-0.005491722375154495,0.005491733551025391,10,10
44,-0.00720358407124877,0.007203614339232445,10,10
45,-0.0079245800152421,0.007924556732177734,10,10
46,-0.01026904582977295,0.01026904582977295,10,10
47,-0.012329493649303913,0.012329459190368652,10,10
48,-0.016374196857213974,0.01637423038482666,10,10
49,-0.02048105001449585,0.020481109619140625,10,10
50,-0.025423036888241768,0.025423089042305946,10,10
51,-0.03273194283246994,0.03273191303014755,10,10
52,-0.04121411591768265,0.04121410846710205,10,10
53,-0.04020242393016815,0.04020248353481293,10,10
54,-0.03944196552038193,0.03944194316864014,10,10
55,-0.037060126662254333,0.03706014156341553,10,10
56,-0.04229021444916725,0.041469573974609375,10,10
57,-0.042802151292562485,0.03843428194522858,10,10
58,-0.04273449257016182,0.04202661290764809,10,10
59,-0.042997073382139206,0.04224205017089844,10,10
60,-0.04329105466604233,0.04329109191894531,10,10
61,-0.04253464192152023,0.04253469780087471,10,10
62,-0.04298584163188934,0.042853981256484985,10,10
63,-0.038399290293455124,0.038399338722229004,10,10
64,-0.03861386701464653,0.03861390799283981,10,10
65,-0.04220663383603096,0.03806006908416748,10,10
66,-0.0399179644882679,0.03776276111602783,10,10
67,-0.03605814650654793,0.036058105528354645,10,10
68,-0.037869274616241455,0.03786933422088623,10,10
0,0.03491806611418724,0.034918107092380524,0,10
1,0.029722897335886955,0.029722929000854492,0,10
2,0.025855883955955505,0.02585591748356819,0,10
3,0.021306244656443596,0.02130628190934658,0,10
4,0.017473295331001282,0.01747334748506546,0,10
5,0.014462392777204514,0.01446244865655899,0,10
6,0.011383762583136559,0.011383803561329842,0,10
7,0.00797039084136486,0.00797040294855833,0,10
8,0.007221930660307407,0.007221966050565243,0,10
9,0.005904095713049173,0.00590413436293602,0,10
10,0.004550311714410782,0.004550282843410969,0,10
11,0.0037368538323789835,0.0037369125057011843,0,10
12,0.0022270854096859694,0.0022271370980888605,0,10
13,0.0019420651951804757,0.0019420842872932553,0,10
14,0.0011005222331732512,0.0011005603009834886,0,10
15,0.001546840532682836,0.0015468805795535445,0,10
16,0.0009656050824560225,0.0009655643370933831,0,10
17,0.0011683482443913817,0.0011683414923027158,0,10
18,-3.672618913697079e-05,3.6716461181640625e-05,10,10
19,0.000533788581378758,0.0005338072660379112,0,10
20,0.0006892802193760872,0.0006892960518598557,0,10
21,-0.0003699078515637666,0.00036990721127949655,10,10
22,0.00011625342449406162,0.00011626563355093822,0,10
23,-0.00011840670049423352,0.00011837482452392578,10,10
24,-0.00015585384971927851,0.0001558065414428711,10,10
25,-0.00021217680478002876,0.0002122189907822758,10,10
26,-1.389281442243373e-05,1.3947486877441406e-05,10,10
27,3.8069840684329392e-06,3.8601237974944524e-06,0,10
28,0.00037979354965500534,0.0003614339220803231,0,10
29,-0.0001279358984902501,0.00012791156768798828,10,10
30,0.00034000774030573666,0.0003400266286917031,0,10
31,-0.00031356411636807024,0.00031197071075439453,10,10
32,-0.0009552771225571632,0.0009552240371704102,10,10
33,-0.0009186622337438166,0.0009186777169816196,10,10
34,-0.0010966805275529623,0.0010966482805088162,10,10
35,-0.0009432445513084531,0.000943303108215332,10,10
36,-0.001701035420410335,0.0015915632247924805,10,10
37,-0.0015822669956833124,0.0015822649002075195,10,10
38,-0.0020574142690747976,0.0020574515219777822,10,10
39,-0.002038154983893037,0.0020171443466097116,10,10
40,-0.002759519498795271,0.002759575843811035,10,10
41,-0.003739346284419298,0.0037393569946289062,10,10
42,-0.004689078778028488,0.0046890974044799805,10,10
43,-0.005491722375154495,0.005491702351719141,10,10
44,-0.00720358407124877,0.007203578948974609,10,10
45,-0.0079245800152421,0.007924556732177734,10,10
46,-0.01026904582977295,0.010269089601933956,10,10
47,-0.012329493649303913,0.012329545803368092,10,10
48,-0.016374196857213974,0.01637423038482666,10,10
49,-0.02048105001449585,0.020481109619140625,10,10
50,-0.025423036888241768,0.025423049926757812,10,10
51,-0.03273194283246994,0.03273199498653412,10,10
52,-0.04121411591768265,0.04121410846710205,10,10
53,-0.04020242393016815,0.040202442556619644,10,10
54,-0.03944196552038193,0.039441969245672226,10,10
55,-0.037060126662254333,0.03706014156341553,10,10
56,-0.04229021444916725,0.038204073905944824,10,10
57,-0.042802151292562485,0.04171368479728699,10,10
58,-0.04273449257016182,0.042734526097774506,10,10
59,-0.042997073382139206,0.0394899845123291,10,10
60,-0.04329105466604233,0.04329109191894531,10,10
61,-0.04253464192152023,0.042534589767456055,10,10
62,-0.04298584163188934,0.042985863983631134,10,10
63,-0.038399290293455124,0.038399338722229004,10,10
64,-0.03861386701464653,0.03264882415533066,10,10
65,-0.04220663383603096,0.039319515228271484,10,10
66,-0.0399179644882679,0.03991793841123581,10,10
67,-0.03605814650654793,0.03605818748474121,10,10
68,-0.037869274616241455,0.03786933422088623,10,10
69,-0.04283712059259415,0.04283714294433594,10,10
0,0.03491806611418724,0.03491811454296112,0,10
1,0.029722897335886955,0.02972293645143509,0,10
2,0.025855883955955505,0.025855937972664833,0,10
3,0.021306244656443596,0.021306296810507774,0,10
4,0.017473295331001282,0.017473353073000908,0,10
5,0.014462392777204514,0.014462442137300968,0,10
6,0.011383762583136559,0.011383797973394394,0,10
7,0.00797039084136486,0.007970444858074188,0,10
8,0.007221930660307407,0.007221972569823265,0,10
9,0.005904095713049173,0.005904133897274733,0,10
10,0.004550311714410782,0.004550275858491659,0,10
11,0.0037368538323789835,0.003736827988177538,0,10
12,0.0022270854096859694,0.002227037213742733,0,10
13,0.0019420651951804757,0.001942101283930242,0,10
14,0.0011005222331732512,0.0011005140841007233,0,10
15,0.001546840532682836,0.0015468630008399487,0,10
16,0.0009656050824560225,0.0009656113106757402,0,10
17,0.0011683482443913817,0.0011683531338348985,0,10
18,-3.672618913697079e-05,3.6716461181640625e-05,10,10
19,0.000533788581378758,0.0005338123301044106,0,10
20,0.0006892802193760872,0.0006892975070513785,0,10
21,-0.0003699078515637666,0.0003699064254760742,10,10
22,0.00011625342449406162,0.00011624579929048195,0,10
23,-0.00011840670049423352,0.00011845058907056227,10,10
24,-0.00015585384971927851,0.00014293193817138672,10,10
25,-0.00021217680478002876,0.00021219253540039062,10,10
26,-1.389281442243373e-05,1.3947486877441406e-05,10,10
27,3.8069840684329392e-06,3.814981482719304e-06,0,10
28,0.00037979354965500534,0.0003797692770604044,0,10
29,-0.0001279358984902501,0.00012797628005500883,10,10
30,0.00034000774030573666,0.0003399859997443855,0,10
31,-0.00031356411636807024,0.00031358859268948436,10,10
32,-0.0009552771225571632,0.0009552240371704102,10,10
33,-0.0009186622337438166,0.0009186267852783203,10,10
34,-0.0010966805275529623,0.0010967254638671875,10,10
35,-0.0009432445513084531,0.000943303108215332,10,10
36,-0.001701035420410335,0.0017009973526000977,10,10
37,-0.0015822669956833124,0.0015822649002075195,10,10
38,-0.0020574142690747976,0.0020574331283569336,10,10
39,-0.002038154983893037,0.0020382008515298367,10,10
40,-0.002759519498795271,0.002759575843811035,10,10
41,-0.003739346284419298,0.003739380743354559,10,10
42,-0.004689078778028488,0.0046890974044799805,10,10
43,-0.005491722375154495,0.005491733551025391,10,10
44,-0.00720358407124877,0.007203578948974609,10,10
45,-0.0079245800152421,0.007654210552573204,10,10
46,-0.01026904582977295,0.01026904582977295,10,10
47,-0.012329493649303913,0.01232951506972313,10,10
48,-0.016374196857213974,0.016374245285987854,10,10
49,-0.02048105001449585,0.020481109619140625,10,10
50,-0.025423036888241768,0.02476269192993641,10,10
51,-0.03273194283246994,0.03273189067840576,10,10
52,-0.04121411591768265,0.04121410846710205,10,10
53,-0.04020242393016815,0.03385424613952637,10,10
54,-0.03944196552038193,0.03944194316864014,10,10
55,-0.037060126662254333,0.03706014156341553,10,10
56,-0.04229021444916725,0.04229022189974785,10,10
57,-0.042802151292562485,0.04138459265232086,10,10
58,-0.04273449257016182,0.042734503746032715,10,10
59,-0.042997073382139206,0.042997125536203384,10,10
60,-0.04329105466604233,0.03968954086303711,10,10
61,-0.04253464192152023,0.04253469407558441,10,10
62,-0.04298584163188934,0.03824436664581299,10,10
63,-0.038399290293455124,0.038399338722229004,10,10
64,-0.03861386701464653,0.03861387073993683,10,10
65,-0.04220663383603096,0.040903616696596146,10,10
66,-0.0399179644882679,0.039917945861816406,10,10
67,-0.03605814650654793,0.034716248512268066,10,10
68,-0.037869274616241455,0.03786928951740265,10,10
69,-0.04283712059259415,0.040975604206323624,10,10
70,-0.041979022324085236,0.04197906702756882,10,10
0,0.03491806611418724,0.034918125718832016,0,10
1,0.029722897335886955,0.02972295507788658,0,10
2,0.025855883955955505,0.025855936110019684,0,10
3,0.021306244656443596,0.021306291222572327,0,10
4,0.017473295331001282,0.017473338171839714,0,10
5,0.014462392777204514,0.01446245051920414,0,10
6,0.011383762583136559,0.011383822187781334,0,10
7,0.00797039084136486,0.007970420643687248,0,10
8,0.007221930660307407,0.007221900392323732,0,10
9,0.005904095713049173,0.0059041352942585945,0,10
10,0.004550311714410782,0.004550340119749308,0,10
11,0.0037368538323789835,0.0037369015626609325,0,10
12,0.0022270854096859694,0.0022271289490163326,0,10
13,0.0019420651951804757,0.0019420626340433955,0,10
14,0.0011005222331732512,0.0011005529668182135,0,10
15,0.001546840532682836,0.0015468895435333252,0,10
16,0.0009656050824560225,0.000965607410762459,0,10
17,0.0011683482443913817,0.0011683927150443196,0,10
18,-3.672618913697079e-05,3.6716461181640625e-05,10,10
19,0.000533788581378758,0.0005337918410077691,0,10
20,0.0006892802193760872,0.0006363615393638611,0,10
21,-0.0003699078515637666,0.0003699064254760742,10,10
22,0.00011625342449406162,0.00011539101978996769,0,10
23,-0.00011840670049423352,0.00011837482452392578,10,10
24,-0.00015585384971927851,0.0001558065414428711,10,10
25,-0.00021217680478002876,0.00021219253540039062,10,10
26,-1.389281442243373e-05,1.3947486877441406e-05,10,10
27,3.8069840684329392e-06,3.853313501167577e-06,0,10
28,0.00037979354965500534,0.0003797811805270612,0,10
29,-0.0001279358984902501,0.00012731552124023438,10,10
30,0.00034000774030573666,0.0003400194982532412,0,10
31,-0.00031356411636807024,0.0003135204315185547,10,10
32,-0.0009552771225571632,0.000955277297180146,10,10
33,-0.0009186622337438166,0.0009186267852783203,10,10
34,-0.0010966805275529623,0.0010967254638671875,10,10
35,-0.0009432445513084531,0.0009432954830117524,10,10
36,-0.001701035420410335,0.001701083150692284,10,10
37,-0.0015822669956833124,0.0015822649002075195,10,10
38,-0.0020574142690747976,0.0020574331283569336,10,10
39,-0.002038154983893037,0.0020381230860948563,10,10
40,-0.002759519498795271,0.002759493887424469,10,10
41,-0.003739346284419298,0.0037393569946289062,10,10
42,-0.004689078778028488,0.0046890974044799805,10,10
43,-0.005491722375154495,0.005491733551025391,10,10
44,-0.00720358407124877,0.007203621324151754,10,10
45,-0.0079245800152421,0.007924556732177734,10,10
46,-0.01026904582977295,0.010269029065966606,10,10
47,-0.012329493649303913,0.012329459190368652,10,10
48,-0.016374196857213974,0.01637423038482666,10,10
49,-0.02048105001449585,0.020481063053011894,10,10
50,-0.025423036888241768,0.025423089042305946,10,10
51,-0.03273194283246994,0.03273190185427666,10,10
52,-0.04121411591768265,0.04121410846710205,10,10
53,-0.04020242393016815,0.04020237922668457,10,10
54,-0.03944196552038193,0.03885634243488312,10,10
55,-0.037060126662254333,0.03459310531616211,10,10
56,-0.04229021444916725,0.04229019209742546,10,10
57,-0.042802151292562485,0.04134688898921013,10,10
58,-0.04273449257016182,0.042734544724226,10,10
59,-0.042997073382139206,0.042997121810913086,10,10
60,-0.04329105466604233,0.03968632221221924,10,10
61,-0.04253464192152023,0.03997766971588135,10,10
62,-0.04298584163188934,0.041287899017333984,10,10
63,-0.038399290293455124,0.03839925304055214,10,10
64,-0.03861386701464653,0.03806734085083008,10,10
65,-0.04220663383603096,0.03979918360710144,10,10
66,-0.0399179644882679,0.039917945861816406,10,10
67,-0.03605814650654793,0.03605818748474121,10,10
68,-0.037869274616241455,0.037869300693273544,10,10
69,-0.04283712059259415,0.03901481628417969,10,10
70,-0.041979022324085236,0.0406724289059639,10,10
71,-0.04166730120778084,0.04166734218597412,10,10
0,0.03491806611418724,0.03491811826825142,0,10
1,0.029722897335886955,0.02972295507788658,0,10
2,0.025855883955955505,0.025855902582406998,0,10
3,0.021306244656443596,0.021306289359927177,0,10
4,0.017473295331001282,0.017473336309194565,0,10
5,0.014462392777204514,0.01446245051920414,0,10
6,0.011383762583136559,0.01138380728662014,0,10
7,0.00797039084136486,0.007970426231622696,0,10
8,0.007221930660307407,0.007221971172839403,0,10
9,0.005904095713049173,0.005904112011194229,0,10
10,0.004550311714410782,0.0045502749271690845,0,10
11,0.0037368538323789835,0.00373679562471807,0,10
12,0.0022270854096859694,0.002227089134976268,0,10
13,0.0019420651951804757,0.0019420877797529101,0,10
14,0.0011005222331732512,0.0011004976695403457,0,10
15,0.001546840532682836,0.0015467846533283591,0,10
16,0.0009656050824560225,0.0009656259207986295,0,10
17,0.0011683482443913817,0.0011683021439239383,0,10
18,-3.672618913697079e-05,3.6716461181640625e-05,10,10
19,0.000533788581378758,0.0005337478360161185,0,10
20,0.0006892802193760872,0.0006892892997711897,0,10
21,-0.0003699078515637666,0.0003699064254760742,10,10
22,0.00011625342449406162,0.00011620793520705774,0,10
23,-0.00011840670049423352,0.00011839318176498637,10,10
24,-0.00015585384971927851,0.00015584990615025163,10,10
25,-0.00021217680478002876,0.00021221900533419102,10,10
26,-1.389281442243373e-05,1.3947486877441406e-05,10,10
27,3.8069840684329392e-06,3.7689794680773048e-06,0,10
28,0.00037979354965500534,0.0003797671233769506,0,10
29,-0.0001279358984902501,0.00012791156768798828,10,10
30,0.00034000774030573666,0.0003400289861019701,0,10
31,-0.00031356411636807024,0.0003135736333206296,10,10
32,-0.0009552771225571632,0.0009553242125548422,10,10
33,-0.0009186622337438166,0.0009186267852783203,10,10
34,-0.0010966805275529623,0.0010967254638671875,10,10
35,-0.0009432445513084531,0.000943303108215332,10,10
36,-0.001701035420410335,0.0017010419396683574,10,10
37,-0.0015822669956833124,0.0015822649002075195,10,10
38,-0.0020574142690747976,0.0020574331283569336,10,10
39,-0.002038154983893037,0.00203817430883646,10,10
40,-0.002759519498795271,0.002759575843811035,10,10
41,-0.003739346284419298,0.003378224093466997,10,10
42,-0.004689078778028488,0.004570960998535156,10,10
43,-0.005491722375154495,0.005491733551025391,10,10
44,-0.00720358407124877,0.007087509147822857,10,10
45,-0.0079245800152421,0.007924556732177734,10,10
46,-0.01026904582977295,0.009800553321838379,10,10
47,-0.012329493649303913,0.012329459190368652,10,10
48,-0.016374196857213974,0.01637423038482666,10,10
49,-0.02048105001449585,0.01903247833251953,10,10
50,-0.025423036888241768,0.025423087179660797,10,10
51,-0.03273194283246994,0.03273189067840576,10,10
52,-0.04121411591768265,0.04121410846710205,10,10
53,-0.04020242393016815,0.0401899553835392,10,10
54,-0.03944196552038193,0.03944191709160805,10,10
55,-0.037060126662254333,0.03706016018986702,10,10
56,-0.04229021444916725,0.042290255427360535,10,10
57,-0.042802151292562485,0.04280214384198189,10,10
58,-0.04273449257016182,0.042734481394290924,10,10
59,-0.042997073382139206,0.04299711808562279,10,10
60,-0.04329105466604233,0.039281487464904785,10,10
61,-0.04253464192152023,0.042534589767456055,10,10
62,-0.04298584163188934,0.04298579692840576,10,10
63,-0.038399290293455124,0.03839933127164841,10,10
64,-0.03861386701464653,0.03861389681696892,10,10
65,-0.04220663383603096,0.04220664128661156,10,10
66,-0.0399179644882679,0.038408953696489334,10,10
67,-0.03605814650654793,0.034652337431907654,10,10
68,-0.037869274616241455,0.03786924481391907,10,10
69,-0.04283712059259415,0.04145407676696777,10,10
70,-0.041979022324085236,0.03891599178314209,10,10
71,-0.04166730120778084,0.03384990245103836,10,10
72,-0.03691021353006363,0.03691019117832184,10,10
0,0.03491806611418724,0.034918107092380524,0,10
1,0.029722897335886955,0.02972295694053173,0,10
2,0.025855883955955505,0.025855936110019684,0,10
3,0.021306244656443596,0.021306287497282028,0,10
4,0.017473295331001282,0.017473353073000908,0,10
5,0.014462392777204514,0.01446243841201067,0,10
6,0.011383762583136559,0.01138380728662014,0,10
7,0.00797039084136486,0.007970432750880718,0,10
8,0.007221930660307407,0.007221945561468601,0,10
9,0.005904095713049173,0.005904128775000572,0,10
10,0.004550311714410782,0.004550326149910688,0,10
11,0.0037368538323789835,0.003736828686669469,0,10
12,0.0022270854096859694,0.0022270793560892344,0,10
13,0.0019420651951804757,0.0019421030301600695,0,10
14,0.0011005222331732512,0.0011005605338141322,0,10
15,0.001546840532682836,0.0015410633059218526,0,10
16,0.0009656050824560225,0.0009656080510467291,0,10
17,0.0011683482443913817,0.00116835068911314,0,10
18,-3.672618913697079e-05,3.6716461181640625e-05,10,10
19,0.000533788581378758,0.0005338115734048188,0,10
20,0.0006892802193760872,0.0006893214304000139,0,10
21,-0.0003699078515637666,0.0003699064254760742,10,10
22,0.00011625342449406162,0.00011628200445557013,0,10
23,-0.00011840670049423352,0.00011837482452392578,10,10
24,-0.00015585384971927851,0.00015585043001919985,10,10
25,-0.00021217680478002876,0.00021219253540039062,10,10
26,-1.389281442243373e-05,1.3951065739092883e-05,10,10
27,3.8069840684329392e-06,3.7766158129670657e-06,0,10
28,0.00037979354965500534,0.00037983874790370464,0,10
29,-0.0001279358984902501,0.00012791156768798828,10,10
30,0.00034000774030573666,0.00034003841574303806,0,10
31,-0.00031356411636807024,0.0003136201703455299,10,10
32,-0.0009552771225571632,0.0009552240371704102,10,10
33,-0.0009186622337438166,0.000918719859328121,10,10
34,-0.0010966805275529623,0.0010967254638671875,10,10
35,-0.0009432445513084531,0.000943303108215332,10,10
36,-0.001701035420410335,0.0017010392621159554,10,10
37,-0.0015822669956833124,0.0015822649002075195,10,10
38,-0.0020574142690747976,0.0020574331283569336,10,10
39,-0.002038154983893037,0.002038121223449707,10,10
40,-0.002759519498795271,0.002759461523965001,10,10
41,-0.003739346284419298,0.0037393569946289062,10,10
42,-0.004689078778028488,0.004689126741141081,10,10
43,-0.005491722375154495,0.005491766147315502,10,10
44,-0.00720358407124877,0.007203578948974609,10,10
45,-0.0079245800152421,0.00777888298034668,10,10
46,-0.01026904582977295,0.01026904582977295,10,10
47,-0.012329493649303913,0.012329459190368652,10,10
48,-0.016374196857213974,0.01637423038482666,10,10
49,-0.02048105001449585,0.020481109619140625,10,10
50,-0.025423036888241768,0.025423049926757812,10,10
51,-0.03273194283246994,0.032731927931308746,10,10
52,-0.04121411591768265,0.04121410846710205,10,10
53,-0.04020242393016815,0.04020237922668457,10,10
54,-0.03944196552038193,0.03944198414683342,10,10
55,-0.037060126662254333,0.03706014156341553,10,10
56,-0.04229021444916725,0.041802406311035156,10,10
57,-0.042802151292562485,0.03855276107788086,10,10
58,-0.04273449257016182,0.03962637111544609,10,10
59,-0.042997073382139206,0.03914189338684082,10,10
60,-0.04329105466604233,0.04329100251197815,10,10
61,-0.04253464192152023,0.04094646871089935,10,10
62,-0.04298584163188934,0.03855001926422119,10,10
63,-0.038399290293455124,0.038399338722229004,10,10
64,-0.03861386701464653,0.03861391544342041,10,10
65,-0.04220663383603096,0.04070925712585449,10,10
66,-0.0399179644882679,0.039917945861816406,10,10
67,-0.03605814650654793,0.03605818748474121,10,10
68,-0.037869274616241455,0.03786933422088623,10,10
69,-0.04283712059259415,0.042837079614400864,10,10
70,-0.041979022324085236,0.040034081786870956,10,10
71,-0.04166730120778084,0.037002094089984894,10,10
72,-0.03691021353006363,0.03612196445465088,10,10
73,-0.03697710856795311,0.03697705268859863,10,10
0,0.03491806611418724,0.03491809591650963,0,10
1,0.029722897335886955,0.029722953215241432,0,10
2,0.025855883955955505,0.025855930522084236,0,10
3,0.021306244656443596,0.021306289359927177,0,10
4,0.017473295331001282,0.017473336309194565,0,10
5,0.014462392777204514,0.014462423510849476,0,10
6,0.011383762583136559,0.011383799836039543,0,10
7,0.00797039084136486,0.007970440201461315,0,10
8,0.007221930660307407,0.00722198560833931,0,10
9,0.005904095713049173,0.005904051475226879,0,10
10,0.004550311714410782,0.0045502870343625546,0,10
11,0.0037368538323789835,0.003736889688298106,0,10
12,0.0022270854096859694,0.0021861812565475702,0,10
13,0.0019420651951804757,0.0019420927856117487,0,10
14,0.0011005222331732512,0.0011005430715158582,0,10
15,0.001546840532682836,0.0015468563651666045,0,10
16,0.0009656050824560225,0.0009655923349782825,0,10
17,0.0011683482443913817,0.0011683357879519463,0,10
18,-3.672618913697079e-05,3.6784033000003546e-05,10,10
19,0.000533788581378758,0.0005338405026122928,0,10
20,0.0006892802193760872,0.0006892685196362436,0,10
21,-0.0003699078515637666,0.00036985179758630693,10,10
22,0.00011625342449406162,0.00011627429921645671,0,10
23,-0.00011840670049423352,0.0001184105349238962,10,10
24,-0.00015585384971927851,0.0001558733347337693,10,10
25,-0.00021217680478002876,0.00021219253540039062,10,10
26,-1.389281442243373e-05,1.3947486877441406e-05,10,10
27,3.8069840684329392e-06,3.773949401875143e-06,0,10
28,0.00037979354965500534,0.0003798031248152256,0,10
29,-0.0001279358984902501,0.00012798536045011133,10,10
30,0.00034000774030573666,0.000340010185027495,0,10
31,-0.00031356411636807024,0.00031352107180282474,10,10
32,-0.0009552771225571632,0.0009552240371704102,10,10
33,-0.0009186622337438166,0.0009186267852783203,10,10
34,-0.0010966805275529623,0.0010967254638671875,10,10
35,-0.0009432445513084531,0.000943303108215332,10,10
36,-0.001701035420410335,0.0017009973526000977,10,10
37,-0.0015822669956833124,0.0015822649002075195,10,10
38,-0.0020574142690747976,0.0020574331283569336,10,10
39,-0.002038154983893037,0.001961939502507448,10,10
40,-0.002759519498795271,0.002759575843811035,10,10
41,-0.003739346284419298,0.0037394012324512005,10,10
42,-0.004689078778028488,0.0046890974044799805,10,10
43,-0.005491722375154495,0.005491733551025391,10,10
44,-0.00720358407124877,0.007203578948974609,10,10
45,-0.0079245800152421,0.007924556732177734,10,10
46,-0.01026904582977295,0.00988839939236641,10,10
47,-0.012329493649303913,0.012329459190368652,10,10
48,-0.016374196857213974,0.01637423038482666,10,10
49,-0.02048105001449585,0.020481109619140625,10,10
50,-0.025423036888241768,0.025423049926757812,10,10
51,-0.03273194283246994,0.03273189067840576,10,10
52,-0.04121411591768265,0.04121410846710205,10,10
53,-0.04020242393016815,0.04020237922668457,10,10
54,-0.03944196552038193,0.03944194316864014,10,10
55,-0.037060126662254333,0.03706014156341553,10,10
56,-0.04229021444916725,0.04229019582271576,10,10
57,-0.042802151292562485,0.04280214011669159,10,10
58,-0.04273449257016182,0.04185450077056885,10,10
59,-0.042997073382139206,0.0389326810836792,10,10
60,-0.04329105466604233,0.03882123902440071,10,10
61,-0.04253464192152023,0.04164278507232666,10,10
62,-0.04298584163188934,0.042985860258340836,10,10
63,-0.038399290293455124,0.038399338722229004,10,10
64,-0.03861386701464653,0.03861391544342041,10,10
65,-0.04220663383603096,0.042206622660160065,10,10
66,-0.0399179644882679,0.03592194989323616,10,10
67,-0.03605814650654793,0.036058150231838226,10,10
68,-0.037869274616241455,0.03786933422088623,10,10
69,-0.04283712059259415,0.04038288816809654,10,10
70,-0.041979022324085236,0.04197898134589195,10,10
71,-0.04166730120778084,0.03929181024432182,10,10
72,-0.03691021353006363,0.03691019117832184,10,10
73,-0.03697710856795311,0.03697705641388893,10,10
74,-0.04257948696613312,0.0425795316696167,10,10
0,0.03491806611418724,0.03491809591650963,0,10
1,0.029722897335886955,0.02972295694053173,0,10
2,0.025855883955955505,0.025855926796793938,0,10
3,0.021306244656443596,0.021306298673152924,0,10
4,0.017473295331001282,0.017473317682743073,0,10
5,0.014462392777204514,0.014462449587881565,0,10
6,0.011383762583136559,0.011383816599845886,0,10
7,0.00797039084136486,0.00797043927013874,0,10
8,0.007221930660307407,0.0072219655849039555,0,10
9,0.005904095713049173,0.005904059857130051,0,10
10,0.004550311714410782,0.004550280049443245,0,10
11,0.0037368538323789835,0.003736842190846801,0,10
12,0.0022270854096859694,0.0022271284833550453,0,10
13,0.0019420651951804757,0.0019150226144120097,0,10
14,0.0011005222331732512,0.001100554596632719,0,10
15,0.001546840532682836,0.0015468142228201032,0,10
16,0.0009656050824560225,0.0009655806934460998,0,10
17,0.0011683482443913817,0.0011683710617944598,0,10
18,-3.672618913697079e-05,3.6766359698958695e-05,10,10
19,0.000533788581378758,0.00053377979202196,0,10
20,0.0006892802193760872,0.0006892361561767757,0,10
21,-0.0003699078515637666,0.0003603696823120117,10,10
22,0.00011625342449406162,0.00011621824523899704,0,10
23,-0.00011840670049423352,0.00011837618512799963,10,10
24,-0.00015585384971927851,0.0001558065414428711,10,10
25,-0.00021217680478002876,0.00021219253540039062,10,10
26,-1.389281442243373e-05,1.3917561773268972e-05,10,10
27,3.8069840684329392e-06,3.854601345665287e-06,0,10
28,0.00037979354965500534,0.00037976293242536485,0,10
29,-0.0001279358984902501,0.00012794362555723637,10,10
30,0.00034000774030573666,0.00032949200249277055,0,10
31,-0.00031356411636807024,0.0003135991282761097,10,10
32,-0.0009552771225571632,0.0009552648407407105,10,10
33,-0.0009186622337438166,0.0009186267852783203,10,10
34,-0.0010966805275529623,0.0010966596892103553,10,10
35,-0.0009432445513084531,0.000943303108215332,10,10
36,-0.001701035420410335,0.0017009973526000977,10,10
37,-0.0015822669956833124,0.0015822649002075195,10,10
38,-0.0020574142690747976,0.0020574331283569336,10,10
39,-0.002038154983893037,0.0020381829235702753,10,10
40,-0.002759519498795271,0.002759575843811035,10,10
41,-0.003739346284419298,0.003739404259249568,10,10
42,-0.004689078778028488,0.004689118824899197,10,10
43,-0.005491722375154495,0.005491763353347778,10,10
44,-0.00720358407124877,0.007203578948974609,10,10
45,-0.0079245800152421,0.007924609817564487,10,10
46,-0.01026904582977295,0.01026904582977295,10,10
47,-0.012329493649303913,0.012329459190368652,10,10
48,-0.016374196857213974,0.01637423038482666,10,10
49,-0.02048105001449585,0.020481109619140625,10,10
50,-0.025423036888241768,0.025423049926757812,10,10
51,-0.03273194283246994,0.032731909304857254,10,10
52,-0.04121411591768265,0.04121410846710205,10,10
53,-0.04020242393016815,0.04020237922668457,10,10
54,-0.03944196552038193,0.03944194316864014,10,10
55,-0.037060126662254333,0.03706014156341553,10,10
56,-0.04229021444916725,0.0410362146794796,10,10
57,-0.042802151292562485,0.039023447781801224,10,10
58,-0.04273449257016182,0.04269241541624069,10,10
59,-0.042997073382139206,0.037925004959106445,10,10
60,-0.04329105466604233,0.04120961204171181,10,10
61,-0.04253464192152023,0.042534589767456055,10,10
62,-0.04298584163188934,0.04298589006066322,10,10
63,-0.038399290293455124,0.038399312645196915,10,10
64,-0.03861386701464653,0.03861391544342041,10,10
65,-0.04220663383603096,0.04220663011074066,10,10
66,-0.0399179644882679,0.039917945861816406,10,10
67,-0.03605814650654793,0.03523173928260803,10,10
68,-0.037869274616241455,0.03786933422088623,10,10
69,-0.04283712059259415,0.041631221771240234,10,10
70,-0.041979022324085236,0.03902745246887207,10,10
71,-0.04166730120778084,0.04166734218597412,10,10
72,-0.03691021353006363,0.036910176277160645,10,10
73,-0.03697710856795311,0.036977142095565796,10,10
74,-0.04257948696613312,0.04257950931787491,10,10
75,-0.03686562553048134,0.036865659058094025,10,10
0,0.03491806611418724,0.034918107092380524,0,10
1,0.029722897335886955,0.02972293086349964,0,10
2,0.025855883955955505,0.025855937972664833,0,10
3,0.021306244656443596,0.021306291222572327,0,10
4,0.017473295331001282,0.01747334562242031,0,10
5,0.014462392777204514,0.014462432824075222,0,10
6,0.011383762583136559,0.011383816599845886,0,10
7,0.00797039084136486,0.007970446720719337,0,10
8,0.007221930660307407,0.007221936248242855,0,10
9,0.005904095713049173,0.005904118064790964,0,10
10,0.004550311714410782,0.004550308454781771,0,10
11,0.0037368538323789835,0.0037368566263467073,0,10
12,0.0022270854096859694,0.0022270551417022943,0,10
13,0.0019420651951804757,0.0019421136239543557,0,10
14,0.0011005222331732512,0.0010198585223406553,0,10
15,0.001546840532682836,0.0015468380879610777,0,10
16,0.0009656050824560225,0.0009656079346314073,0,10
17,0.0011683482443913817,0.0011682925978675485,0,10
18,-3.672618913697079e-05,3.6716461181640625e-05,10,10
19,0.000533788581378758,0.0005338054616004229,0,10
20,0.0006892802193760872,0.0006893355748616159,0,10
21,-0.0003699078515637666,0.0003699064254760742,10,10
22,0.00011625342449406162,0.00011627047206275165,0,10
23,-0.00011840670049423352,0.00011837482452392578,10,10
24,-0.00015585384971927851,0.0001558065414428711,10,10
25,-0.00021217680478002876,0.00021219253540039062,10,10
26,-1.389281442243373e-05,1.3866889275959693e-05,10,10
27,3.8069840684329392e-06,3.777938445637119e-06,0,10
28,0.00037979354965500534,0.0003797578683588654,0,10
29,-0.0001279358984902501,0.00012791156768798828,10,10
30,0.00034000774030573666,0.00034001460880972445,0,10
31,-0.00031356411636807024,0.00031354965176433325,10,10
32,-0.0009552771225571632,0.0009552240371704102,10,10
33,-0.0009186622337438166,0.0009186267852783203,10,10
34,-0.0010966805275529623,0.0010967254638671875,10,10
35,-0.0009432445513084531,0.000943303108215332,10,10
36,-0.001701035420410335,0.0017009973526000977,10,10
37,-0.0015822669956833124,0.00158230634406209,10,10
38,-0.0020574142690747976,0.0020574331283569336,10,10
39,-0.002038154983893037,0.002038148697465658,10,10
40,-0.002759519498795271,0.002759556984528899,10,10
41,-0.003739346284419298,0.003739374689757824,10,10
42,-0.004689078778028488,0.0046890489757061005,10,10
43,-0.005491722375154495,0.005491733551025391,10,10
44,-0.00720358407124877,0.007203578948974609,10,10
45,-0.0079245800152421,0.007924556732177734,10,10
46,-0.01026904582977295,0.01026904582977295,10,10
47,-0.012329493649303913,0.012329459190368652,10,10
48,-0.016374196857213974,0.01637423038482666,10,10
49,-0.02048105001449585,0.019441843032836914,10,10
50,-0.025423036888241768,0.025423049926757812,10,10
51,-0.03273194283246994,0.03273189067840576,10,10
52,-0.04121411591768265,0.04121410846710205,10,10
53,-0.04020242393016815,0.04020237922668457,10,10
54,-0.03944196552038193,0.03944194316864014,10,10
55,-0.037060126662254333,0.03706014156341553,10,10
56,-0.04229021444916725,0.04137372970581055,10,10
57,-0.042802151292562485,0.037482257932424545,10,10
58,-0.04273449257016182,0.04259515553712845,10,10
59,-0.042997073382139206,0.041254281997680664,10,10
60,-0.04329105466604233,0.04329110309481621,10,10
61,-0.04253464192152023,0.0410006046295166,10,10
62,-0.04298584163188934,0.04298589751124382,10,10
63,-0.038399290293455124,0.038399338722229004,10,10
64,-0.03861386701464653,0.03861391544342041,10,10
65,-0.04220663383603096,0.03936748579144478,10,10
66,-0.0399179644882679,0.039917945861816406,10,10
67,-0.03605814650654793,0.03605818748474121,10,10
68,-0.037869274616241455,0.03786933422088623,10,10
69,-0.04283712059259415,0.042621199041604996,10,10
70,-0.041979022324085236,0.041978999972343445,10,10
71,-0.04166730120778084,0.04066729545593262,10,10
72,-0.03691021353006363,0.03691021353006363,10,10
73,-0.03697710856795311,0.03265230730175972,10,10
74,-0.04257948696613312,0.04257954657077789,10,10
75,-0.03686562553048134,0.03686559200286865,10,10
76,-0.04259098693728447,0.042590994387865067,10,10
0,0.03491806611418724,0.03491811454296112,0,10
1,0.029722897335886955,0.029722923412919044,0,10
2,0.025855883955955505,0.025855939835309982,0,10
3,0.021306244656443596,0.021306293085217476,0,10
4,0.017473295331001282,0.017473353073000908,0,10
5,0.014462392777204514,0.014462415128946304,0,10
6,0.011383762583136559,0.011383813805878162,0,10
7,0.00797039084136486,0.007970437407493591,0,10
8,0.007221930660307407,0.0072219278663396835,0,10
9,0.005904095713049173,0.005904095247387886,0,10
10,0.004550311714410782,0.004550365265458822,0,10
11,0.0037368538323789835,0.0037368019111454487,0,10
12,0.0022270854096859694,0.0022270914632827044,0,10
13,0.0019420651951804757,0.0019420571625232697,0,10
14,0.0011005222331732512,0.001100497436709702,0,10
15,0.001546840532682836,0.0015468167839571834,0,10
16,0.0009656050824560225,0.0009656384936533868,0,10
17,0.0011683482443913817,0.0011683980701491237,0,10
18,-3.672618913697079e-05,3.6716461181640625e-05,10,10
19,0.000533788581378758,0.0005338092450983822,0,10
20,0.0006892802193760872,0.0006893203244544566,0,10
21,-0.0003699078515637666,0.0003699064254760742,10,10
22,0.00011625342449406162,0.00011629437358351424,0,10
23,-0.00011840670049423352,0.00011837482452392578,10,10
24,-0.00015585384971927851,0.0001558065414428711,10,10
25,-0.00021217680478002876,0.00021219253540039062,10,10
26,-1.389281442243373e-05,1.3947486877441406e-05,10,10
27,3.8069840684329392e-06,3.788384447034332e-06,0,10
28,0.00037979354965500534,0.00037980027263984084,0,10
29,-0.0001279358984902501,0.00012798127136193216,10,10
30,0.00034000774030573666,0.00034002188476733863,0,10
31,-0.00031356411636807024,0.0003135875449515879,10,10
32,-0.0009552771225571632,0.0009552682749927044,10,10
33,-0.0009186622337438166,0.0009186267852783203,10,10
34,-0.0010966805275529623,0.0010355710983276367,10,10
35,-0.0009432445513084531,0.000943303108215332,10,10
36,-0.001701035420410335,0.0017009973526000977,10,10
37,-0.0015822669956833124,0.0015822649002075195,10,10
38,-0.0020574142690747976,0.002057455014437437,10,10
39,-0.002038154983893037,0.002038121223449707,10,10
40,-0.002759519498795271,0.002759575843811035,10,10
41,-0.003739346284419298,0.0037393569946289062,10,10
42,-0.004689078778028488,0.004689130932092667,10,10
43,-0.005491722375154495,0.005491733551025391,10,10
44,-0.00720358407124877,0.007203578948974609,10,10
45,-0.0079245800152421,0.007596492767333984,10,10
46,-0.01026904582977295,0.01026904582977295,10,10
47,-0.012329493649303913,0.012329459190368652,10,10
48,-0.016374196857213974,0.01637423038482666,10,10
49,-0.02048105001449585,0.020481109619140625,10,10
50,-0.025423036888241768,0.02542302757501602,10,10
51,-0.03273194283246994,0.03273189067840576,10,10
52,-0.04121411591768265,0.04121408984065056,10,10
53,-0.04020242393016815,0.04020237922668457,10,10
54,-0.03944196552038193,0.03707367181777954,10,10
55,-0.037060126662254333,0.03706014156341553,10,10
56,-0.04229021444916725,0.04229024052619934,10,10
57,-0.042802151292562485,0.04280209541320801,10,10
58,-0.04273449257016182,0.04026925563812256,10,10
59,-0.042997073382139206,0.041939493268728256,10,10
60,-0.04329105466604233,0.04329109191894531,10,10
61,-0.04253464192152023,0.042534664273262024,10,10
62,-0.04298584163188934,0.0412803515791893,10,10
63,-0.038399290293455124,0.03839927166700363,10,10
64,-0.03861386701464653,0.03861391544342041,10,10
65,-0.04220663383603096,0.038437604904174805,10,10
66,-0.0399179644882679,0.039917945861816406,10,10
67,-0.03605814650654793,0.03605818748474121,10,10
68,-0.037869274616241455,0.036162614822387695,10,10
69,-0.04283712059259415,0.04005563259124756,10,10
70,-0.041979022324085236,0.04155433177947998,10,10
71,-0.04166730120778084,0.03538291156291962,10,10
72,-0.03691021353006363,0.03654985502362251,10,10
73,-0.03697710856795311,0.03697705268859863,10,10
74,-0.04257948696613312,0.0425795316696167,10,10
75,-0.03686562553048134,0.03686559200286865,10,10
76,-0.04259098693728447,0.042590975761413574,10,10
77,-0.03848281130194664,0.03848278522491455,10,10
0,0.03491806611418724,0.03491811826825142,0,10
1,0.029722897335886955,0.02972295507788658,0,10
2,0.025855883955955505,0.025855939835309982,0,10
3,0.021306244656443596,0.021306276321411133,0,10
4,0.017473295331001282,0.01747335121035576,0,10
5,0.014462392777204514,0.014462452381849289,0,10
6,0.011383762583136559,0.01138381939381361,0,10
7,0.00797039084136486,0.007970442064106464,0,10
8,0.007221930660307407,0.0072219581343233585,0,10
9,0.005904095713049173,0.0059041352942585945,0,10
10,0.004550311714410782,0.00455036386847496,0,10
11,0.0037368538323789835,0.0037368484772741795,0,10
12,0.0022270854096859694,0.0022271121852099895,0,10
13,0.0019420651951804757,0.001942057628184557,0,10
14,0.0011005222331732512,0.0011005608830600977,0,10
15,0.001546840532682836,0.0015468233032152057,0,10
16,0.0009656050824560225,0.0009656114270910621,0,10
17,0.0011683482443913817,0.0011683598859235644,0,10
18,-3.672618913697079e-05,3.6740853829542175e-05,10,10
19,0.000533788581378758,0.0005057143862359226,0,10
20,0.0006892802193760872,0.0006893241079524159,0,10
21,-0.0003699078515637666,0.0003699064254760742,10,10
22,0.00011625342449406162,0.00011625922343228012,0,10
23,-0.00011840670049423352,0.0001184153079520911,10,10
24,-0.00015585384971927851,0.0001558065414428711,10,10
25,-0.00021217680478002876,0.00021219253540039062,10,10
26,-1.389281442243373e-05,1.3947486877441406e-05,10,10
27,3.8069840684329392e-06,3.860982815240277e-06,0,10
28,0.00037979354965500534,0.00037984835216775537,0,10
29,-0.0001279358984902501,0.00012791156768798828,10,10
30,0.00034000774030573666,0.0003400319837965071,0,10
31,-0.00031356411636807024,0.0003135948209092021,10,10
32,-0.0009552771225571632,0.0009552240371704102,10,10
33,-0.0009186622337438166,0.0009186267852783203,10,10
34,-0.0010966805275529623,0.0010967254638671875,10,10
35,-0.0009432445513084531,0.000943303108215332,10,10
36,-0.001701035420410335,0.0016151666641235352,10,10
37,-0.0015822669956833124,0.0015822649002075195,10,10
38,-0.0020574142690747976,0.0020574331283569336,10,10
39,-0.002038154983893037,0.002038121223449707,10,10
40,-0.002759519498795271,0.002759575843811035,10,10
41,-0.003739346284419298,0.0037393569946289062,10,10
42,-0.004689078778028488,0.004689130000770092,10,10
43,-0.005491722375154495,0.005491733551025391,10,10
44,-0.00720358407124877,0.007203536108136177,10,10
45,-0.0079245800152421,0.007924556732177734,10,10
46,-0.01026904582977295,0.01026904582977295,10,10
47,-0.012329493649303913,0.012329459190368652,10,10
48,-0.016374196857213974,0.01637423038482666,10,10
49,-0.02048105001449585,0.020481109619140625,10,10
50,-0.025423036888241768,0.025423049926757812,10,10
51,-0.03273194283246994,0.02940523624420166,10,10
52,-0.04121411591768265,0.04121411591768265,10,10
53,-0.04020242393016815,0.04020237922668457,10,10
54,-0.03944196552038193,0.03944194316864014,10,10
55,-0.037060126662254333,0.03706014156341553,10,10
56,-0.04229021444916725,0.03850114345550537,10,10
57,-0.042802151292562485,0.0428021103143692,10,10
58,-0.04273449257016182,0.042734503746032715,10,10
59,-0.042997073382139206,0.04055213928222656,10,10
60,-0.04329105466604233,0.04329107329249382,10,10
61,-0.04253464192152023,0.03655886650085449,10,10
62,-0.04298584163188934,0.04298582300543785,10,10
63,-0.038399290293455124,0.037764906883239746,10,10
64,-0.03861386701464653,0.03861391544342041,10,10
65,-0.04220663383603096,0.04016132652759552,10,10
66,-0.0399179644882679,0.039917945861816406,10,10
67,-0.03605814650654793,0.03605818748474121,10,10
68,-0.037869274616241455,0.03786933422088623,10,10
69,-0.04283712059259415,0.04283711314201355,10,10
70,-0.041979022324085236,0.03904581069946289,10,10
71,-0.04166730120778084,0.04117079824209213,10,10
72,-0.03691021353006363,0.03635740280151367,10,10
73,-0.03697710856795311,0.036977097392082214,10,10
74,-0.04257948696613312,0.0425795316696167,10,10
75,-0.03686562553048134,0.036865681409835815,10,10
76,-0.04259098693728447,0.042590975761413574,10,10
77,-0.03848281130194664,0.03848278522491455,10,10
78,-0.03796641528606415,0.03796638920903206,10,10
0,0.03491806611418724,0.03491811826825142,0,10
1,0.029722897335886955,0.02972293272614479,0,10
2,0.025855883955955505,0.02585594169795513,0,10
3,0.021306244656443596,0.021306278184056282,0,10
4,0.017473295331001282,0.017473330721259117,0,10
5,0.014462392777204514,0.014462444931268692,0,10
6,0.011383762583136559,0.011383816599845886,0,10
7,0.00797039084136486,0.007970391772687435,0,10
8,0.007221930660307407,0.0072219837456941605,0,10
9,0.005904095713049173,0.005904113408178091,0,10
10,0.004550311714410782,0.004550344310700893,0,10
11,0.0037368538323789835,0.0037368813063949347,0,10
12,0.0022270854096859694,0.002227070974186063,0,10
13,0.0019420651951804757,0.0019420901080593467,0,10
14,0.0011005222331732512,0.001100475899875164,0,10
15,0.001546840532682836,0.0015467990888282657,0,10
16,0.0009656050824560225,0.00096562085673213,0,10
17,0.0011683482443913817,0.0011683895718306303,0,10
18,-3.672618913697079e-05,3.6716461181640625e-05,10,10
19,0.000533788581378758,0.000533832295332104,0,10
20,0.0006892802193760872,0.0006893311510793865,0,10
21,-0.0003699078515637666,0.0003699064254760742,10,10
22,0.00011625342449406162,0.00011622911551967263,0,10
23,-0.00011840670049423352,0.00011838117643492296,10,10
24,-0.00015585384971927851,0.0001558065414428711,10,10
25,-0.00021217680478002876,0.00020909245358780026,10,10
26,-1.389281442243373e-05,1.38844370667357e-05,10,10
27,3.8069840684329392e-06,3.8174630390130915e-06,0,10
28,0.00037979354965500534,0.0003798390971496701,0,10
29,-0.0001279358984902501,0.00012791156768798828,10,10
30,0.00034000774030573666,0.000340066704666242,0,10
31,-0.00031356411636807024,0.0003135204315185547,10,10
32,-0.0009552771225571632,0.0009552240371704102,10,10
33,-0.0009186622337438166,0.0009186274255625904,10,10
34,-0.0010966805275529623,0.0010966273257508874,10,10
35,-0.0009432445513084531,0.000943303108215332,10,10
36,-0.001701035420410335,0.0015773773193359375,10,10
37,-0.0015822669956833124,0.0015822649002075195,10,10
38,-0.0020574142690747976,0.0018625259399414062,10,10
39,-0.002038154983893037,0.0020381479989737272,10,10
40,-0.002759519498795271,0.002759575843811035,10,10
41,-0.003739346284419298,0.0037393569946289062,10,10
42,-0.004689078778028488,0.0046890974044799805,10,10
43,-0.005491722375154495,0.005218982696533203,10,10
44,-0.00720358407124877,0.007203578948974609,10,10
45,-0.0079245800152421,0.007924556732177734,10,10
46,-0.01026904582977295,0.01026904582977295,10,10
47,-0.012329493649303913,0.01232954952865839,10,10
48,-0.016374196857213974,0.01637423038482666,10,10
49,-0.02048105001449585,0.020481109619140625,10,10
50,-0.025423036888241768,0.025423049926757812,10,10
51,-0.03273194283246994,0.03273189067840576,10,10
52,-0.04121411591768265,0.04121406376361847,10,10
53,-0.04020242393016815,0.04020237922668457,10,10
54,-0.03944196552038193,0.03767204284667969,10,10
55,-0.037060126662254333,0.03706014156341553,10,10
56,-0.04229021444916725,0.04229021072387695,10,10
57,-0.042802151292562485,0.037039756774902344,10,10
58,-0.04273449257016182,0.04206240177154541,10,10
59,-0.042997073382139206,0.042997099459171295,10,10
60,-0.04329105466604233,0.039611056447029114,10,10
61,-0.04253464192152023,0.037017934024333954,10,10
62,-0.04298584163188934,0.04164530709385872,10,10
63,-0.038399290293455124,0.038399338722229004,10,10
64,-0.03861386701464653,0.037357449531555176,10,10
65,-0.04220663383603096,0.042206622660160065,10,10
66,-0.0399179644882679,0.039917945861816406,10,10
67,-0.03605814650654793,0.03605818748474121,10,10
68,-0.037869274616241455,0.03786933422088623,10,10
69,-0.04283712059259415,0.040547337383031845,10,10
70,-0.041979022324085236,0.041979074478149414,10,10
71,-0.04166730120778084,0.039224930107593536,10,10
72,-0.03691021353006363,0.03691023588180542,10,10
73,-0.03697710856795311,0.03697714954614639,10,10
74,-0.04257948696613312,0.04173934459686279,10,10
75,-0.03686562553048134,0.03686559200286865,10,10
76,-0.04259098693728447,0.04259099066257477,10,10
77,-0.03848281130194664,0.03567516803741455,10,10
78,-0.03796641528606415,0.03419441729784012,10,10
79,-0.03683255612850189,0.036832571029663086,10,10
0,0.03491806611418724,0.03491811454296112,0,10
1,0.029722897335886955,0.029722943902015686,0,10
2,0.025855883955955505,0.02585592493414879,0,10
3,0.021306244656443596,0.02130628004670143,0,10
4,0.017473295331001282,0.017473340034484863,0,10
5,0.014462392777204514,0.014462447725236416,0,10
6,0.011383762583136559,0.011383810080587864,0,10
7,0.00797039084136486,0.007970422506332397,0,10
8,0.007221930660307407,0.007221971172839403,0,10
9,0.005904095713049173,0.005904140416532755,0,10
10,0.004550311714410782,0.004550365265458822,0,10
11,0.0037368538323789835,0.0036937370896339417,0,10
12,0.0022270854096859694,0.002148057334125042,0,10
13,0.0019420651951804757,0.0019420880125835538,0,10
14,0.0011005222331732512,0.0010856889421120286,0,10
15,0.001546840532682836,0.0015468820929527283,0,10
16,0.0009656050824560225,0.0009655639878474176,0,10
17,0.0011683482443913817,0.0010956585174426436,0,10
18,-3.672618913697079e-05,3.67633874702733e-05,10,10
19,0.000533788581378758,0.0005337938200682402,0,10
20,0.0006892802193760872,0.0006893197423778474,0,10
21,-0.0003699078515637666,0.0003699064254760742,10,10
22,0.00011625342449406162,0.00011621074372669682,0,10
23,-0.00011840670049423352,0.00011837482452392578,10,10
24,-0.00015585384971927851,0.0001558065414428711,10,10
25,-0.00021217680478002876,0.00021219253540039062,10,10
26,-1.389281442243373e-05,1.3947486877441406e-05,10,10
27,3.8069840684329392e-06,3.818378900177777e-06,0,10
28,0.00037979354965500534,0.00037980088382028043,0,10
29,-0.0001279358984902501,0.00012791156768798828,10,10
30,0.00034000774030573666,0.0003400629502721131,0,10
31,-0.00031356411636807024,0.00031355160172097385,10,10
32,-0.0009552771225571632,0.0009552240371704102,10,10
33,-0.0009186622337438166,0.0009187019313685596,10,10
34,-0.0010966805275529623,0.0010966931004077196,10,10
35,-0.0009432445513084531,0.000943303108215332,10,10
36,-0.001701035420410335,0.0017009973526000977,10,10
37,-0.0015822669956833124,0.0015822649002075195,10,10
38,-0.0020574142690747976,0.0020574331283569336,10,10
39,-0.002038154983893037,0.002038121223449707,10,10
40,-0.002759519498795271,0.002759575843811035,10,10
41,-0.003739346284419298,0.0037393569946289062,10,10
42,-0.004689078778028488,0.0046890974044799805,10,10
43,-0.005491722375154495,0.005491733551025391,10,10
44,-0.00720358407124877,0.007203578948974609,10,10
45,-0.0079245800152421,0.007924556732177734,10,10
46,-0.01026904582977295,0.010127994231879711,10,10
47,-0.012329493649303913,0.012329465709626675,10,10
48,-0.016374196857213974,0.01637423038482666,10,10
49,-0.02048105001449585,0.020481109619140625,10,10
50,-0.025423036888241768,0.025423049926757812,10,10
51,-0.03273194283246994,0.03273189067840576,10,10
52,-0.04121411591768265,0.03745734691619873,10,10
53,-0.04020242393016815,0.04020242765545845,10,10
54,-0.03944196552038193,0.03944190964102745,10,10
55,-0.037060126662254333,0.03706014156341553,10,10
56,-0.04229021444916725,0.04229021072387695,10,10
57,-0.042802151292562485,0.04280209541320801,10,10
58,-0.04273449257016182,0.04199635982513428,10,10
59,-0.042997073382139206,0.04284624382853508,10,10
60,-0.04329105466604233,0.04329109191894531,10,10
61,-0.04253464192152023,0.039919424802064896,10,10
62,-0.04298584163188934,0.04298579320311546,10,10
63,-0.038399290293455124,0.03378244861960411,10,10
64,-0.03861386701464653,0.0377344973385334,10,10
65,-0.04220663383603096,0.04220663756132126,10,10
66,-0.0399179644882679,0.036028265953063965,10,10
67,-0.03605814650654793,0.03605818748474121,10,10
68,-0.037869274616241455,0.03786933422088623,10,10
69,-0.04283712059259415,0.04283714294433594,10,10
70,-0.041979022324085236,0.041979074478149414,10,10
71,-0.04166730120778084,0.04166734218597412,10,10
72,-0.03691021353006363,0.036910176277160645,10,10
73,-0.03697710856795311,0.03486821427941322,10,10
74,-0.04257948696613312,0.042579445987939835,10,10
75,-0.03686562553048134,0.03686559200286865,10,10
76,-0.04259098693728447,0.042590975761413574,10,10
77,-0.03848281130194664,0.03848278522491455,10,10
78,-0.03796641528606415,0.037966370582580566,10,10
79,-0.03683255612850189,0.036832571029663086,10,10
80,-0.036467619240283966,0.036467671394348145,10,10
0,0.03491806611418724,0.03491811826825142,0,10
1,0.029722897335886955,0.029722947627305984,0,10
2,0.025855883955955505,0.02585592493414879,0,10
3,0.021306244656443596,0.021306291222572327,0,10
4,0.017473295331001282,0.017473353073000908,0,10
5,0.014462392777204514,0.014462416991591454,0,10
6,0.011383762583136559,0.011383818462491035,0,10
7,0.00797039084136486,0.007970405742526054,0,10
8,0.007221930660307407,0.007221972569823265,0,10
9,0.005904095713049173,0.005904119461774826,0,10
10,0.004550311714410782,0.004550310783088207,0,10
11,0.0037368538323789835,0.0037368207704275846,0,10
12,0.0022270854096859694,0.0022271391935646534,0,10
13,0.0019420651951804757,0.0019421089673414826,0,10
14,0.0011005222331732512,0.0011005675187334418,0,10
15,0.001546840532682836,0.001546817715279758,0,10
16,0.0009656050824560225,0.0009656447800807655,0,10
17,0.0011683482443913817,0.0011682914337143302,0,10
18,-3.672618913697079e-05,3.6716461181640625e-05,10,10
19,0.000533788581378758,0.0005338173359632492,0,10
20,0.0006892802193760872,0.000689316657371819,0,10
21,-0.0003699078515637666,0.0003699064254760742,10,10
22,0.00011625342449406162,0.00011628189531620592,0,10
23,-0.00011840670049423352,0.00011845488916151226,10,10
24,-0.00015585384971927851,0.0001558065414428711,10,10
25,-0.00021217680478002876,0.00021219253540039062,10,10
26,-1.389281442243373e-05,1.3947486877441406e-05,10,10
27,3.8069840684329392e-06,3.3537385206727777e-06,0,10
28,0.00037979354965500534,0.00037984989467076957,0,10
29,-0.0001279358984902501,0.00012791156768798828,10,10
30,0.00034000774030573666,0.00034004569170065224,0,10
31,-0.00031356411636807024,0.0003135204315185547,10,10
32,-0.0009552771225571632,0.0009552240371704102,10,10
33,-0.0009186622337438166,0.0009186267852783203,10,10
34,-0.0010966805275529623,0.0010967254638671875,10,10
35,-0.0009432445513084531,0.000943303108215332,10,10
36,-0.001701035420410335,0.0017009973526000977,10,10
37,-0.0015822669956833124,0.0015822649002075195,10,10
38,-0.0020574142690747976,0.001953721046447754,10,10
39,-0.002038154983893037,0.002038121223449707,10,10
40,-0.002759519498795271,0.002759575843811035,10,10
41,-0.003739346284419298,0.0037393569946289062,10,10
42,-0.004689078778028488,0.0046890974044799805,10,10
43,-0.005491722375154495,0.005491677671670914,10,10
44,-0.00720358407124877,0.007203578948974609,10,10
45,-0.0079245800152421,0.007924556732177734,10,10
46,-0.01026904582977295,0.01026904582977295,10,10
47,-0.012329493649303913,0.012000441551208496,10,10
48,-0.016374196857213974,0.0163742545992136,10,10
49,-0.02048105001449585,0.020481109619140625,10,10
50,-0.025423036888241768,0.025423049926757812,10,10
51,-0.03273194283246994,0.03273194283246994,10,10
52,-0.04121411591768265,0.04024771228432655,10,10
53,-0.04020242393016815,0.04020237922668457,10,10
54,-0.03944196552038193,0.03944194316864014,10,10
55,-0.037060126662254333,0.03706014156341553,10,10
56,-0.04229021444916725,0.040850091725587845,10,10
57,-0.042802151292562485,0.04129531979560852,10,10
58,-0.04273449257016182,0.042734481394290924,10,10
59,-0.042997073382139206,0.039589643478393555,10,10
60,-0.04329105466604233,0.043291062116622925,10,10
61,-0.04253464192152023,0.04253465682268143,10,10
62,-0.04298584163188934,0.035916518419981,10,10
63,-0.038399290293455124,0.03808152675628662,10,10
64,-0.03861386701464653,0.03861391544342041,10,10
65,-0.04220663383603096,0.04158604145050049,10,10
66,-0.0399179644882679,0.03922418877482414,10,10
67,-0.03605814650654793,0.03605818748474121,10,10
68,-0.037869274616241455,0.03235471248626709,10,10
69,-0.04283712059259415,0.04283714294433594,10,10
70,-0.041979022324085236,0.041979074478149414,10,10
71,-0.04166730120778084,0.04166726395487785,10,10
72,-0.03691021353006363,0.036910220980644226,10,10
73,-0.03697710856795311,0.036646366119384766,10,10
74,-0.04257948696613312,0.0425795316696167,10,10
75,-0.03686562553048134,0.036865681409835815,10,10
76,-0.04259098693728447,0.03952503204345703,10,10
77,-0.03848281130194664,0.03848278522491455,10,10
78,-0.03796641528606415,0.037966370582580566,10,10
79,-0.03683255612850189,0.036832571029663086,10,10
80,-0.036467619240283966,0.036467671394348145,10,10
81,-0.03939418867230415,0.039394207298755646,10,10
0,0.03491806611418724,0.03491811826825142,0,10
1,0.029722897335886955,0.029722947627305984,0,10
2,0.025855883955955505,0.025855928659439087,0,10
3,0.021306244656443596,0.021306296810507774,0,10
4,0.017473295331001282,0.01747335121035576,0,10
5,0.014462392777204514,0.014462451450526714,0,10
6,0.011383762583136559,0.01138381753116846,0,10
7,0.00797039084136486,0.007970386184751987,0,10
8,0.007221930660307407,0.007221988867968321,0,10
9,0.005904095713049173,0.005904049146920443,0,10
10,0.004550311714410782,0.004373311065137386,0,10
11,0.0037368538323789835,0.0037368827033787966,0,10
12,0.0022270854096859694,0.002227085642516613,0,10
13,0.0019420651951804757,0.0018249525455757976,0,10
14,0.0011005222331732512,0.0011005372507497668,0,10
15,0.001546840532682836,0.0015468059573322535,0,10
16,0.0009656050824560225,0.0009656100301072001,0,10
17,0.0011683482443913817,0.001168390386737883,0,10
18,-3.672618913697079e-05,3.361701965332031e-05,10,10
19,0.000533788581378758,0.0005337498732842505,0,10
20,0.0006892802193760872,0.000689322710968554,0,10
21,-0.0003699078515637666,0.0003699203080032021,10,10
22,0.00011625342449406162,0.00011624862236203626,0,10
23,-0.00011840670049423352,0.00011837482452392578,10,10
24,-0.00015585384971927851,0.00015282630920410156,10,10
25,-0.00021217680478002876,0.00021219253540039062,10,10
26,-1.389281442243373e-05,1.3930192835687194e-05,10,10
27,3.8069840684329392e-06,3.83527321901056e-06,0,10
28,0.00037979354965500534,0.0003798233228735626,0,10
29,-0.0001279358984902501,0.00012791156768798828,10,10
30,0.00034000774030573666,0.00032268723589368165,0,10
31,-0.00031356411636807024,0.0003135204315185547,10,10
32,-0.0009552771225571632,0.0009552240371704102,10,10
33,-0.0009186622337438166,0.0009186267852783203,10,10
34,-0.0010966805275529623,0.0010967254638671875,10,10
35,-0.0009432445513084531,0.0009431900107301772,10,10
36,-0.001701035420410335,0.0017009973526000977,10,10
37,-0.0015822669956833124,0.0015822649002075195,10,10
38,-0.0020574142690747976,0.002007603645324707,10,10
39,-0.002038154983893037,0.0020381694193929434,10,10
40,-0.002759519498795271,0.002759575843811035,10,10
41,-0.003739346284419298,0.0037393546663224697,10,10
42,-0.004689078778028488,0.0046890974044799805,10,10
43,-0.005491722375154495,0.005491733551025391,10,10
44,-0.00720358407124877,0.007203578948974609,10,10
45,-0.0079245800152421,0.007924556732177734,10,10
46,-0.01026904582977295,0.01026904582977295,10,10
47,-0.012329493649303913,0.012329459190368652,10,10
48,-0.016374196857213974,0.01637423038482666,10,10
49,-0.02048105001449585,0.020481109619140625,10,10
50,-0.025423036888241768,0.025423049926757812,10,10
51,-0.03273194283246994,0.029400944709777832,10,10
52,-0.04121411591768265,0.04121410846710205,10,10
53,-0.04020242393016815,0.04020237922668457,10,10
54,-0.03944196552038193,0.03944194316864014,10,10
55,-0.037060126662254333,0.03706014156341553,10,10
56,-0.04229021444916725,0.04093039035797119,10,10
57,-0.042802151292562485,0.038623690605163574,10,10
58,-0.04273449257016182,0.042155008763074875,10,10
59,-0.042997073382139206,0.042628996074199677,10,10
60,-0.04329105466604233,0.04261188581585884,10,10
61,-0.04253464192152023,0.042534589767456055,10,10
62,-0.04298584163188934,0.039261698722839355,10,10
63,-0.038399290293455124,0.0372844934463501,10,10
64,-0.03861386701464653,0.03861391544342041,10,10
65,-0.04220663383603096,0.04220665618777275,10,10
66,-0.0399179644882679,0.039917945861816406,10,10
67,-0.03605814650654793,0.03605818748474121,10,10
68,-0.037869274616241455,0.03783668205142021,10,10
69,-0.04283712059259415,0.04222989082336426,10,10
70,-0.041979022324085236,0.04060101509094238,10,10
71,-0.04166730120778084,0.04166727885603905,10,10
72,-0.03691021353006363,0.03611719608306885,10,10
73,-0.03697710856795311,0.035334352403879166,10,10
74,-0.04257948696613312,0.04186345264315605,10,10
75,-0.03686562553048134,0.036429643630981445,10,10
76,-0.04259098693728447,0.04259096831083298,10,10
77,-0.03848281130194664,0.03848278522491455,10,10
78,-0.03796641528606415,0.037966370582580566,10,10
79,-0.03683255612850189,0.036832571029663086,10,10
80,-0.036467619240283966,0.036467671394348145,10,10
81,-0.03939418867230415,0.03939414024353027,10,10
82,-0.04299444705247879,0.04028934985399246,10,10
0,0.03491806611418724,0.03491811081767082,0,10
1,0.029722897335886955,0.029722949489951134,0,10
2,0.025855883955955505,0.025855939835309982,0,10
3,0.021306244656443596,0.021306296810507774,0,10
4,0.017473295331001282,0.017473341897130013,0,10
5,0.014462392777204514,0.014462437480688095,0,10
6,0.011383762583136559,0.011383810080587864,0,10
7,0.00797039084136486,0.007970448583364487,0,10
8,0.007221930660307407,0.007221962790936232,0,10
9,0.005904095713049173,0.00590412225574255,0,10
10,0.004550311714410782,0.004550352692604065,0,10
11,0.0037368538323789835,0.0034428683575242758,0,10
12,0.0022270854096859694,0.002227137563750148,0,10
13,0.0019420651951804757,0.0019421086180955172,0,10
14,0.0011005222331732512,0.0011005403939634562,0,10
15,0.001546840532682836,0.0015468455385416746,0,10
16,0.0009656050824560225,0.000965653860475868,0,10
17,0.0011683482443913817,0.0011684014461934566,0,10
18,-3.672618913697079e-05,3.6716461181640625e-05,10,10
19,0.000533788581378758,0.0005338408518582582,0,10
20,0.0006892802193760872,0.0006893176469020545,0,10
21,-0.0003699078515637666,0.00036995497066527605,10,10
22,0.00011625342449406162,0.0001163015840575099,0,10
23,-0.00011840670049423352,0.00011837482452392578,10,10
24,-0.00015585384971927851,0.0001558381482027471,10,10
25,-0.00021217680478002876,0.00021219253540039062,10,10
26,-1.389281442243373e-05,1.3947486877441406e-05,10,10
27,3.8069840684329392e-06,3.858027412206866e-06,0,10
28,0.00037979354965500534,0.0003797999816015363,0,10
29,-0.0001279358984902501,0.00012791156768798828,10,10
30,0.00034000774030573666,0.0003399791894480586,0,10
31,-0.00031356411636807024,0.0003135316073894501,10,10
32,-0.0009552771225571632,0.0009553183917887509,10,10
33,-0.0009186622337438166,0.0009186267852783203,10,10
34,-0.0010966805275529623,0.0010715723037719727,10,10
35,-0.0009432445513084531,0.000943303108215332,10,10
36,-0.001701035420410335,0.0017010599840432405,10,10
37,-0.0015822669956833124,0.0015822649002075195,10,10
38,-0.0020574142690747976,0.0020574331283569336,10,10
39,-0.002038154983893037,0.002038121223449707,10,10
40,-0.002759519498795271,0.002759575843811035,10,10
41,-0.003739346284419298,0.003739365143701434,10,10
42,-0.004689078778028488,0.0046890974044799805,10,10
43,-0.005491722375154495,0.005491679534316063,10,10
44,-0.00720358407124877,0.007203603163361549,10,10
45,-0.0079245800152421,0.007924556732177734,10,10
46,-0.01026904582977295,0.01026904582977295,10,10
47,-0.012329493649303913,0.012329459190368652,10,10
48,-0.016374196857213974,0.01637423038482666,10,10
49,-0.02048105001449585,0.020481109619140625,10,10
50,-0.025423036888241768,0.025423049926757812,10,10
51,-0.03273194283246994,0.032731957733631134,10,10
52,-0.04121411591768265,0.04121410846710205,10,10
53,-0.04020242393016815,0.04020237922668457,10,10
54,-0.03944196552038193,0.03944194316864014,10,10
55,-0.037060126662254333,0.03706016391515732,10,10
56,-0.04229021444916725,0.03808104991912842,10,10
57,-0.042802151292562485,0.03888356685638428,10,10
58,-0.04273449257016182,0.04273445904254913,10,10
59,-0.042997073382139206,0.04299706593155861,10,10
60,-0.04329105466604233,0.04045426845550537,10,10
61,-0.04253464192152023,0.0358271598815918,10,10
62,-0.04298584163188934,0.04298585280776024,10,10
63,-0.038399290293455124,0.038399286568164825,10,10
64,-0.03861386701464653,0.03861391544342041,10,10
65,-0.04220663383603096,0.04175013303756714,10,10
66,-0.0399179644882679,0.039917945861816406,10,10
67,-0.03605814650654793,0.03605818748474121,10,10
68,-0.037869274616241455,0.03786933422088623,10,10
69,-0.04283712059259415,0.04193520545959473,10,10
70,-0.041979022324085236,0.041979074478149414,10,10
71,-0.04166730120778084,0.04166732728481293,10,10
72,-0.03691021353006363,0.036910220980644226,10,10
73,-0.03697710856795311,0.03697705268859863,10,10
74,-0.04257948696613312,0.04257948324084282,10,10
75,-0.03686562553048134,0.033066511154174805,10,10
76,-0.04259098693728447,0.042590975761413574,10,10
77,-0.03848281130194664,0.03848281875252724,10,10
78,-0.03796641528606415,0.037966370582580566,10,10
79,-0.03683255612850189,0.0368325375020504,10,10
80,-0.036467619240283966,0.036467671394348145,10,10
81,-0.03939418867230415,0.03939422592520714,10,10
82,-0.04299444705247879,0.04299444332718849,10,10
83,-0.039945751428604126,0.038729228079319,10,10
0,0.03491806611418724,0.034918103367090225,0,10
1,0.029722897335886955,0.02972293272614479,0,10
2,0.025855883955955505,0.02585594169795513,0,10
3,0.021306244656443596,0.02130630426108837,0,10
4,0.017473295331001282,0.017473353073000908,0,10
5,0.014462392777204514,0.014462443999946117,0,10
6,0.011383762583136559,0.01138382125645876,0,10
7,0.00797039084136486,0.007970440201461315,0,10
8,0.007221930660307407,0.007221936248242855,0,10
9,0.005904095713049173,0.005904120393097401,0,10
10,0.004550311714410782,0.004550350829958916,0,10
11,0.0037368538323789835,0.0037368829362094402,0,10
12,0.0022270854096859694,0.0022270961198955774,0,10
13,0.0019420651951804757,0.0019420484313741326,0,10
14,0.0011005222331732512,0.0011005062842741609,0,10
15,0.001546840532682836,0.0015468690544366837,0,10
16,0.0009656050824560225,0.0009655613102950156,0,10
17,0.0011683482443913817,0.0011683302000164986,0,10
18,-3.672618913697079e-05,3.6716461181640625e-05,10,10
19,0.000533788581378758,0.0005338431801646948,0,10
20,0.0006892802193760872,0.0006893185200169683,0,10
21,-0.0003699078515637666,0.0003699064254760742,10,10
22,0.00011625342449406162,0.00011625764454947785,0,10
23,-0.00011840670049423352,0.00011837482452392578,10,10
24,-0.00015585384971927851,0.0001558065414428711,10,10
25,-0.00021217680478002876,0.00021219253540039062,10,10
26,-1.389281442243373e-05,1.3947486877441406e-05,10,10
27,3.8069840684329392e-06,3.842118076136103e-06,0,10
28,0.00037979354965500534,0.00037980134948156774,0,10
29,-0.0001279358984902501,0.00012791156768798828,10,10
30,0.00034000774030573666,0.00033997950959019363,0,10
31,-0.00031356411636807024,0.000313586147967726,10,10
32,-0.0009552771225571632,0.0009552240371704102,10,10
33,-0.0009186622337438166,0.0009186267852783203,10,10
34,-0.0010966805275529623,0.0010967254638671875,10,10
35,-0.0009432445513084531,0.000943303108215332,10,10
36,-0.001701035420410335,0.0017010776791721582,10,10
37,-0.0015822669956833124,0.0015823220601305366,10,10
38,-0.0020574142690747976,0.0020574331283569336,10,10
39,-0.002038154983893037,0.002038121223449707,10,10
40,-0.002759519498795271,0.002759575843811035,10,10
41,-0.003739346284419298,0.0037393569946289062,10,10
42,-0.004689078778028488,0.0046890974044799805,10,10
43,-0.005491722375154495,0.005304932594299316,10,10
44,-0.00720358407124877,0.007203578948974609,10,10
45,-0.0079245800152421,0.007694721221923828,10,10
46,-0.01026904582977295,0.010268992744386196,10,10
47,-0.012329493649303913,0.012329459190368652,10,10
48,-0.016374196857213974,0.016374245285987854,10,10
49,-0.02048105001449585,0.020481109619140625,10,10
50,-0.025423036888241768,0.025423049926757812,10,10
51,-0.03273194283246994,0.03273189067840576,10,10
52,-0.04121411591768265,0.04121410846710205,10,10
53,-0.04020242393016815,0.04020237922668457,10,10
54,-0.03944196552038193,0.03944194316864014,10,10
55,-0.037060126662254333,0.032295823097229004,10,10
56,-0.04229021444916725,0.04193764179944992,10,10
57,-0.042802151292562485,0.03786051273345947,10,10
58,-0.04273449257016182,0.0427345409989357,10,10
59,-0.042997073382139206,0.042997121810913086,10,10
60,-0.04329105466604233,0.04329109191894531,10,10
61,-0.04253464192152023,0.038329362869262695,10,10
62,-0.04298584163188934,0.04298579692840576,10,10
63,-0.038399290293455124,0.038399338722229004,10,10
64,-0.03861386701464653,0.03861391544342041,10,10
65,-0.04220663383603096,0.039346206933259964,10,10
66,-0.0399179644882679,0.03942478448152542,10,10
67,-0.03605814650654793,0.0320972204208374,10,10
68,-0.037869274616241455,0.035550594329833984,10,10
69,-0.04283712059259415,0.04283708333969116,10,10
70,-0.041979022324085236,0.041979074478149414,10,10
71,-0.04166730120778084,0.036541834473609924,10,10
72,-0.03691021353006363,0.036910176277160645,10,10
73,-0.03697710856795311,0.03697705268859863,10,10
74,-0.04257948696613312,0.0425795316696167,10,10
75,-0.03686562553048134,0.03686557710170746,10,10
76,-0.04259098693728447,0.04259093850851059,10,10
77,-0.03848281130194664,0.03848278522491455,10,10
78,-0.03796641528606415,0.037966370582580566,10,10
79,-0.03683255612850189,0.036832571029663086,10,10
80,-0.036467619240283966,0.036467671394348145,10,10
81,-0.03939418867230415,0.03939417749643326,10,10
82,-0.04299444705247879,0.04299445077776909,10,10
83,-0.039945751428604126,0.03994572162628174,10,10
84,-0.04100852087140083,0.04100847616791725,10,10
0,0.03491806611418724,0.03491812199354172,0,10
1,0.029722897335886955,0.02972293645143509,0,10
2,0.025855883955955505,0.025855936110019684,0,10
3,0.021306244656443596,0.021306296810507774,0,10
4,0.017473295331001282,0.017473353073000908,0,10
5,0.014462392777204514,0.014462444931268692,0,10
6,0.011383762583136559,0.011383820325136185,0,10
7,0.00797039084136486,0.007970445789396763,0,10
8,0.007221930660307407,0.007221980486065149,0,10
9,0.005904095713049173,0.005904094316065311,0,10
10,0.004550311714410782,0.004550302866846323,0,10
11,0.0037368538323789835,0.0037368161138147116,0,10
12,0.0022270854096859694,0.0022271040361374617,0,10
13,0.0019420651951804757,0.0019421018660068512,0,10
14,0.0011005222331732512,0.001100572058930993,0,10
15,0.001546840532682836,0.0015468958299607038,0,10
16,0.0009656050824560225,0.0009655923931859434,0,10
17,0.0011683482443913817,0.0011683556949719787,0,10
18,-3.672618913697079e-05,3.325939178466797e-05,10,10
19,0.000533788581378758,0.0005337893380783498,0,10
20,0.0006892802193760872,0.0006893116515129805,0,10
21,-0.0003699078515637666,0.0003699064254760742,10,10
22,0.00011625342449406162,0.00011625040497165173,0,10
23,-0.00011840670049423352,0.0001112222671508789,10,10
24,-0.00015585384971927851,0.0001558065414428711,10,10
25,-0.00021217680478002876,0.00021219253540039062,10,10
26,-1.389281442243373e-05,1.3862160813005175e-05,10,10
27,3.8069840684329392e-06,3.858991476590745e-06,0,10
28,0.00037979354965500534,0.00037980868364684284,0,10
29,-0.0001279358984902501,0.00012791156768798828,10,10
30,0.00034000774030573666,0.000340051221428439,0,10
31,-0.00031356411636807024,0.0003136226150672883,10,10
32,-0.0009552771225571632,0.0009552784613333642,10,10
33,-0.0009186622337438166,0.0009186632814817131,10,10
34,-0.0010966805275529623,0.0010967254638671875,10,10
35,-0.0009432445513084531,0.0008424657862633467,10,10
36,-0.001701035420410335,0.0016330480575561523,10,10
37,-0.0015822669956833124,0.0015822649002075195,10,10
38,-0.0020574142690747976,0.0020574331283569336,10,10
39,-0.002038154983893037,0.002038121223449707,10,10
40,-0.002759519498795271,0.002759575843811035,10,10
41,-0.003739346284419298,0.0037393569946289062,10,10
42,-0.004689078778028488,0.0046890974044799805,10,10
43,-0.005491722375154495,0.005491733551025391,10,10
44,-0.00720358407124877,0.007203625049442053,10,10
45,-0.0079245800152421,0.007924556732177734,10,10
46,-0.01026904582977295,0.01026904582977295,10,10
47,-0.012329493649303913,0.012329459190368652,10,10
48,-0.016374196857213974,0.016374174505472183,10,10
49,-0.02048105001449585,0.020481109619140625,10,10
50,-0.025423036888241768,0.025423049926757812,10,10
51,-0.03273194283246994,0.03273189067840576,10,10
52,-0.04121411591768265,0.04053497314453125,10,10
53,-0.04020242393016815,0.04020237922668457,10,10
54,-0.03944196552038193,0.039441946893930435,10,10
55,-0.037060126662254333,0.03163933753967285,10,10
56,-0.04229021444916725,0.04229021072387695,10,10
57,-0.042802151292562485,0.038669466972351074,10,10
58,-0.04273449257016182,0.039627790451049805,10,10
59,-0.042997073382139206,0.042997095733881,10,10
60,-0.04329105466604233,0.04329106584191322,10,10
61,-0.04253464192152023,0.042534589767456055,10,10
62,-0.04298584163188934,0.03832650184631348,10,10
63,-0.038399290293455124,0.038399338722229004,10,10
64,-0.03861386701464653,0.03861381486058235,10,10
65,-0.04220663383603096,0.04200887680053711,10,10
66,-0.0399179644882679,0.03991793096065521,10,10
67,-0.03605814650654793,0.03605814650654793,10,10
68,-0.037869274616241455,0.03786933422088623,10,10
69,-0.04283712059259415,0.04227778688073158,10,10
70,-0.041979022324085236,0.03980088233947754,10,10
71,-0.04166730120778084,0.04166726768016815,10,10
72,-0.03691021353006363,0.036910176277160645,10,10
73,-0.03697710856795311,0.036977142095565796,10,10
74,-0.04257948696613312,0.041798561811447144,10,10
75,-0.03686562553048134,0.03686559200286865,10,10
76,-0.04259098693728447,0.040401641279459,10,10
77,-0.03848281130194664,0.0356440544128418,10,10
78,-0.03796641528606415,0.037966400384902954,10,10
79,-0.03683255612850189,0.0368325412273407,10,10
80,-0.036467619240283966,0.03483712673187256,10,10
81,-0.03939418867230415,0.03939422219991684,10,10
82,-0.04299444705247879,0.042316555976867676,10,10
83,-0.039945751428604126,0.03758656978607178,10,10
84,-0.04100852087140083,0.04100847244262695,10,10
85,-0.03797898814082146,0.037978995591402054,10,10
0,0.03491806611418724,0.034918129444122314,0,10
1,0.029722897335886955,0.02972295694053173,0,10
2,0.025855883955955505,0.025855930522084236,0,10
3,0.021306244656443596,0.021306287497282028,0,10
4,0.017473295331001282,0.017473353073000908,0,10
5,0.014462392777204514,0.014462439343333244,0,10
6,0.011383762583136559,0.011383820325136185,0,10
7,0.00797039084136486,0.007970436476171017,0,10
8,0.007221930660307407,0.00722198560833931,0,10
9,0.005904095713049173,0.005904142279177904,0,10
10,0.004550311714410782,0.004550328943878412,0,10
11,0.0037368538323789835,0.0037368866614997387,0,10
12,0.0022270854096859694,0.0022271398920565844,0,10
13,0.0019420651951804757,0.0019420450553297997,0,10
14,0.0011005222331732512,0.0011005401611328125,0,10
15,0.001546840532682836,0.0015395707450807095,0,10
16,0.0009656050824560225,0.0009655913454480469,0,10
17,0.0011683482443913817,0.0011683751363307238,0,10
18,-3.672618913697079e-05,3.6757090128958225e-05,10,10
19,0.000533788581378758,0.000533841026481241,0,10
20,0.0006892802193760872,0.000689247390255332,0,10
21,-0.0003699078515637666,0.0003699471417348832,10,10
22,0.00011625342449406162,0.00011623678437899798,0,10
23,-0.00011840670049423352,0.00011843379616038874,10,10
24,-0.00015585384971927851,0.0001558065414428711,10,10
25,-0.00021217680478002876,0.00021219253540039062,10,10
26,-1.389281442243373e-05,1.3947486877441406e-05,10,10
27,3.8069840684329392e-06,3.824378381978022e-06,0,10
28,0.00037979354965500534,0.000379773584427312,0,10
29,-0.0001279358984902501,0.00012797731324099004,10,10
30,0.00034000774030573666,0.00033995119156315923,0,10
31,-0.00031356411636807024,0.0003136028826702386,10,10
32,-0.0009552771225571632,0.0009552240371704102,10,10
33,-0.0009186622337438166,0.0009186267852783203,10,10
34,-0.0010966805275529623,0.0010966970585286617,10,10
35,-0.0009432445513084531,0.0009432202787138522,10,10
36,-0.001701035420410335,0.0017009973526000977,10,10
37,-0.0015822669956833124,0.0015822649002075195,10,10
38,-0.0020574142690747976,0.0020574331283569336,10,10
39,-0.002038154983893037,0.002038121223449707,10,10
40,-0.002759519498795271,0.002759575843811035,10,10
41,-0.003739346284419298,0.003739363746717572,10,10
42,-0.004689078778028488,0.0046890974044799805,10,10
43,-0.005491722375154495,0.005491733551025391,10,10
44,-0.00720358407124877,0.007203578948974609,10,10
45,-0.0079245800152421,0.007924623787403107,10,10
46,-0.01026904582977295,0.01026904582977295,10,10
47,-0.012329493649303913,0.012329459190368652,10,10
48,-0.016374196857213974,0.01637423038482666,10,10
49,-0.02048105001449585,0.020481109619140625,10,10
50,-0.025423036888241768,0.025423049926757812,10,10
51,-0.03273194283246994,0.03273189067840576,10,10
52,-0.04121411591768265,0.04121410846710205,10,10
53,-0.04020242393016815,0.04020237922668457,10,10
54,-0.03944196552038193,0.03944194316864014,10,10
55,-0.037060126662254333,0.035455431789159775,10,10
56,-0.04229021444916725,0.039748430252075195,10,10
57,-0.042802151292562485,0.04280214011669159,10,10
58,-0.04273449257016182,0.0427345409989357,10,10
59,-0.042997073382139206,0.04173147678375244,10,10
60,-0.04329105466604233,0.04329109191894531,10,10
61,-0.04253464192152023,0.04253466799855232,10,10
62,-0.04298584163188934,0.04283422604203224,10,10
63,-0.038399290293455124,0.038399338722229004,10,10
64,-0.03861386701464653,0.03861391544342041,10,10
65,-0.04220663383603096,0.040745168924331665,10,10
66,-0.0399179644882679,0.036402199417352676,10,10
67,-0.03605814650654793,0.03605819493532181,10,10
68,-0.037869274616241455,0.037869229912757874,10,10
69,-0.04283712059259415,0.04283714294433594,10,10
70,-0.041979022324085236,0.04197901114821434,10,10
71,-0.04166730120778084,0.04166734218597412,10,10
72,-0.03691021353006363,0.036910176277160645,10,10
73,-0.03697710856795311,0.03535948693752289,10,10
74,-0.04257948696613312,0.04257949814200401,10,10
75,-0.03686562553048134,0.03686559200286865,10,10
76,-0.04259098693728447,0.042590975761413574,10,10
77,-0.03848281130194664,0.03848278522491455,10,10
78,-0.03796641528606415,0.037966370582580566,10,10
79,-0.03683255612850189,0.036832571029663086,10,10
80,-0.036467619240283966,0.036467645317316055,10,10
81,-0.03939418867230415,0.03939416632056236,10,10
82,-0.04299444705247879,0.042994409799575806,10,10
83,-0.039945751428604126,0.03994572162628174,10,10
84,-0.04100852087140083,0.040050387382507324,10,10
85,-0.03797898814082146,0.03797900676727295,10,10
86,-0.040975455194711685,0.040975507348775864,10,10
0,0.03491806611418724,0.03491811826825142,0,10
1,0.029722897335886955,0.02972295507788658,0,10
2,0.025855883955955505,0.025855930522084236,0,10
3,0.021306244656443596,0.021306268870830536,0,10
4,0.017473295331001282,0.017473330721259117,0,10
5,0.014462392777204514,0.014462443999946117,0,10
6,0.011383762583136559,0.011383773759007454,0,10
7,0.00797039084136486,0.007970428094267845,0,10
8,0.007221930660307407,0.007221960462629795,0,10
9,0.005904095713049173,0.005904078483581543,0,10
10,0.004550311714410782,0.004550283309072256,0,10
11,0.0037368538323789835,0.003736856859177351,0,10
12,0.0022270854096859694,0.002227081684395671,0,10
13,0.0019420651951804757,0.0019421159522607923,0,10
14,0.0011005222331732512,0.0011005280539393425,0,10
15,0.001546840532682836,0.0015468313358724117,0,10
16,0.0009656050824560225,0.0009655574685893953,0,10
17,0.0011683482443913817,0.0011683800257742405,0,10
18,-3.672618913697079e-05,3.667329656309448e-05,10,10
19,0.000533788581378758,0.0005337682086974382,0,10
20,0.0006892802193760872,0.0006892976234667003,0,10
21,-0.0003699078515637666,0.00036991891101934016,10,10
22,0.00011625342449406162,0.00011625361366895959,0,10
23,-0.00011840670049423352,0.00011845088010886684,10,10
24,-0.00015585384971927851,0.00015588480164296925,10,10
25,-0.00021217680478002876,0.00021219253540039062,10,10
26,-1.389281442243373e-05,1.3939385098638013e-05,10,10
27,3.8069840684329392e-06,3.7519055240409216e-06,0,10
28,0.00037979354965500534,0.0003637362096924335,0,10
29,-0.0001279358984902501,0.00012745257117785513,10,10
30,0.00034000774030573666,0.0003400265995878726,0,10
31,-0.00031356411636807024,0.00031358792330138385,10,10
32,-0.0009552771225571632,0.0009552655392326415,10,10
33,-0.0009186622337438166,0.0009187196847051382,10,10
34,-0.0010966805275529623,0.0010967254638671875,10,10
35,-0.0009432445513084531,0.000943303108215332,10,10
36,-0.001701035420410335,0.0017009973526000977,10,10
37,-0.0015822669956833124,0.0015822649002075195,10,10
38,-0.0020574142690747976,0.0020574331283569336,10,10
39,-0.002038154983893037,0.002038121223449707,10,10
40,-0.002759519498795271,0.002759575843811035,10,10
41,-0.003739346284419298,0.0037393569946289062,10,10
42,-0.004689078778028488,0.0046890974044799805,10,10
43,-0.005491722375154495,0.005491733551025391,10,10
44,-0.00720358407124877,0.007203578948974609,10,10
45,-0.0079245800152421,0.007924556732177734,10,10
46,-0.01026904582977295,0.01026904582977295,10,10
47,-0.012329493649303913,0.012329459190368652,10,10
48,-0.016374196857213974,0.01637423038482666,10,10
49,-0.02048105001449585,0.020481109619140625,10,10
50,-0.025423036888241768,0.02330048754811287,10,10
51,-0.03273194283246994,0.03273189067840576,10,10
52,-0.04121411591768265,0.04121410846710205,10,10
53,-0.04020242393016815,0.04020237922668457,10,10
54,-0.03944196552038193,0.03944195806980133,10,10
55,-0.037060126662254333,0.03706014156341553,10,10
56,-0.04229021444916725,0.04229021072387695,10,10
57,-0.042802151292562485,0.042802177369594574,10,10
58,-0.04273449257016182,0.042734500020742416,10,10
59,-0.042997073382139206,0.04299706965684891,10,10
60,-0.04329105466604233,0.04329102858901024,10,10
61,-0.04253464192152023,0.03724169731140137,10,10
62,-0.04298584163188934,0.04298579692840576,10,10
63,-0.038399290293455124,0.038399338722229004,10,10
64,-0.03861386701464653,0.03861391544342041,10,10
65,-0.04220663383603096,0.03820466995239258,10,10
66,-0.0399179644882679,0.037885189056396484,10,10
67,-0.03605814650654793,0.03605818748474121,10,10
68,-0.037869274616241455,0.03786933422088623,10,10
69,-0.04283712059259415,0.042837146669626236,10,10
70,-0.041979022324085236,0.041978999972343445,10,10
71,-0.04166730120778084,0.04166734591126442,10,10
72,-0.03691021353006363,0.036910176277160645,10,10
73,-0.03697710856795311,0.033682823181152344,10,10
74,-0.04257948696613312,0.042579468339681625,10,10
75,-0.03686562553048134,0.03686559200286865,10,10
76,-0.04259098693728447,0.03660845756530762,10,10
77,-0.03848281130194664,0.03848278522491455,10,10
78,-0.03796641528606415,0.03568220138549805,10,10
79,-0.03683255612850189,0.036832571029663086,10,10
80,-0.036467619240283966,0.036467667669057846,10,10
81,-0.03939418867230415,0.03939414024353027,10,10
82,-0.04299444705247879,0.04299449920654297,10,10
83,-0.039945751428604126,0.03918328508734703,10,10
84,-0.04100852087140083,0.041008517146110535,10,10
85,-0.03797898814082146,0.03797895461320877,10,10
86,-0.040975455194711685,0.04097545146942139,10,10
87,-0.042406413704156876,0.042406439781188965,10,10
0,0.03491806611418724,0.03491811826825142,0,10
1,0.029722897335886955,0.029722943902015686,0,10
2,0.025855883955955505,0.025855937972664833,0,10
3,0.021306244656443596,0.021306302398443222,0,10
4,0.017473295331001282,0.017473353073000908,0,10
5,0.014462392777204514,0.014462433755397797,0,10
6,0.011383762583136559,0.01138382125645876,0,10
7,0.00797039084136486,0.007970419712364674,0,10
8,0.007221930660307407,0.007221980020403862,0,10
9,0.005904095713049173,0.005904132965952158,0,10
10,0.004550311714410782,0.004550366662442684,0,10
11,0.0037368538323789835,0.003736895276233554,0,10
12,0.0022270854096859694,0.0022271231282502413,0,10
13,0.0019420651951804757,0.001942058326676488,0,10
14,0.0011005222331732512,0.0011005359701812267,0,10
15,0.001546840532682836,0.0015468352939933538,0,10
16,0.0009656050824560225,0.000965561019256711,0,10
17,0.0011683482443913817,0.0011683502234518528,0,10
18,-3.672618913697079e-05,3.6716461181640625e-05,10,10
19,0.000533788581378758,0.0005337762995623052,0,10
20,0.0006892802193760872,0.0006892775418236852,0,10
21,-0.0003699078515637666,0.0003699064254760742,10,10
22,0.00011625342449406162,0.0001162396147265099,0,10
23,-0.00011840670049423352,0.00011837482452392578,10,10
24,-0.00015585384971927851,0.00015270709991455078,10,10
25,-0.00021217680478002876,0.00021221493079792708,10,10
26,-1.389281442243373e-05,1.3947486877441406e-05,10,10
27,3.8069840684329392e-06,3.854869191854959e-06,0,10
28,0.00037979354965500534,0.00037983289803378284,0,10
29,-0.0001279358984902501,0.00012796786904800683,10,10
30,0.00034000774030573666,0.00031906747608445585,0,10
31,-0.00031356411636807024,0.00031359540298581123,10,10
32,-0.0009552771225571632,0.0009552240371704102,10,10
33,-0.0009186622337438166,0.0009186267852783203,10,10
34,-0.0010966805275529623,0.001038670539855957,10,10
35,-0.0009432445513084531,0.000943303108215332,10,10
36,-0.001701035420410335,0.0017009973526000977,10,10
37,-0.0015822669956833124,0.0015822649002075195,10,10
38,-0.0020574142690747976,0.0020574203226715326,10,10
39,-0.002038154983893037,0.002038121223449707,10,10
40,-0.002759519498795271,0.002759575843811035,10,10
41,-0.003739346284419298,0.0037393569946289062,10,10
42,-0.004689078778028488,0.0046890974044799805,10,10
43,-0.005491722375154495,0.005491733551025391,10,10
44,-0.00720358407124877,0.007203578948974609,10,10
45,-0.0079245800152421,0.007924556732177734,10,10
46,-0.01026904582977295,0.01026904582977295,10,10
47,-0.012329493649303913,0.012329459190368652,10,10
48,-0.016374196857213974,0.015617012977600098,10,10
49,-0.02048105001449585,0.020481109619140625,10,10
50,-0.025423036888241768,0.02437627501785755,10,10
51,-0.03273194283246994,0.03273189067840576,10,10
52,-0.04121411591768265,0.04121408239006996,10,10
53,-0.04020242393016815,0.04020237922668457,10,10
54,-0.03944196552038193,0.03944194316864014,10,10
55,-0.037060126662254333,0.03706014156341553,10,10
56,-0.04229021444916725,0.040333621203899384,10,10
57,-0.042802151292562485,0.0428021177649498,10,10
58,-0.04273449257016182,0.042734503746032715,10,10
59,-0.042997073382139206,0.03984687104821205,10,10
60,-0.04329105466604233,0.04329104349017143,10,10
61,-0.04253464192152023,0.03776911273598671,10,10
62,-0.04298584163188934,0.04298587143421173,10,10
63,-0.038399290293455124,0.038399338722229004,10,10
64,-0.03861386701464653,0.03861391544342041,10,10
65,-0.04220663383603096,0.03798699378967285,10,10
66,-0.0399179644882679,0.039917945861816406,10,10
67,-0.03605814650654793,0.03605818748474121,10,10
68,-0.037869274616241455,0.03783917427062988,10,10
69,-0.04283712059259415,0.03757910057902336,10,10
70,-0.041979022324085236,0.041979074478149414,10,10
71,-0.04166730120778084,0.04166734218597412,10,10
72,-0.03691021353006363,0.036910176277160645,10,10
73,-0.03697710856795311,0.03697705268859863,10,10
74,-0.04257948696613312,0.03915047645568848,10,10
75,-0.03686562553048134,0.03686559200286865,10,10
76,-0.04259098693728447,0.04059255123138428,10,10
77,-0.03848281130194664,0.03848278522491455,10,10
78,-0.03796641528606415,0.03796645253896713,10,10
79,-0.03683255612850189,0.036832571029663086,10,10
80,-0.036467619240283966,0.036467671394348145,10,10
81,-0.03939418867230415,0.03939414024353027,10,10
82,-0.04299444705247879,0.04299444705247879,10,10
83,-0.039945751428604126,0.03994572162628174,10,10
84,-0.04100852087140083,0.035419464111328125,10,10
85,-0.03797898814082146,0.03797900676727295,10,10
86,-0.040975455194711685,0.04097545146942139,10,10
87,-0.042406413704156876,0.03983724117279053,10,10
88,-0.039804551750421524,0.038924578577280045,10,10
0,0.03491806611418724,0.03491812199354172,0,10
1,0.029722897335886955,0.029722949489951134,0,10
2,0.025855883955955505,0.025855936110019684,0,10
3,0.021306244656443596,0.021306294947862625,0,10
4,0.017473295331001282,0.017473353073000908,0,10
5,0.014462392777204514,0.014462440274655819,0,10
6,0.011383762583136559,0.011383808217942715,0,10
7,0.00797039084136486,0.007970434613525867,0,10
8,0.007221930660307407,0.007221950683742762,0,10
9,0.005904095713049173,0.005904071964323521,0,10
10,0.004550311714410782,0.004550299607217312,0,10
11,0.0037368538323789835,0.0037368738558143377,0,10
12,0.0022270854096859694,0.0022270907647907734,0,10
13,0.0019420651951804757,0.001942037371918559,0,10
14,0.0011005222331732512,0.0010068699484691024,0,10
15,0.001546840532682836,0.0015468604397028685,0,10
16,0.0009656050824560225,0.0009656036272644997,0,10
17,0.0011683482443913817,0.0011683418415486813,0,10
18,-3.672618913697079e-05,3.6716461181640625e-05,10,10
19,0.000533788581378758,0.0005338064511306584,0,10
20,0.0006892802193760872,0.0006893319659866393,0,10
21,-0.0003699078515637666,0.0003699064254760742,10,10
22,0.00011625342449406162,0.00011629310756688938,0,10
23,-0.00011840670049423352,0.00011843687389045954,10,10
24,-0.00015585384971927851,0.0001558065414428711,10,10
25,-0.00021217680478002876,0.00021222872601356357,10,10
26,-1.389281442243373e-05,1.3947486877441406e-05,10,10
27,3.8069840684329392e-06,3.852231202472467e-06,0,10
28,0.00037979354965500534,0.00037980175693519413,0,10
29,-0.0001279358984902501,0.00012791156768798828,10,10
30,0.00034000774030573666,0.0003400189452804625,0,10
31,-0.00031356411636807024,0.00031352866790257394,10,10
32,-0.0009552771225571632,0.0009552240371704102,10,10
33,-0.0009186622337438166,0.0009186267852783203,10,10
34,-0.0010966805275529623,0.0010868310928344727,10,10
35,-0.0009432445513084531,0.000943303108215332,10,10
36,-0.001701035420410335,0.001670754631049931,10,10
37,-0.0015822669956833124,0.0015088319778442383,10,10
38,-0.0020574142690747976,0.0020574331283569336,10,10
39,-0.002038154983893037,0.002038121223449707,10,10
40,-0.002759519498795271,0.002759575843811035,10,10
41,-0.003739346284419298,0.0037393569946289062,10,10
42,-0.004689078778028488,0.0046890974044799805,10,10
43,-0.005491722375154495,0.005491733551025391,10,10
44,-0.00720358407124877,0.007203578948974609,10,10
45,-0.0079245800152421,0.007205345202237368,10,10
46,-0.01026904582977295,0.010269032791256905,10,10
47,-0.012329493649303913,0.012329459190368652,10,10
48,-0.016374196857213974,0.01637423038482666,10,10
49,-0.02048105001449585,0.020481036975979805,10,10
50,-0.025423036888241768,0.025423049926757812,10,10
51,-0.03273194283246994,0.032731980085372925,10,10
52,-0.04121411591768265,0.038358330726623535,10,10
53,-0.04020242393016815,0.040202390402555466,10,10
54,-0.03944196552038193,0.034949660301208496,10,10
55,-0.037060126662254333,0.03706014156341553,10,10
56,-0.04229021444916725,0.04229021072387695,10,10
57,-0.042802151292562485,0.04000735282897949,10,10
58,-0.04273449257016182,0.042734503746032715,10,10
59,-0.042997073382139206,0.0358378104865551,10,10
60,-0.04329105466604233,0.04024350643157959,10,10
61,-0.04253464192152023,0.04253467917442322,10,10
62,-0.04298584163188934,0.04298579692840576,10,10
63,-0.038399290293455124,0.038399338722229004,10,10
64,-0.03861386701464653,0.03861391544342041,10,10
65,-0.04220663383603096,0.03827832639217377,10,10
66,-0.0399179644882679,0.039917945861816406,10,10
67,-0.03605814650654793,0.03605817258358002,10,10
68,-0.037869274616241455,0.03786933422088623,10,10
69,-0.04283712059259415,0.04283714294433594,10,10
70,-0.041979022324085236,0.03946971893310547,10,10
71,-0.04166730120778084,0.041667260229587555,10,10
72,-0.03691021353006363,0.03691026568412781,10,10
73,-0.03697710856795311,0.03697705268859863,10,10
74,-0.04257948696613312,0.042579542845487595,10,10
75,-0.03686562553048134,0.03669846057891846,10,10
76,-0.04259098693728447,0.038266539573669434,10,10
77,-0.03848281130194664,0.03848280385136604,10,10
78,-0.03796641528606415,0.03796638920903206,10,10
79,-0.03683255612850189,0.03683258965611458,10,10
80,-0.036467619240283966,0.036467667669057846,10,10
81,-0.03939418867230415,0.03939414024353027,10,10
82,-0.04299444705247879,0.042909860610961914,10,10
83,-0.039945751428604126,0.0376708097755909,10,10
84,-0.04100852087140083,0.04081583023071289,10,10
85,-0.03797898814082146,0.03797898441553116,10,10
86,-0.040975455194711685,0.04097545146942139,10,10
87,-0.042406413704156876,0.04240640252828598,10,10
88,-0.039804551750421524,0.03327679634094238,10,10
89,-0.043060868978500366,0.04156601428985596,10,10
0,0.03491806611418724,0.03491812199354172,0,10
1,0.029722897335886955,0.029722949489951134,0,10
2,0.025855883955955505,0.025855936110019684,0,10
3,0.021306244656443596,0.021306300535798073,0,10
4,0.017473295331001282,0.01747334562242031,0,10
5,0.014462392777204514,0.014462442137300968,0,10
6,0.011383762583136559,0.01138380542397499,0,10
7,0.00797039084136486,0.007970438338816166,0,10
8,0.007221930660307407,0.007221989333629608,0,10
9,0.005904095713049173,0.005904125515371561,0,10
10,0.004550311714410782,0.0045503247529268265,0,10
11,0.0037368538323789835,0.0037369001656770706,0,10
12,0.0022270854096859694,0.0022270919289439917,0,10
13,0.0019420651951804757,0.0019420440075919032,0,10
14,0.0011005222331732512,0.0011005260748788714,0,10
15,0.001546840532682836,0.0015468683559447527,0,10
16,0.0009656050824560225,0.0009656468173488975,0,10
17,0.0011683482443913817,0.0011683538323268294,0,10
18,-3.672618913697079e-05,3.6716461181640625e-05,10,10
19,0.000533788581378758,0.0005338361370377243,0,10
20,0.0006892802193760872,0.0006893358076922596,0,10
21,-0.0003699078515637666,0.0003698954242281616,10,10
22,0.00011625342449406162,0.00010893528815358877,0,10
23,-0.00011840670049423352,0.00011837629426736385,10,10
24,-0.00015585384971927851,0.0001558065414428711,10,10
25,-0.00021217680478002876,0.00021216599270701408,10,10
26,-1.389281442243373e-05,1.3947486877441406e-05,10,10
27,3.8069840684329392e-06,3.833184564427938e-06,0,10
28,0.00037979354965500534,0.0003798286779783666,0,10
29,-0.0001279358984902501,0.000127923529362306,10,10
30,0.00034000774030573666,0.00033999705919995904,0,10
31,-0.00031356411636807024,0.0003135204315185547,10,10
32,-0.0009552771225571632,0.0009552240371704102,10,10
33,-0.0009186622337438166,0.0009186267852783203,10,10
34,-0.0010966805275529623,0.0010967254638671875,10,10
35,-0.0009432445513084531,0.000943303108215332,10,10
36,-0.001701035420410335,0.0017009973526000977,10,10
37,-0.0015822669956833124,0.00158227002248168,10,10
38,-0.0020574142690747976,0.0019837617874145508,10,10
39,-0.002038154983893037,0.002038121223449707,10,10
40,-0.002759519498795271,0.002759575843811035,10,10
41,-0.003739346284419298,0.0037393569946289062,10,10
42,-0.004689078778028488,0.0046890974044799805,10,10
43,-0.005491722375154495,0.005491691175848246,10,10
44,-0.00720358407124877,0.007203578948974609,10,10
45,-0.0079245800152421,0.007924556732177734,10,10
46,-0.01026904582977295,0.01026904582977295,10,10
47,-0.012329493649303913,0.01232946291565895,10,10
48,-0.016374196857213974,0.01637423038482666,10,10
49,-0.02048105001449585,0.020481109619140625,10,10
50,-0.025423036888241768,0.025423049926757812,10,10
51,-0.03273194283246994,0.03273196518421173,10,10
52,-0.04121411591768265,0.04121405631303787,10,10
53,-0.04020242393016815,0.04020237922668457,10,10
54,-0.03944196552038193,0.03944194316864014,10,10
55,-0.037060126662254333,0.03706014156341553,10,10
56,-0.04229021444916725,0.036719679832458496,10,10
57,-0.042802151292562485,0.0428021065890789,10,10
58,-0.04273449257016182,0.04057314246892929,10,10
59,-0.042997073382139206,0.04152745008468628,10,10
60,-0.04329105466604233,0.04329102113842964,10,10
61,-0.04253464192152023,0.042447324842214584,10,10
62,-0.04298584163188934,0.04184558242559433,10,10
63,-0.038399290293455124,0.03839933127164841,10,10
64,-0.03861386701464653,0.03505098819732666,10,10
65,-0.04220663383603096,0.04220663383603096,10,10
66,-0.0399179644882679,0.039917945861816406,10,10
67,-0.03605814650654793,0.03442646190524101,10,10
68,-0.037869274616241455,0.03786933422088623,10,10
69,-0.04283712059259415,0.041272640228271484,10,10
70,-0.041979022324085236,0.04197901859879494,10,10
71,-0.04166730120778084,0.041667260229587555,10,10
72,-0.03691021353006363,0.036910250782966614,10,10
73,-0.03697710856795311,0.03697705268859863,10,10
74,-0.04257948696613312,0.04161348193883896,10,10
75,-0.03686562553048134,0.03686559200286865,10,10
76,-0.04259098693728447,0.03953325375914574,10,10
77,-0.03848281130194664,0.03848278522491455,10,10
78,-0.03796641528606415,0.037966370582580566,10,10
79,-0.03683255612850189,0.036832548677921295,10,10
80,-0.036467619240283966,0.036467671394348145,10,10
81,-0.03939418867230415,0.03939414024353027,10,10
82,-0.04299444705247879,0.04299449920654297,10,10
83,-0.039945751428604126,0.037009596824645996,10,10
84,-0.04100852087140083,0.03912580385804176,10,10
85,-0.03797898814082146,0.03797903656959534,10,10
86,-0.040975455194711685,0.04097545146942139,10,10
87,-0.042406413704156876,0.04240643233060837,10,10
88,-0.039804551750421524,0.03861033916473389,10,10
89,-0.043060868978500366,0.043060898780822754,10,10
90,-0.04295197129249573,0.04295194149017334,10,10
0,0.03491806611418724,0.034918107092380524,0,10
1,0.029722897335886955,0.029722947627305984,0,10
2,0.025855883955955505,0.02585594356060028,0,10
3,0.021306244656443596,0.021306300535798073,0,10
4,0.017473295331001282,0.017473353073000908,0,10
5,0.014462392777204514,0.01446243841201067,0,10
6,0.011383762583136559,0.01138381753116846,0,10
7,0.00797039084136486,0.007970446720719337,0,10
8,0.007221930660307407,0.0072219492867589,0,10
9,0.005904095713049173,0.005904116667807102,0,10
10,0.004550311714410782,0.004550365265458822,0,10
11,0.0037368538323789835,0.0037369029596447945,0,10
12,0.0022270854096859694,0.0021325568668544292,0,10
13,0.0019420651951804757,0.0019420990720391273,0,10
14,0.0011005222331732512,0.0011005791602656245,0,10
15,0.001546840532682836,0.0015468918718397617,0,10
16,0.0009656050824560225,0.000965557002928108,0,10
17,0.0011683482443913817,0.001162786385975778,0,10
18,-3.672618913697079e-05,3.6716461181640625e-05,10,10
19,0.000533788581378758,0.0005338264745660126,0,10
20,0.0006892802193760872,0.0006892996607348323,0,10
21,-0.0003699078515637666,0.0003699064254760742,10,10
22,0.00011625342449406162,0.00011630191147560254,0,10
23,-0.00011840670049423352,0.00011837482452392578,10,10
24,-0.00015585384971927851,0.0001558065414428711,10,10
25,-0.00021217680478002876,0.00021219253540039062,10,10
26,-1.389281442243373e-05,1.385745872539701e-05,10,10
27,3.8069840684329392e-06,3.815388936345698e-06,0,10
28,0.00037979354965500534,0.0003798504185397178,0,10
29,-0.0001279358984902501,0.00012540817260742188,10,10
30,0.00034000774030573666,0.0003399854467716068,0,10
31,-0.00031356411636807024,0.0003135204315185547,10,10
32,-0.0009552771225571632,0.0009552240371704102,10,10
33,-0.0009186622337438166,0.0009186267852783203,10,10
34,-0.0010966805275529623,0.0010967254638671875,10,10
35,-0.0009432445513084531,0.0008914470672607422,10,10
36,-0.001701035420410335,0.0015454292297363281,10,10
37,-0.0015822669956833124,0.0015822649002075195,10,10
38,-0.0020574142690747976,0.0020574331283569336,10,10
39,-0.002038154983893037,0.002038121223449707,10,10
40,-0.002759519498795271,0.002759575843811035,10,10
41,-0.003739346284419298,0.0037393616512417793,10,10
42,-0.004689078778028488,0.00468909926712513,10,10
43,-0.005491722375154495,0.005491733551025391,10,10
44,-0.00720358407124877,0.007203578948974609,10,10
45,-0.0079245800152421,0.007924556732177734,10,10
46,-0.01026904582977295,0.01026904582977295,10,10
47,-0.012329493649303913,0.012329459190368652,10,10
48,-0.016374196857213974,0.01637418381869793,10,10
49,-0.02048105001449585,0.020481109619140625,10,10
50,-0.025423036888241768,0.025423049926757812,10,10
51,-0.03273194283246994,0.03273189067840576,10,10
52,-0.04121411591768265,0.04121410846710205,10,10
53,-0.04020242393016815,0.04020240530371666,10,10
54,-0.03944196552038193,0.038182616233825684,10,10
55,-0.037060126662254333,0.03526568412780762,10,10
56,-0.04229021444916725,0.04229024425148964,10,10
57,-0.042802151292562485,0.04268580302596092,10,10
58,-0.04273449257016182,0.04273451492190361,10,10
59,-0.042997073382139206,0.03766036033630371,10,10
60,-0.04329105466604233,0.04311805218458176,10,10
61,-0.04253464192152023,0.042534589767456055,10,10
62,-0.04298584163188934,0.04298579692840576,10,10
63,-0.038399290293455124,0.038399338722229004,10,10
64,-0.03861386701464653,0.03861384838819504,10,10
65,-0.04220663383603096,0.03759920597076416,10,10
66,-0.0399179644882679,0.039917945861816406,10,10
67,-0.03605814650654793,0.03605818748474121,10,10
68,-0.037869274616241455,0.03786927089095116,10,10
69,-0.04283712059259415,0.03839685022830963,10,10
70,-0.041979022324085236,0.03905987739562988,10,10
71,-0.04166730120778084,0.04166734218597412,10,10
72,-0.03691021353006363,0.033420681953430176,10,10
73,-0.03697710856795311,0.03258371353149414,10,10
74,-0.04257948696613312,0.04071849584579468,10,10
75,-0.03686562553048134,0.036865659058094025,10,10
76,-0.04259098693728447,0.042590998113155365,10,10
77,-0.03848281130194664,0.03848278522491455,10,10
78,-0.03796641528606415,0.037966370582580566,10,10
79,-0.03683255612850189,0.03683257848024368,10,10
80,-0.036467619240283966,0.036467671394348145,10,10
81,-0.03939418867230415,0.03939414024353027,10,10
82,-0.04299444705247879,0.04299449920654297,10,10
83,-0.039945751428604126,0.03994572162628174,10,10
84,-0.04100852087140083,0.04100847244262695,10,10
85,-0.03797898814082146,0.03797900676727295,10,10
86,-0.040975455194711685,0.04097547009587288,10,10
87,-0.042406413704156876,0.042406439781188965,10,10
88,-0.039804551750421524,0.03980459272861481,10,10
89,-0.043060868978500366,0.043060895055532455,10,10
90,-0.04295197129249573,0.03602887690067291,10,10
91,-0.04189819097518921,0.041898213326931,10,10
0,0.03491806611418724,0.03491812199354172,0,10
1,0.029722897335886955,0.02972295507788658,0,10
2,0.025855883955955505,0.02585594356060028,0,10
3,0.021306244656443596,0.021306296810507774,0,10
4,0.017473295331001282,0.01747334562242031,0,10
5,0.014462392777204514,0.014462421648204327,0,10
6,0.011383762583136559,0.01138381939381361,0,10
7,0.00797039084136486,0.007970391772687435,0,10
8,0.007221930660307407,0.007221988867968321,0,10
9,0.005904095713049173,0.005904088728129864,0,10
10,0.004550311714410782,0.004550307989120483,0,10
11,0.0037368538323789835,0.003736832644790411,0,10
12,0.0022270854096859694,0.0022271201014518738,0,10
13,0.0019420651951804757,0.0019420805620029569,0,10
14,0.0011005222331732512,0.0011005785781890154,0,10
15,0.001546840532682836,0.0015468597412109375,0,10
16,0.0009656050824560225,0.0009656557813286781,0,10
17,0.0011683482443913817,0.0011682998156175017,0,10
18,-3.672618913697079e-05,3.6716461181640625e-05,10,10
19,0.000533788581378758,0.0005337872426025569,0,10
20,0.0006892802193760872,0.000689326785504818,0,10
21,-0.0003699078515637666,0.0003699064254760742,10,10
22,0.00011625342449406162,0.00011627194908214733,0,10
23,-0.00011840670049423352,0.00011837482452392578,10,10
24,-0.00015585384971927851,0.0001558065414428711,10,10
25,-0.00021217680478002876,0.00021219253540039062,10,10
26,-1.389281442243373e-05,1.3947486877441406e-05,10,10
27,3.8069840684329392e-06,3.841268153337296e-06,0,10
28,0.00037979354965500534,0.0003798411344178021,0,10
29,-0.0001279358984902501,0.00012791156768798828,10,10
30,0.00034000774030573666,0.00034001871244981885,0,10
31,-0.00031356411636807024,0.0003135204315185547,10,10
32,-0.0009552771225571632,0.0009552240371704102,10,10
33,-0.0009186622337438166,0.0009187085088342428,10,10
34,-0.0010966805275529623,0.0010967254638671875,10,10
35,-0.0009432445513084531,0.000943202234338969,10,10
36,-0.001701035420410335,0.0017009973526000977,10,10
37,-0.0015822669956833124,0.0015822649002075195,10,10
38,-0.0020574142690747976,0.0020574331283569336,10,10
39,-0.002038154983893037,0.0018880367279052734,10,10
40,-0.002759519498795271,0.002759575843811035,10,10
41,-0.003739346284419298,0.0037393569946289062,10,10
42,-0.004689078778028488,0.0046891081146895885,10,10
43,-0.005491722375154495,0.005491733551025391,10,10
44,-0.00720358407124877,0.007203578948974609,10,10
45,-0.0079245800152421,0.007924623787403107,10,10
46,-0.01026904582977295,0.010269041173160076,10,10
47,-0.012329493649303913,0.012329459190368652,10,10
48,-0.016374196857213974,0.01637423038482666,10,10
49,-0.02048105001449585,0.020481109619140625,10,10
50,-0.025423036888241768,0.025423014536499977,10,10
51,-0.03273194283246994,0.03273199498653412,10,10
52,-0.04121411591768265,0.033969148993492126,10,10
53,-0.04020242393016815,0.04020237922668457,10,10
54,-0.03944196552038193,0.03944193944334984,10,10
55,-0.037060126662254333,0.03706014156341553,10,10
56,-0.04229021444916725,0.03807210922241211,10,10
57,-0.042802151292562485,0.03779399394989014,10,10
58,-0.04273449257016182,0.03701591491699219,10,10
59,-0.042997073382139206,0.042997121810913086,10,10
60,-0.04329105466604233,0.04163574427366257,10,10
61,-0.04253464192152023,0.042534589767456055,10,10
62,-0.04298584163188934,0.041617393493652344,10,10
63,-0.038399290293455124,0.038399338722229004,10,10
64,-0.03861386701464653,0.03861391544342041,10,10
65,-0.04220663383603096,0.03943991661071777,10,10
66,-0.0399179644882679,0.039917945861816406,10,10
67,-0.03605814650654793,0.03605818748474121,10,10
68,-0.037869274616241455,0.037869296967983246,10,10
69,-0.04283712059259415,0.04283714294433594,10,10
70,-0.041979022324085236,0.041979074478149414,10,10
71,-0.04166730120778084,0.04101741313934326,10,10
72,-0.03691021353006363,0.03691026195883751,10,10
73,-0.03697710856795311,0.03697705268859863,10,10
74,-0.04257948696613312,0.0425795316696167,10,10
75,-0.03686562553048134,0.036865610629320145,10,10
76,-0.04259098693728447,0.04098493605852127,10,10
77,-0.03848281130194664,0.03848278522491455,10,10
78,-0.03796641528606415,0.037966370582580566,10,10
79,-0.03683255612850189,0.036249756813049316,10,10
80,-0.036467619240283966,0.036467671394348145,10,10
81,-0.03939418867230415,0.03939417749643326,10,10
82,-0.04299444705247879,0.04299449920654297,10,10
83,-0.039945751428604126,0.03994572162628174,10,10
84,-0.04100852087140083,0.03958916664123535,10,10
85,-0.03797898814082146,0.03797900676727295,10,10
86,-0.040975455194711685,0.040975455194711685,10,10
87,-0.042406413704156876,0.04230000078678131,10,10
88,-0.039804551750421524,0.03980451077222824,10,10
89,-0.043060868978500366,0.043060898780822754,10,10
90,-0.04295197129249573,0.04295194149017334,10,10
91,-0.04189819097518921,0.041898131370544434,10,10
92,-0.04166019707918167,0.04166025295853615,10,10
0,0.03491806611418724,0.03491808474063873,0,10
1,0.029722897335886955,0.029722945764660835,0,10
2,0.025855883955955505,0.02585591934621334,0,10
3,0.021306244656443596,0.021306296810507774,0,10
4,0.017473295331001282,0.017473353073000908,0,10
5,0.014462392777204514,0.014462445862591267,0,10
6,0.011383762583136559,0.01138378493487835,0,10
7,0.00797039084136486,0.007970442995429039,0,10
8,0.007221930660307407,0.0072219716385006905,0,10
9,0.005904095713049173,0.005904085002839565,0,10
10,0.004550311714410782,0.004550287500023842,0,10
11,0.0037368538323789835,0.0037368859630078077,0,10
12,0.0022270854096859694,0.0022271319758147,0,10
13,0.0019420651951804757,0.0019421158358454704,0,10
14,0.0011005222331732512,0.0011005467968061566,0,10
15,0.001546840532682836,0.0015468884957954288,0,10
16,0.0009656050824560225,0.0009414695086888969,0,10
17,0.0011683482443913817,0.001168378279544413,0,10
18,-3.672618913697079e-05,3.2782554626464844e-05,10,10
19,0.000533788581378758,0.0005337661132216454,0,10
20,0.0006892802193760872,0.0006892236997373402,0,10
21,-0.0003699078515637666,0.0003699064254760742,10,10
22,0.00011625342449406162,0.00011625429760897532,0,10
23,-0.00011840670049423352,0.00011837482452392578,10,10
24,-0.00015585384971927851,0.0001556873321533203,10,10
25,-0.00021217680478002876,0.00021219253540039062,10,10
26,-1.389281442243373e-05,1.3889785805076826e-05,10,10
27,3.8069840684329392e-06,3.849932454613736e-06,0,10
28,0.00037979354965500534,0.0003798108664341271,0,10
29,-0.0001279358984902501,0.00012791156768798828,10,10
30,0.00034000774030573666,0.0003399774432182312,0,10
31,-0.00031356411636807024,0.0003135204315185547,10,10
32,-0.0009552771225571632,0.000955231545958668,10,10
33,-0.0009186622337438166,0.0009186267852783203,10,10
34,-0.0010966805275529623,0.0010967254638671875,10,10
35,-0.0009432445513084531,0.000943303108215332,10,10
36,-0.001701035420410335,0.0017009973526000977,10,10
37,-0.0015822669956833124,0.0015822649002075195,10,10
38,-0.0020574142690747976,0.0020574331283569336,10,10
39,-0.002038154983893037,0.002038121223449707,10,10
40,-0.002759519498795271,0.002759575843811035,10,10
41,-0.003739346284419298,0.00354630290530622,10,10
42,-0.004689078778028488,0.0046890974044799805,10,10
43,-0.005491722375154495,0.005491755902767181,10,10
44,-0.00720358407124877,0.007203578948974609,10,10
45,-0.0079245800152421,0.007924556732177734,10,10
46,-0.01026904582977295,0.010269070975482464,10,10
47,-0.012329493649303913,0.012329459190368652,10,10
48,-0.016374196857213974,0.01637423038482666,10,10
49,-0.02048105001449585,0.020481057465076447,10,10
50,-0.025423036888241768,0.025423049926757812,10,10
51,-0.03273194283246994,0.03273198753595352,10,10
52,-0.04121411591768265,0.04121410846710205,10,10
53,-0.04020242393016815,0.04020240530371666,10,10
54,-0.03944196552038193,0.039442021399736404,10,10
55,-0.037060126662254333,0.031456589698791504,10,10
56,-0.04229021444916725,0.04120970144867897,10,10
57,-0.042802151292562485,0.0424739234149456,10,10
58,-0.04273449257016182,0.04169273376464844,10,10
59,-0.042997073382139206,0.04299710690975189,10,10
60,-0.04329105466604233,0.04329109191894531,10,10
61,-0.04253464192152023,0.041930317878723145,10,10
62,-0.04298584163188934,0.04146528244018555,10,10
63,-0.038399290293455124,0.03839924558997154,10,10
64,-0.03861386701464653,0.03861391544342041,10,10
65,-0.04220663383603096,0.042206645011901855,10,10
66,-0.0399179644882679,0.03420460224151611,10,10
67,-0.03605814650654793,0.0360582061111927,10,10
68,-0.037869274616241455,0.037869296967983246,10,10
69,-0.04283712059259415,0.04283716902136803,10,10
70,-0.041979022324085236,0.041979074478149414,10,10
71,-0.04166730120778084,0.04166734218597412,10,10
72,-0.03691021353006363,0.036910247057676315,10,10
73,-0.03697710856795311,0.03697705268859863,10,10
74,-0.04257948696613312,0.03801829367876053,10,10
75,-0.03686562553048134,0.03686567768454552,10,10
76,-0.04259098693728447,0.042590975761413574,10,10
77,-0.03848281130194664,0.03848281875252724,10,10
78,-0.03796641528606415,0.03796636313199997,10,10
79,-0.03683255612850189,0.03578495979309082,10,10
80,-0.036467619240283966,0.033528804779052734,10,10
81,-0.03939418867230415,0.03939414024353027,10,10
82,-0.04299444705247879,0.042994432151317596,10,10
83,-0.039945751428604126,0.03994572162628174,10,10
84,-0.04100852087140083,0.04100847244262695,10,10
85,-0.03797898814082146,0.03797900676727295,10,10
86,-0.040975455194711685,0.04097545146942139,10,10
87,-0.042406413704156876,0.042406439781188965,10,10
88,-0.039804551750421524,0.03980456292629242,10,10
89,-0.043060868978500366,0.043060898780822754,10,10
90,-0.04295197129249573,0.04295194149017334,10,10
91,-0.04189819097518921,0.04189819097518921,10,10
92,-0.04166019707918167,0.040750741958618164,10,10
93,-0.04094427078962326,0.04094421863555908,10,10
0,0.03491806611418724,0.03491812199354172,0,10
1,0.029722897335886955,0.029722951352596283,0,10
2,0.025855883955955505,0.025855928659439087,0,10
3,0.021306244656443596,0.021306291222572327,0,10
4,0.017473295331001282,0.017473353073000908,0,10
5,0.014462392777204514,0.014462445862591267,0,10
6,0.011383762583136559,0.011383797973394394,0,10
7,0.00797039084136486,0.007970440201461315,0,10
8,0.007221930660307407,0.0072219776920974255,0,10
9,0.005904095713049173,0.005904082208871841,0,10
10,0.004550311714410782,0.004550288897007704,0,10
11,0.0037368538323789835,0.003736893180757761,0,10
12,0.0022270854096859694,0.0022270868066698313,0,10
13,0.0019420651951804757,0.0019421189790591598,0,10
14,0.0011005222331732512,0.001100562047213316,0,10
15,0.001546840532682836,0.0015468725468963385,0,10
16,0.0009656050824560225,0.0009655826142989099,0,10
17,0.0011683482443913817,0.0010742110898718238,0,10
18,-3.672618913697079e-05,3.6716461181640625e-05,10,10
19,0.000533788581378758,0.0005338133196346462,0,10
20,0.0006892802193760872,0.0006893096724525094,0,10
21,-0.0003699078515637666,0.0003699064254760742,10,10
22,0.00011625342449406162,0.00011630850349320099,0,10
23,-0.00011840670049423352,0.00011842877574963495,10,10
24,-0.00015585384971927851,0.0001558314252179116,10,10
25,-0.00021217680478002876,0.00021219253540039062,10,10
26,-1.389281442243373e-05,1.3947486877441406e-05,10,10
27,3.8069840684329392e-06,3.793937594309682e-06,0,10
28,0.00037979354965500534,0.00037974040606059134,0,10
29,-0.0001279358984902501,0.00012791156768798828,10,10
30,0.00034000774030573666,0.00034001184394583106,0,10
31,-0.00031356411636807024,0.0003135506121907383,10,10
32,-0.0009552771225571632,0.000935673713684082,10,10
33,-0.0009186622337438166,0.0009186267852783203,10,10
34,-0.0010966805275529623,0.0010967350099235773,10,10
35,-0.0009432445513084531,0.000943303108215332,10,10
36,-0.001701035420410335,0.0017009973526000977,10,10
37,-0.0015822669956833124,0.0015822649002075195,10,10
38,-0.0020574142690747976,0.0020574331283569336,10,10
39,-0.002038154983893037,0.002038121223449707,10,10
40,-0.002759519498795271,0.0026110410690307617,10,10
41,-0.003739346284419298,0.0037393756210803986,10,10
42,-0.004689078778028488,0.0046890974044799805,10,10
43,-0.005491722375154495,0.005491733551025391,10,10
44,-0.00720358407124877,0.007203578948974609,10,10
45,-0.0079245800152421,0.007809638977050781,10,10
46,-0.01026904582977295,0.010152412578463554,10,10
47,-0.012329493649303913,0.011402368545532227,10,10
48,-0.016374196857213974,0.01637423038482666,10,10
49,-0.02048105001449585,0.020481109619140625,10,10
50,-0.025423036888241768,0.025423049926757812,10,10
51,-0.03273194283246994,0.03258252143859863,10,10
52,-0.04121411591768265,0.041214119642972946,10,10
53,-0.04020242393016815,0.04020243138074875,10,10
54,-0.03944196552038193,0.03770480677485466,10,10
55,-0.037060126662254333,0.03706014156341553,10,10
56,-0.04229021444916725,0.03913688659667969,10,10
57,-0.042802151292562485,0.04145027697086334,10,10
58,-0.04273449257016182,0.03925317898392677,10,10
59,-0.042997073382139206,0.042997121810913086,10,10
60,-0.04329105466604233,0.04329107329249382,10,10
61,-0.04253464192152023,0.03466925024986267,10,10
62,-0.04298584163188934,0.04298579692840576,10,10
63,-0.038399290293455124,0.038399338722229004,10,10
64,-0.03861386701464653,0.035152554512023926,10,10
65,-0.04220663383603096,0.039163947105407715,10,10
66,-0.0399179644882679,0.039917945861816406,10,10
67,-0.03605814650654793,0.03605816140770912,10,10
68,-0.037869274616241455,0.03786933422088623,10,10
69,-0.04283712059259415,0.042837124317884445,10,10
70,-0.041979022324085236,0.03834259510040283,10,10
71,-0.04166730120778084,0.04166734218597412,10,10
72,-0.03691021353006363,0.036910176277160645,10,10
73,-0.03697710856795311,0.03697705268859863,10,10
74,-0.04257948696613312,0.04199046269059181,10,10
75,-0.03686562553048134,0.03686559200286865,10,10
76,-0.04259098693728447,0.036383870989084244,10,10
77,-0.03848281130194664,0.03848278522491455,10,10
78,-0.03796641528606415,0.03432736173272133,10,10
79,-0.03683255612850189,0.03683260455727577,10,10
80,-0.036467619240283966,0.036467671394348145,10,10
81,-0.03939418867230415,0.03939414024353027,10,10
82,-0.04299444705247879,0.04025602340698242,10,10
83,-0.039945751428604126,0.03994572162628174,10,10
84,-0.04100852087140083,0.04100847244262695,10,10
85,-0.03797898814082146,0.036384474486112595,10,10
86,-0.040975455194711685,0.04097545146942139,10,10
87,-0.042406413704156876,0.03783893585205078,10,10
88,-0.039804551750421524,0.03980457782745361,10,10
89,-0.043060868978500366,0.043060824275016785,10,10
90,-0.04295197129249573,0.042951975017786026,10,10
91,-0.04189819097518921,0.0409693717956543,10,10
92,-0.04166019707918167,0.04166015610098839,10,10
93,-0.04094427078962326,0.04094421863555908,10,10
94,-0.04087257757782936,0.03710746765136719,10,10
0,0.03491806611418724,0.03491812199354172,0,10
1,0.029722897335886955,0.029722953215241432,0,10
2,0.025855883955955505,0.025855939835309982,0,10
3,0.021306244656443596,0.021306296810507774,0,10
4,0.017473295331001282,0.01747334748506546,0,10
5,0.014462392777204514,0.014462432824075222,0,10
6,0.011383762583136559,0.011383798904716969,0,10
7,0.00797039084136486,0.007970442064106464,0,10
8,0.007221930660307407,0.007221930660307407,0,10
9,0.005904095713049173,0.00590411014854908,0,10
10,0.004550311714410782,0.004550356417894363,0,10
11,0.0037368538323789835,0.003736884333193302,0,10
12,0.0022270854096859694,0.0022271338384598494,0,10
13,0.0019420651951804757,0.0019420892931520939,0,10
14,0.0011005222331732512,0.0011005089618265629,0,10
15,0.001546840532682836,0.0015468490310013294,0,10
16,0.0009656050824560225,0.0009656404727138579,0,10
17,0.0011683482443913817,0.0011683270568028092,0,10
18,-3.672618913697079e-05,3.6716461181640625e-05,10,10
19,0.000533788581378758,0.0005338141927495599,0,10
20,0.0006892802193760872,0.0006893155514262617,0,10
21,-0.0003699078515637666,0.0003699083172250539,10,10
22,0.00011625342449406162,0.00011623901082202792,0,10
23,-0.00011840670049423352,0.00011843974789371714,10,10
24,-0.00015585384971927851,0.0001558065414428711,10,10
25,-0.00021217680478002876,0.00021215170272625983,10,10
26,-1.389281442243373e-05,1.3939123164163902e-05,10,10
27,3.8069840684329392e-06,3.763363793041208e-06,0,10
28,0.00037979354965500534,0.00037980935303494334,0,10
29,-0.0001279358984902501,0.00012791156768798828,10,10
30,0.00034000774030573666,0.00034000983578152955,0,10
31,-0.00031356411636807024,0.0003135204315185547,10,10
32,-0.0009552771225571632,0.0009552240371704102,10,10
33,-0.0009186622337438166,0.0009186267852783203,10,10
34,-0.0010966805275529623,0.0010544061660766602,10,10
35,-0.0009432445513084531,0.000943303108215332,10,10
36,-0.001701035420410335,0.0017009973526000977,10,10
37,-0.0015822669956833124,0.0015822649002075195,10,10
38,-0.0020574142690747976,0.0020574387162923813,10,10
39,-0.002038154983893037,0.002038121223449707,10,10
40,-0.002759519498795271,0.002759575843811035,10,10
41,-0.003739346284419298,0.0035959482192993164,10,10
42,-0.004689078778028488,0.0046890974044799805,10,10
43,-0.005491722375154495,0.005491733551025391,10,10
44,-0.00720358407124877,0.00720352865755558,10,10
45,-0.0079245800152421,0.007924556732177734,10,10
46,-0.01026904582977295,0.01026904582977295,10,10
47,-0.012329493649303913,0.012329459190368652,10,10
48,-0.016374196857213974,0.016374191269278526,10,10
49,-0.02048105001449585,0.020481109619140625,10,10
50,-0.025423036888241768,0.025423049926757812,10,10
51,-0.03273194283246994,0.03273189067840576,10,10
52,-0.04121411591768265,0.04121415317058563,10,10
53,-0.04020242393016815,0.03819775581359863,10,10
54,-0.03944196552038193,0.03944191709160805,10,10
55,-0.037060126662254333,0.03706014156341553,10,10
56,-0.04229021444916725,0.04229025915265083,10,10
57,-0.042802151292562485,0.040875792503356934,10,10
58,-0.04273449257016182,0.042734503746032715,10,10
59,-0.042997073382139206,0.042997121810913086,10,10
60,-0.04329105466604233,0.041351404041051865,10,10
61,-0.04253464192152023,0.04227173328399658,10,10
62,-0.04298584163188934,0.03947281837463379,10,10
63,-0.038399290293455124,0.03839925676584244,10,10
64,-0.03861386701464653,0.03861391544342041,10,10
65,-0.04220663383603096,0.042206645011901855,10,10
66,-0.0399179644882679,0.039917945861816406,10,10
67,-0.03605814650654793,0.03605818748474121,10,10
68,-0.037869274616241455,0.03786933422088623,10,10
69,-0.04283712059259415,0.042837146669626236,10,10
70,-0.041979022324085236,0.041979074478149414,10,10
71,-0.04166730120778084,0.04166727513074875,10,10
72,-0.03691021353006363,0.03650522232055664,10,10
73,-0.03697710856795311,0.0369771309196949,10,10
74,-0.04257948696613312,0.04257943481206894,10,10
75,-0.03686562553048134,0.03686561435461044,10,10
76,-0.04259098693728447,0.04259104281663895,10,10
77,-0.03848281130194664,0.03848278522491455,10,10
78,-0.03796641528606415,0.037966370582580566,10,10
79,-0.03683255612850189,0.03683258220553398,10,10
80,-0.036467619240283966,0.036467671394348145,10,10
81,-0.03939418867230415,0.03939414024353027,10,10
82,-0.04299444705247879,0.04299449920654297,10,10
83,-0.039945751428604126,0.038933753967285156,10,10
84,-0.04100852087140083,0.041008517146110535,10,10
85,-0.03797898814082146,0.03794064745306969,10,10
86,-0.040975455194711685,0.03540724888443947,10,10
87,-0.042406413704156876,0.04240639880299568,10,10
88,-0.039804551750421524,0.03980457782745361,10,10
89,-0.043060868978500366,0.04306089133024216,10,10
90,-0.04295197129249573,0.03599265217781067,10,10
91,-0.04189819097518921,0.041898131370544434,10,10
92,-0.04166019707918167,0.041660189628601074,10,10
93,-0.04094427078962326,0.04094421863555908,10,10
94,-0.04087257757782936,0.040872540324926376,10,10
95,-0.04076767340302467,0.040767669677734375,10,10
0,0.03491806611418724,0.03491809591650963,0,10
1,0.029722897335886955,0.02972293272614479,0,10
2,0.025855883955955505,0.025855939835309982,0,10
3,0.021306244656443596,0.02130628563463688,0,10
4,0.017473295331001282,0.017473353073000908,0,10
5,0.014462392777204514,0.014462451450526714,0,10
6,0.011383762583136559,0.011383791454136372,0,10
7,0.00797039084136486,0.007970449514687061,0,10
8,0.007221930660307407,0.007221928797662258,0,10
9,0.005904095713049173,0.005904111545532942,0,10
10,0.004550311714410782,0.004550307523459196,0,10
11,0.0037368538323789835,0.003736841958016157,0,10
12,0.0022270854096859694,0.002227095188573003,0,10
13,0.0019420651951804757,0.0019420976750552654,0,10
14,0.0011005222331732512,0.0011004941770806909,0,10
15,0.001546840532682836,0.0015468333149328828,0,10
16,0.0009656050824560225,0.0009656628826633096,0,10
17,0.0011683482443913817,0.0011684022611007094,0,10
18,-3.672618913697079e-05,3.6716461181640625e-05,10,10
19,0.000533788581378758,0.0005337938782759011,0,10
20,0.0006892802193760872,0.0006892364472150803,0,10
21,-0.0003699078515637666,0.0003699064254760742,10,10
22,0.00011625342449406162,0.00011627816274994984,0,10
23,-0.00011840670049423352,0.00011837482452392578,10,10
24,-0.00015585384971927851,0.000155898422235623,10,10
25,-0.00021217680478002876,0.00021219253540039062,10,10
26,-1.389281442243373e-05,1.3947486877441406e-05,10,10
27,3.8069840684329392e-06,3.750307769223582e-06,0,10
28,0.00037979354965500534,0.00037984890514053404,0,10
29,-0.0001279358984902501,0.00012791156768798828,10,10
30,0.00034000774030573666,0.0003400426940061152,0,10
31,-0.00031356411636807024,0.0003135204315185547,10,10
32,-0.0009552771225571632,0.0009553343406878412,10,10
33,-0.0009186622337438166,0.0009186267852783203,10,10
34,-0.0010966805275529623,0.0010966494446620345,10,10
35,-0.0009432445513084531,0.000943303108215332,10,10
36,-0.001701035420410335,0.0017009973526000977,10,10
37,-0.0015822669956833124,0.0015822649002075195,10,10
38,-0.0020574142690747976,0.0020574331283569336,10,10
39,-0.002038154983893037,0.002038121223449707,10,10
40,-0.002759519498795271,0.0025298595428466797,10,10
41,-0.003739346284419298,0.0037393569946289062,10,10
42,-0.004689078778028488,0.0046890974044799805,10,10
43,-0.005491722375154495,0.005491754971444607,10,10
44,-0.00720358407124877,0.007203578948974609,10,10
45,-0.0079245800152421,0.007924557663500309,10,10
46,-0.01026904582977295,0.01026904582977295,10,10
47,-0.012329493649303913,0.012329459190368652,10,10
48,-0.016374196857213974,0.01637423038482666,10,10
49,-0.02048105001449585,0.020481109619140625,10,10
50,-0.025423036888241768,0.025423049926757812,10,10
51,-0.03273194283246994,0.03273192420601845,10,10
52,-0.04121411591768265,0.04121410846710205,10,10
53,-0.04020242393016815,0.03538050875067711,10,10
54,-0.03944196552038193,0.03944196552038193,10,10
55,-0.037060126662254333,0.03706014156341553,10,10
56,-0.04229021444916725,0.04229021817445755,10,10
57,-0.042802151292562485,0.03556394577026367,10,10
58,-0.04273449257016182,0.04168035835027695,10,10
59,-0.042997073382139206,0.04299703985452652,10,10
60,-0.04329105466604233,0.04028940200805664,10,10
61,-0.04253464192152023,0.04253465682268143,10,10
62,-0.04298584163188934,0.042985860258340836,10,10
63,-0.038399290293455124,0.038399338722229004,10,10
64,-0.03861386701464653,0.03861391544342041,10,10
65,-0.04220663383603096,0.04220667481422424,10,10
66,-0.0399179644882679,0.03550642356276512,10,10
67,-0.03605814650654793,0.03605819493532181,10,10
68,-0.037869274616241455,0.03786921873688698,10,10
69,-0.04283712059259415,0.0393671989440918,10,10
70,-0.041979022324085236,0.03888987749814987,10,10
71,-0.04166730120778084,0.04166733846068382,10,10
72,-0.03691021353006363,0.036910176277160645,10,10
73,-0.03697710856795311,0.03579952195286751,10,10
74,-0.04257948696613312,0.04131520912051201,10,10
75,-0.03686562553048134,0.03686559200286865,10,10
76,-0.04259098693728447,0.03883242607116699,10,10
77,-0.03848281130194664,0.03848278522491455,10,10
78,-0.03796641528606415,0.037966370582580566,10,10
79,-0.03683255612850189,0.036832571029663086,10,10
80,-0.036467619240283966,0.036467671394348145,10,10
81,-0.03939418867230415,0.03481924533843994,10,10
82,-0.04299444705247879,0.03733956068754196,10,10
83,-0.039945751428604126,0.03994572162628174,10,10
84,-0.04100852087140083,0.04100850969552994,10,10
85,-0.03797898814082146,0.03797900676727295,10,10
86,-0.040975455194711685,0.039109647274017334,10,10
87,-0.042406413704156876,0.03486764430999756,10,10
88,-0.039804551750421524,0.03980457782745361,10,10
89,-0.043060868978500366,0.043060868978500366,10,10
90,-0.04295197129249573,0.038500573486089706,10,10
91,-0.04189819097518921,0.04189037159085274,10,10
92,-0.04166019707918167,0.041660141199827194,10,10
93,-0.04094427078962326,0.04094421863555908,10,10
94,-0.04087257757782936,0.040872592478990555,10,10
95,-0.04076767340302467,0.040767669677734375,10,10
96,-0.042879618704319,0.0428796261548996,10,10
0,0.03491806611418724,0.034918103367090225,0,10
1,0.029722897335886955,0.02972293086349964,0,10
2,0.025855883955955505,0.025855936110019684,0,10
3,0.021306244656443596,0.021306294947862625,0,10
4,0.017473295331001282,0.017473330721259117,0,10
5,0.014462392777204514,0.014462443999946117,0,10
6,0.011383762583136559,0.011383804492652416,0,10
7,0.00797039084136486,0.00797043927013874,0,10
8,0.007221930660307407,0.007221968844532967,0,10
9,0.005904095713049173,0.005904115736484528,0,10
10,0.004550311714410782,0.004550321027636528,0,10
11,0.0037368538323789835,0.0037368934135884047,0,10
12,0.0022270854096859694,0.0022271049674600363,0,10
13,0.0019420651951804757,0.0019420741591602564,0,10
14,0.0011005222331732512,0.0011005605338141322,0,10
15,0.001546840532682836,0.0015468125930055976,0,10
16,0.0009656050824560225,0.0009656202746555209,0,10
17,0.0011683482443913817,0.0011510842014104128,0,10
18,-3.672618913697079e-05,3.675972766359337e-05,10,10
19,0.000533788581378758,0.0005338412593118846,0,10
20,0.0006892802193760872,0.0006892812089063227,0,10
21,-0.0003699078515637666,0.0003699064254760742,10,10
22,0.00011625342449406162,0.0001162417174782604,0,10
23,-0.00011840670049423352,0.00011837482452392578,10,10
24,-0.00015585384971927851,0.0001558065414428711,10,10
25,-0.00021217680478002876,0.00021219253540039062,10,10
26,-1.389281442243373e-05,1.3947486877441406e-05,10,10
27,3.8069840684329392e-06,3.846946583507815e-06,0,10
28,0.00037979354965500534,0.0003798237012233585,0,10
29,-0.0001279358984902501,0.00012791156768798828,10,10
30,0.00034000774030573666,0.00034003439941443503,0,10
31,-0.00031356411636807024,0.0003135204315185547,10,10
32,-0.0009552771225571632,0.0009552240371704102,10,10
33,-0.0009186622337438166,0.000918639765586704,10,10
34,-0.0010966805275529623,0.001096733845770359,10,10
35,-0.0009432445513084531,0.000943303108215332,10,10
36,-0.001701035420410335,0.0017010436858981848,10,10
37,-0.0015822669956833124,0.0015822649002075195,10,10
38,-0.0020574142690747976,0.0020574331283569336,10,10
39,-0.002038154983893037,0.002038121223449707,10,10
40,-0.002759519498795271,0.002759575843811035,10,10
41,-0.003739346284419298,0.0037393744569271803,10,10
42,-0.004689078778028488,0.0046891020610928535,10,10
43,-0.005491722375154495,0.005431056022644043,10,10
44,-0.00720358407124877,0.007203578948974609,10,10
45,-0.0079245800152421,0.007924556732177734,10,10
46,-0.01026904582977295,0.010269049555063248,10,10
47,-0.012329493649303913,0.012329459190368652,10,10
48,-0.016374196857213974,0.015529917553067207,10,10
49,-0.02048105001449585,0.020481109619140625,10,10
50,-0.025423036888241768,0.025423049926757812,10,10
51,-0.03273194283246994,0.03273189067840576,10,10
52,-0.04121411591768265,0.04121410846710205,10,10
53,-0.04020242393016815,0.034224189817905426,10,10
54,-0.03944196552038193,0.03944200277328491,10,10
55,-0.037060126662254333,0.03706018254160881,10,10
56,-0.04229021444916725,0.042290180921554565,10,10
57,-0.042802151292562485,0.04280209541320801,10,10
58,-0.04273449257016182,0.040458083152770996,10,10
59,-0.042997073382139206,0.0395960807800293,10,10
60,-0.04329105466604233,0.041864991188049316,10,10
61,-0.04253464192152023,0.04239137843251228,10,10
62,-0.04298584163188934,0.04122897610068321,10,10
63,-0.038399290293455124,0.038399338722229004,10,10
64,-0.03861386701464653,0.03861391544342041,10,10
65,-0.04220663383603096,0.0380786694586277,10,10
66,-0.0399179644882679,0.039917945861816406,10,10
67,-0.03605814650654793,0.03605812415480614,10,10
68,-0.037869274616241455,0.03786933422088623,10,10
69,-0.04283712059259415,0.04283706843852997,10,10
70,-0.041979022324085236,0.0364307165145874,10,10
71,-0.04166730120778084,0.04166734218597412,10,10
72,-0.03691021353006363,0.036910176277160645,10,10
73,-0.03697710856795311,0.03697705268859863,10,10
74,-0.04257948696613312,0.04257945716381073,10,10
75,-0.03686562553048134,0.03686559200286865,10,10
76,-0.04259098693728447,0.04259093850851059,10,10
77,-0.03848281130194664,0.03848281502723694,10,10
78,-0.03796641528606415,0.037966370582580566,10,10
79,-0.03683255612850189,0.03683256357908249,10,10
80,-0.036467619240283966,0.036467671394348145,10,10
81,-0.03939418867230415,0.03589355945587158,10,10
82,-0.04299444705247879,0.04093122482299805,10,10
83,-0.039945751428604126,0.03994572162628174,10,10
84,-0.04100852087140083,0.03964073956012726,10,10
85,-0.03797898814082146,0.03497815132141113,10,10
86,-0.040975455194711685,0.04086717963218689,10,10
87,-0.042406413704156876,0.035908617079257965,10,10
88,-0.039804551750421524,0.03980457782745361,10,10
89,-0.043060868978500366,0.043060898780822754,10,10
90,-0.04295197129249573,0.038555026054382324,10,10
91,-0.04189819097518921,0.0397343635559082,10,10
92,-0.04166019707918167,0.04136979579925537,10,10
93,-0.04094427078962326,0.038577742874622345,10,10
94,-0.04087257757782936,0.03993642330169678,10,10
95,-0.04076767340302467,0.040767669677734375,10,10
96,-0.042879618704319,0.038992881774902344,10,10
97,-0.03929336369037628,0.03929340839385986,10,10
0,0.03491806611418724,0.03491812199354172,0,10
1,0.029722897335886955,0.02972293458878994,0,10
2,0.025855883955955505,0.025855939835309982,0,10
3,0.021306244656443596,0.021306302398443222,0,10
4,0.017473295331001282,0.017473330721259117,0,10
5,0.014462392777204514,0.01446244865655899,0,10
6,0.011383762583136559,0.011383818462491035,0,10
7,0.00797039084136486,0.007970448583364487,0,10
8,0.007221930660307407,0.007221920415759087,0,10
9,0.005904095713049173,0.005904072429984808,0,10
10,0.004550311714410782,0.0042460025288164616,0,10
11,0.0037368538323789835,0.003736877115443349,0,10
12,0.0022270854096859694,0.0022270516492426395,0,10
13,0.0019420651951804757,0.00194206100422889,0,10
14,0.0011005222331732512,0.0009626022074371576,0,10
15,0.001546840532682836,0.001546835876069963,0,10
16,0.0009656050824560225,0.0009656546753831208,0,10
17,0.0011683482443913817,0.0011682965559884906,0,10
18,-3.672618913697079e-05,3.6579025618266314e-05,10,10
19,0.000533788581378758,0.0005338281043805182,0,10
20,0.0006892802193760872,0.0006893276586197317,0,10
21,-0.0003699078515637666,0.0003699064254760742,10,10
22,0.00011625342449406162,0.00011626684135990217,0,10
23,-0.00011840670049423352,0.00011843608081107959,10,10
24,-0.00015585384971927851,0.0001558065414428711,10,10
25,-0.00021217680478002876,0.00021219253540039062,10,10
26,-1.389281442243373e-05,1.3885838598071132e-05,10,10
27,3.8069840684329392e-06,3.836409177893074e-06,0,10
28,0.00037979354965500534,0.00037975586019456387,0,10
29,-0.0001279358984902501,0.00012792936468031257,10,10
30,0.00034000774030573666,0.0003400547429919243,0,10
31,-0.00031356411636807024,0.0003135204315185547,10,10
32,-0.0009552771225571632,0.0009552240371704102,10,10
33,-0.0009186622337438166,0.0009186267852783203,10,10
34,-0.0010966805275529623,0.0010280609130859375,10,10
35,-0.0009432445513084531,0.0009162425994873047,10,10
36,-0.001701035420410335,0.0017009973526000977,10,10
37,-0.0015822669956833124,0.0015822649002075195,10,10
38,-0.0020574142690747976,0.0020574331283569336,10,10
39,-0.002038154983893037,0.002038121223449707,10,10
40,-0.002759519498795271,0.002759575843811035,10,10
41,-0.003739346284419298,0.0037393569946289062,10,10
42,-0.004689078778028488,0.0046890974044799805,10,10
43,-0.005491722375154495,0.005491733551025391,10,10
44,-0.00720358407124877,0.007203578948974609,10,10
45,-0.0079245800152421,0.007924556732177734,10,10
46,-0.01026904582977295,0.010269085876643658,10,10
47,-0.012329493649303913,0.012329459190368652,10,10
48,-0.016374196857213974,0.01637423038482666,10,10
49,-0.02048105001449585,0.020481109619140625,10,10
50,-0.025423036888241768,0.025423049926757812,10,10
51,-0.03273194283246994,0.03273189067840576,10,10
52,-0.04121411591768265,0.04121410846710205,10,10
53,-0.04020242393016815,0.04020237922668457,10,10
54,-0.03944196552038193,0.03944194316864014,10,10
55,-0.037060126662254333,0.03706014156341553,10,10
56,-0.04229021444916725,0.04229021072387695,10,10
57,-0.042802151292562485,0.039894409477710724,10,10
58,-0.04273449257016182,0.04141342639923096,10,10
59,-0.042997073382139206,0.04224205017089844,10,10
60,-0.04329105466604233,0.039702773094177246,10,10
61,-0.04253464192152023,0.042359620332717896,10,10
62,-0.04298584163188934,0.04298584535717964,10,10
63,-0.038399290293455124,0.038399338722229004,10,10
64,-0.03861386701464653,0.03861388564109802,10,10
65,-0.04220663383603096,0.041695594787597656,10,10
66,-0.0399179644882679,0.039817094802856445,10,10
67,-0.03605814650654793,0.03605818748474121,10,10
68,-0.037869274616241455,0.03786933422088623,10,10
69,-0.04283712059259415,0.042837128043174744,10,10
70,-0.041979022324085236,0.03506869450211525,10,10
71,-0.04166730120778084,0.0403592586517334,10,10
72,-0.03691021353006363,0.036910176277160645,10,10
73,-0.03697710856795311,0.03697710484266281,10,10
74,-0.04257948696613312,0.0425795316696167,10,10
75,-0.03686562553048134,0.036865610629320145,10,10
76,-0.04259098693728447,0.042590972036123276,10,10
77,-0.03848281130194664,0.03848278522491455,10,10
78,-0.03796641528606415,0.037966370582580566,10,10
79,-0.03683255612850189,0.036832571029663086,10,10
80,-0.036467619240283966,0.036467671394348145,10,10
81,-0.03939418867230415,0.03939414024353027,10,10
82,-0.04299444705247879,0.04299445450305939,10,10
83,-0.039945751428604126,0.03994569927453995,10,10
84,-0.04100852087140083,0.04100847244262695,10,10
85,-0.03797898814082146,0.03797899931669235,10,10
86,-0.040975455194711685,0.03889751434326172,10,10
87,-0.042406413704156876,0.038788679987192154,10,10
88,-0.039804551750421524,0.03980451822280884,10,10
89,-0.043060868978500366,0.04124486446380615,10,10
90,-0.04295197129249573,0.04295194521546364,10,10
91,-0.04189819097518921,0.041898131370544434,10,10
92,-0.04166019707918167,0.041660189628601074,10,10
93,-0.04094427078962326,0.03841698169708252,10,10
94,-0.04087257757782936,0.04087257385253906,10,10
95,-0.04076767340302467,0.040767669677734375,10,10
96,-0.042879618704319,0.04287959635257721,10,10
97,-0.03929336369037628,0.03929335996508598,10,10
98,-0.036348145455121994,0.0363481268286705,10,10
0,0.03491806611418724,0.03491811454296112,0,10
1,0.029722897335886955,0.02972295507788658,0,10
2,0.025855883955955505,0.025855937972664833,0,10
3,0.021306244656443596,0.021306300535798073,0,10
4,0.017473295331001282,0.017473343759775162,0,10
5,0.014462392777204514,0.014462442137300968,0,10
6,0.011383762583136559,0.011383797973394394,0,10
7,0.00797039084136486,0.007970448583364487,0,10
8,0.007221930660307407,0.007221987005323172,0,10
9,0.005904095713049173,0.0059041352942585945,0,10
10,0.004550311714410782,0.004550304729491472,0,10
11,0.0037368538323789835,0.0037368303164839745,0,10
12,0.0022270854096859694,0.0022270758636295795,0,10
13,0.0019420651951804757,0.0019420820754021406,0,10
14,0.0011005222331732512,0.001100524328649044,0,10
15,0.001546840532682836,0.0015468966448679566,0,10
16,0.0009656050824560225,0.000965636339969933,0,10
17,0.0011683482443913817,0.001168323797173798,0,10
18,-3.672618913697079e-05,3.6716461181640625e-05,10,10
19,0.000533788581378758,0.0005337824113667011,0,10
20,0.0006892802193760872,0.0006893078098073602,0,10
21,-0.0003699078515637666,0.0003699064254760742,10,10
22,0.00011625342449406162,0.00011631007510004565,0,10
23,-0.00011840670049423352,0.00011587142944335938,10,10
24,-0.00015585384971927851,0.0001558065414428711,10,10
25,-0.00021217680478002876,0.00021219253540039062,10,10
26,-1.389281442243373e-05,1.3947486877441406e-05,10,10
27,3.8069840684329392e-06,3.833025402855128e-06,0,10
28,0.00037979354965500534,0.0003798149118665606,0,10
29,-0.0001279358984902501,0.00012791156768798828,10,10
30,0.00034000774030573666,0.0003400442947167903,0,10
31,-0.00031356411636807024,0.00031355221290141344,10,10
32,-0.0009552771225571632,0.0009552847477607429,10,10
33,-0.0009186622337438166,0.0009142160415649414,10,10
34,-0.0010966805275529623,0.0010967254638671875,10,10
35,-0.0009432445513084531,0.000943303108215332,10,10
36,-0.001701035420410335,0.0017009973526000977,10,10
37,-0.0015822669956833124,0.0015822649002075195,10,10
38,-0.0020574142690747976,0.0020574331283569336,10,10
39,-0.002038154983893037,0.002038121223449707,10,10
40,-0.002759519498795271,0.002759575843811035,10,10
41,-0.003739346284419298,0.0037393569946289062,10,10
42,-0.004689078778028488,0.004689116962254047,10,10
43,-0.005491722375154495,0.005491733551025391,10,10
44,-0.00720358407124877,0.007203578948974609,10,10
45,-0.0079245800152421,0.007924556732177734,10,10
46,-0.01026904582977295,0.01026904582977295,10,10
47,-0.012329493649303913,0.012329459190368652,10,10
48,-0.016374196857213974,0.01637423038482666,10,10
49,-0.02048105001449585,0.020481109619140625,10,10
50,-0.025423036888241768,0.025423049926757812,10,10
51,-0.03273194283246994,0.03273189067840576,10,10
52,-0.04121411591768265,0.041214145720005035,10,10
53,-0.04020242393016815,0.04020244628190994,10,10
54,-0.03944196552038193,0.036501847207546234,10,10
55,-0.037060126662254333,0.03706014156341553,10,10
56,-0.04229021444916725,0.03945181146264076,10,10
57,-0.042802151292562485,0.04280218854546547,10,10
58,-0.04273449257016182,0.04273449257016182,10,10
59,-0.042997073382139206,0.04024863243103027,10,10
60,-0.04329105466604233,0.04001665115356445,10,10
61,-0.04253464192152023,0.042534589767456055,10,10
62,-0.04298584163188934,0.04298583045601845,10,10
63,-0.038399290293455124,0.038399338722229004,10,10
64,-0.03861386701464653,0.03861391544342041,10,10
65,-0.04220663383603096,0.04220668226480484,10,10
66,-0.0399179644882679,0.039917945861816406,10,10
67,-0.03605814650654793,0.03605818748474121,10,10
68,-0.037869274616241455,0.03786933422088623,10,10
69,-0.04283712059259415,0.042380332946777344,10,10
70,-0.041979022324085236,0.041979070752859116,10,10
71,-0.04166730120778084,0.041667334735393524,10,10
72,-0.03691021353006363,0.036910176277160645,10,10
73,-0.03697710856795311,0.03697705268859863,10,10
74,-0.04257948696613312,0.039485812187194824,10,10
75,-0.03686562553048134,0.03459354117512703,10,10
76,-0.04259098693728447,0.041251540184020996,10,10
77,-0.03848281130194664,0.03848278522491455,10,10
78,-0.03796641528606415,0.037966370582580566,10,10
79,-0.03683255612850189,0.036832571029663086,10,10
80,-0.036467619240283966,0.036467671394348145,10,10
81,-0.03939418867230415,0.03939416632056236,10,10
82,-0.04299444705247879,0.042994409799575806,10,10
83,-0.039945751428604126,0.03994572162628174,10,10
84,-0.04100852087140083,0.04100850597023964,10,10
85,-0.03797898814082146,0.03797900676727295,10,10
86,-0.040975455194711685,0.04097545146942139,10,10
87,-0.042406413704156876,0.03807402774691582,10,10
88,-0.039804551750421524,0.03980457782745361,10,10
89,-0.043060868978500366,0.04306092485785484,10,10
90,-0.04295197129249573,0.04295194894075394,10,10
91,-0.04189819097518921,0.04189814627170563,10,10
92,-0.04166019707918167,0.03916293755173683,10,10
93,-0.04094427078962326,0.04094421863555908,10,10
94,-0.04087257757782936,0.040872570127248764,10,10
95,-0.04076767340302467,0.03914034366607666,10,10
96,-0.042879618704319,0.03901183605194092,10,10
97,-0.03929336369037628,0.03929340839385986,10,10
98,-0.036348145455121994,0.03155350685119629,10,10
99,-0.041273295879364014,0.04127325117588043,10,10
