anchor_idx,radius,max_dist,n_escaped,n_total
0,0.03491806611418724,0.034918125718832016,0,10
0,0.03491806611418724,0.03491811454296112,0,10
1,0.030140066519379616,0.030140113085508347,0,10
0,0.03491806611418724,0.03491809964179993,0,10
1,0.030140066519379616,0.030140124261379242,0,10
2,0.026608576998114586,0.026608632877469063,0,10
0,0.03491806611418724,0.03491811454296112,0,10
1,0.030140066519379616,0.0301401074975729,0,10
2,0.026608576998114586,0.026608629152178764,0,10
3,0.022316817194223404,0.022316861897706985,0,10
0,0.03491806611418724,0.03491811081767082,0,10
1,0.030140066519379616,0.030140122398734093,0,10
2,0.026608576998114586,0.026608627289533615,0,10
3,0.022316817194223404,0.02231684699654579,0,10
4,0.01863713562488556,0.018637189641594887,0,10
0,0.03491806611418724,0.03491811826825142,0,10
1,0.030140066519379616,0.030140124261379242,0,10
2,0.026608576998114586,0.02660861797630787,0,10
3,0.022316817194223404,0.02231687121093273,0,10
4,0.01863713562488556,0.018637195229530334,0,10
5,0.01569494977593422,0.015694990754127502,0,10
0,0.03491806611418724,0.034918125718832016,0,10
1,0.030140066519379616,0.030140118673443794,0,10
2,0.026608576998114586,0.026608625426888466,0,10
3,0.022316817194223404,0.02231687493622303,0,10
4,0.01863713562488556,0.018637191504240036,0,10
5,0.01569494977593422,0.015695007517933846,0,10
6,0.01261499710381031,0.012615053914487362,0,10
0,0.03491806611418724,0.03491812199354172,0,10
1,0.030140066519379616,0.03014010190963745,0,10
2,0.026608576998114586,0.026608629152178764,0,10
3,0.022316817194223404,0.02231687493622303,0,10
4,0.01863713562488556,0.018637171015143394,0,10
5,0.01569494977593422,0.015694985166192055,0,10
6,0.01261499710381031,0.012615044601261616,0,10
7,0.009154549799859524,0.009154604747891426,0,10
0,0.03491806611418724,0.03491812199354172,0,10
1,0.030140066519379616,0.030140118673443794,0,10
2,0.026608576998114586,0.026608619838953018,0,10
3,0.022316817194223404,0.02231687679886818,0,10
4,0.01863713562488556,0.018637195229530334,0,10
5,0.01569494977593422,0.015695001929998398,0,10
6,0.01261499710381031,0.012615055777132511,0,10
7,0.009154549799859524,0.009154605679214,0,10
8,0.008269996382296085,0.008269964717328548,0,10
0,0.03491806611418724,0.03491811826825142,0,10
1,0.030140066519379616,0.030140122398734093,0,10
2,0.026608576998114586,0.02660863846540451,0,10
3,0.022316817194223404,0.022316865622997284,0,10
4,0.01863713562488556,0.018637191504240036,0,10
5,0.01569494977593422,0.01569500006735325,0,10
6,0.01261499710381031,0.012615052983164787,0,10
7,0.009154549799859524,0.009154584258794785,0,10
8,0.008269996382296085,0.008270053192973137,0,10
9,0.006902525667101145,0.006902568507939577,0,10
0,0.03491806611418724,0.034918107092380524,0,10
1,0.030140066519379616,0.030140122398734093,0,10
2,0.026608576998114586,0.026608632877469063,0,10
3,0.022316817194223404,0.022316863760352135,0,10
4,0.01863713562488556,0.018637195229530334,0,10
5,0.01569494977593422,0.015695007517933846,0,10
6,0.01261499710381031,0.012615049257874489,0,10
7,0.009154549799859524,0.009154606610536575,0,10
8,0.008269996382296085,0.00827003177255392,0,10
9,0.006902525667101145,0.006902581546455622,0,10
10,0.005384798627346754,0.005384809337556362,0,10
0,0.03491806611418724,0.03491811454296112,0,10
1,0.030140066519379616,0.030140118673443794,0,10
2,0.026608576998114586,0.02660863846540451,0,10
3,0.022316817194223404,0.022316861897706985,0,10
4,0.01863713562488556,0.018637176603078842,0,10
5,0.01569494977593422,0.015695003792643547,0,10
6,0.01261499710381031,0.012615052051842213,0,10
7,0.009154549799859524,0.009154568426311016,0,10
8,0.008269996382296085,0.008270048536360264,0,10
9,0.006902525667101145,0.0069025675766170025,0,10
10,0.005384798627346754,0.0053847976960241795,0,10
11,0.004442868288606405,0.00444289343431592,0,10
0,0.03491806611418724,0.03491812199354172,0,10
1,0.030140066519379616,0.030140118673443794,0,10
2,0.026608576998114586,0.026608619838953018,0,10
3,0.022316817194223404,0.022316856309771538,0,10
4,0.01863713562488556,0.01863717846572399,0,10
5,0.01569494977593422,0.015694977715611458,0,10
6,0.01261499710381031,0.012615038082003593,0,10
7,0.009154549799859524,0.009154596365988255,0,10
8,0.008269996382296085,0.008270055055618286,0,10
9,0.006902525667101145,0.006902511231601238,0,10
10,0.005384798627346754,0.005384779069572687,0,10
11,0.004442868288606405,0.0044429185800254345,0,10
12,0.0029379792977124453,0.0029380086343735456,0,10
0,0.03491806611418724,0.03491811826825142,0,10
1,0.030140066519379616,0.030140114948153496,0,10
2,0.026608576998114586,0.026608634740114212,0,10
3,0.022316817194223404,0.022316869348287582,0,10
4,0.01863713562488556,0.018637189641594887,0,10
5,0.01569494977593422,0.015694987028837204,0,10
6,0.01261499710381031,0.012615026906132698,0,10
7,0.009154549799859524,0.00915455911308527,0,10
8,0.008269996382296085,0.008270030841231346,0,10
9,0.006902525667101145,0.006902567110955715,0,10
10,0.005384798627346754,0.005384831689298153,0,10
11,0.004442868288606405,0.004442878533154726,0,10
12,0.0029379792977124453,0.002937987679615617,0,10
13,0.0024632441345602274,0.0024632480926811695,0,10
0,0.03491806611418724,0.034918129444122314,0,10
1,0.030140066519379616,0.030140122398734093,0,10
2,0.026608576998114586,0.02660861611366272,0,10
3,0.022316817194223404,0.022316863760352135,0,10
4,0.01863713562488556,0.018637187778949738,0,10
5,0.01569494977593422,0.015695003792643547,0,10
6,0.01261499710381031,0.012615054845809937,0,10
7,0.009154549799859524,0.009154603816568851,0,10
8,0.008269996382296085,0.008270048536360264,0,10
9,0.006902525667101145,0.006902532652020454,0,10
10,0.005384798627346754,0.005384841933846474,0,10
11,0.004442868288606405,0.004442878533154726,0,10
12,0.0029379792977124453,0.0029380128253251314,0,10
13,0.0024632441345602274,0.0024632688146084547,0,10
14,0.0016070413403213024,0.0016070925630629063,0,10
0,0.03491806611418724,0.03491812199354172,0,10
1,0.030140066519379616,0.030140122398734093,0,10
2,0.026608576998114586,0.026608621701598167,0,10
3,0.022316817194223404,0.022316863760352135,0,10
4,0.01863713562488556,0.018637191504240036,0,10
5,0.01569494977593422,0.015695007517933846,0,10
6,0.01261499710381031,0.012615048326551914,0,10
7,0.009154549799859524,0.009154591709375381,0,10
8,0.008269996382296085,0.00827004760503769,0,10
9,0.006902525667101145,0.0069025373086333275,0,10
10,0.005384798627346754,0.005384794436395168,0,10
11,0.004442868288606405,0.004442856181412935,0,10
12,0.0029379792977124453,0.002938012359663844,0,10
13,0.0024632441345602274,0.002463302807882428,0,10
14,0.0016070413403213024,0.0014963855501264334,0,10
15,0.0019551462028175592,0.001955185318365693,0,10
0,0.03491806611418724,0.03491811081767082,0,10
1,0.030140066519379616,0.030140088871121407,0,10
2,0.026608576998114586,0.026608610525727272,0,10
3,0.022316817194223404,0.02231687493622303,0,10
4,0.01863713562488556,0.018637193366885185,0,10
5,0.01569494977593422,0.01569497585296631,0,10
6,0.01261499710381031,0.012615050189197063,0,10
7,0.009154549799859524,0.009154605679214,0,10
8,0.008269996382296085,0.00827004760503769,0,10
9,0.006902525667101145,0.006902553606778383,0,10
10,0.005384798627346754,0.005384798161685467,0,10
11,0.004442868288606405,0.004442892502993345,0,10
12,0.0029379792977124453,0.0029380018822848797,0,10
13,0.0024632441345602274,0.002463255077600479,0,10
14,0.0016070413403213024,0.0016070547280833125,0,10
15,0.0019551462028175592,0.0019551150035113096,0,10
16,0.001320009701885283,0.001319974660873413,0,10
0,0.03491806611418724,0.03491811826825142,0,10
1,0.030140066519379616,0.030140114948153496,0,10
2,0.026608576998114586,0.02660861611366272,0,10
3,0.022316817194223404,0.02231685444712639,0,10
4,0.01863713562488556,0.018637163564562798,0,10
5,0.01569494977593422,0.01569500006735325,0,10
6,0.01261499710381031,0.012615054845809937,0,10
7,0.009154549799859524,0.009154601953923702,0,10
8,0.008269996382296085,0.008270010352134705,0,10
9,0.006902525667101145,0.006902569904923439,0,10
10,0.005384798627346754,0.005384837742894888,0,10
11,0.004442868288606405,0.004442903678864241,0,10
12,0.0029379792977124453,0.0029379890765994787,0,10
13,0.0024632441345602274,0.0024632373824715614,0,10
14,0.0016070413403213024,0.0016069917473942041,0,10
15,0.0019551462028175592,0.001955145038664341,0,10
16,0.001320009701885283,0.0013199709355831146,0,10
17,0.00149717356543988,0.0014159646816551685,0,10
0,0.03491806611418724,0.03491811826825142,0,10
1,0.030140066519379616,0.030140114948153496,0,10
2,0.026608576998114586,0.026608631014823914,0,10
3,0.022316817194223404,0.02231687121093273,0,10
4,0.01863713562488556,0.018637189641594887,0,10
5,0.01569494977593422,0.015695001929998398,0,10
6,0.01261499710381031,0.012615019455552101,0,10
7,0.009154549799859524,0.009154566563665867,0,10
8,0.008269996382296085,0.00827004760503769,0,10
9,0.006902525667101145,0.006902499124407768,0,10
10,0.005384798627346754,0.0053848400712013245,0,10
11,0.004442868288606405,0.004442909732460976,0,10
12,0.0029379792977124453,0.0029379650950431824,0,10
13,0.0024632441345602274,0.0024632601998746395,0,10
14,0.0016070413403213024,0.0016070094425231218,0,10
15,0.0019551462028175592,0.001955130835995078,0,10
16,0.001320009701885283,0.0013199718669056892,0,10
17,0.00149717356543988,0.0014971541240811348,0,10
18,0.00025719040422700346,0.00025720897247083485,0,10
0,0.03491806611418724,0.03491811454296112,0,10
1,0.030140066519379616,0.030140111222863197,0,10
2,0.026608576998114586,0.026608629152178764,0,10
3,0.022316817194223404,0.022316863760352135,0,10
4,0.01863713562488556,0.01863718032836914,0,10
5,0.01569494977593422,0.015695009380578995,0,10
6,0.01261499710381031,0.012615041807293892,0,10
7,0.009154549799859524,0.009154586121439934,0,10
8,0.008269996382296085,0.008269969373941422,0,10
9,0.006902525667101145,0.006902545690536499,0,10
10,0.005384798627346754,0.005384799093008041,0,10
11,0.004442868288606405,0.0042948974296450615,0,10
12,0.0029379792977124453,0.0029380242340266705,0,10
13,0.0024632441345602274,0.0024632851127535105,0,10
14,0.0016070413403213024,0.0016070661367848516,0,10
15,0.0019551462028175592,0.001955140847712755,0,10
16,0.001320009701885283,0.0013200544053688645,0,10
17,0.00149717356543988,0.001497184974141419,0,10
18,0.00025719040422700346,0.0002572447119746357,0,10
19,0.000778727640863508,0.0007787325885146856,0,10
0,0.03491806611418724,0.03491809591650963,0,10
1,0.030140066519379616,0.030140124261379242,0,10
2,0.026608576998114586,0.026608629152178764,0,10
3,0.022316817194223404,0.02231687121093273,0,10
4,0.01863713562488556,0.018637187778949738,0,10
5,0.01569494977593422,0.015694983303546906,0,10
6,0.01261499710381031,0.012615054845809937,0,10
7,0.009154549799859524,0.009154576808214188,0,10
8,0.008269996382296085,0.008270040154457092,0,10
9,0.006902525667101145,0.006902540568262339,0,10
10,0.005384798627346754,0.005384780000895262,0,10
11,0.004442868288606405,0.004442907404154539,0,10
12,0.0029379792977124453,0.0029380321502685547,0,10
13,0.0024632441345602274,0.0024632608983665705,0,10
14,0.0016070413403213024,0.001607034937478602,0,10
15,0.0019551462028175592,0.0019551569130271673,0,10
16,0.001320009701885283,0.0013200531248003244,0,10
17,0.00149717356543988,0.001497201737947762,0,10
18,0.00025719040422700346,0.0002571806835476309,0,10
19,0.000778727640863508,0.0007787164649926126,0,10
20,0.0009040861041285098,0.0009040975128300488,0,10
0,0.03491806611418724,0.03491811826825142,0,10
1,0.030140066519379616,0.030140122398734093,0,10
2,0.026608576998114586,0.026608601212501526,0,10
3,0.022316817194223404,0.022316861897706985,0,10
4,0.01863713562488556,0.018637169152498245,0,10
5,0.01569494977593422,0.015695005655288696,0,10
6,0.01261499710381031,0.012615039944648743,0,10
7,0.009154549799859524,0.00915460754185915,0,10
8,0.008269996382296085,0.00827004574239254,0,10
9,0.006902525667101145,0.006902569439262152,0,10
10,0.005384798627346754,0.0053848400712013245,0,10
11,0.004442868288606405,0.004442895762622356,0,10
12,0.0029379792977124453,0.0029379641637206078,0,10
13,0.0024632441345602274,0.002463288139551878,0,10
14,0.0016070413403213024,0.0016070817364379764,0,10
15,0.0019551462028175592,0.0019551077857613564,0,10
16,0.001320009701885283,0.0013199610402807593,0,10
17,0.00149717356543988,0.0014971652999520302,0,10
18,0.00025719040422700346,0.00024285155814141035,0,10
19,0.000778727640863508,0.0007786969654262066,0,10
20,0.0009040861041285098,0.0009041220764629543,0,10
21,-0.0001992371107917279,0.00019919872283935547,10,10
0,0.03491806611418724,0.03491811454296112,0,10
1,0.030140066519379616,0.0301401074975729,0,10
2,0.026608576998114586,0.026608627289533615,0,10
3,0.022316817194223404,0.022316867485642433,0,10
4,0.01863713562488556,0.01863718591630459,0,10
5,0.01569494977593422,0.015695007517933846,0,10
6,0.01261499710381031,0.0126150231808424,0,10
7,0.009154549799859524,0.009154587984085083,0,10
8,0.008269996382296085,0.00827003363519907,0,10
9,0.006902525667101145,0.006843875627964735,0,10
10,0.005384798627346754,0.005384847056120634,0,10
11,0.004442868288606405,0.004442883655428886,0,10
12,0.0029379792977124453,0.0028236887883394957,0,10
13,0.0024632441345602274,0.002463191980496049,0,10
14,0.0016070413403213024,0.0016070494893938303,0,10
15,0.0019551462028175592,0.0019551089499145746,0,10
16,0.001320009701885283,0.0013200149405747652,0,10
17,0.00149717356543988,0.0014971408527344465,0,10
18,0.00025719040422700346,0.00025714392540976405,0,10
19,0.000778727640863508,0.0007097027264535427,0,10
20,0.0009040861041285098,0.0009041388402692974,0,10
21,-0.0001992371107917279,0.00019919872283935547,10,10
22,0.00032378477044403553,0.0003238195786252618,0,10
0,0.03491806611418724,0.03491811454296112,0,10
1,0.030140066519379616,0.030140124261379242,0,10
2,0.026608576998114586,0.026608634740114212,0,10
3,0.022316817194223404,0.02231687307357788,0,10
4,0.01863713562488556,0.018637193366885185,0,10
5,0.01569494977593422,0.015695001929998398,0,10
6,0.01261499710381031,0.012615036219358444,0,10
7,0.009154549799859524,0.0091546094045043,0,10
8,0.008269996382296085,0.008270040154457092,0,10
9,0.006902525667101145,0.006902533117681742,0,10
10,0.005384798627346754,0.005384787451475859,0,10
11,0.004442868288606405,0.004364577122032642,0,10
12,0.0029379792977124453,0.00293803121894598,0,10
13,0.0024632441345602274,0.0024632690474390984,0,10
14,0.0016070413403213024,0.0016070803394541144,0,10
15,0.0019551462028175592,0.001955098705366254,0,10
16,0.001320009701885283,0.0013200283283367753,0,10
17,0.00149717356543988,0.0014971683267503977,0,10
18,0.00025719040422700346,0.000245374976657331,0,10
19,0.000778727640863508,0.000778758607339114,0,10
20,0.0009040861041285098,0.0009040576405823231,0,10
21,-0.0001992371107917279,0.00019919872283935547,10,10
22,0.00032378477044403553,0.0003238024946767837,0,10
23,4.807228469871916e-05,4.8103862354764715e-05,0,10
0,0.03491806611418724,0.03491812199354172,0,10
1,0.030140066519379616,0.0301401074975729,0,10
2,0.026608576998114586,0.026608601212501526,0,10
3,0.022316817194223404,0.022316869348287582,0,10
4,0.01863713562488556,0.018637189641594887,0,10
5,0.01569494977593422,0.015695001929998398,0,10
6,0.01261499710381031,0.012615019455552101,0,10
7,0.009154549799859524,0.009154579602181911,0,10
8,0.008269996382296085,0.008270029909908772,0,10
9,0.006902525667101145,0.006902566645294428,0,10
10,0.005384798627346754,0.005384823773056269,0,10
11,0.004442868288606405,0.00444288644939661,0,10
12,0.0029379792977124453,0.002938034711405635,0,10
13,0.0024632441345602274,0.002463302807882428,0,10
14,0.0016070413403213024,0.0016070366837084293,0,10
15,0.0019551462028175592,0.0017639477737247944,0,10
16,0.001320009701885283,0.00132001715246588,0,10
17,0.00149717356543988,0.0014972217613831162,0,10
18,0.00025719040422700346,0.00025719517725519836,0,10
19,0.000778727640863508,0.0007787764770910144,0,10
20,0.0009040861041285098,0.0009041076991707087,0,10
21,-0.0001992371107917279,0.00019919872283935547,10,10
22,0.00032378477044403553,0.0003238397475797683,0,10
23,4.807228469871916e-05,4.807161894859746e-05,0,10
24,2.5536444809404202e-05,2.558458800194785e-05,0,10
0,0.03491806611418724,0.034918125718832016,0,10
1,0.030140066519379616,0.030140118673443794,0,10
2,0.026608576998114586,0.026608629152178764,0,10
3,0.022316817194223404,0.022316861897706985,0,10
4,0.01863713562488556,0.01863718405365944,0,10
5,0.01569494977593422,0.01569497585296631,0,10
6,0.01261499710381031,0.01261503528803587,0,10
7,0.009154549799859524,0.00915457122027874,0,10
8,0.008269996382296085,0.008270042948424816,0,10
9,0.006902525667101145,0.006902523338794708,0,10
10,0.005384798627346754,0.005384787917137146,0,10
11,0.004442868288606405,0.004442916717380285,0,10
12,0.0029379792977124453,0.002779624192044139,0,10
13,0.0024632441345602274,0.002463283948600292,0,10
14,0.0016070413403213024,0.0016070452984422445,0,10
15,0.0019551462028175592,0.0018495313124731183,0,10
16,0.001320009701885283,0.0013200582470744848,0,10
17,0.00149717356543988,0.0014971905620768666,0,10
18,0.00025719040422700346,0.00025721194106154144,0,10
19,0.000778727640863508,0.0007787625072523952,0,10
20,0.0009040861041285098,0.0009040841250680387,0,10
21,-0.0001992371107917279,0.00019490718841552734,10,10
22,0.00032378477044403553,0.0003238385543227196,0,10
23,4.807228469871916e-05,4.809505844605155e-05,0,10
24,2.5536444809404202e-05,2.5578245185897686e-05,0,10
25,-2.0801792288693832e-06,2.0265579223632812e-06,10,10
0,0.03491806611418724,0.03491812199354172,0,10
1,0.030140066519379616,0.030140116810798645,0,10
2,0.026608576998114586,0.026608606800436974,0,10
3,0.022316817194223404,0.02231687307357788,0,10
4,0.01863713562488556,0.018637191504240036,0,10
5,0.01569494977593422,0.015695003792643547,0,10
6,0.01261499710381031,0.01261504739522934,0,10
7,0.009154549799859524,0.009154578670859337,0,10
8,0.008269996382296085,0.008270010352134705,0,10
9,0.006902525667101145,0.0069025661796331406,0,10
10,0.005384798627346754,0.00538482004776597,0,10
11,0.004442868288606405,0.004152708221226931,0,10
12,0.0029379792977124453,0.0029380163177847862,0,10
13,0.0024632441345602274,0.0024632757995277643,0,10
14,0.0016070413403213024,0.0016070379642769694,0,10
15,0.0019551462028175592,0.0019551734440028667,0,10
16,0.001320009701885283,0.0013200128450989723,0,10
17,0.00149717356543988,0.001497136428952217,0,10
18,0.00025719040422700346,0.00025721878046169877,0,10
19,0.000778727640863508,0.0007786868955008686,0,10
20,0.0009040861041285098,0.0009041320299729705,0,10
21,-0.0001992371107917279,0.00019919872283935547,10,10
22,0.00032378477044403553,0.0003237350902054459,0,10
23,4.807228469871916e-05,4.80783091916237e-05,0,10
24,2.5536444809404202e-05,2.5526449462631717e-05,0,10
25,-2.0801792288693832e-06,2.0265579223632812e-06,10,10
26,0.00024064948956947774,0.0002406298299320042,0,10
0,0.03491806611418724,0.03491811081767082,0,10
1,0.030140066519379616,0.03014010563492775,0,10
2,0.026608576998114586,0.026608632877469063,0,10
3,0.022316817194223404,0.022316863760352135,0,10
4,0.01863713562488556,0.018637193366885185,0,10
5,0.01569494977593422,0.01569499261677265,0,10
6,0.01261499710381031,0.012615052983164787,0,10
7,0.009154549799859524,0.009154601953923702,0,10
8,0.008269996382296085,0.008270032703876495,0,10
9,0.006902525667101145,0.006902579218149185,0,10
10,0.005384798627346754,0.005130458157509565,0,10
11,0.004442868288606405,0.004442830104380846,0,10
12,0.0029379792977124453,0.002938005607575178,0,10
13,0.0024632441345602274,0.0024632092099636793,0,10
14,0.0016070413403213024,0.0016070958226919174,0,10
15,0.0019551462028175592,0.001955104758962989,0,10
16,0.001320009701885283,0.0013199900276958942,0,10
17,0.00149717356543988,0.0014972141943871975,0,10
18,0.00025719040422700346,0.00024280883371829987,0,10
19,0.000778727640863508,0.0007787245558574796,0,10
20,0.0009040861041285098,0.0009041023440659046,0,10
21,-0.0001992371107917279,0.00019919872283935547,10,10
22,0.00032378477044403553,0.0003237310447730124,0,10
23,4.807228469871916e-05,4.3314637878211215e-05,0,10
24,2.5536444809404202e-05,2.5582765374565497e-05,0,10
25,-2.0801792288693832e-06,2.0265579223632812e-06,10,10
26,0.00024064948956947774,0.00024067649792414159,0,10
27,0.00021958128490950912,0.0002196189743699506,0,10
0,0.03491806611418724,0.03491811081767082,0,10
1,0.030140066519379616,0.030140124261379242,0,10
2,0.026608576998114586,0.026608631014823914,0,10
3,0.022316817194223404,0.022316865622997284,0,10
4,0.01863713562488556,0.01863718405365944,0,10
5,0.01569494977593422,0.01569500006735325,0,10
6,0.01261499710381031,0.012615029700100422,0,10
7,0.009154549799859524,0.009154588915407658,0,10
8,0.008269996382296085,0.008270053192973137,0,10
9,0.006902525667101145,0.006902515422552824,0,10
10,0.005384798627346754,0.005384831689298153,0,10
11,0.004442868288606405,0.004442837089300156,0,10
12,0.0029379792977124453,0.0029379723127931356,0,10
13,0.0024632441345602274,0.0023884461261332035,0,10
14,0.0016070413403213024,0.0016070334240794182,0,10
15,0.0019551462028175592,0.00195512268692255,0,10
16,0.001320009701885283,0.001320059411227703,0,10
17,0.00149717356543988,0.0014972209464758635,0,10
18,0.00025719040422700346,0.0002572349621914327,0,10
19,0.000778727640863508,0.0007787636131979525,0,10
20,0.0009040861041285098,0.0009041319717653096,0,10
21,-0.0001992371107917279,0.00019252300262451172,10,10
22,0.00032378477044403553,0.0003238205681554973,0,10
23,4.807228469871916e-05,4.812502083950676e-05,0,10
24,2.5536444809404202e-05,2.5526658646413125e-05,0,10
25,-2.0801792288693832e-06,1.9073631847277284e-06,10,10
26,0.00024064948956947774,0.00024064493482001126,0,10
27,0.00021958128490950912,0.00021957058925181627,0,10
28,0.0005552105139940977,0.0005552631337195635,0,10
0,0.03491806611418724,0.03491809591650963,0,10
1,0.030140066519379616,0.030140120536088943,0,10
2,0.026608576998114586,0.026608619838953018,0,10
3,0.022316817194223404,0.022316861897706985,0,10
4,0.01863713562488556,0.018637191504240036,0,10
5,0.01569494977593422,0.0156949982047081,0,10
6,0.01261499710381031,0.012615049257874489,0,10
7,0.009154549799859524,0.009154602885246277,0,10
8,0.008269996382296085,0.00827003549784422,0,10
9,0.006902525667101145,0.006902530323714018,0,10
10,0.005384798627346754,0.005384853109717369,0,10
11,0.004442868288606405,0.004442865960299969,0,10
12,0.0029379792977124453,0.0029379827901721,0,10
13,0.0024632441345602274,0.002463250420987606,0,10
14,0.0016070413403213024,0.001607055077329278,0,10
15,0.0019551462028175592,0.001955138985067606,0,10
16,0.001320009701885283,0.0013200576649978757,0,10
17,0.00149717356543988,0.0014971575001254678,0,10
18,0.00025719040422700346,0.000257249572314322,0,10
19,0.000778727640863508,0.0007787783397361636,0,10
20,0.0009040861041285098,0.0009040533332154155,0,10
21,-0.0001992371107917279,0.00019927750690840185,10,10
22,0.00032378477044403553,0.0003237891069147736,0,10
23,4.807228469871916e-05,4.808762241736986e-05,0,10
24,2.5536444809404202e-05,2.5535999157000333e-05,0,10
25,-2.0801792288693832e-06,2.0265579223632812e-06,10,10
26,0.00024064948956947774,0.0002406034036539495,0,10
27,0.00021958128490950912,0.0002196282584918663,0,10
28,0.0005552105139940977,0.0005552693037316203,0,10
29,1.675642852205783e-05,1.679541492194403e-05,0,10
0,0.03491806611418724,0.03491812199354172,0,10
1,0.030140066519379616,0.030140113085508347,0,10
2,0.026608576998114586,0.026608627289533615,0,10
3,0.022316817194223404,0.022316858172416687,0,10
4,0.01863713562488556,0.018637191504240036,0,10
5,0.01569494977593422,0.015695001929998398,0,10
6,0.01261499710381031,0.01261504553258419,0,10
7,0.009154549799859524,0.009154608473181725,0,10
8,0.008269996382296085,0.00826998706907034,0,10
9,0.006902525667101145,0.0069025130942463875,0,10
10,0.005384798627346754,0.005384793505072594,0,10
11,0.004442868288606405,0.0044429185800254345,0,10
12,0.0029379792977124453,0.0028695459477603436,0,10
13,0.0024632441345602274,0.002463230397552252,0,10
14,0.0016070413403213024,0.001607058453373611,0,10
15,0.0019551462028175592,0.0019552032463252544,0,10
16,0.001320009701885283,0.0013199798995628953,0,10
17,0.00149717356543988,0.0014971770578995347,0,10
18,0.00025719040422700346,0.00025720513076521456,0,10
19,0.000778727640863508,0.0007787755457684398,0,10
20,0.0009040861041285098,0.0009040430304594338,0,10
21,-0.0001992371107917279,0.00019927500397898257,10,10
22,0.00032378477044403553,0.0003237772616557777,0,10
23,4.807228469871916e-05,4.812382394447923e-05,0,10
24,2.5536444809404202e-05,2.5553406885592267e-05,0,10
25,-2.0801792288693832e-06,2.0265579223632812e-06,10,10
26,0.00024064948956947774,0.00024069956270977855,0,10
27,0.00021958128490950912,0.00021958370052743703,0,10
28,0.0005552105139940977,0.0005551896174438298,0,10
29,1.675642852205783e-05,1.6807724023237824e-05,0,10
30,0.0005098652327433228,0.0005098655237816274,0,10
0,0.03491806611418724,0.034918081015348434,0,10
1,0.030140066519379616,0.03014012612402439,0,10
2,0.026608576998114586,0.026608632877469063,0,10
3,0.022316817194223404,0.022316867485642433,0,10
4,0.01863713562488556,0.018637187778949738,0,10
5,0.01569494977593422,0.015695003792643547,0,10
6,0.01261499710381031,0.01261504739522934,0,10
7,0.009154549799859524,0.00915459543466568,0,10
8,0.008269996382296085,0.008270040154457092,0,10
9,0.006902525667101145,0.0069025661796331406,0,10
10,0.005384798627346754,0.005384822841733694,0,10
11,0.004442868288606405,0.00444292277097702,0,10
12,0.0029379792977124453,0.002937936456874013,0,10
13,0.0024632441345602274,0.0024632951244711876,0,10
14,0.0016070413403213024,0.0016070202691480517,0,10
15,0.0019551462028175592,0.0019551850855350494,0,10
16,0.001320009701885283,0.0013143160613253713,0,10
17,0.00149717356543988,0.0014971850905567408,0,10
18,0.00025719040422700346,0.000257231731666252,0,10
19,0.000778727640863508,0.0007786908536218107,0,10
20,0.0009040861041285098,0.0009040968725457788,0,10
21,-0.0001992371107917279,0.0001992306933971122,10,10
22,0.00032378477044403553,0.0003237365745007992,0,10
23,4.807228469871916e-05,4.80686139781028e-05,0,10
24,2.5536444809404202e-05,2.5529998310958035e-05,0,10
25,-2.0801792288693832e-06,2.0344314179965295e-06,10,10
26,0.00024064948956947774,0.00024062399461399764,0,10
27,0.00021958128490950912,0.000219612309592776,0,10
28,0.0005552105139940977,0.0005551705253310502,0,10
29,1.675642852205783e-05,1.574837733642198e-05,0,10
30,0.0005098652327433228,0.0005098485271446407,0,10
31,-0.00018303636170458049,0.00018298625946044922,10,10
0,0.03491806611418724,0.034918107092380524,0,10
1,0.030140066519379616,0.03014010190963745,0,10
2,0.026608576998114586,0.026608621701598167,0,10
3,0.022316817194223404,0.022316843271255493,0,10
4,0.01863713562488556,0.018637191504240036,0,10
5,0.01569494977593422,0.015694988891482353,0,10
6,0.01261499710381031,0.012615024112164974,0,10
7,0.009154549799859524,0.009154576808214188,0,10
8,0.008269996382296085,0.008270048536360264,0,10
9,0.006902525667101145,0.006902470253407955,0,10
10,0.005384798627346754,0.005384833551943302,0,10
11,0.004442868288606405,0.0044428203254938126,0,10
12,0.0029379792977124453,0.0029380242340266705,0,10
13,0.0024632441345602274,0.0024632837157696486,0,10
14,0.0016070413403213024,0.0015789661556482315,0,10
15,0.0019551462028175592,0.001955152489244938,0,10
16,0.001320009701885283,0.0013200576649978757,0,10
17,0.00149717356543988,0.0014972164062783122,0,10
18,0.00025719040422700346,0.000257152016274631,0,10
19,0.000778727640863508,0.0007787593640387058,0,10
20,0.0009040861041285098,0.0009041422745212913,0,10
21,-0.0001992371107917279,0.00019919872283935547,10,10
22,0.00032378477044403553,0.00032383957295678556,0,10
23,4.807228469871916e-05,4.8040026740636677e-05,0,10
24,2.5536444809404202e-05,2.5535911845508963e-05,0,10
25,-2.0801792288693832e-06,2.0265579223632812e-06,10,10
26,0.00024064948956947774,0.0002406696876278147,0,10
27,0.00021958128490950912,0.00021954176190774888,0,10
28,0.0005552105139940977,0.000555232516489923,0,10
29,1.675642852205783e-05,1.6742866137064993e-05,0,10
30,0.0005098652327433228,0.0005099023692309856,0,10
31,-0.00018303636170458049,0.00018298625946044922,10,10
32,-0.0007966936682350934,0.0007966756820678711,10,10
0,0.03491806611418724,0.034918081015348434,0,10
1,0.030140066519379616,0.0301401037722826,0,10
2,0.026608576998114586,0.026608631014823914,0,10
3,0.022316817194223404,0.02231687679886818,0,10
4,0.01863713562488556,0.01863718591630459,0,10
5,0.01569494977593422,0.01569500006735325,0,10
6,0.01261499710381031,0.012615048326551914,0,10
7,0.009154549799859524,0.009154604747891426,0,10
8,0.008269996382296085,0.008270042948424816,0,10
9,0.006902525667101145,0.0069025433622300625,0,10
10,0.005384798627346754,0.0053848265670239925,0,10
11,0.004442868288606405,0.004442842211574316,0,10
12,0.0029379792977124453,0.0029380356427282095,0,10
13,0.0024632441345602274,0.002225234406068921,0,10
14,0.0016070413403213024,0.0016069933772087097,0,10
15,0.0019551462028175592,0.0019551340956240892,0,10
16,0.001320009701885283,0.0012616935418918729,0,10
17,0.00149717356543988,0.001497208490036428,0,10
18,0.00025719040422700346,0.00025721429847180843,0,10
19,0.000778727640863508,0.0007787661161273718,0,10
20,0.0009040861041285098,0.0009040299919433892,0,10
21,-0.0001992371107917279,0.00019919872283935547,10,10
22,0.00032378477044403553,0.0003237336641177535,0,10
23,4.807228469871916e-05,4.811266262549907e-05,0,10
24,2.5536444809404202e-05,2.5528193873469718e-05,0,10
25,-2.0801792288693832e-06,2.0265579223632812e-06,10,10
26,0.00024064948956947774,0.00024066113110166043,0,10
27,0.00021958128490950912,0.00021953041141387075,0,10
28,0.0005552105139940977,0.0005552075454033911,0,10
29,1.675642852205783e-05,1.6735861208871938e-05,0,10
30,0.0005098652327433228,0.0005099116824567318,0,10
31,-0.00018303636170458049,0.00018298625946044922,10,10
32,-0.0007966936682350934,0.0007966756820678711,10,10
33,-0.0007200023392215371,0.0007200241088867188,10,10
0,0.03491806611418724,0.03491811081767082,0,10
1,0.030140066519379616,0.03014010563492775,0,10
2,0.026608576998114586,0.026608634740114212,0,10
3,0.022316817194223404,0.022316858172416687,0,10
4,0.01863713562488556,0.018637174740433693,0,10
5,0.01569494977593422,0.015694942325353622,0,10
6,0.01261499710381031,0.012615039944648743,0,10
7,0.009154549799859524,0.009154601953923702,0,10
8,0.008269996382296085,0.008270003832876682,0,10
9,0.006902525667101145,0.006902584806084633,0,10
10,0.005384798627346754,0.0053848447278141975,0,10
11,0.004442868288606405,0.004442884586751461,0,10
12,0.0029379792977124453,0.002937993733212352,0,10
13,0.0024632441345602274,0.002463204087689519,0,10
14,0.0016070413403213024,0.0016070188721641898,0,10
15,0.0019551462028175592,0.001955139683559537,0,10
16,0.001320009701885283,0.0013200152898207307,0,10
17,0.00149717356543988,0.0014972141943871975,0,10
18,0.00025719040422700346,0.00025722358259372413,0,10
19,0.000778727640863508,0.0007787452195771039,0,10
20,0.0009040861041285098,0.0009041299927048385,0,10
21,-0.0001992371107917279,0.00019920349586755037,10,10
22,0.00032378477044403553,0.0003238244680687785,0,10
23,4.807228469871916e-05,4.8090088967001066e-05,0,10
24,2.5536444809404202e-05,2.559087806730531e-05,0,10
25,-2.0801792288693832e-06,2.0265579223632812e-06,10,10
26,0.00024064948956947774,0.0002406702988082543,0,10
27,0.00021958128490950912,0.00021956948330625892,0,10
28,0.0005552105139940977,0.0005552225629799068,0,10
29,1.675642852205783e-05,1.673517908784561e-05,0,10
30,0.0005098652327433228,0.0005098865367472172,0,10
31,-0.00018303636170458049,0.00018298625946044922,10,10
32,-0.0007966936682350934,0.0007966756820678711,10,10
33,-0.0007200023392215371,0.0007200241088867188,10,10
34,-0.0008558074478060007,0.0008558034896850586,10,10
0,0.03491806611418724,0.03491811081767082,0,10
1,0.030140066519379616,0.030140114948153496,0,10
2,0.026608576998114586,0.02660861425101757,0,10
3,0.022316817194223404,0.02231687121093273,0,10
4,0.01863713562488556,0.018637193366885185,0,10
5,0.01569494977593422,0.015695005655288696,0,10
6,0.01261499710381031,0.012615043669939041,0,10
7,0.009154549799859524,0.009154600091278553,0,10
8,0.008269996382296085,0.008270052261650562,0,10
9,0.006902525667101145,0.006902576424181461,0,10
10,0.005384798627346754,0.005384825170040131,0,10
11,0.004442868288606405,0.004442907404154539,0,10
12,0.0029379792977124453,0.002829259727150202,0,10
13,0.0024632441345602274,0.0024632939603179693,0,10
14,0.0016070413403213024,0.0016070895362645388,0,10
15,0.0019551462028175592,0.001955143641680479,0,10
16,0.001320009701885283,0.0013200202956795692,0,10
17,0.00149717356543988,0.0014971771743148565,0,10
18,0.00025719040422700346,0.00025723432190716267,0,10
19,0.000778727640863508,0.0007787327631376684,0,10
20,0.0009040861041285098,0.0009041376179084182,0,10
21,-0.0001992371107917279,0.00019919872283935547,10,10
22,0.00032378477044403553,0.0003238037752453238,0,10
23,4.807228469871916e-05,4.809615347767249e-05,0,10
24,2.5536444809404202e-05,2.5535331587889232e-05,0,10
25,-2.0801792288693832e-06,2.027926939263125e-06,10,10
26,0.00024064948956947774,0.0002406686544418335,0,10
27,0.00021958128490950912,0.00021957690478302538,0,10
28,0.0005552105139940977,0.0005552595830522478,0,10
29,1.675642852205783e-05,1.6784926629043184e-05,0,10
30,0.0005098652327433228,0.000509809295181185,0,10
31,-0.00018303636170458049,0.00018298625946044922,10,10
32,-0.0007966936682350934,0.0007625867729075253,10,10
33,-0.0007200023392215371,0.0007200241088867188,10,10
34,-0.0008558074478060007,0.0008558034896850586,10,10
35,-0.0006562625057995319,0.00065628468291834,10,10
0,0.03491806611418724,0.03491809591650963,0,10
1,0.030140066519379616,0.030140118673443794,0,10
2,0.026608576998114586,0.026608619838953018,0,10
3,0.022316817194223404,0.022316837683320045,0,10
4,0.01863713562488556,0.01863718032836914,0,10
5,0.01569494977593422,0.015694990754127502,0,10
6,0.01261499710381031,0.012615049257874489,0,10
7,0.009154549799859524,0.009154570288956165,0,10
8,0.008269996382296085,0.008270036429166794,0,10
9,0.006902525667101145,0.006902576889842749,0,10
10,0.005384798627346754,0.005384837277233601,0,10
11,0.004442868288606405,0.004442877601832151,0,10
12,0.0029379792977124453,0.0027319914661347866,0,10
13,0.0024632441345602274,0.0024632271379232407,0,10
14,0.0016070413403213024,0.0016070064157247543,0,10
15,0.0019551462028175592,0.0019551576115190983,0,10
16,0.001320009701885283,0.0013199771055951715,0,10
17,0.00149717356543988,0.0014971478376537561,0,10
18,0.00025719040422700346,0.00025717230164445937,0,10
19,0.000778727640863508,0.0007787490030750632,0,10
20,0.0009040861041285098,0.0009041037992574275,0,10
21,-0.0001992371107917279,0.00019919872283935547,10,10
22,0.00032378477044403553,0.0003237655619159341,0,10
23,4.807228469871916e-05,4.810691098100506e-05,0,10
24,2.5536444809404202e-05,2.5566589101799764e-05,0,10
25,-2.0801792288693832e-06,2.044230768660782e-06,10,10
26,0.00024064948956947774,0.00024063829914666712,0,10
27,0.00021958128490950912,0.0002195321285398677,0,10
28,0.0005552105139940977,0.0005551705253310502,0,10
29,1.675642852205783e-05,1.6761523511377163e-05,0,10
30,0.0005098652327433228,0.0004625939764082432,0,10
31,-0.00018303636170458049,0.00017452239990234375,10,10
32,-0.0007966936682350934,0.0007966756820678711,10,10
33,-0.0007200023392215371,0.0007200241088867188,10,10
34,-0.0008558074478060007,0.0008558034896850586,10,10
35,-0.0006562625057995319,0.0006562471389770508,10,10
36,-0.0013713673688471317,0.0012884493917226791,10,10
0,0.03491806611418724,0.03491812199354172,0,10
1,0.030140066519379616,0.030140124261379242,0,10
2,0.026608576998114586,0.026608608663082123,0,10
3,0.022316817194223404,0.02231687679886818,0,10
4,0.01863713562488556,0.018637193366885185,0,10
5,0.01569494977593422,0.015695001929998398,0,10
6,0.01261499710381031,0.012615013867616653,0,10
7,0.009154549799859524,0.009154606610536575,0,10
8,0.008269996382296085,0.00827001966536045,0,10
9,0.006902525667101145,0.006902553141117096,0,10
10,0.005384798627346754,0.005384806077927351,0,10
11,0.004442868288606405,0.00444281380623579,0,10
12,0.0029379792977124453,0.002873605815693736,0,10
13,0.0024632441345602274,0.002463283948600292,0,10
14,0.0016070413403213024,0.0016070585697889328,0,10
15,0.0019551462028175592,0.001955184852704406,0,10
16,0.001320009701885283,0.0011452330509200692,0,10
17,0.00149717356543988,0.001497194403782487,0,10
18,0.00025719040422700346,0.0002571928780525923,0,10
19,0.000778727640863508,0.0007787676295265555,0,10
20,0.0009040861041285098,0.0009040434961207211,0,10
21,-0.0001992371107917279,0.00019925518427044153,10,10
22,0.00032378477044403553,0.00032382362405769527,0,10
23,4.807228469871916e-05,4.80782582599204e-05,0,10
24,2.5536444809404202e-05,2.5517891117488034e-05,0,10
25,-2.0801792288693832e-06,2.0265579223632812e-06,10,10
26,0.00024064948956947774,0.00024069883511401713,0,10
27,0.00021958128490950912,0.00021955542615614831,0,10
28,0.0005552105139940977,0.0005552585353143513,0,10
29,1.675642852205783e-05,1.675177554716356e-05,0,10
30,0.0005098652327433228,0.000509886012878269,0,10
31,-0.00018303636170458049,0.00018298625946044922,10,10
32,-0.0007966936682350934,0.0007966756820678711,10,10
33,-0.0007200023392215371,0.0007200396503321826,10,10
34,-0.0008558074478060007,0.0007971525192260742,10,10
35,-0.0006562625057995319,0.0006562286289408803,10,10
36,-0.0013713673688471317,0.0013713836669921875,10,10
37,-0.0011659178417176008,0.0011658668518066406,10,10
0,0.03491806611418724,0.03491811454296112,0,10
1,0.030140066519379616,0.030140118673443794,0,10
2,0.026608576998114586,0.02660861425101757,0,10
3,0.022316817194223404,0.022316863760352135,0,10
4,0.01863713562488556,0.018637176603078842,0,10
5,0.01569494977593422,0.015695007517933846,0,10
6,0.01261499710381031,0.01261504739522934,0,10
7,0.009154549799859524,0.009154603816568851,0,10
8,0.008269996382296085,0.008270052261650562,0,10
9,0.006902525667101145,0.0069025312550365925,0,10
10,0.005384798627346754,0.0053848521783947945,0,10
11,0.004442868288606405,0.004418955184519291,0,10
12,0.0029379792977124453,0.0029379623010754585,0,10
13,0.0024632441345602274,0.0024632217828184366,0,10
14,0.0016070413403213024,0.001607085345312953,0,10
15,0.0019551462028175592,0.00195519276894629,0,10
16,0.001320009701885283,0.0013199651148170233,0,10
17,0.00149717356543988,0.0014971561031416059,0,10
18,0.00025719040422700346,0.0002572317607700825,0,10
19,0.000778727640863508,0.0007787612266838551,0,10
20,0.0009040861041285098,0.0009041059529408813,0,10
21,-0.0001992371107917279,0.00019919872283935547,10,10
22,0.00032378477044403553,0.0003238350327592343,0,10
23,4.807228469871916e-05,4.8128731577889994e-05,0,10
24,2.5536444809404202e-05,2.5591156372684054e-05,0,10
25,-2.0801792288693832e-06,2.0853640307905152e-06,10,10
26,0.00024064948956947774,0.00024065145407803357,0,10
27,0.00021958128490950912,0.0002195751731051132,0,10
28,0.0005552105139940977,0.0005551676731556654,0,10
29,1.675642852205783e-05,1.6009838873287663e-05,0,10
30,0.0005098652327433228,0.0005098457913845778,0,10
31,-0.00018303636170458049,0.00018298625946044922,10,10
32,-0.0007966936682350934,0.0007966756820678711,10,10
33,-0.0007200023392215371,0.0007200241088867188,10,10
34,-0.0008558074478060007,0.0008558034896850586,10,10
35,-0.0006562625057995319,0.0006562471389770508,10,10
36,-0.0013713673688471317,0.0013713836669921875,10,10
37,-0.0011659178417176008,0.0011658668518066406,10,10
38,-0.001550177694298327,0.0015501976013183594,10,10
0,0.03491806611418724,0.03491809591650963,0,10
1,0.030140066519379616,0.030140122398734093,0,10
2,0.026608576998114586,0.026608595624566078,0,10
3,0.022316817194223404,0.022316861897706985,0,10
4,0.01863713562488556,0.018637167289853096,0,10
5,0.01569494977593422,0.015694987028837204,0,10
6,0.01261499710381031,0.012615022249519825,0,10
7,0.009154549799859524,0.009154600091278553,0,10
8,0.008269996382296085,0.00827004387974739,0,10
9,0.006902525667101145,0.006902539171278477,0,10
10,0.005384798627346754,0.005384855903685093,0,10
11,0.004442868288606405,0.00444288644939661,0,10
12,0.0029379792977124453,0.0029379697516560555,0,10
13,0.0024632441345602274,0.002463288838043809,0,10
14,0.0016070413403213024,0.0016069856937974691,0,10
15,0.0019551462028175592,0.0019551338627934456,0,10
16,0.001320009701885283,0.0013200681423768401,0,10
17,0.00149717356543988,0.0014972032513469458,0,10
18,0.00025719040422700346,0.00025716982781887054,0,10
19,0.000778727640863508,0.0007787463837303221,0,10
20,0.0009040861041285098,0.0009040345903486013,0,10
21,-0.0001992371107917279,0.00019502639770507812,10,10
22,0.00032378477044403553,0.0003237859928049147,0,10
23,4.807228469871916e-05,4.801378963747993e-05,0,10
24,2.5536444809404202e-05,2.553149897721596e-05,0,10
25,-2.0801792288693832e-06,2.0265579223632812e-06,10,10
26,0.00024064948956947774,0.00023227483325172216,0,10
27,0.00021958128490950912,0.0002195495762862265,0,10
28,0.0005552105139940977,0.0005552416550926864,0,10
29,1.675642852205783e-05,1.677780892350711e-05,0,10
30,0.0005098652327433228,0.0005098212859593332,0,10
31,-0.00018303636170458049,0.00018298625946044922,10,10
32,-0.0007966936682350934,0.0007966756820678711,10,10
33,-0.0007200023392215371,0.0007200241088867188,10,10
34,-0.0008558074478060007,0.0008558111148886383,10,10
35,-0.0006562625057995319,0.0006562471389770508,10,10
36,-0.0013713673688471317,0.0013713836669921875,10,10
37,-0.0011659178417176008,0.0011659434530884027,10,10
38,-0.001550177694298327,0.0015501976013183594,10,10
39,-0.001419575186446309,0.0014195442199707031,10,10
0,0.03491806611418724,0.034918125718832016,0,10
1,0.030140066519379616,0.030140109360218048,0,10
2,0.026608576998114586,0.026608631014823914,0,10
3,0.022316817194223404,0.02231687307357788,0,10
4,0.01863713562488556,0.0186371598392725,0,10
5,0.01569494977593422,0.015695009380578995,0,10
6,0.01261499710381031,0.012615034356713295,0,10
7,0.009154549799859524,0.009154602885246277,0,10
8,0.008269996382296085,0.00827003549784422,0,10
9,0.006902525667101145,0.0069024995900690556,0,10
10,0.005384798627346754,0.005384840536862612,0,10
11,0.004442868288606405,0.004442828241735697,0,10
12,0.0029379792977124453,0.0029380321502685547,0,10
13,0.0024632441345602274,0.0024632937274873257,0,10
14,0.0016070413403213024,0.0016070413403213024,0,10
15,0.0019551462028175592,0.001955165760591626,0,10
16,0.001320009701885283,0.0011984965531155467,0,10
17,0.00149717356543988,0.0014972188510000706,0,10
18,0.00025719040422700346,0.00025713772629387677,0,10
19,0.000778727640863508,0.000778758549131453,0,10
20,0.0009040861041285098,0.0009040853474289179,0,10
21,-0.0001992371107917279,0.00019919872283935547,10,10
22,0.00032378477044403553,0.00032384053338319063,0,10
23,4.807228469871916e-05,4.80668168165721e-05,0,10
24,2.5536444809404202e-05,2.5553163141012192e-05,0,10
25,-2.0801792288693832e-06,2.0265579223632812e-06,10,10
26,0.00024064948956947774,0.00024067579943221062,0,10
27,0.00021958128490950912,0.000219605746679008,0,10
28,0.0005552105139940977,0.0005552162183448672,0,10
29,1.675642852205783e-05,1.680893183220178e-05,0,10
30,0.0005098652327433228,0.0005099221016280353,0,10
31,-0.00018303636170458049,0.00018298625946044922,10,10
32,-0.0007966936682350934,0.0007966756820678711,10,10
33,-0.0007200023392215371,0.0007200241088867188,10,10
34,-0.0008558074478060007,0.0008558034896850586,10,10
35,-0.0006562625057995319,0.0006562831113114953,10,10
36,-0.0013713673688471317,0.0013714166125282645,10,10
37,-0.0011659178417176008,0.0011658668518066406,10,10
38,-0.001550177694298327,0.0015502067981287837,10,10
39,-0.001419575186446309,0.0014195442199707031,10,10
40,-0.0019879525061696768,0.0018990039825439453,10,10
0,0.03491806611418724,0.03491811454296112,0,10
1,0.030140066519379616,0.030140114948153496,0,10
2,0.026608576998114586,0.026608632877469063,0,10
3,0.022316817194223404,0.02231687493622303,0,10
4,0.01863713562488556,0.01863718591630459,0,10
5,0.01569494977593422,0.015695007517933846,0,10
6,0.01261499710381031,0.01261504739522934,0,10
7,0.009154549799859524,0.009154596365988255,0,10
8,0.008269996382296085,0.008269970305263996,0,10
9,0.006902525667101145,0.006902581546455622,0,10
10,0.005384798627346754,0.005384792108088732,0,10
11,0.004442868288606405,0.00444286223500967,0,10
12,0.0029379792977124453,0.0029379844199866056,0,10
13,0.0024632441345602274,0.0024632816202938557,0,10
14,0.0016070413403213024,0.0016070980345830321,0,10
15,0.0019551462028175592,0.0018664607778191566,0,10
16,0.001320009701885283,0.001319956500083208,0,10
17,0.00149717356543988,0.0014971885830163956,0,10
18,0.00025719040422700346,0.00025720748817548156,0,10
19,0.000778727640863508,0.0007787475478835404,0,10
20,0.0009040861041285098,0.0009040806326083839,0,10
21,-0.0001992371107917279,0.00019919872283935547,10,10
22,0.00032378477044403553,0.00032373200519941747,0,10
23,4.807228469871916e-05,4.810001701116562e-05,0,10
24,2.5536444809404202e-05,2.5569785066181794e-05,0,10
25,-2.0801792288693832e-06,2.0305121779529145e-06,10,10
26,0.00024064948956947774,0.00024061399744823575,0,10
27,0.00021958128490950912,0.00021961111633572727,0,10
28,0.0005552105139940977,0.0005552278598770499,0,10
29,1.675642852205783e-05,1.66811569215497e-05,0,10
30,0.0005098652327433228,0.00050985167035833,0,10
31,-0.00018303636170458049,0.00018298625946044922,10,10
32,-0.0007966936682350934,0.0007966756820678711,10,10
33,-0.0007200023392215371,0.0007200250402092934,10,10
34,-0.0008558074478060007,0.0008558034896850586,10,10
35,-0.0006562625057995319,0.0006562471389770508,10,10
36,-0.0013713673688471317,0.0013713836669921875,10,10
37,-0.0011659178417176008,0.001165949972346425,10,10
38,-0.001550177694298327,0.0015501976013183594,10,10
39,-0.001419575186446309,0.0014195442199707031,10,10
40,-0.0019879525061696768,0.001987934112548828,10,10
41,-0.002759353257715702,0.0025418996810913086,10,10
0,0.03491806611418724,0.03491811081767082,0,10
1,0.030140066519379616,0.03014012612402439,0,10
2,0.026608576998114586,0.026608634740114212,0,10
3,0.022316817194223404,0.022316856309771538,0,10
4,0.01863713562488556,0.018637191504240036,0,10
5,0.01569494977593422,0.015694987028837204,0,10
6,0.01261499710381031,0.012615048326551914,0,10
7,0.009154549799859524,0.009154601953923702,0,10
8,0.008269996382296085,0.008270032703876495,0,10
9,0.006902525667101145,0.006902535445988178,0,10
10,0.005384798627346754,0.005384780466556549,0,10
11,0.004442868288606405,0.00444281380623579,0,10
12,0.0029379792977124453,0.002938037272542715,0,10
13,0.0024632441345602274,0.0024632522836327553,0,10
14,0.0016070413403213024,0.0016070965211838484,0,10
15,0.0019551462028175592,0.001955201383680105,0,10
16,0.001320009701885283,0.0013200112152844667,0,10
17,0.00149717356543988,0.001497148536145687,0,10
18,0.00025719040422700346,0.00025717896642163396,0,10
19,0.000778727640863508,0.0007787347421981394,0,10
20,0.0009040861041285098,0.000904059037566185,0,10
21,-0.0001992371107917279,0.00019919872283935547,10,10
22,0.00032378477044403553,0.0003237654163967818,0,10
23,4.807228469871916e-05,4.803502088179812e-05,0,10
24,2.5536444809404202e-05,2.5542469302308746e-05,0,10
25,-2.0801792288693832e-06,2.050426246569259e-06,10,10
26,0.00024064948956947774,0.0002406699932180345,0,10
27,0.00021958128490950912,0.00021956294949632138,0,10
28,0.0005552105139940977,0.0005552649963647127,0,10
29,1.675642852205783e-05,1.6711537682567723e-05,0,10
30,0.0005098652327433228,0.0005099138361401856,0,10
31,-0.00018303636170458049,0.0001678466796875,10,10
32,-0.0007966936682350934,0.0007966756820678711,10,10
33,-0.0007200023392215371,0.0007200241088867188,10,10
34,-0.0008558074478060007,0.0008558034896850586,10,10
35,-0.0006562625057995319,0.0006562471389770508,10,10
36,-0.0013713673688471317,0.0013713836669921875,10,10
37,-0.0011659178417176008,0.0011659248266369104,10,10
38,-0.001550177694298327,0.0015501976013183594,10,10
39,-0.001419575186446309,0.0014195442199707031,10,10
40,-0.0019879525061696768,0.001987934112548828,10,10
41,-0.002759353257715702,0.0027593374252319336,10,10
42,-0.00343697820790112,0.0034369230270385742,10,10
0,0.03491806611418724,0.03491812199354172,0,10
1,0.030140066519379616,0.030140122398734093,0,10
2,0.026608576998114586,0.026608629152178764,0,10
3,0.022316817194223404,0.022316865622997284,0,10
4,0.01863713562488556,0.018637193366885185,0,10
5,0.01569494977593422,0.015694985166192055,0,10
6,0.01261499710381031,0.012615032494068146,0,10
7,0.009154549799859524,0.009154598228633404,0,10
8,0.008269996382296085,0.008270042017102242,0,10
9,0.006902525667101145,0.006902539636939764,0,10
10,0.005384798627346754,0.005384773015975952,0,10
11,0.004442868288606405,0.004442917183041573,0,10
12,0.0029379792977124453,0.0029380174819380045,0,10
13,0.0024632441345602274,0.0024632406421005726,0,10
14,0.0016070413403213024,0.0016070848796516657,0,10
15,0.0019551462028175592,0.0019551278091967106,0,10
16,0.001320009701885283,0.0013200545217841864,0,10
17,0.00149717356543988,0.0014972060453146696,0,10
18,0.00025719040422700346,0.00025718307006172836,0,10
19,0.000778727640863508,0.0007786890491843224,0,10
20,0.0009040861041285098,0.0009040331351570785,0,10
21,-0.0001992371107917279,0.00019919872283935547,10,10
22,0.00032378477044403553,0.00030689669074490666,0,10
23,4.807228469871916e-05,4.8058180254884064e-05,0,10
24,2.5536444809404202e-05,2.5506271413178183e-05,0,10
25,-2.0801792288693832e-06,2.0265579223632812e-06,10,10
26,0.00024064948956947774,0.000240674868109636,0,10
27,0.00021958128490950912,0.00021957769058644772,0,10
28,0.0005552105139940977,0.000555249338503927,0,10
29,1.675642852205783e-05,1.67603629961377e-05,0,10
30,0.0005098652327433228,0.0005098801921121776,0,10
31,-0.00018303636170458049,0.00018298625946044922,10,10
32,-0.0007966936682350934,0.0007966756820678711,10,10
33,-0.0007200023392215371,0.0007200241088867188,10,10
34,-0.0008558074478060007,0.0008558034896850586,10,10
35,-0.0006562625057995319,0.000656317628454417,10,10
36,-0.0013713673688471317,0.0013713836669921875,10,10
37,-0.0011659178417176008,0.0011658668518066406,10,10
38,-0.001550177694298327,0.0015131235122680664,10,10
39,-0.001419575186446309,0.0014195943949744105,10,10
40,-0.0019879525061696768,0.001987934112548828,10,10
41,-0.002759353257715702,0.002759403083473444,10,10
42,-0.00343697820790112,0.0034369230270385742,10,10
43,-0.003950274549424648,0.003950298298150301,10,10
0,0.03491806611418724,0.03491809964179993,0,10
1,0.030140066519379616,0.03014010563492775,0,10
2,0.026608576998114586,0.02660861425101757,0,10
3,0.022316817194223404,0.022316860035061836,0,10
4,0.01863713562488556,0.018637172877788544,0,10
5,0.01569494977593422,0.015695003792643547,0,10
6,0.01261499710381031,0.012615041807293892,0,10
7,0.009154549799859524,0.009154552593827248,0,10
8,0.008269996382296085,0.008269978687167168,0,10
9,0.006902525667101145,0.00690257316455245,0,10
10,0.005384798627346754,0.0053847478702664375,0,10
11,0.004442868288606405,0.004442889709025621,0,10
12,0.0029379792977124453,0.0029380079358816147,0,10
13,0.0024632441345602274,0.002379154786467552,0,10
14,0.0016070413403213024,0.0016070930287241936,0,10
15,0.0019551462028175592,0.0019551855511963367,0,10
16,0.001320009701885283,0.001320061506703496,0,10
17,0.00149717356543988,0.0014972052304074168,0,10
18,0.00025719040422700346,0.0002571610966697335,0,10
19,0.000778727640863508,0.000778709480073303,0,10
20,0.0009040861041285098,0.0009040870354510844,0,10
21,-0.0001992371107917279,0.0001992050965782255,10,10
22,0.00032378477044403553,0.00030519033316522837,0,10
23,4.807228469871916e-05,4.803590854862705e-05,0,10
24,2.5536444809404202e-05,2.552513251430355e-05,0,10
25,-2.0801792288693832e-06,2.0265579223632812e-06,10,10
26,0.00024064948956947774,0.00024069884966593236,0,10
27,0.00021958128490950912,0.00021959302830509841,0,10
28,0.0005552105139940977,0.0005552673246711493,0,10
29,1.675642852205783e-05,1.6788311768323183e-05,0,10
30,0.0005098652327433228,0.0004898417391814291,0,10
31,-0.00018303636170458049,0.00017917156219482422,10,10
32,-0.0007966936682350934,0.0007966756820678711,10,10
33,-0.0007200023392215371,0.0007200241088867188,10,10
34,-0.0008558074478060007,0.0008558034896850586,10,10
35,-0.0006562625057995319,0.0006562471389770508,10,10
36,-0.0013713673688471317,0.0013713946100324392,10,10
37,-0.0011659178417176008,0.0011658668518066406,10,10
38,-0.001550177694298327,0.001403212547302246,10,10
39,-0.001419575186446309,0.0014195442199707031,10,10
40,-0.0019879525061696768,0.001987934112548828,10,10
41,-0.002759353257715702,0.0027593374252319336,10,10
42,-0.00343697820790112,0.0034369230270385742,10,10
43,-0.003950274549424648,0.003928422927856445,10,10
44,-0.005244951229542494,0.0052449703216552734,10,10
0,0.03491806611418724,0.034918125718832016,0,10
1,0.030140066519379616,0.030140122398734093,0,10
2,0.026608576998114586,0.026608627289533615,0,10
3,0.022316817194223404,0.022316861897706985,0,10
4,0.01863713562488556,0.018637195229530334,0,10
5,0.01569494977593422,0.015695009380578995,0,10
6,0.01261499710381031,0.012615055777132511,0,10
7,0.009154549799859524,0.009154608473181725,0,10
8,0.008269996382296085,0.008269996382296085,0,10
9,0.006902525667101145,0.006902552675455809,0,10
10,0.005384798627346754,0.005384837277233601,0,10
11,0.004442868288606405,0.00433243066072464,0,10
12,0.0029379792977124453,0.0029380321502685547,0,10
13,0.0024632441345602274,0.0022640828974545,0,10
14,0.0016070413403213024,0.001471980125643313,0,10
15,0.0019551462028175592,0.0019551555160433054,0,10
16,0.001320009701885283,0.0013200052781030536,0,10
17,0.00149717356543988,0.0014972013887017965,0,10
18,0.00025719040422700346,0.00025724092847667634,0,10
19,0.000778727640863508,0.0007787499343976378,0,10
20,0.0009040861041285098,0.0009041305165737867,0,10
21,-0.0001992371107917279,0.00019919872283935547,10,10
22,0.00032378477044403553,0.00032376518356613815,0,10
23,4.807228469871916e-05,4.806146171176806e-05,0,10
24,2.5536444809404202e-05,2.5563280360074714e-05,0,10
25,-2.0801792288693832e-06,2.0265579223632812e-06,10,10
26,0.00024064948956947774,0.00024062031297944486,0,10
27,0.00021958128490950912,0.00020713509002234787,0,10
28,0.0005552105139940977,0.0005552481161430478,0,10
29,1.675642852205783e-05,1.6010577382985502e-05,0,10
30,0.0005098652327433228,0.0005098556284792721,0,10
31,-0.00018303636170458049,0.00018309357983525842,10,10
32,-0.0007966936682350934,0.0007966756820678711,10,10
33,-0.0007200023392215371,0.0007089376449584961,10,10
34,-0.0008558074478060007,0.0008558034896850586,10,10
35,-0.0006562625057995319,0.0006562471389770508,10,10
36,-0.0013713673688471317,0.0013713836669921875,10,10
37,-0.0011659178417176008,0.001165860565379262,10,10
38,-0.001550177694298327,0.0015501976013183594,10,10
39,-0.001419575186446309,0.001277367351576686,10,10
40,-0.0019879525061696768,0.0019879615865647793,10,10
41,-0.002759353257715702,0.0027593374252319336,10,10
42,-0.00343697820790112,0.0034369230270385742,10,10
43,-0.003950274549424648,0.003950238227844238,10,10
44,-0.005244951229542494,0.0052449703216552734,10,10
45,-0.005619704257696867,0.005619645118713379,10,10
0,0.03491806611418724,0.03491811081767082,0,10
1,0.030140066519379616,0.030140124261379242,0,10
2,0.026608576998114586,0.026608629152178764,0,10
3,0.022316817194223404,0.022316869348287582,0,10
4,0.01863713562488556,0.018637187778949738,0,10
5,0.01569494977593422,0.015694988891482353,0,10
6,0.01261499710381031,0.0126150231808424,0,10
7,0.009154549799859524,0.009154590778052807,0,10
8,0.008269996382296085,0.00826997496187687,0,10
9,0.006902525667101145,0.00690256804227829,0,10
10,0.005384798627346754,0.005384848918765783,0,10
11,0.004442868288606405,0.004442875273525715,0,10
12,0.0029379792977124453,0.002937995595857501,0,10
13,0.0024632441345602274,0.002463269280269742,0,10
14,0.0016070413403213024,0.0016070317942649126,0,10
15,0.0019551462028175592,0.001955167856067419,0,10
16,0.001320009701885283,0.0013200073735788465,0,10
17,0.00149717356543988,0.00149715191219002,0,10
18,0.00025719040422700346,0.00025716156233102083,0,10
19,0.000778727640863508,0.0007786981877870858,0,10
20,0.0009040861041285098,0.0009040362201631069,0,10
21,-0.0001992371107917279,0.0001992160832742229,10,10
22,0.00032378477044403553,0.00032382376957684755,0,10
23,4.807228469871916e-05,4.80725611851085e-05,0,10
24,2.5536444809404202e-05,2.5573626771802083e-05,0,10
25,-2.0801792288693832e-06,2.0365177988423966e-06,10,10
26,0.00024064948956947774,0.00024059921270236373,0,10
27,0.00021958128490950912,0.00021963726612739265,0,10
28,0.0005552105139940977,0.0005551555659621954,0,10
29,1.675642852205783e-05,1.6813686670502648e-05,0,10
30,0.0005098652327433228,0.0005099211703054607,0,10
31,-0.00018303636170458049,0.00018298625946044922,10,10
32,-0.0007966936682350934,0.0007967482670210302,10,10
33,-0.0007200023392215371,0.0007200241088867188,10,10
34,-0.0008558074478060007,0.0008558034896850586,10,10
35,-0.0006562625057995319,0.0006562471389770508,10,10
36,-0.0013713673688471317,0.0013713836669921875,10,10
37,-0.0011659178417176008,0.0011658668518066406,10,10
38,-0.001550177694298327,0.0015501976013183594,10,10
39,-0.001419575186446309,0.0014195442199707031,10,10
40,-0.0019879525061696768,0.001987934112548828,10,10
41,-0.002759353257715702,0.0027593374252319336,10,10
42,-0.00343697820790112,0.00343698775395751,10,10
43,-0.003950274549424648,0.003950238227844238,10,10
44,-0.005244951229542494,0.0052449069917202,10,10
45,-0.005619704257696867,0.005610466003417969,10,10
46,-0.007368255872279406,0.007368250750005245,10,10
0,0.03491806611418724,0.03491808846592903,0,10
1,0.030140066519379616,0.030140120536088943,0,10
2,0.026608576998114586,0.026608632877469063,0,10
3,0.022316817194223404,0.02231684699654579,0,10
4,0.01863713562488556,0.018637176603078842,0,10
5,0.01569494977593422,0.015695003792643547,0,10
6,0.01261499710381031,0.01261504739522934,0,10
7,0.009154549799859524,0.009154586121439934,0,10
8,0.008269996382296085,0.008270049467682838,0,10
9,0.006902525667101145,0.006902552209794521,0,10
10,0.005384798627346754,0.005384822841733694,0,10
11,0.004442868288606405,0.004442906938493252,0,10
12,0.0029379792977124453,0.002937924349680543,0,10
13,0.0024632441345602274,0.002463220153003931,0,10
14,0.0016070413403213024,0.0016069929115474224,0,10
15,0.0019551462028175592,0.0019552044104784727,0,10
16,0.001320009701885283,0.0013199665118008852,0,10
17,0.00149717356543988,0.0014972073258832097,0,10
18,0.00025719040422700346,0.00025720629491843283,0,10
19,0.000778727640863508,0.0007787307258695364,0,10
20,0.0009040861041285098,0.0009041239973157644,0,10
21,-0.0001992371107917279,0.00019919872283935547,10,10
22,0.00032378477044403553,0.0003238061035517603,0,10
23,4.807228469871916e-05,4.8103811423061416e-05,0,10
24,2.5536444809404202e-05,2.5551298676873557e-05,0,10
25,-2.0801792288693832e-06,2.0265579223632812e-06,10,10
26,0.00024064948956947774,0.00024060533905867487,0,10
27,0.00021958128490950912,0.00021956590353511274,0,10
28,0.0005552105139940977,0.0005552510847337544,0,10
29,1.675642852205783e-05,1.6815702110761777e-05,0,10
30,0.0005098652327433228,0.0005098551628179848,0,10
31,-0.00018303636170458049,0.00018298625946044922,10,10
32,-0.0007966936682350934,0.0007967220153659582,10,10
33,-0.0007200023392215371,0.0007200241088867188,10,10
34,-0.0008558074478060007,0.0007892847061157227,10,10
35,-0.0006562625057995319,0.0006562471389770508,10,10
36,-0.0013713673688471317,0.0013713836669921875,10,10
37,-0.0011659178417176008,0.001165950670838356,10,10
38,-0.001550177694298327,0.0015109777450561523,10,10
39,-0.001419575186446309,0.0014195442199707031,10,10
40,-0.0019879525061696768,0.001987934112548828,10,10
41,-0.002759353257715702,0.0027593658305704594,10,10
42,-0.00343697820790112,0.0034369230270385742,10,10
43,-0.003950274549424648,0.003950320649892092,10,10
44,-0.005244951229542494,0.0052449703216552734,10,10
45,-0.005619704257696867,0.005619645118713379,10,10
46,-0.007368255872279406,0.007368206977844238,10,10
47,-0.008492875844240189,0.008492827415466309,10,10
0,0.03491806611418724,0.03491809219121933,0,10
1,0.030140066519379616,0.030140124261379242,0,10
2,0.026608576998114586,0.026608627289533615,0,10
3,0.022316817194223404,0.02231687307357788,0,10
4,0.01863713562488556,0.018637167289853096,0,10
5,0.01569494977593422,0.015695005655288696,0,10
6,0.01261499710381031,0.012615007348358631,0,10
7,0.009154549799859524,0.00915457308292389,0,10
8,0.008269996382296085,0.00827004760503769,0,10
9,0.006902525667101145,0.006902487948536873,0,10
10,0.005384798627346754,0.005384855438023806,0,10
11,0.004442868288606405,0.004052340984344482,0,10
12,0.0029379792977124453,0.002938001649454236,0,10
13,0.0024632441345602274,0.002463290933519602,0,10
14,0.0016070413403213024,0.0016070000128820539,0,10
15,0.0019551462028175592,0.0019551313016563654,0,10
16,0.001320009701885283,0.0013200623216107488,0,10
17,0.00149717356543988,0.0014130172785371542,0,10
18,0.00025719040422700346,0.0002572388621047139,0,10
19,0.000778727640863508,0.0007787820650264621,0,10
20,0.0009040861041285098,0.0009041421581059694,0,10
21,-0.0001992371107917279,0.0001992861070903018,10,10
22,0.00032378477044403553,0.0003238375356886536,0,10
23,4.807228469871916e-05,4.8124991735676304e-05,0,10
24,2.5536444809404202e-05,2.5534418455208652e-05,0,10
25,-2.0801792288693832e-06,1.7963317304747761e-06,10,10
26,0.00024064948956947774,0.00024059622955974191,0,10
27,0.00021958128490950912,0.00021114174160175025,0,10
28,0.0005552105139940977,0.0005552275106310844,0,10
29,1.675642852205783e-05,1.6777046766947024e-05,0,10
30,0.0005098652327433228,0.0005098708206787705,0,10
31,-0.00018303636170458049,0.00018298625946044922,10,10
32,-0.0007966936682350934,0.0007966517587192357,10,10
33,-0.0007200023392215371,0.0007199648534879088,10,10
34,-0.0008558074478060007,0.0008558034896850586,10,10
35,-0.0006562625057995319,0.0006562471389770508,10,10
36,-0.0013713673688471317,0.0013714114902541041,10,10
37,-0.0011659178417176008,0.0011658668518066406,10,10
38,-0.001550177694298327,0.0015501976013183594,10,10
39,-0.001419575186446309,0.0014195662224665284,10,10
40,-0.0019879525061696768,0.001987934112548828,10,10
41,-0.002759353257715702,0.0027593374252319336,10,10
42,-0.00343697820790112,0.0034151077270507812,10,10
43,-0.003950274549424648,0.0037299394607543945,10,10
44,-0.005244951229542494,0.0052449703216552734,10,10
45,-0.005619704257696867,0.005619645118713379,10,10
46,-0.007368255872279406,0.007368206977844238,10,10
47,-0.008492875844240189,0.008492827415466309,10,10
48,-0.01151992753148079,0.011519908905029297,10,10
0,0.03491806611418724,0.03491811826825142,0,10
1,0.030140066519379616,0.030140092596411705,0,10
2,0.026608576998114586,0.026608631014823914,0,10
3,0.022316817194223404,0.02231687493622303,0,10
4,0.01863713562488556,0.018637174740433693,0,10
5,0.01569494977593422,0.01569499261677265,0,10
6,0.01261499710381031,0.012615055777132511,0,10
7,0.009154549799859524,0.00915456935763359,0,10
8,0.008269996382296085,0.008270003832876682,0,10
9,0.006902525667101145,0.006902491208165884,0,10
10,0.005384798627346754,0.005384791176766157,0,10
11,0.004442868288606405,0.00444288132712245,0,10
12,0.0029379792977124453,0.0029380195774137974,0,10
13,0.0024632441345602274,0.002463272772729397,0,10
14,0.0016070413403213024,0.001607036218047142,0,10
15,0.0019551462028175592,0.0019551303703337908,0,10
16,0.001320009701885283,0.0013200442772358656,0,10
17,0.00149717356543988,0.001451962860301137,0,10
18,0.00025719040422700346,0.0002416181960143149,0,10
19,0.000778727640863508,0.0007787634967826307,0,10
20,0.0009040861041285098,0.0009040955337695777,0,10
21,-0.0001992371107917279,0.00019922852516174316,10,10
22,0.00032378477044403553,0.00032376794843003154,0,10
23,4.807228469871916e-05,4.8131019866559654e-05,0,10
24,2.5536444809404202e-05,2.5369252398377284e-05,0,10
25,-2.0801792288693832e-06,2.0265579223632812e-06,10,10
26,0.00024064948956947774,0.00024069103528745472,0,10
27,0.00021958128490950912,0.00021962751634418964,0,10
28,0.0005552105139940977,0.0005552254733629525,0,10
29,1.675642852205783e-05,1.6740154023864307e-05,0,10
30,0.0005098652327433228,0.0005099017871543765,0,10
31,-0.00018303636170458049,0.00018298625946044922,10,10
32,-0.0007966936682350934,0.0007966345874592662,10,10
33,-0.0007200023392215371,0.0007200437830761075,10,10
34,-0.0008558074478060007,0.0008558034896850586,10,10
35,-0.0006562625057995319,0.0006562471389770508,10,10
36,-0.0013713673688471317,0.0013713836669921875,10,10
37,-0.0011659178417176008,0.001165923778899014,10,10
38,-0.001550177694298327,0.0015501976013183594,10,10
39,-0.001419575186446309,0.0014195599360391498,10,10
40,-0.0019879525061696768,0.001987934112548828,10,10
41,-0.002759353257715702,0.0027593374252319336,10,10
42,-0.00343697820790112,0.0034369230270385742,10,10
43,-0.003950274549424648,0.003950238227844238,10,10
44,-0.005244951229542494,0.0052449703216552734,10,10
45,-0.005619704257696867,0.0053195953369140625,10,10
46,-0.007368255872279406,0.007219091057777405,10,10
47,-0.008492875844240189,0.008492827415466309,10,10
48,-0.01151992753148079,0.011519934050738811,10,10
49,-0.014266857877373695,0.01426684856414795,10,10
0,0.03491806611418724,0.03491812199354172,0,10
1,0.030140066519379616,0.030140066519379616,0,10
2,0.026608576998114586,0.026608625426888466,0,10
3,0.022316817194223404,0.022316863760352135,0,10
4,0.01863713562488556,0.018637195229530334,0,10
5,0.01569494977593422,0.01569499634206295,0,10
6,0.01261499710381031,0.012615036219358444,0,10
7,0.009154549799859524,0.009154604747891426,0,10
8,0.008269996382296085,0.00827004574239254,0,10
9,0.006902525667101145,0.006902544293552637,0,10
10,0.005384798627346754,0.005384828429669142,0,10
11,0.004442868288606405,0.004442825447767973,0,10
12,0.0029379792977124453,0.002857393119484186,0,10
13,0.0024632441345602274,0.0024632862769067287,0,10
14,0.0016070413403213024,0.001607039594091475,0,10
15,0.0019551462028175592,0.0019551587756723166,0,10
16,0.001320009701885283,0.0013200674438849092,0,10
17,0.00149717356543988,0.0014971601776778698,0,10
18,0.00025719040422700346,0.0002571931399870664,0,10
19,0.000778727640863508,0.0007787332870066166,0,10
20,0.0009040861041285098,0.0009041041485033929,0,10
21,-0.0001992371107917279,0.00019919872283935547,10,10
22,0.00032378477044403553,0.0003230785659980029,0,10
23,4.807228469871916e-05,4.811147300642915e-05,0,10
24,2.5536444809404202e-05,2.5538982299622148e-05,0,10
25,-2.0801792288693832e-06,2.052901891147485e-06,10,10
26,0.00024064948956947774,0.00024064378521870822,0,10
27,0.00021958128490950912,0.0002195796259911731,0,10
28,0.0005552105139940977,0.0005552593502216041,0,10
29,1.675642852205783e-05,1.679521483310964e-05,0,10
30,0.0005098652327433228,0.0005099188419990242,0,10
31,-0.00018303636170458049,0.00018298625946044922,10,10
32,-0.0007966936682350934,0.0007966756820678711,10,10
33,-0.0007200023392215371,0.0007200241088867188,10,10
34,-0.0008558074478060007,0.0008558034896850586,10,10
35,-0.0006562625057995319,0.0006562471389770508,10,10
36,-0.0013713673688471317,0.0013713836669921875,10,10
37,-0.0011659178417176008,0.0011658668518066406,10,10
38,-0.001550177694298327,0.0015501976013183594,10,10
39,-0.001419575186446309,0.0014195442199707031,10,10
40,-0.0019879525061696768,0.001987934112548828,10,10
41,-0.002759353257715702,0.0027593541890382767,10,10
42,-0.00343697820790112,0.0034369437489658594,10,10
43,-0.003950274549424648,0.003950238227844238,10,10
44,-0.005244951229542494,0.0052449703216552734,10,10
45,-0.005619704257696867,0.005619645118713379,10,10
46,-0.007368255872279406,0.007368206977844238,10,10
47,-0.008492875844240189,0.008492827415466309,10,10
48,-0.01151992753148079,0.011519908905029297,10,10
49,-0.014266857877373695,0.0142669091001153,10,10
50,-0.017328524962067604,0.017328500747680664,10,10
0,0.03491806611418724,0.03491811081767082,0,10
1,0.030140066519379616,0.030140109360218048,0,10
2,0.026608576998114586,0.026608634740114212,0,10
3,0.022316817194223404,0.02231687493622303,0,10
4,0.01863713562488556,0.018637187778949738,0,10
5,0.01569494977593422,0.015694988891482353,0,10
6,0.01261499710381031,0.012615042738616467,0,10
7,0.009154549799859524,0.009154601022601128,0,10
8,0.008269996382296085,0.008270029909908772,0,10
9,0.006902525667101145,0.006902556400746107,0,10
10,0.005384798627346754,0.005384795367717743,0,10
11,0.004442868288606405,0.004442899487912655,0,10
12,0.0029379792977124453,0.0029379434417933226,0,10
13,0.0024632441345602274,0.0024632795248180628,0,10
14,0.0016070413403213024,0.001607099431566894,0,10
15,0.0019551462028175592,0.0019551697187125683,0,10
16,0.001320009701885283,0.0013200503308326006,0,10
17,0.00149717356543988,0.0014971202472224832,0,10
18,0.00025719040422700346,0.0002571415388956666,0,10
19,0.000778727640863508,0.0007787245558574796,0,10
20,0.0009040861041285098,0.0009041168377734721,0,10
21,-0.0001992371107917279,0.00019919872283935547,10,10
22,0.00032378477044403553,0.0003141315246466547,0,10
23,4.807228469871916e-05,4.810666723642498e-05,0,10
24,2.5536444809404202e-05,2.548717202444095e-05,0,10
25,-2.0801792288693832e-06,2.038847014773637e-06,10,10
26,0.00024064948956947774,0.0002406224812148139,0,10
27,0.00021958128490950912,0.00021963442850392312,0,10
28,0.0005552105139940977,0.000555239908862859,0,10
29,1.675642852205783e-05,1.679729211900849e-05,0,10
30,0.0005098652327433228,0.0005098541150800884,0,10
31,-0.00018303636170458049,0.00018298625946044922,10,10
32,-0.0007966936682350934,0.0007966756820678711,10,10
33,-0.0007200023392215371,0.0007200241088867188,10,10
34,-0.0008558074478060007,0.0008558034896850586,10,10
35,-0.0006562625057995319,0.0006562471389770508,10,10
36,-0.0013713673688471317,0.0013713836669921875,10,10
37,-0.0011659178417176008,0.0011658668518066406,10,10
38,-0.001550177694298327,0.0015502009773626924,10,10
39,-0.001419575186446309,0.0014195442199707031,10,10
40,-0.0019879525061696768,0.001987934112548828,10,10
41,-0.002759353257715702,0.0027593374252319336,10,10
42,-0.00343697820790112,0.0034369677305221558,10,10
43,-0.003950274549424648,0.003950238227844238,10,10
44,-0.005244951229542494,0.0052449703216552734,10,10
45,-0.005619704257696867,0.005619645118713379,10,10
46,-0.007368255872279406,0.007368206977844238,10,10
47,-0.008492875844240189,0.008492832072079182,10,10
48,-0.01151992753148079,0.011519908905029297,10,10
49,-0.014266857877373695,0.01426684856414795,10,10
50,-0.017328524962067604,0.017328500747680664,10,10
51,-0.02205863781273365,0.022058606147766113,10,10
0,0.03491806611418724,0.034918103367090225,0,10
1,0.030140066519379616,0.0301401074975729,0,10
2,0.026608576998114586,0.026608631014823914,0,10
3,0.022316817194223404,0.022316869348287582,0,10
4,0.01863713562488556,0.018637165427207947,0,10
5,0.01569494977593422,0.01569500006735325,0,10
6,0.01261499710381031,0.0126150231808424,0,10
7,0.009154549799859524,0.00915456935763359,0,10
8,0.008269996382296085,0.008270049467682838,0,10
9,0.006902525667101145,0.006902512162923813,0,10
10,0.005384798627346754,0.004843784961849451,0,10
11,0.004442868288606405,0.004442894831299782,0,10
12,0.0029379792977124453,0.0029379604384303093,0,10
13,0.0024632441345602274,0.0024632865097373724,0,10
14,0.0016070413403213024,0.0016070270212367177,0,10
15,0.0019551462028175592,0.001955151790753007,0,10
16,0.001320009701885283,0.0013200428802520037,0,10
17,0.00149717356543988,0.0014971598284319043,0,10
18,0.00025719040422700346,0.0002572307421360165,0,10
19,0.000778727640863508,0.0007787820068188012,0,10
20,0.0009040861041285098,0.0009041325538419187,0,10
21,-0.0001992371107917279,0.00019919872283935547,10,10
22,0.00032378477044403553,0.000323816726449877,0,10
23,4.807228469871916e-05,4.8054414946818724e-05,0,10
24,2.5536444809404202e-05,2.5537112378515303e-05,0,10
25,-2.0801792288693832e-06,2.0265579223632812e-06,10,10
26,0.00024064948956947774,0.00024066591868177056,0,10
27,0.00021958128490950912,0.0002196406276198104,0,10
28,0.0005552105139940977,0.0005552528891712427,0,10
29,1.675642852205783e-05,1.6813686670502648e-05,0,10
30,0.0005098652327433228,0.0005099005647934973,0,10
31,-0.00018303636170458049,0.0001709461212158203,10,10
32,-0.0007966936682350934,0.000718235969543457,10,10
33,-0.0007200023392215371,0.0007200241088867188,10,10
34,-0.0008558074478060007,0.0008558601257391274,10,10
35,-0.0006562625057995319,0.0006562471389770508,10,10
36,-0.0013713673688471317,0.001371398800984025,10,10
37,-0.0011659178417176008,0.0011658668518066406,10,10
38,-0.001550177694298327,0.0015501976013183594,10,10
39,-0.001419575186446309,0.0014195442199707031,10,10
40,-0.0019879525061696768,0.0019880044274032116,10,10
41,-0.002759353257715702,0.0027593374252319336,10,10
42,-0.00343697820790112,0.0034369230270385742,10,10
43,-0.003950274549424648,0.0039503201842308044,10,10
44,-0.005244951229542494,0.0052449703216552734,10,10
45,-0.005619704257696867,0.005288481712341309,10,10
46,-0.007368255872279406,0.007368206977844238,10,10
47,-0.008492875844240189,0.008492827415466309,10,10
48,-0.01151992753148079,0.011519908905029297,10,10
49,-0.014266857877373695,0.01426684856414795,10,10
50,-0.017328524962067604,0.017328500747680664,10,10
51,-0.02205863781273365,0.022058606147766113,10,10
52,-0.02856297977268696,0.027623653411865234,10,10
0,0.03491806611418724,0.03491811826825142,0,10
1,0.030140066519379616,0.030140124261379242,0,10
2,0.026608576998114586,0.026608634740114212,0,10
3,0.022316817194223404,0.022316869348287582,0,10
4,0.01863713562488556,0.018637195229530334,0,10
5,0.01569494977593422,0.015695003792643547,0,10
6,0.01261499710381031,0.012615050189197063,0,10
7,0.009154549799859524,0.009154603816568851,0,10
8,0.008269996382296085,0.008270012214779854,0,10
9,0.006902525667101145,0.006902533117681742,0,10
10,0.005384798627346754,0.0053847478702664375,0,10
11,0.004442868288606405,0.004442885983735323,0,10
12,0.0029379792977124453,0.002938013756647706,0,10
13,0.0024632441345602274,0.002463298849761486,0,10
14,0.0016070413403213024,0.0016070989659056067,0,10
15,0.0019551462028175592,0.0019551825243979692,0,10
16,0.001320009701885283,0.0013200592948123813,0,10
17,0.00149717356543988,0.0014971311902627349,0,10
18,0.00025719040422700346,0.00025723467115312815,0,10
19,0.000778727640863508,0.0007787665235809982,0,10
20,0.0009040861041285098,0.0009041349403560162,0,10
21,-0.0001992371107917279,0.00019919872283935547,10,10
22,0.00032378477044403553,0.00032377400202676654,0,10
23,4.807228469871916e-05,4.8057841922855005e-05,0,10
24,2.5536444809404202e-05,2.5543329684296623e-05,0,10
25,-2.0801792288693832e-06,2.0517254597507417e-06,10,10
26,0.00024064948956947774,0.00024061942531261593,0,10
27,0.00021958128490950912,0.00021963941981084645,0,10
28,0.0005552105139940977,0.0005552400252781808,0,10
29,1.675642852205783e-05,1.675591011007782e-05,0,10
30,0.0005098652327433228,0.000509914883878082,0,10
31,-0.00018303636170458049,0.0001829933316912502,10,10
32,-0.0007966936682350934,0.0007966756820678711,10,10
33,-0.0007200023392215371,0.0007200241088867188,10,10
34,-0.0008558074478060007,0.0008558583795093,10,10
35,-0.0006562625057995319,0.0006449231877923012,10,10
36,-0.0013713673688471317,0.0013713836669921875,10,10
37,-0.0011659178417176008,0.0011658668518066406,10,10
38,-0.001550177694298327,0.0015501976013183594,10,10
39,-0.001419575186446309,0.0014195442199707031,10,10
40,-0.0019879525061696768,0.001987934112548828,10,10
41,-0.002759353257715702,0.0027593374252319336,10,10
42,-0.00343697820790112,0.0032922029495239258,10,10
43,-0.003950274549424648,0.003950238227844238,10,10
44,-0.005244951229542494,0.0052449870854616165,10,10
45,-0.005619704257696867,0.005619727075099945,10,10
46,-0.007368255872279406,0.007368206977844238,10,10
47,-0.008492875844240189,0.008492827415466309,10,10
48,-0.01151992753148079,0.011519908905029297,10,10
49,-0.014266857877373695,0.01426684856414795,10,10
50,-0.017328524962067604,0.017328571528196335,10,10
51,-0.02205863781273365,0.022058680653572083,10,10
52,-0.02856297977268696,0.02856302261352539,10,10
53,-0.03238789364695549,0.032073020935058594,10,10
0,0.03491806611418724,0.034918125718832016,0,10
1,0.030140066519379616,0.030140100046992302,0,10
2,0.026608576998114586,0.026608623564243317,0,10
3,0.022316817194223404,0.022316869348287582,0,10
4,0.01863713562488556,0.018637191504240036,0,10
5,0.01569494977593422,0.015694988891482353,0,10
6,0.01261499710381031,0.012615051120519638,0,10
7,0.009154549799859524,0.009154602885246277,0,10
8,0.008269996382296085,0.008270041085779667,0,10
9,0.006902525667101145,0.006902498658746481,0,10
10,0.005384798627346754,0.005384743679314852,0,10
11,0.004442868288606405,0.004442872945219278,0,10
12,0.0029379792977124453,0.0029380328487604856,0,10
13,0.0024632441345602274,0.002463292796164751,0,10
14,0.0016070413403213024,0.001607061130926013,0,10
15,0.0019551462028175592,0.00195517810061574,0,10
16,0.001320009701885283,0.0013200336834415793,0,10
17,0.00149717356543988,0.0014484046259894967,0,10
18,0.00025719040422700346,0.00025724375154823065,0,10
19,0.000778727640863508,0.0007786727510392666,0,10
20,0.0009040861041285098,0.0009040988516062498,0,10
21,-0.0001992371107917279,0.00019824504852294922,10,10
22,0.00032378477044403553,0.0003238287754356861,0,10
23,4.807228469871916e-05,4.811281178263016e-05,0,10
24,2.5536444809404202e-05,2.5582765374565497e-05,0,10
25,-2.0801792288693832e-06,2.0265579223632812e-06,10,10
26,0.00024064948956947774,0.00024065478646662086,0,10
27,0.00021958128490950912,0.00021956066484563053,0,10
28,0.0005552105139940977,0.0005551977083086967,0,10
29,1.675642852205783e-05,1.67883717949735e-05,0,10
30,0.0005098652327433228,0.0005099165719002485,0,10
31,-0.00018303636170458049,0.00017821788787841797,10,10
32,-0.0007966936682350934,0.0007966756820678711,10,10
33,-0.0007200023392215371,0.0007200241088867188,10,10
34,-0.0008558074478060007,0.0008558034896850586,10,10
35,-0.0006562625057995319,0.0006562471389770508,10,10
36,-0.0013713673688471317,0.0013713836669921875,10,10
37,-0.0011659178417176008,0.0011658668518066406,10,10
38,-0.001550177694298327,0.0015501976013183594,10,10
39,-0.001419575186446309,0.0014195442199707031,10,10
40,-0.0019879525061696768,0.0019233226776123047,10,10
41,-0.002759353257715702,0.002759368624538183,10,10
42,-0.00343697820790112,0.0034369230270385742,10,10
43,-0.003950274549424648,0.0037636756896972656,10,10
44,-0.005244951229542494,0.005209922790527344,10,10
45,-0.005619704257696867,0.005619725678116083,10,10
46,-0.007368255872279406,0.007368237245827913,10,10
47,-0.008492875844240189,0.008492833934724331,10,10
48,-0.01151992753148079,0.011519908905029297,10,10
49,-0.014266857877373695,0.01426684856414795,10,10
50,-0.017328524962067604,0.017328500747680664,10,10
51,-0.02205863781273365,0.022058606147766113,10,10
52,-0.02856297977268696,0.02856302261352539,10,10
53,-0.03238789364695549,0.029750585556030273,10,10
54,-0.03395761549472809,0.033957600593566895,10,10
0,0.03491806611418724,0.03491808846592903,0,10
1,0.030140066519379616,0.030140109360218048,0,10
2,0.026608576998114586,0.02660861611366272,0,10
3,0.022316817194223404,0.02231687307357788,0,10
4,0.01863713562488556,0.018637191504240036,0,10
5,0.01569494977593422,0.015695003792643547,0,10
6,0.01261499710381031,0.01261504553258419,0,10
7,0.009154549799859524,0.009154598228633404,0,10
8,0.008269996382296085,0.008270049467682838,0,10
9,0.006902525667101145,0.0069025312550365925,0,10
10,0.005384798627346754,0.005384824238717556,0,10
11,0.004442868288606405,0.004442879464477301,0,10
12,0.0029379792977124453,0.0029379932675510645,0,10
13,0.0024632441345602274,0.0024632252752780914,0,10
14,0.0016070413403213024,0.0016070941928774118,0,10
15,0.0019551462028175592,0.00195515644736588,0,10
16,0.001320009701885283,0.0013200489338487387,0,10
17,0.00149717356543988,0.0014971873024478555,0,10
18,0.00025719040422700346,0.0002571601653471589,0,10
19,0.000778727640863508,0.0007787838694639504,0,10
20,0.0009040861041285098,0.0008539648842997849,0,10
21,-0.0001992371107917279,0.00019919872283935547,10,10
22,0.00032378477044403553,0.0003238156787119806,0,10
23,4.807228469871916e-05,4.812034603673965e-05,0,10
24,2.5536444809404202e-05,2.5578696295269765e-05,0,10
25,-2.0801792288693832e-06,2.0320289877417963e-06,10,10
26,0.00024064948956947774,0.0002406732237432152,0,10
27,0.00021958128490950912,0.00021958723664283752,0,10
28,0.0005552105139940977,0.0005551612703129649,0,10
29,1.675642852205783e-05,1.6809308363008313e-05,0,10
30,0.0005098652327433228,0.0005098602268844843,0,10
31,-0.00018303636170458049,0.00018304670811630785,10,10
32,-0.0007966936682350934,0.0007966756820678711,10,10
33,-0.0007200023392215371,0.0007200241088867188,10,10
34,-0.0008558074478060007,0.0008558034896850586,10,10
35,-0.0006562625057995319,0.0006562471389770508,10,10
36,-0.0013713673688471317,0.0013713836669921875,10,10
37,-0.0011659178417176008,0.0011659333249554038,10,10
38,-0.001550177694298327,0.0015501976013183594,10,10
39,-0.001419575186446309,0.0014195442199707031,10,10
40,-0.0019879525061696768,0.001987934112548828,10,10
41,-0.002759353257715702,0.00275940983556211,10,10
42,-0.00343697820790112,0.0034369230270385742,10,10
43,-0.003950274549424648,0.003950259182602167,10,10
44,-0.005244951229542494,0.0052449703216552734,10,10
45,-0.005619704257696867,0.0056197065860033035,10,10
46,-0.007368255872279406,0.007368206977844238,10,10
47,-0.008492875844240189,0.008492827415466309,10,10
48,-0.01151992753148079,0.010591387748718262,10,10
49,-0.014266857877373695,0.014266878366470337,10,10
50,-0.017328524962067604,0.017328500747680664,10,10
51,-0.02205863781273365,0.022058626636862755,10,10
52,-0.02856297977268696,0.02856302261352539,10,10
53,-0.03238789364695549,0.03238785266876221,10,10
54,-0.03395761549472809,0.02897787094116211,10,10
55,-0.035983774811029434,0.03598380088806152,10,10
0,0.03491806611418724,0.03491811081767082,0,10
1,0.030140066519379616,0.030140122398734093,0,10
2,0.026608576998114586,0.026608619838953018,0,10
3,0.022316817194223404,0.022316869348287582,0,10
4,0.01863713562488556,0.018637143075466156,0,10
5,0.01569494977593422,0.015694990754127502,0,10
6,0.01261499710381031,0.01261504739522934,0,10
7,0.009154549799859524,0.009154605679214,0,10
8,0.008269996382296085,0.0082699591293931,0,10
9,0.006902525667101145,0.006902521476149559,0,10
10,0.005384798627346754,0.005384780000895262,0,10
11,0.004442868288606405,0.004442898090928793,0,10
12,0.0029379792977124453,0.002938004909083247,0,10
13,0.0024632441345602274,0.0024632199201732874,0,10
14,0.0016070413403213024,0.0016070670681074262,0,10
15,0.0019551462028175592,0.001955182058736682,0,10
16,0.001320009701885283,0.0013200402026996017,0,10
17,0.00149717356543988,0.0014971147757023573,0,10
18,0.00025719040422700346,0.00025718502001836896,0,10
19,0.000778727640863508,0.0007530207512900233,0,10
20,0.0009040861041285098,0.0009041272569447756,0,10
21,-0.0001992371107917279,0.00019919872283935547,10,10
22,0.00032378477044403553,0.0003238210629206151,0,10
23,4.807228469871916e-05,4.808948142454028e-05,0,10
24,2.5536444809404202e-05,2.5503841243335046e-05,0,10
25,-2.0801792288693832e-06,2.0265579223632812e-06,10,10
26,0.00024064948956947774,0.00023150505148805678,0,10
27,0.00021958128490950912,0.00021963351173326373,0,10
28,0.0005552105139940977,0.0005552606889978051,0,10
29,1.675642852205783e-05,1.6800291632534936e-05,0,10
30,0.0005098652327433228,0.0005098593537695706,0,10
31,-0.00018303636170458049,0.00018298625946044922,10,10
32,-0.0007966936682350934,0.0007966927369125187,10,10
33,-0.0007200023392215371,0.0007200241088867188,10,10
34,-0.0008558074478060007,0.0008558034896850586,10,10
35,-0.0006562625057995319,0.0006562419002875686,10,10
36,-0.0013713673688471317,0.0013713836669921875,10,10
37,-0.0011659178417176008,0.0011658668518066406,10,10
38,-0.001550177694298327,0.0015501976013183594,10,10
39,-0.001419575186446309,0.0013685233425348997,10,10
40,-0.0019879525061696768,0.001987934112548828,10,10
41,-0.002759353257715702,0.002759338589385152,10,10
42,-0.00343697820790112,0.0034369230270385742,10,10
43,-0.003950274549424648,0.003950238227844238,10,10
44,-0.005244951229542494,0.0052449703216552734,10,10
45,-0.005619704257696867,0.005619645118713379,10,10
46,-0.007368255872279406,0.007368206977844238,10,10
47,-0.008492875844240189,0.00849287211894989,10,10
48,-0.01151992753148079,0.011519908905029297,10,10
49,-0.014266857877373695,0.01426684856414795,10,10
50,-0.017328524962067604,0.014907900243997574,10,10
51,-0.02205863781273365,0.022058606147766113,10,10
52,-0.02856297977268696,0.025614023208618164,10,10
53,-0.03238789364695549,0.032387878745794296,10,10
54,-0.03395761549472809,0.033957600593566895,10,10
55,-0.035983774811029434,0.03598376736044884,10,10
56,-0.03480179235339165,0.034801822155714035,10,10
0,0.03491806611418724,0.034918125718832016,0,10
1,0.030140066519379616,0.030140087008476257,0,10
2,0.026608576998114586,0.026608623564243317,0,10
3,0.022316817194223404,0.022316867485642433,0,10
4,0.01863713562488556,0.018637191504240036,0,10
5,0.01569494977593422,0.0156949944794178,0,10
6,0.01261499710381031,0.012615050189197063,0,10
7,0.009154549799859524,0.009154579602181911,0,10
8,0.008269996382296085,0.008270018734037876,0,10
9,0.006902525667101145,0.006902547553181648,0,10
10,0.005384798627346754,0.005384807474911213,0,10
11,0.004442868288606405,0.004442898090928793,0,10
12,0.0029379792977124453,0.002937921555712819,0,10
13,0.0024632441345602274,0.0024632327258586884,0,10
14,0.0016070413403213024,0.0016070689307525754,0,10
15,0.0019551462028175592,0.0019551212899386883,0,10
16,0.001320009701885283,0.0013200457906350493,0,10
17,0.00149717356543988,0.001497191726230085,0,10
18,0.00025719040422700346,0.00025720836129039526,0,10
19,0.000778727640863508,0.0007787642534822226,0,10
20,0.0009040861041285098,0.0009040991426445544,0,10
21,-0.0001992371107917279,0.00019919872283935547,10,10
22,0.00032378477044403553,0.0003238008066546172,0,10
23,4.807228469871916e-05,4.5567223423859105e-05,0,10
24,2.5536444809404202e-05,2.5560044377925806e-05,0,10
25,-2.0801792288693832e-06,2.0265579223632812e-06,10,10
26,0.00024064948956947774,0.00022391171660274267,0,10
27,0.00021958128490950912,0.00021959956211503595,0,10
28,0.0005552105139940977,0.0005552612128667533,0,10
29,1.675642852205783e-05,1.669451557972934e-05,0,10
30,0.0005098652327433228,0.0005098245455883443,0,10
31,-0.00018303636170458049,0.00018305335834156722,10,10
32,-0.0007966936682350934,0.0007966931443661451,10,10
33,-0.0007200023392215371,0.0007200241088867188,10,10
34,-0.0008558074478060007,0.0008558034896850586,10,10
35,-0.0006562625057995319,0.0006562037742696702,10,10
36,-0.0013713673688471317,0.0013713836669921875,10,10
37,-0.0011659178417176008,0.0011659283190965652,10,10
38,-0.001550177694298327,0.0015501976013183594,10,10
39,-0.001419575186446309,0.0014195442199707031,10,10
40,-0.0019879525061696768,0.001987934112548828,10,10
41,-0.002759353257715702,0.0027593374252319336,10,10
42,-0.00343697820790112,0.0034369230270385742,10,10
43,-0.003950274549424648,0.003950238227844238,10,10
44,-0.005244951229542494,0.005244900472462177,10,10
45,-0.005619704257696867,0.005619645118713379,10,10
46,-0.007368255872279406,0.007368206977844238,10,10
47,-0.008492875844240189,0.008492827415466309,10,10
48,-0.01151992753148079,0.011519908905029297,10,10
49,-0.014266857877373695,0.01426684856414795,10,10
50,-0.017328524962067604,0.017328500747680664,10,10
51,-0.02205863781273365,0.022058606147766113,10,10
52,-0.02856297977268696,0.02856302261352539,10,10
53,-0.03238789364695549,0.03238785266876221,10,10
54,-0.03395761549472809,0.033957645297050476,10,10
55,-0.035983774811029434,0.03598381206393242,10,10
56,-0.03480179235339165,0.0326789990067482,10,10
57,-0.033648066222667694,0.033648014068603516,10,10
0,0.03491806611418724,0.03491811826825142,0,10
1,0.030140066519379616,0.030140120536088943,0,10
2,0.026608576998114586,0.026608634740114212,0,10
3,0.022316817194223404,0.02231685072183609,0,10
4,0.01863713562488556,0.018637195229530334,0,10
5,0.01569494977593422,0.01569500006735325,0,10
6,0.01261499710381031,0.012615032494068146,0,10
7,0.009154549799859524,0.00915460754185915,0,10
8,0.008269996382296085,0.0082700215280056,0,10
9,0.006902525667101145,0.006902535445988178,0,10
10,0.005384798627346754,0.005384822841733694,0,10
11,0.004442868288606405,0.00444283802062273,0,10
12,0.0029379792977124453,0.0029379480984061956,0,10
13,0.0024632441345602274,0.002463247859850526,0,10
14,0.0016070413403213024,0.0016070633428171277,0,10
15,0.0019551462028175592,0.0019551916047930717,0,10
16,0.001320009701885283,0.0013199727982282639,0,10
17,0.00149717356543988,0.0014971940545365214,0,10
18,0.00025719040422700346,0.000257159088505432,0,10
19,0.000778727640863508,0.0007786831120029092,0,10
20,0.0009040861041285098,0.000904097396414727,0,10
21,-0.0001992371107917279,0.00019919872283935547,10,10
22,0.00032378477044403553,0.0003237689670640975,0,10
23,4.807228469871916e-05,4.8041703848866746e-05,0,10
24,2.5536444809404202e-05,2.5593728423700668e-05,0,10
25,-2.0801792288693832e-06,2.0265579223632812e-06,10,10
26,0.00024064948956947774,0.00024069208302535117,0,10
27,0.00021958128490950912,0.00021960855519864708,0,10
28,0.0005552105139940977,0.0005552644724957645,0,10
29,1.675642852205783e-05,1.6759460777393542e-05,0,10
30,0.0005098652327433228,0.0005098682013340294,0,10
31,-0.00018303636170458049,0.00018298625946044922,10,10
32,-0.0007966936682350934,0.0007966756820678711,10,10
33,-0.0007200023392215371,0.0007200241088867188,10,10
34,-0.0008558074478060007,0.0008558034896850586,10,10
35,-0.0006562625057995319,0.0006562471389770508,10,10
36,-0.0013713673688471317,0.0013713836669921875,10,10
37,-0.0011659178417176008,0.0011415481567382812,10,10
38,-0.001550177694298327,0.0015501976013183594,10,10
39,-0.001419575186446309,0.0014195442199707031,10,10
40,-0.0019879525061696768,0.001987934112548828,10,10
41,-0.002759353257715702,0.0027593374252319336,10,10
42,-0.00343697820790112,0.0034369230270385742,10,10
43,-0.003950274549424648,0.003950238227844238,10,10
44,-0.005244951229542494,0.0052449703216552734,10,10
45,-0.005619704257696867,0.005619645118713379,10,10
46,-0.007368255872279406,0.007368206977844238,10,10
47,-0.008492875844240189,0.008492875844240189,10,10
48,-0.01151992753148079,0.011519908905029297,10,10
49,-0.014266857877373695,0.01426684856414795,10,10
50,-0.017328524962067604,0.01732850819826126,10,10
51,-0.02205863781273365,0.020459771156311035,10,10
52,-0.02856297977268696,0.02856302261352539,10,10
53,-0.03238789364695549,0.03238785266876221,10,10
54,-0.03395761549472809,0.03302675485610962,10,10
55,-0.035983774811029434,0.03598380088806152,10,10
56,-0.03480179235339165,0.03480184078216553,10,10
57,-0.033648066222667694,0.033648014068603516,10,10
58,-0.03698047250509262,0.03698047623038292,10,10
0,0.03491806611418724,0.034918103367090225,0,10
1,0.030140066519379616,0.030140116810798645,0,10
2,0.026608576998114586,0.026608623564243317,0,10
3,0.022316817194223404,0.022316869348287582,0,10
4,0.01863713562488556,0.01863718591630459,0,10
5,0.01569494977593422,0.015695007517933846,0,10
6,0.01261499710381031,0.01261504739522934,0,10
7,0.009154549799859524,0.009154604747891426,0,10
8,0.008269996382296085,0.008269988931715488,0,10
9,0.006902525667101145,0.00690248841419816,0,10
10,0.005384798627346754,0.0053848205134272575,0,10
11,0.004442868288606405,0.004442861769348383,0,10
12,0.0029379792977124453,0.0029213503003120422,0,10
13,0.0024632441345602274,0.0024632196873426437,0,10
14,0.0016070413403213024,0.0016070733545348048,0,10
15,0.0019551462028175592,0.0019551764708012342,0,10
16,0.001320009701885283,0.0013200362445786595,0,10
17,0.00149717356543988,0.0014731463743373752,0,10
18,0.00025719040422700346,0.00025720646954141557,0,10
19,0.000778727640863508,0.0007786947535350919,0,10
20,0.0009040861041285098,0.0009040623554028571,0,10
21,-0.0001992371107917279,0.00019919872283935547,10,10
22,0.00032378477044403553,0.00032379510230384767,0,10
23,4.807228469871916e-05,4.806561628356576e-05,0,10
24,2.5536444809404202e-05,2.552534715505317e-05,0,10
25,-2.0801792288693832e-06,2.0337902242317796e-06,10,10
26,0.00024064948956947774,0.000240694047533907,0,10
27,0.00021958128490950912,0.00021962961181998253,0,10
28,0.0005552105139940977,0.0005551791400648654,0,10
29,1.675642852205783e-05,1.6715683159418404e-05,0,10
30,0.0005098652327433228,0.0004882860230281949,0,10
31,-0.00018303636170458049,0.00018298625946044922,10,10
32,-0.0007966936682350934,0.0007966756820678711,10,10
33,-0.0007200023392215371,0.0007200241088867188,10,10
34,-0.0008558074478060007,0.0008558034896850586,10,10
35,-0.0006562625057995319,0.0006562471389770508,10,10
36,-0.0013713673688471317,0.0013713836669921875,10,10
37,-0.0011659178417176008,0.0011658668518066406,10,10
38,-0.001550177694298327,0.0015501976013183594,10,10
39,-0.001419575186446309,0.0014196226838976145,10,10
40,-0.0019879525061696768,0.001987934112548828,10,10
41,-0.002759353257715702,0.0027593374252319336,10,10
42,-0.00343697820790112,0.0034369230270385742,10,10
43,-0.003950274549424648,0.003950238227844238,10,10
44,-0.005244951229542494,0.0052449703216552734,10,10
45,-0.005619704257696867,0.005619645118713379,10,10
46,-0.007368255872279406,0.007368206977844238,10,10
47,-0.008492875844240189,0.008492827415466309,10,10
48,-0.01151992753148079,0.011519908905029297,10,10
49,-0.014266857877373695,0.014266880229115486,10,10
50,-0.017328524962067604,0.017328573390841484,10,10
51,-0.02205863781273365,0.022058606147766113,10,10
52,-0.02856297977268696,0.02856302261352539,10,10
53,-0.03238789364695549,0.03238785266876221,10,10
54,-0.03395761549472809,0.033957671374082565,10,10
55,-0.035983774811029434,0.03598383069038391,10,10
56,-0.03480179235339165,0.03480184078216553,10,10
57,-0.033648066222667694,0.033648014068603516,10,10
58,-0.03698047250509262,0.034197092056274414,10,10
59,-0.03187692165374756,0.03187692165374756,10,10
0,0.03491806611418724,0.03491811826825142,0,10
1,0.030140066519379616,0.030140094459056854,0,10
2,0.026608576998114586,0.026608631014823914,0,10
3,0.022316817194223404,0.02231687493622303,0,10
4,0.01863713562488556,0.01863718032836914,0,10
5,0.01569494977593422,0.015695005655288696,0,10
6,0.01261499710381031,0.012615041807293892,0,10
7,0.009154549799859524,0.009154582396149635,0,10
8,0.008269996382296085,0.00827000755816698,0,10
9,0.006902525667101145,0.006902524270117283,0,10
10,0.005384798627346754,0.0053847962990403175,0,10
11,0.004442868288606405,0.00444291066378355,0,10
12,0.0029379792977124453,0.0029380156192928553,0,10
13,0.0024632441345602274,0.002463298849761486,0,10
14,0.0016070413403213024,0.0016070290002971888,0,10
15,0.0019551462028175592,0.001955165294930339,0,10
16,0.001320009701885283,0.0013200327521190047,0,10
17,0.00149717356543988,0.0014972119824960828,0,10
18,0.00025719040422700346,0.0002571350196376443,0,10
19,0.000778727640863508,0.0007787359063513577,0,10
20,0.0009040861041285098,0.0009040847653523088,0,10
21,-0.0001992371107917279,0.00019919872283935547,10,10
22,0.00032378477044403553,0.0003237540659029037,0,10
23,4.807228469871916e-05,4.8073754442157224e-05,0,10
24,2.5536444809404202e-05,2.5588293283362873e-05,0,10
25,-2.0801792288693832e-06,2.0265579223632812e-06,10,10
26,0.00024064948956947774,0.00024067977210506797,0,10
27,0.00021958128490950912,0.00021962950995657593,0,10
28,0.0005552105139940977,0.0005552257061935961,0,10
29,1.675642852205783e-05,1.6035783119150437e-05,0,10
30,0.0005098652327433228,0.0005099240806885064,0,10
31,-0.00018303636170458049,0.00018298625946044922,10,10
32,-0.0007966936682350934,0.0007966756820678711,10,10
33,-0.0007200023392215371,0.0006504998309537768,10,10
34,-0.0008558074478060007,0.0008558034896850586,10,10
35,-0.0006562625057995319,0.0006562647176906466,10,10
36,-0.0013713673688471317,0.0013713836669921875,10,10
37,-0.0011659178417176008,0.0011658668518066406,10,10
38,-0.001550177694298327,0.0015501976013183594,10,10
39,-0.001419575186446309,0.0014195442199707031,10,10
40,-0.0019879525061696768,0.001987934112548828,10,10
41,-0.002759353257715702,0.0027594082057476044,10,10
42,-0.00343697820790112,0.0034369230270385742,10,10
43,-0.003950274549424648,0.003950238227844238,10,10
44,-0.005244951229542494,0.0052449703216552734,10,10
45,-0.005619704257696867,0.0056196581572294235,10,10
46,-0.007368255872279406,0.007368206977844238,10,10
47,-0.008492875844240189,0.008492827415466309,10,10
48,-0.01151992753148079,0.011519908905029297,10,10
49,-0.014266857877373695,0.01426684856414795,10,10
50,-0.017328524962067604,0.017328500747680664,10,10
51,-0.02205863781273365,0.022058682516217232,10,10
52,-0.02856297977268696,0.02856302261352539,10,10
53,-0.03238789364695549,0.03238785266876221,10,10
54,-0.03395761549472809,0.0339575931429863,10,10
55,-0.035983774811029434,0.03598373755812645,10,10
56,-0.03480179235339165,0.03480184078216553,10,10
57,-0.033648066222667694,0.0300523042678833,10,10
58,-0.03698047250509262,0.036980483680963516,10,10
59,-0.03187692165374756,0.031876955181360245,10,10
60,-0.034150611609220505,0.03415066376328468,10,10
0,0.03491806611418724,0.03491809964179993,0,10
1,0.030140066519379616,0.030140122398734093,0,10
2,0.026608576998114586,0.026608632877469063,0,10
3,0.022316817194223404,0.022316869348287582,0,10
4,0.01863713562488556,0.018637169152498245,0,10
5,0.01569494977593422,0.015694981440901756,0,10
6,0.01261499710381031,0.012615041807293892,0,10
7,0.009154549799859524,0.009154600091278553,0,10
8,0.008269996382296085,0.00827002339065075,0,10
9,0.006902525667101145,0.006902504246681929,0,10
10,0.005384798627346754,0.00538485124707222,0,10
11,0.004442868288606405,0.004442914389073849,0,10
12,0.0029379792977124453,0.002938034711405635,0,10
13,0.0024632441345602274,0.0024632674176245928,0,10
14,0.0016070413403213024,0.0016070401761680841,0,10
15,0.0019551462028175592,0.0019551150035113096,0,10
16,0.001320009701885283,0.0013199871173128486,0,10
17,0.00149717356543988,0.0014971891650930047,0,10
18,0.00025719040422700346,0.00025724858278408647,0,10
19,0.000778727640863508,0.0007787744398228824,0,10
20,0.0009040861041285098,0.0009041448356583714,0,10
21,-0.0001992371107917279,0.00019921619968954474,10,10
22,0.00032378477044403553,0.00032377507886849344,0,10
23,4.807228469871916e-05,4.812486076843925e-05,0,10
24,2.5536444809404202e-05,2.5521239876979962e-05,0,10
25,-2.0801792288693832e-06,2.0350998966023326e-06,10,10
26,0.00024064948956947774,0.00024068208585958928,0,10
27,0.00021958128490950912,0.0002195809211116284,0,10
28,0.0005552105139940977,0.0005551551003009081,0,10
29,1.675642852205783e-05,1.6742866137064993e-05,0,10
30,0.0005098652327433228,0.000509863079059869,0,10
31,-0.00018303636170458049,0.00018298625946044922,10,10
32,-0.0007966936682350934,0.0007442235946655273,10,10
33,-0.0007200023392215371,0.0007200241088867188,10,10
34,-0.0008558074478060007,0.000855863094329834,10,10
35,-0.0006562625057995319,0.0006562471389770508,10,10
36,-0.0013713673688471317,0.0013494491577148438,10,10
37,-0.0011659178417176008,0.0011659101583063602,10,10
38,-0.001550177694298327,0.0015501976013183594,10,10
39,-0.001419575186446309,0.0014195442199707031,10,10
40,-0.0019879525061696768,0.001987934112548828,10,10
41,-0.002759353257715702,0.0027593804989010096,10,10
42,-0.00343697820790112,0.0034369230270385742,10,10
43,-0.003950274549424648,0.003950238227844238,10,10
44,-0.005244951229542494,0.004857063293457031,10,10
45,-0.005619704257696867,0.005619753617793322,10,10
46,-0.007368255872279406,0.007368230726569891,10,10
47,-0.008492875844240189,0.008492840453982353,10,10
48,-0.01151992753148079,0.011519917286932468,10,10
49,-0.014266857877373695,0.014266862533986568,10,10
50,-0.017328524962067604,0.017328500747680664,10,10
51,-0.02205863781273365,0.022058606147766113,10,10
52,-0.02856297977268696,0.02856302261352539,10,10
53,-0.03238789364695549,0.03217199072241783,10,10
54,-0.03395761549472809,0.03395757079124451,10,10
55,-0.035983774811029434,0.03598380088806152,10,10
56,-0.03480179235339165,0.034294724464416504,10,10
57,-0.033648066222667694,0.033648014068603516,10,10
58,-0.03698047250509262,0.03263676166534424,10,10
59,-0.03187692165374756,0.03187695890665054,10,10
60,-0.034150611609220505,0.0341506227850914,10,10
61,-0.0343891941010952,0.03438913822174072,10,10
0,0.03491806611418724,0.03491811826825142,0,10
1,0.030140066519379616,0.0301401074975729,0,10
2,0.026608576998114586,0.026608608663082123,0,10
3,0.022316817194223404,0.022316869348287582,0,10
4,0.01863713562488556,0.01863718591630459,0,10
5,0.01569494977593422,0.015695005655288696,0,10
6,0.01261499710381031,0.012615052983164787,0,10
7,0.009154549799859524,0.009154591709375381,0,10
8,0.008269996382296085,0.00826998334378004,0,10
9,0.006902525667101145,0.006902503781020641,0,10
10,0.005384798627346754,0.0053848507814109325,0,10
11,0.004442868288606405,0.004442925564944744,0,10
12,0.0029379792977124453,0.0029380260966718197,0,10
13,0.0024632441345602274,0.0024632886052131653,0,10
14,0.0016070413403213024,0.0016070493729785085,0,10
15,0.0019551462028175592,0.0019551911391317844,0,10
16,0.001320009701885283,0.00131999293807894,0,10
17,0.00149717356543988,0.0014972183853387833,0,10
18,0.00025719040422700346,0.0002572279772721231,0,10
19,0.000778727640863508,0.0007787683862261474,0,10
20,0.0009040861041285098,0.0009041214943863451,0,10
21,-0.0001992371107917279,0.00019919872283935547,10,10
22,0.00032378477044403553,0.0003237915225327015,0,10
23,4.807228469871916e-05,4.449290281627327e-05,0,10
24,2.5536444809404202e-05,2.555872379161883e-05,0,10
25,-2.0801792288693832e-06,2.035795205301838e-06,10,10
26,0.00024064948956947774,0.00024070183280855417,0,10
27,0.00021958128490950912,0.0002195371052948758,0,10
28,0.0005552105139940977,0.0005551825161091983,0,10
29,1.675642852205783e-05,1.6809382941573858e-05,0,10
30,0.0005098652327433228,0.0005007419968023896,0,10
31,-0.00018303636170458049,0.00018298625946044922,10,10
32,-0.0007966936682350934,0.0007966756820678711,10,10
33,-0.0007200023392215371,0.0007200241088867188,10,10
34,-0.0008558074478060007,0.0008558034896850586,10,10
35,-0.0006562625057995319,0.0006562471389770508,10,10
36,-0.0013713673688471317,0.0012416839599609375,10,10
37,-0.0011659178417176008,0.0011658668518066406,10,10
38,-0.001550177694298327,0.0015501976013183594,10,10
39,-0.001419575186446309,0.0014195442199707031,10,10
40,-0.0019879525061696768,0.001987934112548828,10,10
41,-0.002759353257715702,0.0027592964470386505,10,10
42,-0.00343697820790112,0.0034370131324976683,10,10
43,-0.003950274549424648,0.003950238227844238,10,10
44,-0.005244951229542494,0.0052449703216552734,10,10
45,-0.005619704257696867,0.005619681905955076,10,10
46,-0.007368255872279406,0.00691068172454834,10,10
47,-0.008492875844240189,0.00827025156468153,10,10
48,-0.01151992753148079,0.011519957333803177,10,10
49,-0.014266857877373695,0.01426684856414795,10,10
50,-0.017328524962067604,0.017328523099422455,10,10
51,-0.02205863781273365,0.022058606147766113,10,10
52,-0.02856297977268696,0.02856302261352539,10,10
53,-0.03238789364695549,0.02790125645697117,10,10
54,-0.03395761549472809,0.033957600593566895,10,10
55,-0.035983774811029434,0.03472692146897316,10,10
56,-0.03480179235339165,0.03480174392461777,10,10
57,-0.033648066222667694,0.029221773147583008,10,10
58,-0.03698047250509262,0.03698050603270531,10,10
59,-0.03187692165374756,0.03187687695026398,10,10
60,-0.034150611609220505,0.033924221992492676,10,10
61,-0.0343891941010952,0.03438914194703102,10,10
62,-0.03441125154495239,0.03441131114959717,10,10
0,0.03491806611418724,0.034918081015348434,0,10
1,0.030140066519379616,0.030140120536088943,0,10
2,0.026608576998114586,0.026608629152178764,0,10
3,0.022316817194223404,0.022316865622997284,0,10
4,0.01863713562488556,0.01863718591630459,0,10
5,0.01569494977593422,0.015695003792643547,0,10
6,0.01261499710381031,0.01261504739522934,0,10
7,0.009154549799859524,0.009154596365988255,0,10
8,0.008269996382296085,0.008270030841231346,0,10
9,0.006902525667101145,0.006902497727423906,0,10
10,0.005384798627346754,0.00538481492549181,0,10
11,0.004442868288606405,0.004442926496267319,0,10
12,0.0029379792977124453,0.002902872394770384,0,10
13,0.0024632441345602274,0.002463276730850339,0,10
14,0.0016070413403213024,0.0016070808051154017,0,10
15,0.0019551462028175592,0.0019551620353013277,0,10
16,0.001320009701885283,0.0013200461398810148,0,10
17,0.00149717356543988,0.0014972154749557376,0,10
18,0.00025719040422700346,0.0002572347584646195,0,10
19,0.000778727640863508,0.0007787703652866185,0,10
20,0.0009040861041285098,0.0009040365112014115,0,10
21,-0.0001992371107917279,0.00019919872283935547,10,10
22,0.00032378477044403553,0.0003238119534216821,0,10
23,4.807228469871916e-05,4.810818791156635e-05,0,10
24,2.5536444809404202e-05,2.555175160523504e-05,0,10
25,-2.0801792288693832e-06,2.0337902242317796e-06,10,10
26,0.00024064948956947774,0.00024064134049694985,0,10
27,0.00021958128490950912,0.00021957852004561573,0,10
28,0.0005552105139940977,0.0005552067304961383,0,10
29,1.675642852205783e-05,1.67751877597766e-05,0,10
30,0.0005098652327433228,0.0005098969559185207,0,10
31,-0.00018303636170458049,0.00018298625946044922,10,10
32,-0.0007966936682350934,0.0007966756820678711,10,10
33,-0.0007200023392215371,0.0007200270774774253,10,10
34,-0.0008558074478060007,0.0008558034896850586,10,10
35,-0.0006562625057995319,0.0006562661146745086,10,10
36,-0.0013713673688471317,0.0013713836669921875,10,10
37,-0.0011659178417176008,0.0011658668518066406,10,10
38,-0.001550177694298327,0.0015501976013183594,10,10
39,-0.001419575186446309,0.0014195442199707031,10,10
40,-0.0019879525061696768,0.001987934112548828,10,10
41,-0.002759353257715702,0.0027593374252319336,10,10
42,-0.00343697820790112,0.0034369230270385742,10,10
43,-0.003950274549424648,0.003950238227844238,10,10
44,-0.005244951229542494,0.005244922358542681,10,10
45,-0.005619704257696867,0.005619645118713379,10,10
46,-0.007368255872279406,0.007368206977844238,10,10
47,-0.008492875844240189,0.008492827415466309,10,10
48,-0.01151992753148079,0.011519908905029297,10,10
49,-0.014266857877373695,0.01426684856414795,10,10
50,-0.017328524962067604,0.017328500747680664,10,10
51,-0.02205863781273365,0.022058667615056038,10,10
52,-0.02856297977268696,0.02856302261352539,10,10
53,-0.03238789364695549,0.03238785266876221,10,10
54,-0.03395761549472809,0.03226268291473389,10,10
55,-0.035983774811029434,0.03598380088806152,10,10
56,-0.03480179235339165,0.034801822155714035,10,10
57,-0.033648066222667694,0.033648014068603516,10,10
58,-0.03698047250509262,0.036980465054512024,10,10
59,-0.03187692165374756,0.03187694028019905,10,10
60,-0.034150611609220505,0.034150630235672,10,10
61,-0.0343891941010952,0.034389153122901917,10,10
62,-0.03441125154495239,0.03441131114959717,10,10
63,-0.03711885213851929,0.03711891174316406,10,10
0,0.03491806611418724,0.03491812199354172,0,10
1,0.030140066519379616,0.030140124261379242,0,10
2,0.026608576998114586,0.026608629152178764,0,10
3,0.022316817194223404,0.022316869348287582,0,10
4,0.01863713562488556,0.018637189641594887,0,10
5,0.01569494977593422,0.015695005655288696,0,10
6,0.01261499710381031,0.012615044601261616,0,10
7,0.009154549799859524,0.009154554456472397,0,10
8,0.008269996382296085,0.008270037360489368,0,10
9,0.006902525667101145,0.0069025736302137375,0,10
10,0.005384798627346754,0.00538474228233099,0,10
11,0.004442868288606405,0.004442899022251368,0,10
12,0.0029379792977124453,0.0029380209743976593,0,10
13,0.0024632441345602274,0.0024632366839796305,0,10
14,0.0016070413403213024,0.0016070379642769694,0,10
15,0.0019551462028175592,0.001955176005139947,0,10
16,0.001320009701885283,0.0013200677931308746,0,10
17,0.00149717356543988,0.001497206510975957,0,10
18,0.00025719040422700346,0.0002571965742390603,0,10
19,0.000778727640863508,0.0007787097129039466,0,10
20,0.0009040861041285098,0.000904133717995137,0,10
21,-0.0001992371107917279,0.00019919872283935547,10,10
22,0.00032378477044403553,0.0003238287754356861,0,10
23,4.807228469871916e-05,4.8116271500475705e-05,0,10
24,2.5536444809404202e-05,2.5585854018572718e-05,0,10
25,-2.0801792288693832e-06,1.9073486328125e-06,10,10
26,0.00024064948956947774,0.00024066775222308934,0,10
27,0.00021958128490950912,0.00021963071776553988,0,10
28,0.0005552105139940977,0.0005552608636207879,0,10
29,1.675642852205783e-05,1.6707492250134237e-05,0,10
30,0.0005098652327433228,0.0005098512629047036,0,10
31,-0.00018303636170458049,0.0001830757682910189,10,10
32,-0.0007966936682350934,0.0007966756820678711,10,10
33,-0.0007200023392215371,0.0007200241088867188,10,10
34,-0.0008558074478060007,0.0008558034896850586,10,10
35,-0.0006562625057995319,0.0006562997587025166,10,10
36,-0.0013713673688471317,0.0013713836669921875,10,10
37,-0.0011659178417176008,0.0011658668518066406,10,10
38,-0.001550177694298327,0.0015501976013183594,10,10
39,-0.001419575186446309,0.0014195381663739681,10,10
40,-0.0019879525061696768,0.001987934112548828,10,10
41,-0.002759353257715702,0.0027593374252319336,10,10
42,-0.00343697820790112,0.0034369234926998615,10,10
43,-0.003950274549424648,0.003950238227844238,10,10
44,-0.005244951229542494,0.0052449703216552734,10,10
45,-0.005619704257696867,0.005619645118713379,10,10
46,-0.007368255872279406,0.007368206977844238,10,10
47,-0.008492875844240189,0.008492891676723957,10,10
48,-0.01151992753148079,0.011519908905029297,10,10
49,-0.014266857877373695,0.01426684856414795,10,10
50,-0.017328524962067604,0.017328523099422455,10,10
51,-0.02205863781273365,0.022058606147766113,10,10
52,-0.02856297977268696,0.02856302261352539,10,10
53,-0.03238789364695549,0.0323878675699234,10,10
54,-0.03395761549472809,0.03395766764879227,10,10
55,-0.035983774811029434,0.03412437438964844,10,10
56,-0.03480179235339165,0.03480184078216553,10,10
57,-0.033648066222667694,0.03364812582731247,10,10
58,-0.03698047250509262,0.036980509757995605,10,10
59,-0.03187692165374756,0.03187691047787666,10,10
60,-0.034150611609220505,0.03415060043334961,10,10
61,-0.0343891941010952,0.03438913822174072,10,10
62,-0.03441125154495239,0.03325605392456055,10,10
63,-0.03711885213851929,0.03711891174316406,10,10
64,-0.03137145936489105,0.031371474266052246,10,10
0,0.03491806611418724,0.03491811826825142,0,10
1,0.030140066519379616,0.030140124261379242,0,10
2,0.026608576998114586,0.026608634740114212,0,10
3,0.022316817194223404,0.022316869348287582,0,10
4,0.01863713562488556,0.018637191504240036,0,10
5,0.01569494977593422,0.0156949982047081,0,10
6,0.01261499710381031,0.012615051120519638,0,10
7,0.009154549799859524,0.009154590778052807,0,10
8,0.008269996382296085,0.008270017802715302,0,10
9,0.006902525667101145,0.006902534514665604,0,10
10,0.005384798627346754,0.005384841468185186,0,10
11,0.004442868288606405,0.004442919977009296,0,10
12,0.0029379792977124453,0.0029379883781075478,0,10
13,0.0024632441345602274,0.002416604897007346,0,10
14,0.0016070413403213024,0.0016070897690951824,0,10
15,0.0019551462028175592,0.001955152489244938,0,10
16,0.001320009701885283,0.0013200645335018635,0,10
17,0.00149717356543988,0.0014573087682947516,0,10
18,0.00025719040422700346,0.00025697535602375865,0,10
19,0.000778727640863508,0.0007048650877550244,0,10
20,0.0009040861041285098,0.0009040610166266561,0,10
21,-0.0001992371107917279,0.00019920393242500722,10,10
22,0.00032378477044403553,0.0003238119825255126,0,10
23,4.807228469871916e-05,4.8126054025487974e-05,0,10
24,2.5536444809404202e-05,2.552707701397594e-05,0,10
25,-2.0801792288693832e-06,2.0265579223632812e-06,10,10
26,0.00024064948956947774,0.00024070047948043793,0,10
27,0.00021958128490950912,0.00021955269039608538,0,10
28,0.0005552105139940977,0.0005552516668103635,0,10
29,1.675642852205783e-05,1.6808615328045562e-05,0,10
30,0.0005098652327433228,0.0005099030095152557,0,10
31,-0.00018303636170458049,0.0001830443652579561,10,10
32,-0.0007966936682350934,0.0007966756820678711,10,10
33,-0.0007200023392215371,0.0007200241088867188,10,10
34,-0.0008558074478060007,0.0008558034896850586,10,10
35,-0.0006562625057995319,0.0005973577499389648,10,10
36,-0.0013713673688471317,0.0013713836669921875,10,10
37,-0.0011659178417176008,0.0011658668518066406,10,10
38,-0.001550177694298327,0.0015501976013183594,10,10
39,-0.001419575186446309,0.0014195442199707031,10,10
40,-0.0019879525061696768,0.001987934112548828,10,10
41,-0.002759353257715702,0.0027593374252319336,10,10
42,-0.00343697820790112,0.0034369230270385742,10,10
43,-0.003950274549424648,0.003950293641537428,10,10
44,-0.005244951229542494,0.0052449703216552734,10,10
45,-0.005619704257696867,0.005619645118713379,10,10
46,-0.007368255872279406,0.007368206977844238,10,10
47,-0.008492875844240189,0.008492827415466309,10,10
48,-0.01151992753148079,0.011519948951900005,10,10
49,-0.014266857877373695,0.013832807540893555,10,10
50,-0.017328524962067604,0.017328517511487007,10,10
51,-0.02205863781273365,0.022058606147766113,10,10
52,-0.02856297977268696,0.02856302261352539,10,10
53,-0.03238789364695549,0.03238785266876221,10,10
54,-0.03395761549472809,0.0339575856924057,10,10
55,-0.035983774811029434,0.03598380088806152,10,10
56,-0.03480179235339165,0.03480184078216553,10,10
57,-0.033648066222667694,0.033648014068603516,10,10
58,-0.03698047250509262,0.036980509757995605,10,10
59,-0.03187692165374756,0.03187692165374756,10,10
60,-0.034150611609220505,0.03415060043334961,10,10
61,-0.0343891941010952,0.03438913822174072,10,10
62,-0.03441125154495239,0.03441131114959717,10,10
63,-0.03711885213851929,0.03711891174316406,10,10
64,-0.03137145936489105,0.03137143701314926,10,10
65,-0.0361662358045578,0.03586411476135254,10,10
0,0.03491806611418724,0.03491809964179993,0,10
1,0.030140066519379616,0.030140088871121407,0,10
2,0.026608576998114586,0.026608595624566078,0,10
3,0.022316817194223404,0.022316869348287582,0,10
4,0.01863713562488556,0.018637176603078842,0,10
5,0.01569494977593422,0.015695007517933846,0,10
6,0.01261499710381031,0.012615055777132511,0,10
7,0.009154549799859524,0.009154591709375381,0,10
8,0.008269996382296085,0.008270005695521832,0,10
9,0.006902525667101145,0.006902544293552637,0,10
10,0.005384798627346754,0.005384815391153097,0,10
11,0.004442868288606405,0.004442845471203327,0,10
12,0.0029379792977124453,0.0029380256310105324,0,10
13,0.0024632441345602274,0.002463267184793949,0,10
14,0.0016070413403213024,0.0016070993151515722,0,10
15,0.0019551462028175592,0.0019551042933017015,0,10
16,0.001320009701885283,0.0013200570829212666,0,10
17,0.00149717356543988,0.001497125718742609,0,10
18,0.00025719040422700346,0.0002572032099124044,0,10
19,0.000778727640863508,0.0007787267095409334,0,10
20,0.0009040861041285098,0.0009040537988767028,0,10
21,-0.0001992371107917279,0.00019919872283935547,10,10
22,0.00032378477044403553,0.0003238137869630009,0,10
23,4.807228469871916e-05,4.807957520824857e-05,0,10
24,2.5536444809404202e-05,2.55179256782867e-05,0,10
25,-2.0801792288693832e-06,2.0265579223632812e-06,10,10
26,0.00024064948956947774,0.00024063863384071738,0,10
27,0.00021958128490950912,0.00021961398306302726,0,10
28,0.0005552105139940977,0.0005552362417802215,0,10
29,1.675642852205783e-05,1.57672657223884e-05,0,10
30,0.0005098652327433228,0.0005099170375615358,0,10
31,-0.00018303636170458049,0.00016963481903076172,10,10
32,-0.0007966936682350934,0.0007966756820678711,10,10
33,-0.0007200023392215371,0.0007200241088867188,10,10
34,-0.0008558074478060007,0.0008558034896850586,10,10
35,-0.0006562625057995319,0.0006562471389770508,10,10
36,-0.0013713673688471317,0.0013713836669921875,10,10
37,-0.0011659178417176008,0.0011658903677016497,10,10
38,-0.001550177694298327,0.0015501976013183594,10,10
39,-0.001419575186446309,0.0014195442199707031,10,10
40,-0.0019879525061696768,0.001987934112548828,10,10
41,-0.002759353257715702,0.0027593951672315598,10,10
42,-0.00343697820790112,0.0034369230270385742,10,10
43,-0.003950274549424648,0.003950238227844238,10,10
44,-0.005244951229542494,0.0052449703216552734,10,10
45,-0.005619704257696867,0.005619756877422333,10,10
46,-0.007368255872279406,0.007368260063230991,10,10
47,-0.008492875844240189,0.008492827415466309,10,10
48,-0.01151992753148079,0.011519908905029297,10,10
49,-0.014266857877373695,0.01426684856414795,10,10
50,-0.017328524962067604,0.017328500747680664,10,10
51,-0.02205863781273365,0.022058606147766113,10,10
52,-0.02856297977268696,0.02856302633881569,10,10
53,-0.03238789364695549,0.029406428337097168,10,10
54,-0.03395761549472809,0.033957600593566895,10,10
55,-0.035983774811029434,0.03598380088806152,10,10
56,-0.03480179235339165,0.03417334333062172,10,10
57,-0.033648066222667694,0.033648014068603516,10,10
58,-0.03698047250509262,0.0369805172085762,10,10
59,-0.03187692165374756,0.03187694400548935,10,10
60,-0.034150611609220505,0.0318143367767334,10,10
61,-0.0343891941010952,0.03438913822174072,10,10
62,-0.03441125154495239,0.03406965732574463,10,10
63,-0.03711885213851929,0.03711891174316406,10,10
64,-0.03137145936489105,0.031371474266052246,10,10
65,-0.0361662358045578,0.03616619110107422,10,10
66,-0.036162830889225006,0.031085729598999023,10,10
0,0.03491806611418724,0.03491812199354172,0,10
1,0.030140066519379616,0.0301401037722826,0,10
2,0.026608576998114586,0.026608634740114212,0,10
3,0.022316817194223404,0.022316856309771538,0,10
4,0.01863713562488556,0.018637189641594887,0,10
5,0.01569494977593422,0.0156949944794178,0,10
6,0.01261499710381031,0.012615054845809937,0,10
7,0.009154549799859524,0.00915459543466568,0,10
8,0.008269996382296085,0.008270015008747578,0,10
9,0.006902525667101145,0.006902532652020454,0,10
10,0.005384798627346754,0.0053848037496209145,0,10
11,0.004442868288606405,0.004267788026481867,0,10
12,0.0029379792977124453,0.00293794390745461,0,10
13,0.0024632441345602274,0.0024632993154227734,0,10
14,0.0016070413403213024,0.0016070606652647257,0,10
15,0.0019551462028175592,0.0019551431760191917,0,10
16,0.001320009701885283,0.0012193395523354411,0,10
17,0.00149717356543988,0.0014972034841775894,0,10
18,0.00025719040422700346,0.000257243518717587,0,10
19,0.000778727640863508,0.0007787044742144644,0,10
20,0.0009040861041285098,0.0009040561271831393,0,10
21,-0.0001992371107917279,0.00019923332729376853,10,10
22,0.00032378477044403553,0.0003237897763028741,0,10
23,4.807228469871916e-05,4.812048427993432e-05,0,10
24,2.5536444809404202e-05,2.5536244720569812e-05,0,10
25,-2.0801792288693832e-06,2.0265579223632812e-06,10,10
26,0.00024064948956947774,0.00024064343597274274,0,10
27,0.00021958128490950912,0.0002196322166128084,0,10
28,0.0005552105139940977,0.0005552233196794987,0,10
29,1.675642852205783e-05,1.677032923907973e-05,0,10
30,0.0005098652327433228,0.0005098879337310791,0,10
31,-0.00018303636170458049,0.00018298625946044922,10,10
32,-0.0007966936682350934,0.0007966756820678711,10,10
33,-0.0007200023392215371,0.0007200241088867188,10,10
34,-0.0008558074478060007,0.0008558034896850586,10,10
35,-0.0006562625057995319,0.0006562471389770508,10,10
36,-0.0013713673688471317,0.0013713836669921875,10,10
37,-0.0011659178417176008,0.0011105537414550781,10,10
38,-0.001550177694298327,0.0015501976013183594,10,10
39,-0.001419575186446309,0.0014195442199707031,10,10
40,-0.0019879525061696768,0.001987934112548828,10,10
41,-0.002759353257715702,0.002759356517344713,10,10
42,-0.00343697820790112,0.0034369230270385742,10,10
43,-0.003950274549424648,0.003950238227844238,10,10
44,-0.005244951229542494,0.004977226257324219,10,10
45,-0.005619704257696867,0.005619645118713379,10,10
46,-0.007368255872279406,0.007368206977844238,10,10
47,-0.008492875844240189,0.008492827415466309,10,10
48,-0.01151992753148079,0.011519908905029297,10,10
49,-0.014266857877373695,0.01426684856414795,10,10
50,-0.017328524962067604,0.017328500747680664,10,10
51,-0.02205863781273365,0.022058606147766113,10,10
52,-0.02856297977268696,0.028562922030687332,10,10
53,-0.03238789364695549,0.03238785266876221,10,10
54,-0.03395761549472809,0.03148508071899414,10,10
55,-0.035983774811029434,0.03598380088806152,10,10
56,-0.03480179235339165,0.03229118883609772,10,10
57,-0.033648066222667694,0.033648110926151276,10,10
58,-0.03698047250509262,0.036980509757995605,10,10
59,-0.03187692165374756,0.031876955181360245,10,10
60,-0.034150611609220505,0.034150589257478714,10,10
61,-0.0343891941010952,0.03438913822174072,10,10
62,-0.03441125154495239,0.03441131114959717,10,10
63,-0.03711885213851929,0.037118833512067795,10,10
64,-0.03137145936489105,0.031371474266052246,10,10
65,-0.0361662358045578,0.03616619110107422,10,10
66,-0.036162830889225006,0.0361628495156765,10,10
67,-0.03466489538550377,0.031911544501781464,10,10
0,0.03491806611418724,0.03491812199354172,0,10
1,0.030140066519379616,0.030140124261379242,0,10
2,0.026608576998114586,0.026608627289533615,0,10
3,0.022316817194223404,0.022316867485642433,0,10
4,0.01863713562488556,0.01863718219101429,0,10
5,0.01569494977593422,0.01569500006735325,0,10
6,0.01261499710381031,0.012615056708455086,0,10
7,0.009154549799859524,0.00915456097573042,0,10
8,0.008269996382296085,0.008270028047263622,0,10
9,0.006902525667101145,0.00690251961350441,0,10
10,0.005384798627346754,0.005384765565395355,0,10
11,0.004442868288606405,0.004442841280251741,0,10
12,0.0029379792977124453,0.0029379508923739195,0,10
13,0.0024632441345602274,0.002463286044076085,0,10
14,0.0016070413403213024,0.0016069840639829636,0,10
15,0.0019551462028175592,0.0019551836885511875,0,10
16,0.001320009701885283,0.0013200208777561784,0,10
17,0.00149717356543988,0.0014971179189160466,0,10
18,0.00025719040422700346,0.00025720844860188663,0,10
19,0.000778727640863508,0.0007787515642121434,0,10
20,0.0009040861041285098,0.0009041427983902395,0,10
21,-0.0001992371107917279,0.00019919872283935547,10,10
22,0.00032378477044403553,0.00032374676084145904,0,10
23,4.807228469871916e-05,4.8116646212292835e-05,0,10
24,2.5536444809404202e-05,2.550466342654545e-05,0,10
25,-2.0801792288693832e-06,2.0265579223632812e-06,10,10
26,0.00024064948956947774,0.00024063984164968133,0,10
27,0.00021958128490950912,0.00021957293211016804,0,10
28,0.0005552105139940977,0.0005552078946493566,0,10
29,1.675642852205783e-05,1.6801064703031443e-05,0,10
30,0.0005098652327433228,0.0005099116824567318,0,10
31,-0.00018303636170458049,0.00018298625946044922,10,10
32,-0.0007966936682350934,0.0007953643798828125,10,10
33,-0.0007200023392215371,0.0007200241088867188,10,10
34,-0.0008558074478060007,0.0008558034896850586,10,10
35,-0.0006562625057995319,0.0006562471389770508,10,10
36,-0.0013713673688471317,0.0013713836669921875,10,10
37,-0.0011659178417176008,0.0011658668518066406,10,10
38,-0.001550177694298327,0.0015501976013183594,10,10
39,-0.001419575186446309,0.0014195442199707031,10,10
40,-0.0019879525061696768,0.001987934112548828,10,10
41,-0.002759353257715702,0.0027593374252319336,10,10
42,-0.00343697820790112,0.0034369230270385742,10,10
43,-0.003950274549424648,0.0036330223083496094,10,10
44,-0.005244951229542494,0.00524497963488102,10,10
45,-0.005619704257696867,0.005619645118713379,10,10
46,-0.007368255872279406,0.007302323821932077,10,10
47,-0.008492875844240189,0.008492846041917801,10,10
48,-0.01151992753148079,0.011519908905029297,10,10
49,-0.014266857877373695,0.014266864396631718,10,10
50,-0.017328524962067604,0.017328500747680664,10,10
51,-0.02205863781273365,0.022058606147766113,10,10
52,-0.02856297977268696,0.02856302261352539,10,10
53,-0.03238789364695549,0.03238785266876221,10,10
54,-0.03395761549472809,0.033957600593566895,10,10
55,-0.035983774811029434,0.032708656042814255,10,10
56,-0.03480179235339165,0.03480184078216553,10,10
57,-0.033648066222667694,0.03287597745656967,10,10
58,-0.03698047250509262,0.036980509757995605,10,10
59,-0.03187692165374756,0.03187691047787666,10,10
60,-0.034150611609220505,0.03415059298276901,10,10
61,-0.0343891941010952,0.03438913822174072,10,10
62,-0.03441125154495239,0.03267645835876465,10,10
63,-0.03711885213851929,0.03711891174316406,10,10
64,-0.03137145936489105,0.031371474266052246,10,10
65,-0.0361662358045578,0.03616620600223541,10,10
66,-0.036162830889225006,0.03616286814212799,10,10
67,-0.03466489538550377,0.03466486930847168,10,10
68,-0.035616472363471985,0.035616517066955566,10,10
0,0.03491806611418724,0.03491811454296112,0,10
1,0.030140066519379616,0.030140118673443794,0,10
2,0.026608576998114586,0.026608629152178764,0,10
3,0.022316817194223404,0.02231687493622303,0,10
4,0.01863713562488556,0.01863717846572399,0,10
5,0.01569494977593422,0.0156949944794178,0,10
6,0.01261499710381031,0.012615041807293892,0,10
7,0.009154549799859524,0.009154588915407658,0,10
8,0.008269996382296085,0.008270053192973137,0,10
9,0.006902525667101145,0.0069025601260364056,0,10
10,0.005384798627346754,0.005384766962379217,0,10
11,0.004442868288606405,0.004442874807864428,0,10
12,0.0029379792977124453,0.00282636028714478,0,10
13,0.0024632441345602274,0.00246327742934227,0,10
14,0.0016070413403213024,0.0016070198034867644,0,10
15,0.0019551462028175592,0.001955198124051094,0,10
16,0.001320009701885283,0.0013200133107602596,0,10
17,0.00149717356543988,0.0014971783384680748,0,10
18,0.00025719040422700346,0.0002572478842921555,0,10
19,0.000778727640863508,0.0007787084905430675,0,10
20,0.0009040861041285098,0.0009041238226927817,0,10
21,-0.0001992371107917279,0.0001992870238609612,10,10
22,0.00032378477044403553,0.00032377714524045587,0,10
23,4.807228469871916e-05,4.806154174730182e-05,0,10
24,2.5536444809404202e-05,2.559150743763894e-05,0,10
25,-2.0801792288693832e-06,2.0265579223632812e-06,10,10
26,0.00024064948956947774,0.00024069093342404813,0,10
27,0.00021958128490950912,0.000219609442865476,0,10
28,0.0005552105139940977,0.000555247301235795,0,10
29,1.675642852205783e-05,1.6701596905477345e-05,0,10
30,0.0005098652327433228,0.0005098844994790852,0,10
31,-0.00018303636170458049,0.0001830818655434996,10,10
32,-0.0007966936682350934,0.0007966756820678711,10,10
33,-0.0007200023392215371,0.0007200241088867188,10,10
34,-0.0008558074478060007,0.0008558034896850586,10,10
35,-0.0006562625057995319,0.0006562471389770508,10,10
36,-0.0013713673688471317,0.0013713836669921875,10,10
37,-0.0011659178417176008,0.0011658668518066406,10,10
38,-0.001550177694298327,0.0015501976013183594,10,10
39,-0.001419575186446309,0.0014195442199707031,10,10
40,-0.0019879525061696768,0.001987934112548828,10,10
41,-0.002759353257715702,0.0027593374252319336,10,10
42,-0.00343697820790112,0.003436991246417165,10,10
43,-0.003950274549424648,0.003950287122279406,10,10
44,-0.005244951229542494,0.0052449703216552734,10,10
45,-0.005619704257696867,0.005619645118713379,10,10
46,-0.007368255872279406,0.0073682526126503944,10,10
47,-0.008492875844240189,0.008492827415466309,10,10
48,-0.01151992753148079,0.011519908905029297,10,10
49,-0.014266857877373695,0.01426684856414795,10,10
50,-0.017328524962067604,0.01580226421356201,10,10
51,-0.02205863781273365,0.021863818168640137,10,10
52,-0.02856297977268696,0.02856302261352539,10,10
53,-0.03238789364695549,0.03238785266876221,10,10
54,-0.03395761549472809,0.03395757079124451,10,10
55,-0.035983774811029434,0.03598380088806152,10,10
56,-0.03480179235339165,0.03480184078216553,10,10
57,-0.033648066222667694,0.033648110926151276,10,10
58,-0.03698047250509262,0.0369805209338665,10,10
59,-0.03187692165374756,0.03187692165374756,10,10
60,-0.034150611609220505,0.034150559455156326,10,10
61,-0.0343891941010952,0.03438913822174072,10,10
62,-0.03441125154495239,0.03441131114959717,10,10
63,-0.03711885213851929,0.03711891174316406,10,10
64,-0.03137145936489105,0.031371474266052246,10,10
65,-0.0361662358045578,0.03579998016357422,10,10
66,-0.036162830889225006,0.03308701515197754,10,10
67,-0.03466489538550377,0.03466486930847168,10,10
68,-0.035616472363471985,0.035616517066955566,10,10
69,-0.0339852049946785,0.033985257148742676,10,10
0,0.03491806611418724,0.03491811826825142,0,10
1,0.030140066519379616,0.030140122398734093,0,10
2,0.026608576998114586,0.026608629152178764,0,10
3,0.022316817194223404,0.022316865622997284,0,10
4,0.01863713562488556,0.0186371561139822,0,10
5,0.01569494977593422,0.015695009380578995,0,10
6,0.01261499710381031,0.01261503528803587,0,10
7,0.009154549799859524,0.00915459729731083,0,10
8,0.008269996382296085,0.008270017802715302,0,10
9,0.006902525667101145,0.0069025782868266106,0,10
10,0.005384798627346754,0.0053848279640078545,0,10
11,0.004442868288606405,0.004442845471203327,0,10
12,0.0029379792977124453,0.0029380142223089933,0,10
13,0.0024632441345602274,0.0024274063762277365,0,10
14,0.0016070413403213024,0.0016070435522124171,0,10
15,0.0019551462028175592,0.00195520487613976,0,10
16,0.001320009701885283,0.0013200591783970594,0,10
17,0.00149717356543988,0.0014971722848713398,0,10
18,0.00025719040422700346,0.0002571766381151974,0,10
19,0.000778727640863508,0.0007787589565850794,0,10
20,0.0009040861041285098,0.0009040815057232976,0,10
21,-0.0001992371107917279,0.00019919872283935547,10,10
22,0.00032378477044403553,0.0003237987984903157,0,10
23,4.807228469871916e-05,4.8040026740636677e-05,0,10
24,2.5536444809404202e-05,2.5574039682396688e-05,0,10
25,-2.0801792288693832e-06,2.0265579223632812e-06,10,10
26,0.00024064948956947774,0.00024060472787823528,0,10
27,0.00021958128490950912,0.0002196287241531536,0,10
28,0.0005552105139940977,0.0005552388029173017,0,10
29,1.675642852205783e-05,1.674084342084825e-05,0,10
30,0.0005098652327433228,0.0005098491092212498,0,10
31,-0.00018303636170458049,0.00018298625946044922,10,10
32,-0.0007966936682350934,0.0007966756820678711,10,10
33,-0.0007200023392215371,0.0007200090331025422,10,10
34,-0.0008558074478060007,0.0008557557011954486,10,10
35,-0.0006562625057995319,0.0006562471389770508,10,10
36,-0.0013713673688471317,0.0013713836669921875,10,10
37,-0.0011659178417176008,0.0011658668518066406,10,10
38,-0.001550177694298327,0.0015501976013183594,10,10
39,-0.001419575186446309,0.001419553067535162,10,10
40,-0.0019879525061696768,0.001987934112548828,10,10
41,-0.002759353257715702,0.0027593374252319336,10,10
42,-0.00343697820790112,0.003106894204393029,10,10
43,-0.003950274549424648,0.003950238227844238,10,10
44,-0.005244951229542494,0.0052449703216552734,10,10
45,-0.005619704257696867,0.005619645118713379,10,10
46,-0.007368255872279406,0.007368206977844238,10,10
47,-0.008492875844240189,0.008492890745401382,10,10
48,-0.01151992753148079,0.011519908905029297,10,10
49,-0.014266857877373695,0.01426684856414795,10,10
50,-0.017328524962067604,0.017328500747680664,10,10
51,-0.02205863781273365,0.022058606147766113,10,10
52,-0.02856297977268696,0.02856302261352539,10,10
53,-0.03238789364695549,0.03238785266876221,10,10
54,-0.03395761549472809,0.03395765274763107,10,10
55,-0.035983774811029434,0.03564168140292168,10,10
56,-0.03480179235339165,0.03384673595428467,10,10
57,-0.033648066222667694,0.033648014068603516,10,10
58,-0.03698047250509262,0.036980509757995605,10,10
59,-0.03187692165374756,0.03187692165374756,10,10
60,-0.034150611609220505,0.03415060043334961,10,10
61,-0.0343891941010952,0.03438913822174072,10,10
62,-0.03441125154495239,0.03441131114959717,10,10
63,-0.03711885213851929,0.03711891174316406,10,10
64,-0.03137145936489105,0.031371474266052246,10,10
65,-0.0361662358045578,0.03616621717810631,10,10
66,-0.036162830889225006,0.030486226081848145,10,10
67,-0.03466489538550377,0.03466494008898735,10,10
68,-0.035616472363471985,0.035616517066955566,10,10
69,-0.0339852049946785,0.033985257148742676,10,10
70,-0.03638350963592529,0.03638352081179619,10,10
0,0.03491806611418724,0.03491809219121933,0,10
1,0.030140066519379616,0.03014010563492775,0,10
2,0.026608576998114586,0.026608631014823914,0,10
3,0.022316817194223404,0.02231687121093273,0,10
4,0.01863713562488556,0.018637189641594887,0,10
5,0.01569494977593422,0.01569499261677265,0,10
6,0.01261499710381031,0.012615031562745571,0,10
7,0.009154549799859524,0.009154599159955978,0,10
8,0.008269996382296085,0.00827001966536045,0,10
9,0.006902525667101145,0.0069024935364723206,0,10
10,0.005384798627346754,0.005384780466556549,0,10
11,0.004442868288606405,0.004119512625038624,0,10
12,0.0029379792977124453,0.0029379476327449083,0,10
13,0.0024632441345602274,0.002463246462866664,0,10
14,0.0016070413403213024,0.0016070060664787889,0,10
15,0.0019551462028175592,0.0019551904406398535,0,10
16,0.001320009701885283,0.0013199541717767715,0,10
17,0.00149717356543988,0.0014971401542425156,0,10
18,0.00025719040422700346,0.00025719820405356586,0,10
19,0.000778727640863508,0.0007787412032485008,0,10
20,0.0009040861041285098,0.0009040700970217586,0,10
21,-0.0001992371107917279,0.00019919872283935547,10,10
22,0.00032378477044403553,0.0003238191129639745,0,10
23,4.807228469871916e-05,4.8124551540240645e-05,0,10
24,2.5536444809404202e-05,2.554017373768147e-05,0,10
25,-2.0801792288693832e-06,2.0265579223632812e-06,10,10
26,0.00024064948956947774,0.00024069788923952729,0,10
27,0.00021958128490950912,0.00021958294382784516,0,10
28,0.0005552105139940977,0.0005039020907133818,0,10
29,1.675642852205783e-05,1.6794580005807802e-05,0,10
30,0.0005098652327433228,0.0004916383768431842,0,10
31,-0.00018303636170458049,0.00018298625946044922,10,10
32,-0.0007966936682350934,0.0007966756820678711,10,10
33,-0.0007200023392215371,0.0007200241088867188,10,10
34,-0.0008558074478060007,0.0008558034896850586,10,10
35,-0.0006562625057995319,0.0006562471389770508,10,10
36,-0.0013713673688471317,0.0013713836669921875,10,10
37,-0.0011659178417176008,0.0011658668518066406,10,10
38,-0.001550177694298327,0.0015501976013183594,10,10
39,-0.001419575186446309,0.0014195442199707031,10,10
40,-0.0019879525061696768,0.001987934112548828,10,10
41,-0.002759353257715702,0.0027593388222157955,10,10
42,-0.00343697820790112,0.0034369230270385742,10,10
43,-0.003950274549424648,0.003950238227844238,10,10
44,-0.005244951229542494,0.0052449703216552734,10,10
45,-0.005619704257696867,0.005619747098535299,10,10
46,-0.007368255872279406,0.007368206977844238,10,10
47,-0.008492875844240189,0.008492827415466309,10,10
48,-0.01151992753148079,0.011519908905029297,10,10
49,-0.014266857877373695,0.01426684856414795,10,10
50,-0.017328524962067604,0.017328500747680664,10,10
51,-0.02205863781273365,0.022058606147766113,10,10
52,-0.02856297977268696,0.02856302075088024,10,10
53,-0.03238789364695549,0.03238785266876221,10,10
54,-0.03395761549472809,0.029926031827926636,10,10
55,-0.035983774811029434,0.03598380088806152,10,10
56,-0.03480179235339165,0.03480184078216553,10,10
57,-0.033648066222667694,0.033648088574409485,10,10
58,-0.03698047250509262,0.03100728988647461,10,10
59,-0.03187692165374756,0.03187692165374756,10,10
60,-0.034150611609220505,0.03415060043334961,10,10
61,-0.0343891941010952,0.03438921272754669,10,10
62,-0.03441125154495239,0.03441131114959717,10,10
63,-0.03711885213851929,0.037118811160326004,10,10
64,-0.03137145936489105,0.031371474266052246,10,10
65,-0.0361662358045578,0.0361662320792675,10,10
66,-0.036162830889225006,0.036162830889225006,10,10
67,-0.03466489538550377,0.03466486930847168,10,10
68,-0.035616472363471985,0.035616517066955566,10,10
69,-0.0339852049946785,0.033985257148742676,10,10
70,-0.03638350963592529,0.03551077842712402,10,10
71,-0.03463668376207352,0.034636735916137695,10,10
0,0.03491806611418724,0.03491811826825142,0,10
1,0.030140066519379616,0.0301401037722826,0,10
2,0.026608576998114586,0.026608621701598167,0,10
3,0.022316817194223404,0.022316861897706985,0,10
4,0.01863713562488556,0.01863718405365944,0,10
5,0.01569494977593422,0.01569500006735325,0,10
6,0.01261499710381031,0.012615056708455086,0,10
7,0.009154549799859524,0.009154606610536575,0,10
8,0.008269996382296085,0.008270034566521645,0,10
9,0.006902525667101145,0.006902583409100771,0,10
10,0.005384798627346754,0.005384771153330803,0,10
11,0.004442868288606405,0.004442906007170677,0,10
12,0.0029379792977124453,0.0029380067717283964,0,10
13,0.0024632441345602274,0.0024631978012621403,0,10
14,0.0016070413403213024,0.0016070177080109715,0,10
15,0.0019551462028175592,0.0019551885779947042,0,10
16,0.001320009701885283,0.0013007399393245578,0,10
17,0.00149717356543988,0.0014971602940931916,0,10
18,0.00025719040422700346,0.00025715751689858735,0,10
19,0.000778727640863508,0.0007787728100083768,0,10
20,0.0009040861041285098,0.0009040560107678175,0,10
21,-0.0001992371107917279,0.00019926913955714554,10,10
22,0.00032378477044403553,0.0003238145727664232,0,10
23,4.807228469871916e-05,4.804467971553095e-05,0,10
24,2.5536444809404202e-05,2.558944652264472e-05,0,10
25,-2.0801792288693832e-06,2.0350998966023326e-06,10,10
26,0.00024064948956947774,0.0002372597809880972,0,10
27,0.00021958128490950912,0.0002195949200540781,0,10
28,0.0005552105139940977,0.0005416615749709308,0,10
29,1.675642852205783e-05,1.6766198314144276e-05,0,10
30,0.0005098652327433228,0.0005098477122373879,0,10
31,-0.00018303636170458049,0.00018298625946044922,10,10
32,-0.0007966936682350934,0.0007966756820678711,10,10
33,-0.0007200023392215371,0.0007200241088867188,10,10
34,-0.0008558074478060007,0.0008558504050597548,10,10
35,-0.0006562625057995319,0.0006420612335205078,10,10
36,-0.0013713673688471317,0.0013713836669921875,10,10
37,-0.0011659178417176008,0.0011658668518066406,10,10
38,-0.001550177694298327,0.0015501976013183594,10,10
39,-0.001419575186446309,0.0014195776311680675,10,10
40,-0.0019879525061696768,0.001987934112548828,10,10
41,-0.002759353257715702,0.0027593374252319336,10,10
42,-0.00343697820790112,0.0034369230270385742,10,10
43,-0.003950274549424648,0.0038260221481323242,10,10
44,-0.005244951229542494,0.0052449703216552734,10,10
45,-0.005619704257696867,0.005619714967906475,10,10
46,-0.007368255872279406,0.0073682083748281,10,10
47,-0.008492875844240189,0.008492827415466309,10,10
48,-0.01151992753148079,0.011519908905029297,10,10
49,-0.014266857877373695,0.01426684856414795,10,10
50,-0.017328524962067604,0.017328500747680664,10,10
51,-0.02205863781273365,0.022058628499507904,10,10
52,-0.02856297977268696,0.02856302261352539,10,10
53,-0.03238789364695549,0.03238785266876221,10,10
54,-0.03395761549472809,0.033768296241760254,10,10
55,-0.035983774811029434,0.03598380088806152,10,10
56,-0.03480179235339165,0.03480184078216553,10,10
57,-0.033648066222667694,0.033648014068603516,10,10
58,-0.03698047250509262,0.036980509757995605,10,10
59,-0.03187692165374756,0.03187692165374756,10,10
60,-0.034150611609220505,0.03415060043334961,10,10
61,-0.0343891941010952,0.03438913822174072,10,10
62,-0.03441125154495239,0.03441131114959717,10,10
63,-0.03711885213851929,0.03711891174316406,10,10
64,-0.03137145936489105,0.031371474266052246,10,10
65,-0.0361662358045578,0.03616627678275108,10,10
66,-0.036162830889225006,0.03468739986419678,10,10
67,-0.03466489538550377,0.034664906561374664,10,10
68,-0.035616472363471985,0.035616517066955566,10,10
69,-0.0339852049946785,0.033985257148742676,10,10
70,-0.03638350963592529,0.035715579986572266,10,10
71,-0.03463668376207352,0.0346367284655571,10,10
72,-0.035846784710884094,0.035846829414367676,10,10
0,0.03491806611418724,0.03491811826825142,0,10
1,0.030140066519379616,0.030140096321702003,0,10
2,0.026608576998114586,0.026608627289533615,0,10
3,0.022316817194223404,0.022316869348287582,0,10
4,0.01863713562488556,0.01863718032836914,0,10
5,0.01569494977593422,0.015695001929998398,0,10
6,0.01261499710381031,0.012615054845809937,0,10
7,0.009154549799859524,0.009154606610536575,0,10
8,0.008269996382296085,0.008270042948424816,0,10
9,0.006902525667101145,0.006902581080794334,0,10
10,0.005384798627346754,0.005384851712733507,0,10
11,0.004442868288606405,0.004157876595854759,0,10
12,0.0029379792977124453,0.002937928307801485,0,10
13,0.0024632441345602274,0.0024632925633341074,0,10
14,0.0016070413403213024,0.0016070628771558404,0,10
15,0.0019551462028175592,0.001955086598172784,0,10
16,0.001320009701885283,0.0013199751265347004,0,10
17,0.00149717356543988,0.0014972275821492076,0,10
18,0.00025719040422700346,0.00025718071265146136,0,10
19,0.000778727640863508,0.000748231599573046,0,10
20,0.0009040861041285098,0.0009041093289852142,0,10
21,-0.0001992371107917279,0.00019919872283935547,10,10
22,0.00032378477044403553,0.00029745351639576256,0,10
23,4.807228469871916e-05,4.809558959095739e-05,0,10
24,2.5536444809404202e-05,2.5590114091755822e-05,0,10
25,-2.0801792288693832e-06,2.0305121779529145e-06,10,10
26,0.00024064948956947774,0.00024067494086921215,0,10
27,0.00021958128490950912,0.00021954190742690116,0,10
28,0.0005552105139940977,0.0005552652874030173,0,10
29,1.675642852205783e-05,1.676815008977428e-05,0,10
30,0.0005098652327433228,0.0005098614492453635,0,10
31,-0.00018303636170458049,0.00018298625946044922,10,10
32,-0.0007966936682350934,0.0007966756820678711,10,10
33,-0.0007200023392215371,0.0007200241088867188,10,10
34,-0.0008558074478060007,0.0008558620465919375,10,10
35,-0.0006562625057995319,0.0006562593043781817,10,10
36,-0.0013713673688471317,0.0013714104425162077,10,10
37,-0.0011659178417176008,0.0011063814163208008,10,10
38,-0.001550177694298327,0.0015501976013183594,10,10
39,-0.001419575186446309,0.0014195904368534684,10,10
40,-0.0019879525061696768,0.001987934112548828,10,10
41,-0.002759353257715702,0.0027593374252319336,10,10
42,-0.00343697820790112,0.0034369316417723894,10,10
43,-0.003950274549424648,0.003950238227844238,10,10
44,-0.005244951229542494,0.0052449763752520084,10,10
45,-0.005619704257696867,0.005619645118713379,10,10
46,-0.007368255872279406,0.007368206977844238,10,10
47,-0.008492875844240189,0.008492827415466309,10,10
48,-0.01151992753148079,0.011519908905029297,10,10
49,-0.014266857877373695,0.014266910031437874,10,10
50,-0.017328524962067604,0.017328500747680664,10,10
51,-0.02205863781273365,0.022058606147766113,10,10
52,-0.02856297977268696,0.02856302261352539,10,10
53,-0.03238789364695549,0.03238785266876221,10,10
54,-0.03395761549472809,0.033957600593566895,10,10
55,-0.035983774811029434,0.03598381206393242,10,10
56,-0.03480179235339165,0.03480184078216553,10,10
57,-0.033648066222667694,0.0336480587720871,10,10
58,-0.03698047250509262,0.036980509757995605,10,10
59,-0.03187692165374756,0.03187692165374756,10,10
60,-0.034150611609220505,0.03415060043334961,10,10
61,-0.0343891941010952,0.03332376480102539,10,10
62,-0.03441125154495239,0.03441131114959717,10,10
63,-0.03711885213851929,0.03711891174316406,10,10
64,-0.03137145936489105,0.031371504068374634,10,10
65,-0.0361662358045578,0.0361662432551384,10,10
66,-0.036162830889225006,0.0361628532409668,10,10
67,-0.03466489538550377,0.03466486930847168,10,10
68,-0.035616472363471985,0.035616517066955566,10,10
69,-0.0339852049946785,0.033985257148742676,10,10
70,-0.03638350963592529,0.03638346865773201,10,10
71,-0.03463668376207352,0.034636735916137695,10,10
72,-0.035846784710884094,0.03584675118327141,10,10
73,-0.03548630326986313,0.02972988598048687,10,10
0,0.03491806611418724,0.03491811826825142,0,10
1,0.030140066519379616,0.03014012612402439,0,10
2,0.026608576998114586,0.026608627289533615,0,10
3,0.022316817194223404,0.022316845133900642,0,10
4,0.01863713562488556,0.018637187778949738,0,10
5,0.01569494977593422,0.015694987028837204,0,10
6,0.01261499710381031,0.012615055777132511,0,10
7,0.009154549799859524,0.009154587984085083,0,10
8,0.008269996382296085,0.008269974030554295,0,10
9,0.006902525667101145,0.006902575492858887,0,10
10,0.005384798627346754,0.005384798161685467,0,10
11,0.004442868288606405,0.00444282591342926,0,10
12,0.0029379792977124453,0.002938009100034833,0,10
13,0.0024632441345602274,0.0024632171262055635,0,10
14,0.0016070413403213024,0.001607068465091288,0,10
15,0.0019551462028175592,0.001955135492607951,0,10
16,0.001320009701885283,0.001320063485763967,0,10
17,0.00149717356543988,0.0014971846248954535,0,10
18,0.00025719040422700346,0.0002571683726273477,0,10
19,0.000778727640863508,0.0007787077338434756,0,10
20,0.0009040861041285098,0.0009040400036610663,0,10
21,-0.0001992371107917279,0.00019925410742871463,10,10
22,0.00032378477044403553,0.0003237305791117251,0,10
23,4.807228469871916e-05,4.8089576011989266e-05,0,10
24,2.5536444809404202e-05,2.5532061044941656e-05,0,10
25,-2.0801792288693832e-06,2.0265579223632812e-06,10,10
26,0.00024064948956947774,0.00024069173377938569,0,10
27,0.00021958128490950912,0.00021956102864351124,0,10
28,0.0005552105139940977,0.0005552425282076001,0,10
29,1.675642852205783e-05,1.6809382941573858e-05,0,10
30,0.0005098652327433228,0.000509826757479459,0,10
31,-0.00018303636170458049,0.00018298625946044922,10,10
32,-0.0007966936682350934,0.0007966756820678711,10,10
33,-0.0007200023392215371,0.0007200241088867188,10,10
34,-0.0008558074478060007,0.000855840859003365,10,10
35,-0.0006562625057995319,0.0006562471389770508,10,10
36,-0.0013713673688471317,0.0013713836669921875,10,10
37,-0.0011659178417176008,0.0011658668518066406,10,10
38,-0.001550177694298327,0.0015501976013183594,10,10
39,-0.001419575186446309,0.0014196046395227313,10,10
40,-0.0019879525061696768,0.001987934112548828,10,10
41,-0.002759353257715702,0.0027593374252319336,10,10
42,-0.00343697820790112,0.0034369230270385742,10,10
43,-0.003950274549424648,0.0039502461440861225,10,10
44,-0.005244951229542494,0.0052449703216552734,10,10
45,-0.005619704257696867,0.005619661416858435,10,10
46,-0.007368255872279406,0.007368206977844238,10,10
47,-0.008492875844240189,0.008492827415466309,10,10
48,-0.01151992753148079,0.011519908905029297,10,10
49,-0.014266857877373695,0.014266867190599442,10,10
50,-0.017328524962067604,0.017328500747680664,10,10
51,-0.02205863781273365,0.022058656439185143,10,10
52,-0.02856297977268696,0.02856302261352539,10,10
53,-0.03238789364695549,0.03181314468383789,10,10
54,-0.03395761549472809,0.03174029663205147,10,10
55,-0.035983774811029434,0.03598376736044884,10,10
56,-0.03480179235339165,0.03480184078216553,10,10
57,-0.033648066222667694,0.03364810720086098,10,10
58,-0.03698047250509262,0.036980509757995605,10,10
59,-0.03187692165374756,0.03187692165374756,10,10
60,-0.034150611609220505,0.030548691749572754,10,10
61,-0.0343891941010952,0.03438913822174072,10,10
62,-0.03441125154495239,0.03065478801727295,10,10
63,-0.03711885213851929,0.03711884468793869,10,10
64,-0.03137145936489105,0.031371474266052246,10,10
65,-0.0361662358045578,0.03616617992520332,10,10
66,-0.036162830889225006,0.0361628532409668,10,10
67,-0.03466489538550377,0.032621078193187714,10,10
68,-0.035616472363471985,0.035616517066955566,10,10
69,-0.0339852049946785,0.033985257148742676,10,10
70,-0.03638350963592529,0.03190759941935539,10,10
71,-0.03463668376207352,0.034636735916137695,10,10
72,-0.035846784710884094,0.03211033344268799,10,10
73,-0.03548630326986313,0.03548635542392731,10,10
74,-0.03281698003411293,0.029325008392333984,10,10
0,0.03491806611418724,0.03491811826825142,0,10
1,0.030140066519379616,0.030140092596411705,0,10
2,0.026608576998114586,0.026608619838953018,0,10
3,0.022316817194223404,0.02231687493622303,0,10
4,0.01863713562488556,0.018637193366885185,0,10
5,0.01569494977593422,0.015695001929998398,0,10
6,0.01261499710381031,0.01261504739522934,0,10
7,0.009154549799859524,0.00915459543466568,0,10
8,0.008269996382296085,0.008270028047263622,0,10
9,0.006902525667101145,0.006902535445988178,0,10
10,0.005384798627346754,0.005384794436395168,0,10
11,0.004442868288606405,0.004442882724106312,0,10
12,0.0029379792977124453,0.0029380274936556816,0,10
13,0.0024632441345602274,0.0024632925633341074,0,10
14,0.0016070413403213024,0.0014868912985548377,0,10
15,0.0019551462028175592,0.0019551999866962433,0,10
16,0.001320009701885283,0.0013199506793171167,0,10
17,0.00149717356543988,0.0014971562195569277,0,10
18,0.00025719040422700346,0.0002572171506471932,0,10
19,0.000778727640863508,0.0007787060458213091,0,10
20,0.0009040861041285098,0.0009040709701366723,0,10
21,-0.0001992371107917279,0.00019919872283935547,10,10
22,0.00032378477044403553,0.0003237688506487757,0,10
23,4.807228469871916e-05,4.806870856555179e-05,0,10
24,2.5536444809404202e-05,2.5567283955751918e-05,0,10
25,-2.0801792288693832e-06,2.049451495622634e-06,10,10
26,0.00024064948956947774,0.00024070183280855417,0,10
27,0.00021958128490950912,0.00021957703575026244,0,10
28,0.0005552105139940977,0.0005551796057261527,0,10
29,1.675642852205783e-05,1.678905937296804e-05,0,10
30,0.0005098652327433228,0.0005098263500258327,0,10
31,-0.00018303636170458049,0.00018303649267181754,10,10
32,-0.0007966936682350934,0.0007966756820678711,10,10
33,-0.0007200023392215371,0.0007200241088867188,10,10
34,-0.0008558074478060007,0.0008558034896850586,10,10
35,-0.0006562625057995319,0.0006562471389770508,10,10
36,-0.0013713673688471317,0.0013713836669921875,10,10
37,-0.0011659178417176008,0.0011659497395157814,10,10
38,-0.001550177694298327,0.0015501976013183594,10,10
39,-0.001419575186446309,0.0014195210533216596,10,10
40,-0.0019879525061696768,0.001987934112548828,10,10
41,-0.002759353257715702,0.0027593374252319336,10,10
42,-0.00343697820790112,0.0034369230270385742,10,10
43,-0.003950274549424648,0.003950238227844238,10,10
44,-0.005244951229542494,0.005244945641607046,10,10
45,-0.005619704257696867,0.0056197261437773705,10,10
46,-0.007368255872279406,0.007368206977844238,10,10
47,-0.008492875844240189,0.008492827415466309,10,10
48,-0.01151992753148079,0.011519908905029297,10,10
49,-0.014266857877373695,0.01426684856414795,10,10
50,-0.017328524962067604,0.01732855848968029,10,10
51,-0.02205863781273365,0.02205866575241089,10,10
52,-0.02856297977268696,0.02856302261352539,10,10
53,-0.03238789364695549,0.03238785266876221,10,10
54,-0.03395761549472809,0.033957600593566895,10,10
55,-0.035983774811029434,0.03598380088806152,10,10
56,-0.03480179235339165,0.03480184078216553,10,10
57,-0.033648066222667694,0.03364801034331322,10,10
58,-0.03698047250509262,0.036980509757995605,10,10
59,-0.03187692165374756,0.03187692165374756,10,10
60,-0.034150611609220505,0.034150656312704086,10,10
61,-0.0343891941010952,0.03438913822174072,10,10
62,-0.03441125154495239,0.03441131114959717,10,10
63,-0.03711885213851929,0.03711891174316406,10,10
64,-0.03137145936489105,0.031371474266052246,10,10
65,-0.0361662358045578,0.03616619110107422,10,10
66,-0.036162830889225006,0.0361628532409668,10,10
67,-0.03466489538550377,0.03376603126525879,10,10
68,-0.035616472363471985,0.035616517066955566,10,10
69,-0.0339852049946785,0.03398521617054939,10,10
70,-0.03638350963592529,0.03638356551527977,10,10
71,-0.03463668376207352,0.034636735916137695,10,10
72,-0.035846784710884094,0.03584683686494827,10,10
73,-0.03548630326986313,0.03548634052276611,10,10
74,-0.03281698003411293,0.03281700611114502,10,10
75,-0.03136663883924484,0.03136662021279335,10,10
0,0.03491806611418724,0.034918107092380524,0,10
1,0.030140066519379616,0.030140124261379242,0,10
2,0.026608576998114586,0.026608632877469063,0,10
3,0.022316817194223404,0.02231687679886818,0,10
4,0.01863713562488556,0.018637191504240036,0,10
5,0.01569494977593422,0.015694987028837204,0,10
6,0.01261499710381031,0.01261504739522934,0,10
7,0.009154549799859524,0.00915459543466568,0,10
8,0.008269996382296085,0.008270050399005413,0,10
9,0.006902525667101145,0.006902490276843309,0,10
10,0.005384798627346754,0.00538482703268528,0,10
11,0.004442868288606405,0.004442886915057898,0,10
12,0.0029379792977124453,0.0029380139894783497,0,10
13,0.0024632441345602274,0.002463193377479911,0,10
14,0.0016070413403213024,0.0016070337733253837,0,10
15,0.0019551462028175592,0.0019551708828657866,0,10
16,0.001320009701885283,0.0013199802488088608,0,10
17,0.00149717356543988,0.0014972056960687041,0,10
18,0.00025719040422700346,0.00025724709848873317,0,10
19,0.000778727640863508,0.0007787736249156296,0,10
20,0.0009040861041285098,0.0009040904114954174,0,10
21,-0.0001992371107917279,0.00019929668633267283,10,10
22,0.00032378477044403553,0.0003237359633203596,0,10
23,4.807228469871916e-05,4.812734550796449e-05,0,10
24,2.5536444809404202e-05,2.423759360681288e-05,0,10
25,-2.0801792288693832e-06,2.0265579223632812e-06,10,10
26,0.00024064948956947774,0.00024068164930213243,0,10
27,0.00021958128490950912,0.00020806494285352528,0,10
28,0.0005552105139940977,0.0005481549305841327,0,10
29,1.675642852205783e-05,1.5112635082914494e-05,0,10
30,0.0005098652327433228,0.0005098148831166327,0,10
31,-0.00018303636170458049,0.00018307128630112857,10,10
32,-0.0007966936682350934,0.0007967292331159115,10,10
33,-0.0007200023392215371,0.0007200023392215371,10,10
34,-0.0008558074478060007,0.0008558034896850586,10,10
35,-0.0006562625057995319,0.000640869140625,10,10
36,-0.0013713673688471317,0.0013713836669921875,10,10
37,-0.0011659178417176008,0.0011659476440399885,10,10
38,-0.001550177694298327,0.0015501976013183594,10,10
39,-0.001419575186446309,0.0014195615658536553,10,10
40,-0.0019879525061696768,0.0018401221605017781,10,10
41,-0.002759353257715702,0.0027593374252319336,10,10
42,-0.00343697820790112,0.0034369230270385742,10,10
43,-0.003950274549424648,0.003950238227844238,10,10
44,-0.005244951229542494,0.0052449703216552734,10,10
45,-0.005619704257696867,0.005619690753519535,10,10
46,-0.007368255872279406,0.007368206977844238,10,10
47,-0.008492875844240189,0.008492827415466309,10,10
48,-0.01151992753148079,0.011519908905029297,10,10
49,-0.014266857877373695,0.01426684856414795,10,10
50,-0.017328524962067604,0.017328500747680664,10,10
51,-0.02205863781273365,0.022058606147766113,10,10
52,-0.02856297977268696,0.02856302261352539,10,10
53,-0.03238789364695549,0.0322645902633667,10,10
54,-0.03395761549472809,0.033957600593566895,10,10
55,-0.035983774811029434,0.03598380461335182,10,10
56,-0.03480179235339165,0.034801822155714035,10,10
57,-0.033648066222667694,0.033648062497377396,10,10
58,-0.03698047250509262,0.036980509757995605,10,10
59,-0.03187692165374756,0.03187692165374756,10,10
60,-0.034150611609220505,0.034150611609220505,10,10
61,-0.0343891941010952,0.030614018440246582,10,10
62,-0.03441125154495239,0.03441131114959717,10,10
63,-0.03711885213851929,0.03711889684200287,10,10
64,-0.03137145936489105,0.031371474266052246,10,10
65,-0.0361662358045578,0.03616629168391228,10,10
66,-0.036162830889225006,0.0361628532409668,10,10
67,-0.03466489538550377,0.03466486930847168,10,10
68,-0.035616472363471985,0.035616517066955566,10,10
69,-0.0339852049946785,0.03134787082672119,10,10
70,-0.03638350963592529,0.03638350963592529,10,10
71,-0.03463668376207352,0.03463667631149292,10,10
72,-0.035846784710884094,0.035846829414367676,10,10
73,-0.03548630326986313,0.03548634052276611,10,10
74,-0.03281698003411293,0.03281700611114502,10,10
75,-0.03136663883924484,0.029314393177628517,10,10
76,-0.032405562698841095,0.03240561485290527,10,10
0,0.03491806611418724,0.03491811081767082,0,10
1,0.030140066519379616,0.030140122398734093,0,10
2,0.026608576998114586,0.026608627289533615,0,10
3,0.022316817194223404,0.02231687307357788,0,10
4,0.01863713562488556,0.018637193366885185,0,10
5,0.01569494977593422,0.015694985166192055,0,10
6,0.01261499710381031,0.01261504739522934,0,10
7,0.009154549799859524,0.009154599159955978,0,10
8,0.008269996382296085,0.008269967511296272,0,10
9,0.006902525667101145,0.006902522407472134,0,10
10,0.005384798627346754,0.005384813528507948,0,10
11,0.004442868288606405,0.0044428277760744095,0,10
12,0.0029379792977124453,0.0029380128253251314,0,10
13,0.0024632441345602274,0.0023851448204368353,0,10
14,0.0016070413403213024,0.0016070822020992637,0,10
15,0.0019551462028175592,0.001955172745510936,0,10
16,0.001320009701885283,0.0013200443936511874,0,10
17,0.00149717356543988,0.0014972082572057843,0,10
18,0.00025719040422700346,0.0002572330995462835,0,10
19,0.000778727640863508,0.000778763962443918,0,10
20,0.0009040861041285098,0.0009041112498380244,0,10
21,-0.0001992371107917279,0.0001992355682887137,10,10
22,0.00032378477044403553,0.00032379120239056647,0,10
23,4.807228469871916e-05,4.8128804337466136e-05,0,10
24,2.5536444809404202e-05,2.553918238845654e-05,0,10
25,-2.0801792288693832e-06,2.1103037397551816e-06,10,10
26,0.00024064948956947774,0.00024064390163403004,0,10
27,0.00021958128490950912,0.00021963189647067338,0,10
28,0.0005552105139940977,0.0005552130751311779,0,10
29,1.675642852205783e-05,1.4906047908880282e-05,0,10
30,0.0005098652327433228,0.0005098824040032923,0,10
31,-0.00018303636170458049,0.00018298625946044922,10,10
32,-0.0007966936682350934,0.0007966756820678711,10,10
33,-0.0007200023392215371,0.0007200418040156364,10,10
34,-0.0008558074478060007,0.0008558034896850586,10,10
35,-0.0006562625057995319,0.0006562471389770508,10,10
36,-0.0013713673688471317,0.001371403457596898,10,10
37,-0.0011659178417176008,0.0011659404262900352,10,10
38,-0.001550177694298327,0.0015501976013183594,10,10
39,-0.001419575186446309,0.0014195442199707031,10,10
40,-0.0019879525061696768,0.0019879802130162716,10,10
41,-0.002759353257715702,0.0027593374252319336,10,10
42,-0.00343697820790112,0.0034369612112641335,10,10
43,-0.003950274549424648,0.003950238227844238,10,10
44,-0.005244951229542494,0.0052449703216552734,10,10
45,-0.005619704257696867,0.005619645118713379,10,10
46,-0.007368255872279406,0.007368206977844238,10,10
47,-0.008492875844240189,0.008492894470691681,10,10
48,-0.01151992753148079,0.011519872583448887,10,10
49,-0.014266857877373695,0.01426684856414795,10,10
50,-0.017328524962067604,0.017328500747680664,10,10
51,-0.02205863781273365,0.022058606147766113,10,10
52,-0.02856297977268696,0.02856302261352539,10,10
53,-0.03238789364695549,0.03238785266876221,10,10
54,-0.03395761549472809,0.03395760804414749,10,10
55,-0.035983774811029434,0.035983745008707047,10,10
56,-0.03480179235339165,0.03480182960629463,10,10
57,-0.033648066222667694,0.033648040145635605,10,10
58,-0.03698047250509262,0.03311992809176445,10,10
59,-0.03187692165374756,0.03187692165374756,10,10
60,-0.034150611609220505,0.03415060043334961,10,10
61,-0.0343891941010952,0.03438913822174072,10,10
62,-0.03441125154495239,0.03441131114959717,10,10
63,-0.03711885213851929,0.03711891174316406,10,10
64,-0.03137145936489105,0.031371474266052246,10,10
65,-0.0361662358045578,0.035898055881261826,10,10
66,-0.036162830889225006,0.0361628532409668,10,10
67,-0.03466489538550377,0.03466486930847168,10,10
68,-0.035616472363471985,0.035616517066955566,10,10
69,-0.0339852049946785,0.03398517519235611,10,10
70,-0.03638350963592529,0.03638350963592529,10,10
71,-0.03463668376207352,0.034636735916137695,10,10
72,-0.035846784710884094,0.035846829414367676,10,10
73,-0.03548630326986313,0.03548634052276611,10,10
74,-0.03281698003411293,0.03281702846288681,10,10
75,-0.03136663883924484,0.03136667236685753,10,10
76,-0.032405562698841095,0.03240561485290527,10,10
77,-0.03689058870077133,0.036890625953674316,10,10
0,0.03491806611418724,0.03491811081767082,0,10
1,0.030140066519379616,0.030140118673443794,0,10
2,0.026608576998114586,0.026608632877469063,0,10
3,0.022316817194223404,0.02231684885919094,0,10
4,0.01863713562488556,0.018637165427207947,0,10
5,0.01569494977593422,0.015695009380578995,0,10
6,0.01261499710381031,0.012615037150681019,0,10
7,0.009154549799859524,0.00915459357202053,0,10
8,0.008269996382296085,0.008269989863038063,0,10
9,0.006902525667101145,0.006902515422552824,0,10
10,0.005384798627346754,0.005384765099734068,0,10
11,0.004442868288606405,0.00444291066378355,0,10
12,0.0029379792977124453,0.0029380337800830603,0,10
13,0.0024632441345602274,0.0024632662534713745,0,10
14,0.0016070413403213024,0.0016070208512246609,0,10
15,0.0019551462028175592,0.0019551205914467573,0,10
16,0.001320009701885283,0.001320007024332881,0,10
17,0.00149717356543988,0.001497176242992282,0,10
18,0.00025719040422700346,0.0002571498043835163,0,10
19,0.000778727640863508,0.0007787860813550651,0,10
20,0.0009040861041285098,0.0009041368612088263,0,10
21,-0.0001992371107917279,0.00019926685490645468,10,10
22,0.00032378477044403553,0.0003237760392948985,0,10
23,4.807228469871916e-05,4.809883830603212e-05,0,10
24,2.5536444809404202e-05,2.5521152565488592e-05,0,10
25,-2.0801792288693832e-06,2.0265579223632812e-06,10,10
26,0.00024064948956947774,0.0002406648127362132,0,10
27,0.00021958128490950912,0.0002089331828756258,0,10
28,0.0005552105139940977,0.0005552471266128123,0,10
29,1.675642852205783e-05,1.679429624346085e-05,0,10
30,0.0005098652327433228,0.0005098829860799015,0,10
31,-0.00018303636170458049,0.00018298625946044922,10,10
32,-0.0007966936682350934,0.0007879734039306641,10,10
33,-0.0007200023392215371,0.0007200241088867188,10,10
34,-0.0008558074478060007,0.0008558034896850586,10,10
35,-0.0006562625057995319,0.0006562471389770508,10,10
36,-0.0013713673688471317,0.0012853145599365234,10,10
37,-0.0011659178417176008,0.001059412956237793,10,10
38,-0.001550177694298327,0.0015501976013183594,10,10
39,-0.001419575186446309,0.0014195935800671577,10,10
40,-0.0019879525061696768,0.001987934112548828,10,10
41,-0.002759353257715702,0.002655029296875,10,10
42,-0.00343697820790112,0.0034369230270385742,10,10
43,-0.003950274549424648,0.003950238227844238,10,10
44,-0.005244951229542494,0.0052449703216552734,10,10
45,-0.005619704257696867,0.0055052111856639385,10,10
46,-0.007368255872279406,0.007368206977844238,10,10
47,-0.008492875844240189,0.008492827415466309,10,10
48,-0.01151992753148079,0.011519908905029297,10,10
49,-0.014266857877373695,0.01426684856414795,10,10
50,-0.017328524962067604,0.017328500747680664,10,10
51,-0.02205863781273365,0.022058658301830292,10,10
52,-0.02856297977268696,0.02856302261352539,10,10
53,-0.03238789364695549,0.03238785266876221,10,10
54,-0.03395761549472809,0.03395761176943779,10,10
55,-0.035983774811029434,0.035983748733997345,10,10
56,-0.03480179235339165,0.03480184078216553,10,10
57,-0.033648066222667694,0.033648014068603516,10,10
58,-0.03698047250509262,0.03698042035102844,10,10
59,-0.03187692165374756,0.031876880675554276,10,10
60,-0.034150611609220505,0.034150656312704086,10,10
61,-0.0343891941010952,0.03438913822174072,10,10
62,-0.03441125154495239,0.033435940742492676,10,10
63,-0.03711885213851929,0.03711891174316406,10,10
64,-0.03137145936489105,0.031371474266052246,10,10
65,-0.0361662358045578,0.03616619110107422,10,10
66,-0.036162830889225006,0.032304052263498306,10,10
67,-0.03466489538550377,0.03466488793492317,10,10
68,-0.035616472363471985,0.03532867878675461,10,10
69,-0.0339852049946785,0.03369569778442383,10,10
70,-0.03638350963592529,0.029883503913879395,10,10
71,-0.03463668376207352,0.034636735916137695,10,10
72,-0.035846784710884094,0.035846829414367676,10,10
73,-0.03548630326986313,0.03548634052276611,10,10
74,-0.03281698003411293,0.03281700611114502,10,10
75,-0.03136663883924484,0.031366586685180664,10,10
76,-0.032405562698841095,0.03240561485290527,10,10
77,-0.03689058870077133,0.036890625953674316,10,10
78,-0.035751473158597946,0.030166983604431152,10,10
0,0.03491806611418724,0.03491811826825142,0,10
1,0.030140066519379616,0.03014007769525051,0,10
2,0.026608576998114586,0.026608619838953018,0,10
3,0.022316817194223404,0.02231687307357788,0,10
4,0.01863713562488556,0.018637193366885185,0,10
5,0.01569494977593422,0.01569499634206295,0,10
6,0.01261499710381031,0.012615026906132698,0,10
7,0.009154549799859524,0.009154606610536575,0,10
8,0.008269996382296085,0.008269980549812317,0,10
9,0.006902525667101145,0.006902568507939577,0,10
10,0.005384798627346754,0.005384787451475859,0,10
11,0.004442868288606405,0.004442884586751461,0,10
12,0.0029379792977124453,0.0029379664920270443,0,10
13,0.0024632441345602274,0.0024632432032376528,0,10
14,0.0016070413403213024,0.001607079990208149,0,10
15,0.0019551462028175592,0.001955186715349555,0,10
16,0.001320009701885283,0.0013199521927163005,0,10
17,0.00149717356543988,0.0014971953351050615,0,10
18,0.00025719040422700346,0.00025723743601702154,0,10
19,0.000778727640863508,0.0007491859141737223,0,10
20,0.0009040861041285098,0.0009040835429914296,0,10
21,-0.0001992371107917279,0.00019921927014365792,10,10
22,0.00032378477044403553,0.0002973494119942188,0,10
23,4.807228469871916e-05,4.802723560715094e-05,0,10
24,2.5536444809404202e-05,2.5511581043247133e-05,0,10
25,-2.0801792288693832e-06,2.0265579223632812e-06,10,10
26,0.00024064948956947774,0.00024064397439360619,0,10
27,0.00021958128490950912,0.00021961460879538208,0,10
28,0.0005552105139940977,0.000555245322175324,0,10
29,1.675642852205783e-05,1.6761097867856734e-05,0,10
30,0.0005098652327433228,0.0005099160480313003,0,10
31,-0.00018303636170458049,0.00018300037481822073,10,10
32,-0.0007966936682350934,0.0007966937264427543,10,10
33,-0.0007200023392215371,0.0007199941319413483,10,10
34,-0.0008558074478060007,0.0008558034896850586,10,10
35,-0.0006562625057995319,0.0006562471389770508,10,10
36,-0.0013713673688471317,0.0013713836669921875,10,10
37,-0.0011659178417176008,0.0011224746704101562,10,10
38,-0.001550177694298327,0.0015501976013183594,10,10
39,-0.001419575186446309,0.0014196321135386825,10,10
40,-0.0019879525061696768,0.001987934112548828,10,10
41,-0.002759353257715702,0.0027593374252319336,10,10
42,-0.00343697820790112,0.0034369230270385742,10,10
43,-0.003950274549424648,0.003950309939682484,10,10
44,-0.005244951229542494,0.004960271064192057,10,10
45,-0.005619704257696867,0.005619722884148359,10,10
46,-0.007368255872279406,0.007368211168795824,10,10
47,-0.008492875844240189,0.008492827415466309,10,10
48,-0.01151992753148079,0.011519908905029297,10,10
49,-0.014266857877373695,0.013715028762817383,10,10
50,-0.017328524962067604,0.017328500747680664,10,10
51,-0.02205863781273365,0.02154219150543213,10,10
52,-0.02856297977268696,0.02856302261352539,10,10
53,-0.03238789364695549,0.03238794580101967,10,10
54,-0.03395761549472809,0.03130340576171875,10,10
55,-0.035983774811029434,0.03598380088806152,10,10
56,-0.03480179235339165,0.03480184078216553,10,10
57,-0.033648066222667694,0.03364808112382889,10,10
58,-0.03698047250509262,0.03085315227508545,10,10
59,-0.03187692165374756,0.03187692165374756,10,10
60,-0.034150611609220505,0.03415060043334961,10,10
61,-0.0343891941010952,0.034389205276966095,10,10
62,-0.03441125154495239,0.03441131114959717,10,10
63,-0.03711885213851929,0.03711891174316406,10,10
64,-0.03137145936489105,0.031371474266052246,10,10
65,-0.0361662358045578,0.03616619110107422,10,10
66,-0.036162830889225006,0.0361628532409668,10,10
67,-0.03466489538550377,0.03466486930847168,10,10
68,-0.035616472363471985,0.03561650216579437,10,10
69,-0.0339852049946785,0.03398521989583969,10,10
70,-0.03638350963592529,0.03638350963592529,10,10
71,-0.03463668376207352,0.034636735916137695,10,10
72,-0.035846784710884094,0.035846829414367676,10,10
73,-0.03548630326986313,0.03548634052276611,10,10
74,-0.03281698003411293,0.032817039638757706,10,10
75,-0.03136663883924484,0.031366586685180664,10,10
76,-0.032405562698841095,0.030900893732905388,10,10
77,-0.03689058870077133,0.03431344032287598,10,10
78,-0.035751473158597946,0.03575151786208153,10,10
79,-0.034880004823207855,0.03488004207611084,10,10
0,0.03491806611418724,0.03491812199354172,0,10
1,0.030140066519379616,0.030140109360218048,0,10
2,0.026608576998114586,0.026608634740114212,0,10
3,0.022316817194223404,0.02231687121093273,0,10
4,0.01863713562488556,0.018637193366885185,0,10
5,0.01569494977593422,0.015694981440901756,0,10
6,0.01261499710381031,0.01261504553258419,0,10
7,0.009154549799859524,0.009154599159955978,0,10
8,0.008269996382296085,0.00826999545097351,0,10
9,0.006902525667101145,0.006902560591697693,0,10
10,0.005384798627346754,0.0053848461247980595,0,10
11,0.004442868288606405,0.004442918114364147,0,10
12,0.0029379792977124453,0.002938011894002557,0,10
13,0.0024632441345602274,0.002463224343955517,0,10
14,0.0016070413403213024,0.0016070175915956497,0,10
15,0.0019551462028175592,0.0019551203586161137,0,10
16,0.001320009701885283,0.0013200639514252543,0,10
17,0.00149717356543988,0.0014971626223996282,0,10
18,0.00025719040422700346,0.00024924500030465424,0,10
19,0.000778727640863508,0.0007787820068188012,0,10
20,0.0009040861041285098,0.0009041334269568324,0,10
21,-0.0001992371107917279,0.00019919872283935547,10,10
22,0.00032378477044403553,0.00031564480741508305,0,10
23,4.807228469871916e-05,4.80932867503725e-05,0,10
24,2.5536444809404202e-05,2.552102341724094e-05,0,10
25,-2.0801792288693832e-06,2.0265579223632812e-06,10,10
26,0.00024064948956947774,0.00024066385230980814,0,10
27,0.00021958128490950912,0.00021956220734864473,0,10
28,0.0005552105139940977,0.0005552691873162985,0,10
29,1.675642852205783e-05,1.5085997802088968e-05,0,10
30,0.0005098652327433228,0.0005098101682960987,0,10
31,-0.00018303636170458049,0.00018298625946044922,10,10
32,-0.0007966936682350934,0.0007966756820678711,10,10
33,-0.0007200023392215371,0.0007200147956609726,10,10
34,-0.0008558074478060007,0.0008558034896850586,10,10
35,-0.0006562625057995319,0.0006562471389770508,10,10
36,-0.0013713673688471317,0.0013713836669921875,10,10
37,-0.0011659178417176008,0.0011508464813232422,10,10
38,-0.001550177694298327,0.0015502340393140912,10,10
39,-0.001419575186446309,0.0014195442199707031,10,10
40,-0.0019879525061696768,0.001987934112548828,10,10
41,-0.002759353257715702,0.0027594107668846846,10,10
42,-0.00343697820790112,0.0034369230270385742,10,10
43,-0.003950274549424648,0.003950238227844238,10,10
44,-0.005244951229542494,0.0052449703216552734,10,10
45,-0.005619704257696867,0.005619645118713379,10,10
46,-0.007368255872279406,0.007368279155343771,10,10
47,-0.008492875844240189,0.00849283579736948,10,10
48,-0.01151992753148079,0.011519908905029297,10,10
49,-0.014266857877373695,0.014266913756728172,10,10
50,-0.017328524962067604,0.017328500747680664,10,10
51,-0.02205863781273365,0.022058606147766113,10,10
52,-0.02856297977268696,0.02856302261352539,10,10
53,-0.03238789364695549,0.032161712646484375,10,10
54,-0.03395761549472809,0.033957600593566895,10,10
55,-0.035983774811029434,0.035573747009038925,10,10
56,-0.03480179235339165,0.03480184078216553,10,10
57,-0.033648066222667694,0.033648014068603516,10,10
58,-0.03698047250509262,0.036980509757995605,10,10
59,-0.03187692165374756,0.03187692165374756,10,10
60,-0.034150611609220505,0.03415060043334961,10,10
61,-0.0343891941010952,0.030283857136964798,10,10
62,-0.03441125154495239,0.03441131114959717,10,10
63,-0.03711885213851929,0.03673100471496582,10,10
64,-0.03137145936489105,0.030853748321533203,10,10
65,-0.0361662358045578,0.03616628050804138,10,10
66,-0.036162830889225006,0.0361628532409668,10,10
67,-0.03466489538550377,0.03466486930847168,10,10
68,-0.035616472363471985,0.035616517066955566,10,10
69,-0.0339852049946785,0.033985257148742676,10,10
70,-0.03638350963592529,0.03638350963592529,10,10
71,-0.03463668376207352,0.034636735916137695,10,10
72,-0.035846784710884094,0.03361672908067703,10,10
73,-0.03548630326986313,0.03548634052276611,10,10
74,-0.03281698003411293,0.03281703591346741,10,10
75,-0.03136663883924484,0.03136661648750305,10,10
76,-0.032405562698841095,0.03240561485290527,10,10
77,-0.03689058870077133,0.036890577524900436,10,10
78,-0.035751473158597946,0.03425955772399902,10,10
79,-0.034880004823207855,0.03488004952669144,10,10
80,-0.03256995230913162,0.0325700044631958,10,10
0,0.03491806611418724,0.03491811081767082,0,10
1,0.030140066519379616,0.030140098184347153,0,10
2,0.026608576998114586,0.026608632877469063,0,10
3,0.022316817194223404,0.022316856309771538,0,10
4,0.01863713562488556,0.018637187778949738,0,10
5,0.01569494977593422,0.0156949982047081,0,10
6,0.01261499710381031,0.012615043669939041,0,10
7,0.009154549799859524,0.009154577739536762,0,10
8,0.008269996382296085,0.008269955404102802,0,10
9,0.006902525667101145,0.006902563385665417,0,10
10,0.005384798627346754,0.005384857766330242,0,10
11,0.004442868288606405,0.004442904610186815,0,10
12,0.0029379792977124453,0.0027847483288496733,0,10
13,0.0024632441345602274,0.002463239012286067,0,10
14,0.0016070413403213024,0.00160706986207515,0,10
15,0.0019551462028175592,0.001955184619873762,0,10
16,0.001320009701885283,0.0013200279790908098,0,10
17,0.00149717356543988,0.001497199758887291,0,10
18,0.00025719040422700346,0.00025722457212395966,0,10
19,0.000778727640863508,0.0007786728674545884,0,10
20,0.0009040861041285098,0.0009041373268701136,0,10
21,-0.0001992371107917279,0.00019923647050745785,10,10
22,0.00032378477044403553,0.0003238386707380414,0,10
23,4.807228469871916e-05,4.8093967052409425e-05,0,10
24,2.5536444809404202e-05,2.5571825972292572e-05,0,10
25,-2.0801792288693832e-06,2.030990572166047e-06,10,10
26,0.00024064948956947774,0.00024068371567409486,0,10
27,0.00021958128490950912,0.0002196159039158374,0,10
28,0.0005552105139940977,0.0005552196525968611,0,10
29,1.675642852205783e-05,1.6810770830488764e-05,0,10
30,0.0005098652327433228,0.0005098942201584578,0,10
31,-0.00018303636170458049,0.00018298625946044922,10,10
32,-0.0007966936682350934,0.0007966756820678711,10,10
33,-0.0007200023392215371,0.0007200241088867188,10,10
34,-0.0008558074478060007,0.0008558034896850586,10,10
35,-0.0006562625057995319,0.0006562471389770508,10,10
36,-0.0013713673688471317,0.0013713836669921875,10,10
37,-0.0011659178417176008,0.0011658668518066406,10,10
38,-0.001550177694298327,0.0015501976013183594,10,10
39,-0.001419575186446309,0.0013549327850341797,10,10
40,-0.0019879525061696768,0.001987934112548828,10,10
41,-0.002759353257715702,0.0027593374252319336,10,10
42,-0.00343697820790112,0.0034369444474577904,10,10
43,-0.003950274549424648,0.003950238227844238,10,10
44,-0.005244951229542494,0.0052449703216552734,10,10
45,-0.005619704257696867,0.005619645118713379,10,10
46,-0.007368255872279406,0.007368206977844238,10,10
47,-0.008492875844240189,0.008492867462337017,10,10
48,-0.01151992753148079,0.011519908905029297,10,10
49,-0.014266857877373695,0.01426684856414795,10,10
50,-0.017328524962067604,0.017328500747680664,10,10
51,-0.02205863781273365,0.022058606147766113,10,10
52,-0.02856297977268696,0.028562942519783974,10,10
53,-0.03238789364695549,0.0323878712952137,10,10
54,-0.03395761549472809,0.03395765647292137,10,10
55,-0.035983774811029434,0.03339436277747154,10,10
56,-0.03480179235339165,0.03478896617889404,10,10
57,-0.033648066222667694,0.033648014068603516,10,10
58,-0.03698047250509262,0.031598810106515884,10,10
59,-0.03187692165374756,0.03187692165374756,10,10
60,-0.034150611609220505,0.03415060043334961,10,10
61,-0.0343891941010952,0.03438913822174072,10,10
62,-0.03441125154495239,0.03441131114959717,10,10
63,-0.03711885213851929,0.03567957878112793,10,10
64,-0.03137145936489105,0.031371474266052246,10,10
65,-0.0361662358045578,0.03299674019217491,10,10
66,-0.036162830889225006,0.03200032562017441,10,10
67,-0.03466489538550377,0.034664932638406754,10,10
68,-0.035616472363471985,0.035616517066955566,10,10
69,-0.0339852049946785,0.033985257148742676,10,10
70,-0.03638350963592529,0.03638350963592529,10,10
71,-0.03463668376207352,0.033625878393650055,10,10
72,-0.035846784710884094,0.03419172763824463,10,10
73,-0.03548630326986313,0.03548625856637955,10,10
74,-0.03281698003411293,0.03281700611114502,10,10
75,-0.03136663883924484,0.031366586685180664,10,10
76,-0.032405562698841095,0.028713226318359375,10,10
77,-0.03689058870077133,0.036890625953674316,10,10
78,-0.035751473158597946,0.03575146198272705,10,10
79,-0.034880004823207855,0.03488004207611084,10,10
80,-0.03256995230913162,0.0325700044631958,10,10
81,-0.03344114124774933,0.03344118595123291,10,10
0,0.03491806611418724,0.03491811826825142,0,10
1,0.030140066519379616,0.030140118673443794,0,10
2,0.026608576998114586,0.026608631014823914,0,10
3,0.022316817194223404,0.02231687679886818,0,10
4,0.01863713562488556,0.01863718032836914,0,10
5,0.01569494977593422,0.01569499261677265,0,10
6,0.01261499710381031,0.012615012004971504,0,10
7,0.009154549799859524,0.009154580533504486,0,10
8,0.008269996382296085,0.008270040154457092,0,10
9,0.006902525667101145,0.006902509368956089,0,10
10,0.005384798627346754,0.005384800955653191,0,10
11,0.004442868288606405,0.004442839417606592,0,10
12,0.0029379792977124453,0.0029380156192928553,0,10
13,0.0024632441345602274,0.0024631957057863474,0,10
14,0.0016070413403213024,0.0016070676501840353,0,10
15,0.0019551462028175592,0.0019551401492208242,0,10
16,0.001320009701885283,0.001319959876127541,0,10
17,0.00149717356543988,0.001497127115726471,0,10
18,0.00025719040422700346,0.00025718696997500956,0,10
19,0.000778727640863508,0.0007733068196102977,0,10
20,0.0009040861041285098,0.0009041140438057482,0,10
21,-0.0001992371107917279,0.0001992301840800792,10,10
22,0.00032378477044403553,0.0003237811615690589,0,10
23,4.807228469871916e-05,4.8081506974995136e-05,0,10
24,2.5536444809404202e-05,2.556761319283396e-05,0,10
25,-2.0801792288693832e-06,2.0265579223632812e-06,10,10
26,0.00024064948956947774,0.00024064473109319806,0,10
27,0.00021958128490950912,0.00021962521714158356,0,10
28,0.0005552105139940977,0.0005552335642278194,0,10
29,1.675642852205783e-05,1.6808669897727668e-05,0,10
30,0.0005098652327433228,0.000509818724822253,0,10
31,-0.00018303636170458049,0.0001830438122851774,10,10
32,-0.0007966936682350934,0.0007966950652189553,10,10
33,-0.0007200023392215371,0.0007200241088867188,10,10
34,-0.0008558074478060007,0.0008558034896850586,10,10
35,-0.0006562625057995319,0.0006562471389770508,10,10
36,-0.0013713673688471317,0.0013713836669921875,10,10
37,-0.0011659178417176008,0.0011658668518066406,10,10
38,-0.001550177694298327,0.0015501976013183594,10,10
39,-0.001419575186446309,0.0014195442199707031,10,10
40,-0.0019879525061696768,0.001987934112548828,10,10
41,-0.002759353257715702,0.0027593374252319336,10,10
42,-0.00343697820790112,0.0034369302447885275,10,10
43,-0.003950274549424648,0.0037652025930583477,10,10
44,-0.005244951229542494,0.0052449703216552734,10,10
45,-0.005619704257696867,0.005619645118713379,10,10
46,-0.007368255872279406,0.007368243765085936,10,10
47,-0.008492875844240189,0.008492827415466309,10,10
48,-0.01151992753148079,0.011519908905029297,10,10
49,-0.014266857877373695,0.01426684856414795,10,10
50,-0.017328524962067604,0.017328500747680664,10,10
51,-0.02205863781273365,0.022058606147766113,10,10
52,-0.02856297977268696,0.02856302261352539,10,10
53,-0.03238789364695549,0.03238791227340698,10,10
54,-0.03395761549472809,0.033957600593566895,10,10
55,-0.035983774811029434,0.03598380088806152,10,10
56,-0.03480179235339165,0.03480175882577896,10,10
57,-0.033648066222667694,0.02895510196685791,10,10
58,-0.03698047250509262,0.036980509757995605,10,10
59,-0.03187692165374756,0.03187692165374756,10,10
60,-0.034150611609220505,0.03415060043334961,10,10
61,-0.0343891941010952,0.032732605934143066,10,10
62,-0.03441125154495239,0.034411247819662094,10,10
63,-0.03711885213851929,0.03711891174316406,10,10
64,-0.03137145936489105,0.027778014540672302,10,10
65,-0.0361662358045578,0.03616619110107422,10,10
66,-0.036162830889225006,0.0361628532409668,10,10
67,-0.03466489538550377,0.03466486930847168,10,10
68,-0.035616472363471985,0.0328771248459816,10,10
69,-0.0339852049946785,0.03398525342345238,10,10
70,-0.03638350963592529,0.03638352453708649,10,10
71,-0.03463668376207352,0.034636735916137695,10,10
72,-0.035846784710884094,0.035846829414367676,10,10
73,-0.03548630326986313,0.035486333072185516,10,10
74,-0.03281698003411293,0.03281700611114502,10,10
75,-0.03136663883924484,0.031366586685180664,10,10
76,-0.032405562698841095,0.03240561485290527,10,10
77,-0.03689058870077133,0.036890625953674316,10,10
78,-0.035751473158597946,0.03575151413679123,10,10
79,-0.034880004823207855,0.034880008548498154,10,10
80,-0.03256995230913162,0.0325700044631958,10,10
81,-0.03344114124774933,0.03344118595123291,10,10
82,-0.03656822070479393,0.03656816482543945,10,10
0,0.03491806611418724,0.03491811081767082,0,10
1,0.030140066519379616,0.030140118673443794,0,10
2,0.026608576998114586,0.026608634740114212,0,10
3,0.022316817194223404,0.02231687679886818,0,10
4,0.01863713562488556,0.018637193366885185,0,10
5,0.01569494977593422,0.015695003792643547,0,10
6,0.01261499710381031,0.012615051120519638,0,10
7,0.009154549799859524,0.009154606610536575,0,10
8,0.008269996382296085,0.008270042948424816,0,10
9,0.006902525667101145,0.006902552209794521,0,10
10,0.005384798627346754,0.005384822841733694,0,10
11,0.004442868288606405,0.00444288644939661,0,10
12,0.0029379792977124453,0.002937939716503024,0,10
13,0.0024632441345602274,0.002463236218318343,0,10
14,0.0016070413403213024,0.0016070673009380698,0,10
15,0.0019551462028175592,0.0019551306031644344,0,10
16,0.001320009701885283,0.0013200461398810148,0,10
17,0.00149717356543988,0.0014143113512545824,0,10
18,0.00025719040422700346,0.0002572105440776795,0,10
19,0.000778727640863508,0.0007787523791193962,0,10
20,0.0009040861041285098,0.000904083251953125,0,10
21,-0.0001992371107917279,0.00019925345259252936,10,10
22,0.00032378477044403553,0.00032378206378780305,0,10
23,4.807228469871916e-05,4.806105062016286e-05,0,10
24,2.5536444809404202e-05,2.5589664801373146e-05,0,10
25,-2.0801792288693832e-06,2.0265579223632812e-06,10,10
26,0.00024064948956947774,0.00024068939092103392,0,10
27,0.00021958128490950912,0.00021962329628877342,0,10
28,0.0005552105139940977,0.0005552588845603168,0,10
29,1.675642852205783e-05,1.678664739301894e-05,0,10
30,0.0005098652327433228,0.0005098948022350669,0,10
31,-0.00018303636170458049,0.00018298625946044922,10,10
32,-0.0007966936682350934,0.0007966756820678711,10,10
33,-0.0007200023392215371,0.0007200241088867188,10,10
34,-0.0008558074478060007,0.0008558034896850586,10,10
35,-0.0006562625057995319,0.0006562471389770508,10,10
36,-0.0013713673688471317,0.0013713836669921875,10,10
37,-0.0011659178417176008,0.0011658668518066406,10,10
38,-0.001550177694298327,0.001460433006286621,10,10
39,-0.001419575186446309,0.0014196177944540977,10,10
40,-0.0019879525061696768,0.001987934112548828,10,10
41,-0.002759353257715702,0.0027593374252319336,10,10
42,-0.00343697820790112,0.0034369230270385742,10,10
43,-0.003950274549424648,0.003950260113924742,10,10
44,-0.005244951229542494,0.0052449703216552734,10,10
45,-0.005619704257696867,0.005375862121582031,10,10
46,-0.007368255872279406,0.007368206977844238,10,10
47,-0.008492875844240189,0.008326292037963867,10,10
48,-0.01151992753148079,0.011519908905029297,10,10
49,-0.014266857877373695,0.01426684856414795,10,10
50,-0.017328524962067604,0.017328500747680664,10,10
51,-0.02205863781273365,0.022058606147766113,10,10
52,-0.02856297977268696,0.02856302261352539,10,10
53,-0.03238789364695549,0.03238785266876221,10,10
54,-0.03395761549472809,0.03395763412117958,10,10
55,-0.035983774811029434,0.03559621423482895,10,10
56,-0.03480179235339165,0.03480184078216553,10,10
57,-0.033648066222667694,0.033648014068603516,10,10
58,-0.03698047250509262,0.03037858009338379,10,10
59,-0.03187692165374756,0.03187692537903786,10,10
60,-0.034150611609220505,0.03415060043334961,10,10
61,-0.0343891941010952,0.034389231353998184,10,10
62,-0.03441125154495239,0.03441131114959717,10,10
63,-0.03711885213851929,0.034546613693237305,10,10
64,-0.03137145936489105,0.031371474266052246,10,10
65,-0.0361662358045578,0.03616619110107422,10,10
66,-0.036162830889225006,0.0361628532409668,10,10
67,-0.03466489538550377,0.03466494381427765,10,10
68,-0.035616472363471985,0.035616517066955566,10,10
69,-0.0339852049946785,0.033985257148742676,10,10
70,-0.03638350963592529,0.03638350963592529,10,10
71,-0.03463668376207352,0.034636735916137695,10,10
72,-0.035846784710884094,0.033594489097595215,10,10
73,-0.03548630326986313,0.03548634052276611,10,10
74,-0.03281698003411293,0.03281700611114502,10,10
75,-0.03136663883924484,0.031366605311632156,10,10
76,-0.032405562698841095,0.03240561485290527,10,10
77,-0.03689058870077133,0.036890625953674316,10,10
78,-0.035751473158597946,0.03575146198272705,10,10
79,-0.034880004823207855,0.03488004207611084,10,10
80,-0.03256995230913162,0.0325700044631958,10,10
81,-0.03344114124774933,0.03344118595123291,10,10
82,-0.03656822070479393,0.0355309396982193,10,10
83,-0.03603362664580345,0.03603363037109375,10,10
0,0.03491806611418724,0.03491811081767082,0,10
1,0.030140066519379616,0.030140120536088943,0,10
2,0.026608576998114586,0.026608631014823914,0,10
3,0.022316817194223404,0.022316869348287582,0,10
4,0.01863713562488556,0.018637176603078842,0,10
5,0.01569494977593422,0.015695009380578995,0,10
6,0.01261499710381031,0.01261504553258419,0,10
7,0.009154549799859524,0.009154599159955978,0,10
8,0.008269996382296085,0.008269988931715488,0,10
9,0.006902525667101145,0.006902569439262152,0,10
10,0.005384798627346754,0.0053848507814109325,0,10
11,0.004442868288606405,0.0041977218352258205,0,10
12,0.0029379792977124453,0.0029380053747445345,0,10
13,0.0024632441345602274,0.0024632904678583145,0,10
14,0.0016070413403213024,0.0016070447163656354,0,10
15,0.0019551462028175592,0.0019551587756723166,0,10
16,0.001320009701885283,0.001320023788139224,0,10
17,0.00149717356543988,0.001497193006798625,0,10
18,0.00025719040422700346,0.00025718516553752124,0,10
19,0.000778727640863508,0.0007710497593507171,0,10
20,0.0009040861041285098,0.0009040888398885727,0,10
21,-0.0001992371107917279,0.00019919872283935547,10,10
22,0.00032378477044403553,0.0003238072677049786,0,10
23,4.807228469871916e-05,4.804410127690062e-05,0,10
24,2.5536444809404202e-05,2.55242339335382e-05,0,10
25,-2.0801792288693832e-06,2.0265579223632812e-06,10,10
26,0.00024064948956947774,0.00024070219660643488,0,10
27,0.00021958128490950912,0.00021955017291475087,0,10
28,0.0005552105139940977,0.0005442939000204206,0,10
29,1.675642852205783e-05,1.6732996300561354e-05,0,10
30,0.0005098652327433228,0.0005099117988720536,0,10
31,-0.00018303636170458049,0.00018298625946044922,10,10
32,-0.0007966936682350934,0.0007966756820678711,10,10
33,-0.0007200023392215371,0.0007200241088867188,10,10
34,-0.0008558074478060007,0.0008558034896850586,10,10
35,-0.0006562625057995319,0.0006562471389770508,10,10
36,-0.0013713673688471317,0.0013713836669921875,10,10
37,-0.0011659178417176008,0.001165950670838356,10,10
38,-0.001550177694298327,0.0015501976013183594,10,10
39,-0.001419575186446309,0.001419560518115759,10,10
40,-0.0019879525061696768,0.001987934112548828,10,10
41,-0.002759353257715702,0.0027593374252319336,10,10
42,-0.00343697820790112,0.003203930798918009,10,10
43,-0.003950274549424648,0.003950238227844238,10,10
44,-0.005244951229542494,0.0052449703216552734,10,10
45,-0.005619704257696867,0.005619645118713379,10,10
46,-0.007368255872279406,0.007368228863924742,10,10
47,-0.008492875844240189,0.008492827415466309,10,10
48,-0.01151992753148079,0.011519950814545155,10,10
49,-0.014266857877373695,0.014266861602663994,10,10
50,-0.017328524962067604,0.017328545451164246,10,10
51,-0.02205863781273365,0.022002577781677246,10,10
52,-0.02856297977268696,0.02856302261352539,10,10
53,-0.03238789364695549,0.03238785266876221,10,10
54,-0.03395761549472809,0.03395765274763107,10,10
55,-0.035983774811029434,0.03598378971219063,10,10
56,-0.03480179235339165,0.03480184078216553,10,10
57,-0.033648066222667694,0.033648014068603516,10,10
58,-0.03698047250509262,0.036980509757995605,10,10
59,-0.03187692165374756,0.03187692165374756,10,10
60,-0.034150611609220505,0.034150633960962296,10,10
61,-0.0343891941010952,0.034389182925224304,10,10
62,-0.03441125154495239,0.03441131114959717,10,10
63,-0.03711885213851929,0.03711891174316406,10,10
64,-0.03137145936489105,0.031371474266052246,10,10
65,-0.0361662358045578,0.03616620972752571,10,10
66,-0.036162830889225006,0.03305506706237793,10,10
67,-0.03466489538550377,0.03466486930847168,10,10
68,-0.035616472363471985,0.034615159034729004,10,10
69,-0.0339852049946785,0.033985257148742676,10,10
70,-0.03638350963592529,0.03638350963592529,10,10
71,-0.03463668376207352,0.033740997314453125,10,10
72,-0.035846784710884094,0.03210088983178139,10,10
73,-0.03548630326986313,0.03548634052276611,10,10
74,-0.03281698003411293,0.03235006332397461,10,10
75,-0.03136663883924484,0.031366586685180664,10,10
76,-0.032405562698841095,0.032405585050582886,10,10
77,-0.03689058870077133,0.036890625953674316,10,10
78,-0.035751473158597946,0.03575141727924347,10,10
79,-0.034880004823207855,0.03488004207611084,10,10
80,-0.03256995230913162,0.0325700044631958,10,10
81,-0.03344114124774933,0.03344118595123291,10,10
82,-0.03656822070479393,0.03656816482543945,10,10
83,-0.03603362664580345,0.03603363037109375,10,10
84,-0.035956937819719315,0.0359569787979126,10,10
0,0.03491806611418724,0.034918125718832016,0,10
1,0.030140066519379616,0.030140124261379242,0,10
2,0.026608576998114586,0.026608621701598167,0,10
3,0.022316817194223404,0.022316867485642433,0,10
4,0.01863713562488556,0.01863718032836914,0,10
5,0.01569494977593422,0.015695005655288696,0,10
6,0.01261499710381031,0.012615038082003593,0,10
7,0.009154549799859524,0.009154566563665867,0,10
8,0.008269996382296085,0.008270042948424816,0,10
9,0.006902525667101145,0.006902532652020454,0,10
10,0.005384798627346754,0.0053847916424274445,0,10
11,0.004442868288606405,0.004442890174686909,0,10
12,0.0029379792977124453,0.0029379758052527905,0,10
13,0.0024632441345602274,0.0024632320273667574,0,10
14,0.0016070413403213024,0.0016070754500105977,0,10
15,0.0019551462028175592,0.0019392968388274312,0,10
16,0.001320009701885283,0.0013200497487559915,0,10
17,0.00149717356543988,0.0013574766926467419,0,10
18,0.00025719040422700346,0.0002571585064288229,0,10
19,0.000778727640863508,0.0007787731010466814,0,10
20,0.0009040861041285098,0.0009041260927915573,0,10
21,-0.0001992371107917279,0.00019919872283935547,10,10
22,0.00032378477044403553,0.00032382976496592164,0,10
23,4.807228469871916e-05,4.8060057451948524e-05,0,10
24,2.5536444809404202e-05,2.55817412835313e-05,0,10
25,-2.0801792288693832e-06,2.081900674966164e-06,10,10
26,0.00024064948956947774,0.00024068217317108065,0,10
27,0.00021958128490950912,0.00021962961181998253,0,10
28,0.0005552105139940977,0.0005534964730031788,0,10
29,1.675642852205783e-05,1.67987855093088e-05,0,10
30,0.0005098652327433228,0.0005099087720736861,0,10
31,-0.00018303636170458049,0.00017940998077392578,10,10
32,-0.0007966936682350934,0.0007966756820678711,10,10
33,-0.0007200023392215371,0.0007200241088867188,10,10
34,-0.0008558074478060007,0.0008558034896850586,10,10
35,-0.0006562625057995319,0.0006563079077750444,10,10
36,-0.0013713673688471317,0.0013713836669921875,10,10
37,-0.0011659178417176008,0.0010731220245361328,10,10
38,-0.001550177694298327,0.0015501976013183594,10,10
39,-0.001419575186446309,0.0014195442199707031,10,10
40,-0.0019879525061696768,0.001987934112548828,10,10
41,-0.002759353257715702,0.0027593374252319336,10,10
42,-0.00343697820790112,0.0034369230270385742,10,10
43,-0.003950274549424648,0.003950238227844238,10,10
44,-0.005244951229542494,0.0052449703216552734,10,10
45,-0.005619704257696867,0.005372762680053711,10,10
46,-0.007368255872279406,0.007368206977844238,10,10
47,-0.008492875844240189,0.008492827415466309,10,10
48,-0.01151992753148079,0.011519908905029297,10,10
49,-0.014266857877373695,0.01426684856414795,10,10
50,-0.017328524962067604,0.017328541725873947,10,10
51,-0.02205863781273365,0.022058606147766113,10,10
52,-0.02856297977268696,0.02856302261352539,10,10
53,-0.03238789364695549,0.03238785266876221,10,10
54,-0.03395761549472809,0.031099386513233185,10,10
55,-0.035983774811029434,0.03598373383283615,10,10
56,-0.03480179235339165,0.03480184078216553,10,10
57,-0.033648066222667694,0.033648014068603516,10,10
58,-0.03698047250509262,0.03665900230407715,10,10
59,-0.03187692165374756,0.03187697380781174,10,10
60,-0.034150611609220505,0.034150637686252594,10,10
61,-0.0343891941010952,0.03438913822174072,10,10
62,-0.03441125154495239,0.03441128879785538,10,10
63,-0.03711885213851929,0.034921884536743164,10,10
64,-0.03137145936489105,0.031371403485536575,10,10
65,-0.0361662358045578,0.03395974263548851,10,10
66,-0.036162830889225006,0.0361628532409668,10,10
67,-0.03466489538550377,0.03466486930847168,10,10
68,-0.035616472363471985,0.035616517066955566,10,10
69,-0.0339852049946785,0.033985257148742676,10,10
70,-0.03638350963592529,0.03498091548681259,10,10
71,-0.03463668376207352,0.034636665135622025,10,10
72,-0.035846784710884094,0.03584678843617439,10,10
73,-0.03548630326986313,0.035486284643411636,10,10
74,-0.03281698003411293,0.03281700611114502,10,10
75,-0.03136663883924484,0.031366586685180664,10,10
76,-0.032405562698841095,0.03240561485290527,10,10
77,-0.03689058870077133,0.036890625953674316,10,10
78,-0.035751473158597946,0.03575146198272705,10,10
79,-0.034880004823207855,0.03488004207611084,10,10
80,-0.03256995230913162,0.0325700044631958,10,10
81,-0.03344114124774933,0.03344118595123291,10,10
82,-0.03656822070479393,0.03656816482543945,10,10
83,-0.03603362664580345,0.03603363037109375,10,10
84,-0.035956937819719315,0.0359569787979126,10,10
85,-0.030270200222730637,0.03017730638384819,10,10
0,0.03491806611418724,0.03491811081767082,0,10
1,0.030140066519379616,0.030140118673443794,0,10
2,0.026608576998114586,0.026608631014823914,0,10
3,0.022316817194223404,0.02231687121093273,0,10
4,0.01863713562488556,0.01863718591630459,0,10
5,0.01569494977593422,0.015695003792643547,0,10
6,0.01261499710381031,0.012615052983164787,0,10
7,0.009154549799859524,0.009154608473181725,0,10
8,0.008269996382296085,0.008269984275102615,0,10
9,0.006902525667101145,0.006902569904923439,0,10
10,0.005384798627346754,0.0051649813540279865,0,10
11,0.004442868288606405,0.004442892968654633,0,10
12,0.0029379792977124453,0.0029380139894783497,0,10
13,0.0024632441345602274,0.002463288139551878,0,10
14,0.0016070413403213024,0.0016070412239059806,0,10
15,0.0019551462028175592,0.001955108717083931,0,10
16,0.001320009701885283,0.00132005347404629,0,10
17,0.00149717356543988,0.001497224671766162,0,10
18,0.00025719040422700346,0.00025718880351632833,0,10
19,0.000778727640863508,0.0007787671056576073,0,10
20,0.0009040861041285098,0.0009040355798788369,0,10
21,-0.0001992371107917279,0.00019919872283935547,10,10
22,0.00032378477044403553,0.0003237869532313198,0,10
23,4.807228469871916e-05,4.811287362826988e-05,0,10
24,2.5536444809404202e-05,2.5519389964756556e-05,0,10
25,-2.0801792288693832e-06,2.0265579223632812e-06,10,10
26,0.00024064948956947774,0.00024069070059340447,0,10
27,0.00021958128490950912,0.00021959238802082837,0,10
28,0.0005552105139940977,0.0005551772192120552,0,10
29,1.675642852205783e-05,1.6813874026411213e-05,0,10
30,0.0005098652327433228,0.00050992367323488,0,10
31,-0.00018303636170458049,0.0001830874098232016,10,10
32,-0.0007966936682350934,0.0007966756820678711,10,10
33,-0.0007200023392215371,0.0007200241088867188,10,10
34,-0.0008558074478060007,0.0008558034896850586,10,10
35,-0.0006562625057995319,0.0006562406779266894,10,10
36,-0.0013713673688471317,0.0013713098596781492,10,10
37,-0.0011659178417176008,0.0011658668518066406,10,10
38,-0.001550177694298327,0.0015501976013183594,10,10
39,-0.001419575186446309,0.0014195442199707031,10,10
40,-0.0019879525061696768,0.0019879986066371202,10,10
41,-0.002759353257715702,0.002759392838925123,10,10
42,-0.00343697820790112,0.0034369502682238817,10,10
43,-0.003950274549424648,0.003950238227844238,10,10
44,-0.005244951229542494,0.005245005711913109,10,10
45,-0.005619704257696867,0.005619720555841923,10,10
46,-0.007368255872279406,0.007368206977844238,10,10
47,-0.008492875844240189,0.008492904715240002,10,10
48,-0.01151992753148079,0.011519908905029297,10,10
49,-0.014266857877373695,0.01426684856414795,10,10
50,-0.017328524962067604,0.017328500747680664,10,10
51,-0.02205863781273365,0.022058606147766113,10,10
52,-0.02856297977268696,0.02856302261352539,10,10
53,-0.03238789364695549,0.03238791972398758,10,10
54,-0.03395761549472809,0.033957600593566895,10,10
55,-0.035983774811029434,0.03598380088806152,10,10
56,-0.03480179235339165,0.03480184078216553,10,10
57,-0.033648066222667694,0.033648014068603516,10,10
58,-0.03698047250509262,0.036980509757995605,10,10
59,-0.03187692165374756,0.03187694400548935,10,10
60,-0.034150611609220505,0.03415060043334961,10,10
61,-0.0343891941010952,0.03438913822174072,10,10
62,-0.03441125154495239,0.03441131114959717,10,10
63,-0.03711885213851929,0.03711891174316406,10,10
64,-0.03137145936489105,0.029959678649902344,10,10
65,-0.0361662358045578,0.03616621345281601,10,10
66,-0.036162830889225006,0.0361628532409668,10,10
67,-0.03466489538550377,0.03466487675905228,10,10
68,-0.035616472363471985,0.03561653196811676,10,10
69,-0.0339852049946785,0.03322242200374603,10,10
70,-0.03638350963592529,0.03350424766540527,10,10
71,-0.03463668376207352,0.0346367210149765,10,10
72,-0.035846784710884094,0.035846829414367676,10,10
73,-0.03548630326986313,0.03548634052276611,10,10
74,-0.03281698003411293,0.032817017287015915,10,10
75,-0.03136663883924484,0.031366586685180664,10,10
76,-0.032405562698841095,0.03240561485290527,10,10
77,-0.03689058870077133,0.03599473461508751,10,10
78,-0.035751473158597946,0.03575151413679123,10,10
79,-0.034880004823207855,0.03374934196472168,10,10
80,-0.03256995230913162,0.0325700044631958,10,10
81,-0.03344114124774933,0.030826091766357422,10,10
82,-0.03656822070479393,0.03656816482543945,10,10
83,-0.03603362664580345,0.03337109088897705,10,10
84,-0.035956937819719315,0.0359569787979126,10,10
85,-0.030270200222730637,0.029825152829289436,10,10
86,-0.03185372054576874,0.031853675842285156,10,10
0,0.03491806611418724,0.03491811826825142,0,10
1,0.030140066519379616,0.030140120536088943,0,10
2,0.026608576998114586,0.026608603075146675,0,10
3,0.022316817194223404,0.022316869348287582,0,10
4,0.01863713562488556,0.018637176603078842,0,10
5,0.01569494977593422,0.015695005655288696,0,10
6,0.01261499710381031,0.012615050189197063,0,10
7,0.009154549799859524,0.009154572151601315,0,10
8,0.008269996382296085,0.008270049467682838,0,10
9,0.006902525667101145,0.006902575027197599,0,10
10,0.005384798627346754,0.005384835414588451,0,10
11,0.004442868288606405,0.004442924167960882,0,10
12,0.0029379792977124453,0.0027561625465750694,0,10
13,0.0024632441345602274,0.002463248325511813,0,10
14,0.0016070413403213024,0.0016070948913693428,0,10
15,0.0019551462028175592,0.0019551694858819246,0,10
16,0.001320009701885283,0.0013200436951592565,0,10
17,0.00149717356543988,0.001497225952334702,0,10
18,0.00025719040422700346,0.0002572389494162053,0,10
19,0.000778727640863508,0.000778694695327431,0,10
20,0.0009040861041285098,0.0009040609002113342,0,10
21,-0.0001992371107917279,0.00019919872283935547,10,10
22,0.00032378477044403553,0.0003238286590203643,0,10
23,4.807228469871916e-05,4.810010068467818e-05,0,10
24,2.5536444809404202e-05,2.3328815586864948e-05,0,10
25,-2.0801792288693832e-06,2.0472834876272827e-06,10,10
26,0.00024064948956947774,0.00024066821788437665,0,10
27,0.00021958128490950912,0.0002195885608671233,0,10
28,0.0005552105139940977,0.0005551539943553507,0,10
29,1.675642852205783e-05,1.6813324691611342e-05,0,10
30,0.0005098652327433228,0.0005098728579469025,0,10
31,-0.00018303636170458049,0.00018298625946044922,10,10
32,-0.0007966936682350934,0.0007966756820678711,10,10
33,-0.0007200023392215371,0.0007200586842373013,10,10
34,-0.0008558074478060007,0.0008558034896850586,10,10
35,-0.0006562625057995319,0.0006562502239830792,10,10
36,-0.0013713673688471317,0.0013713836669921875,10,10
37,-0.0011659178417176008,0.0011658791918307543,10,10
38,-0.001550177694298327,0.0015501976013183594,10,10
39,-0.001419575186446309,0.0014195442199707031,10,10
40,-0.0019879525061696768,0.001987934112548828,10,10
41,-0.002759353257715702,0.0027593374252319336,10,10
42,-0.00343697820790112,0.0034369230270385742,10,10
43,-0.003950274549424648,0.003950295504182577,10,10
44,-0.005244951229542494,0.0052449703216552734,10,10
45,-0.005619704257696867,0.005619645118713379,10,10
46,-0.007368255872279406,0.007368206977844238,10,10
47,-0.008492875844240189,0.008492827415466309,10,10
48,-0.01151992753148079,0.011519908905029297,10,10
49,-0.014266857877373695,0.01426684856414795,10,10
50,-0.017328524962067604,0.016541242599487305,10,10
51,-0.02205863781273365,0.022058697417378426,10,10
52,-0.02856297977268696,0.02856300212442875,10,10
53,-0.03238789364695549,0.031452786177396774,10,10
54,-0.03395761549472809,0.033288002014160156,10,10
55,-0.035983774811029434,0.0346837043762207,10,10
56,-0.03480179235339165,0.03480184078216553,10,10
57,-0.033648066222667694,0.03364809229969978,10,10
58,-0.03698047250509262,0.036980487406253815,10,10
59,-0.03187692165374756,0.03187692165374756,10,10
60,-0.034150611609220505,0.03415060043334961,10,10
61,-0.0343891941010952,0.03438913822174072,10,10
62,-0.03441125154495239,0.03441131114959717,10,10
63,-0.03711885213851929,0.03711891174316406,10,10
64,-0.03137145936489105,0.031371474266052246,10,10
65,-0.0361662358045578,0.03616619110107422,10,10
66,-0.036162830889225006,0.03616281971335411,10,10
67,-0.03466489538550377,0.03466491773724556,10,10
68,-0.035616472363471985,0.035616446286439896,10,10
69,-0.0339852049946785,0.0339851975440979,10,10
70,-0.03638350963592529,0.03638350963592529,10,10
71,-0.03463668376207352,0.0346367284655571,10,10
72,-0.035846784710884094,0.035846784710884094,10,10
73,-0.03548630326986313,0.03330087661743164,10,10
74,-0.03281698003411293,0.032094478607177734,10,10
75,-0.03136663883924484,0.02914583683013916,10,10
76,-0.032405562698841095,0.03240557014942169,10,10
77,-0.03689058870077133,0.035652995109558105,10,10
78,-0.035751473158597946,0.034069791436195374,10,10
79,-0.034880004823207855,0.031118273735046387,10,10
80,-0.03256995230913162,0.028442859649658203,10,10
81,-0.03344114124774933,0.03344118595123291,10,10
82,-0.03656822070479393,0.03656816482543945,10,10
83,-0.03603362664580345,0.03603367507457733,10,10
84,-0.035956937819719315,0.0359569787979126,10,10
85,-0.030270200222730637,0.03027021884918213,10,10
86,-0.03185372054576874,0.031853675842285156,10,10
87,-0.03574325144290924,0.03574325144290924,10,10
0,0.03491806611418724,0.034918125718832016,0,10
1,0.030140066519379616,0.0301401037722826,0,10
2,0.026608576998114586,0.026608623564243317,0,10
3,0.022316817194223404,0.02231684699654579,0,10
4,0.01863713562488556,0.01863718405365944,0,10
5,0.01569494977593422,0.01569497585296631,0,10
6,0.01261499710381031,0.012615056708455086,0,10
7,0.009154549799859524,0.0091546094045043,0,10
8,0.008269996382296085,0.008270029909908772,0,10
9,0.006902525667101145,0.006902497727423906,0,10
10,0.005384798627346754,0.005384842399507761,0,10
11,0.004442868288606405,0.0044428501278162,0,10
12,0.0029379792977124453,0.002727546961978078,0,10
13,0.0024632441345602274,0.0024632264394313097,0,10
14,0.0016070413403213024,0.0016070861602202058,0,10
15,0.0019551462028175592,0.0019551594741642475,0,10
16,0.001320009701885283,0.0013200307730585337,0,10
17,0.00149717356543988,0.001497130375355482,0,10
18,0.00025719040422700346,0.0002572395605966449,0,10
19,0.000778727640863508,0.0007787757203914225,0,10
20,0.0009040861041285098,0.0009041011799126863,0,10
21,-0.0001992371107917279,0.00019919872283935547,10,10
22,0.00032378477044403553,0.0003237844503019005,0,10
23,4.807228469871916e-05,4.8116271500475705e-05,0,10
24,2.5536444809404202e-05,2.551279976614751e-05,0,10
25,-2.0801792288693832e-06,2.0265579223632812e-06,10,10
26,0.00024064948956947774,0.00024063227465376258,0,10
27,0.00021958128490950912,0.00021960098820272833,0,10
28,0.0005552105139940977,0.000555235194042325,0,10
29,1.675642852205783e-05,1.680227978795301e-05,0,10
30,0.0005098652327433228,0.000509887293446809,0,10
31,-0.00018303636170458049,0.00018298625946044922,10,10
32,-0.0007966936682350934,0.0007966756820678711,10,10
33,-0.0007200023392215371,0.000717914488632232,10,10
34,-0.0008558074478060007,0.0008558034896850586,10,10
35,-0.0006562625057995319,0.0006562471389770508,10,10
36,-0.0013713673688471317,0.0013713836669921875,10,10
37,-0.0011659178417176008,0.0011544388253241777,10,10
38,-0.001550177694298327,0.0015501976013183594,10,10
39,-0.001419575186446309,0.0014195455005392432,10,10
40,-0.0019879525061696768,0.001987934112548828,10,10
41,-0.002759353257715702,0.0027593374252319336,10,10
42,-0.00343697820790112,0.0034369230270385742,10,10
43,-0.003950274549424648,0.003950305283069611,10,10
44,-0.005244951229542494,0.0052449703216552734,10,10
45,-0.005619704257696867,0.005619645118713379,10,10
46,-0.007368255872279406,0.007368206977844238,10,10
47,-0.008492875844240189,0.008492827415466309,10,10
48,-0.01151992753148079,0.010525822639465332,10,10
49,-0.014266857877373695,0.01426684856414795,10,10
50,-0.017328524962067604,0.0173285361379385,10,10
51,-0.02205863781273365,0.022058606147766113,10,10
52,-0.02856297977268696,0.02856302261352539,10,10
53,-0.03238789364695549,0.03168068081140518,10,10
54,-0.03395761549472809,0.033957600593566895,10,10
55,-0.035983774811029434,0.03421950340270996,10,10
56,-0.03480179235339165,0.03381502628326416,10,10
57,-0.033648066222667694,0.033648014068603516,10,10
58,-0.03698047250509262,0.03580009937286377,10,10
59,-0.03187692165374756,0.03187692165374756,10,10
60,-0.034150611609220505,0.033294741064310074,10,10
61,-0.0343891941010952,0.03438913822174072,10,10
62,-0.03441125154495239,0.03441125899553299,10,10
63,-0.03711885213851929,0.032354000955820084,10,10
64,-0.03137145936489105,0.028520703315734863,10,10
65,-0.0361662358045578,0.0361662320792675,10,10
66,-0.036162830889225006,0.0361628532409668,10,10
67,-0.03466489538550377,0.034458864480257034,10,10
68,-0.035616472363471985,0.03350949287414551,10,10
69,-0.0339852049946785,0.033985257148742676,10,10
70,-0.03638350963592529,0.03638350963592529,10,10
71,-0.03463668376207352,0.034636735916137695,10,10
72,-0.035846784710884094,0.03344053775072098,10,10
73,-0.03548630326986313,0.03548634052276611,10,10
74,-0.03281698003411293,0.03281702101230621,10,10
75,-0.03136663883924484,0.031366586685180664,10,10
76,-0.032405562698841095,0.030928993597626686,10,10
77,-0.03689058870077133,0.036890625953674316,10,10
78,-0.035751473158597946,0.03575143963098526,10,10
79,-0.034880004823207855,0.03488003462553024,10,10
80,-0.03256995230913162,0.0325700044631958,10,10
81,-0.03344114124774933,0.03344118595123291,10,10
82,-0.03656822070479393,0.03656816482543945,10,10
83,-0.03603362664580345,0.03603368625044823,10,10
84,-0.035956937819719315,0.0359569787979126,10,10
85,-0.030270200222730637,0.029693126678466797,10,10
86,-0.03185372054576874,0.031853675842285156,10,10
87,-0.03574325144290924,0.035182833671569824,10,10
88,-0.03593938797712326,0.03593936562538147,10,10
0,0.03491806611418724,0.03491811454296112,0,10
1,0.030140066519379616,0.030140109360218048,0,10
2,0.026608576998114586,0.026608610525727272,0,10
3,0.022316817194223404,0.022316863760352135,0,10
4,0.01863713562488556,0.01863718032836914,0,10
5,0.01569494977593422,0.015694985166192055,0,10
6,0.01261499710381031,0.012615039944648743,0,10
7,0.009154549799859524,0.00915459729731083,0,10
8,0.008269996382296085,0.008270018734037876,0,10
9,0.006902525667101145,0.006902563385665417,0,10
10,0.005384798627346754,0.0053847539238631725,0,10
11,0.004442868288606405,0.004186674486845732,0,10
12,0.0029379792977124453,0.0027547827921807766,0,10
13,0.0024632441345602274,0.002463196637108922,0,10
14,0.0016070413403213024,0.0016069932607933879,0,10
15,0.0019551462028175592,0.001955151092261076,0,10
16,0.001320009701885283,0.0013200428802520037,0,10
17,0.00149717356543988,0.0014723397325724363,0,10
18,0.00025719040422700346,0.0002572230587247759,0,10
19,0.000778727640863508,0.0007787502254359424,0,10
20,0.0009040861041285098,0.0009040936711244285,0,10
21,-0.0001992371107917279,0.00019919872283935547,10,10
22,0.00032378477044403553,0.0003238313365727663,0,10
23,4.807228469871916e-05,4.802027251571417e-05,0,10
24,2.5536444809404202e-05,2.5542211005813442e-05,0,10
25,-2.0801792288693832e-06,2.027926939263125e-06,10,10
26,0.00024064948956947774,0.00024070293875411153,0,10
27,0.00021958128490950912,0.00021960679441690445,0,10
28,0.0005552105139940977,0.0005551837384700775,0,10
29,1.675642852205783e-05,1.6729651179048233e-05,0,10
30,0.0005098652327433228,0.0005099239642731845,0,10
31,-0.00018303636170458049,0.0001830195396905765,10,10
32,-0.0007966936682350934,0.0007966756820678711,10,10
33,-0.0007200023392215371,0.0007200241088867188,10,10
34,-0.0008558074478060007,0.0008558034896850586,10,10
35,-0.0006562625057995319,0.0006562471389770508,10,10
36,-0.0013713673688471317,0.0013338327407836914,10,10
37,-0.0011659178417176008,0.0011441707611083984,10,10
38,-0.001550177694298327,0.0015501976013183594,10,10
39,-0.001419575186446309,0.0014195442199707031,10,10
40,-0.0019879525061696768,0.0019879438914358616,10,10
41,-0.002759353257715702,0.0027593374252319336,10,10
42,-0.00343697820790112,0.0034369230270385742,10,10
43,-0.003950274549424648,0.003950238227844238,10,10
44,-0.005244951229542494,0.005244985222816467,10,10
45,-0.005619704257696867,0.0051746368408203125,10,10
46,-0.007368255872279406,0.007368206977844238,10,10
47,-0.008492875844240189,0.008492827415466309,10,10
48,-0.01151992753148079,0.011519908905029297,10,10
49,-0.014266857877373695,0.01426684856414795,10,10
50,-0.017328524962067604,0.017328500747680664,10,10
51,-0.02205863781273365,0.022058606147766113,10,10
52,-0.02856297977268696,0.02856302261352539,10,10
53,-0.03238789364695549,0.03238785266876221,10,10
54,-0.03395761549472809,0.033957675099372864,10,10
55,-0.035983774811029434,0.03598380833864212,10,10
56,-0.03480179235339165,0.03328317403793335,10,10
57,-0.033648066222667694,0.033648014068603516,10,10
58,-0.03698047250509262,0.033816881477832794,10,10
59,-0.03187692165374756,0.029024217277765274,10,10
60,-0.034150611609220505,0.03415059298276901,10,10
61,-0.0343891941010952,0.03090667724609375,10,10
62,-0.03441125154495239,0.03441131114959717,10,10
63,-0.03711885213851929,0.03711891174316406,10,10
64,-0.03137145936489105,0.031371474266052246,10,10
65,-0.0361662358045578,0.03616619110107422,10,10
66,-0.036162830889225006,0.0361628383398056,10,10
67,-0.03466489538550377,0.03466486930847168,10,10
68,-0.035616472363471985,0.035616517066955566,10,10
69,-0.0339852049946785,0.033985257148742676,10,10
70,-0.03638350963592529,0.03638350963592529,10,10
71,-0.03463668376207352,0.031864166259765625,10,10
72,-0.035846784710884094,0.035846829414367676,10,10
73,-0.03548630326986313,0.03548634052276611,10,10
74,-0.03281698003411293,0.03281700611114502,10,10
75,-0.03136663883924484,0.031366586685180664,10,10
76,-0.032405562698841095,0.030102968215942383,10,10
77,-0.03689058870077133,0.0362926721572876,10,10
78,-0.035751473158597946,0.03575148805975914,10,10
79,-0.034880004823207855,0.03488004207611084,10,10
80,-0.03256995230913162,0.029607415199279785,10,10
81,-0.03344114124774933,0.03344118595123291,10,10
82,-0.03656822070479393,0.03656816482543945,10,10
83,-0.03603362664580345,0.036033645272254944,10,10
84,-0.035956937819719315,0.03326564282178879,10,10
85,-0.030270200222730637,0.030270185321569443,10,10
86,-0.03185372054576874,0.031853750348091125,10,10
87,-0.03574325144290924,0.03574323654174805,10,10
88,-0.03593938797712326,0.03593933582305908,10,10
89,-0.037634238600730896,0.03763425350189209,10,10
0,0.03491806611418724,0.034918125718832016,0,10
1,0.030140066519379616,0.030140122398734093,0,10
2,0.026608576998114586,0.026608623564243317,0,10
3,0.022316817194223404,0.022316861897706985,0,10
4,0.01863713562488556,0.018637171015143394,0,10
5,0.01569494977593422,0.01569499261677265,0,10
6,0.01261499710381031,0.01261504553258419,0,10
7,0.009154549799859524,0.00915457308292389,0,10
8,0.008269996382296085,0.008269989863038063,0,10
9,0.006902525667101145,0.0069025177508592606,0,10
10,0.005384798627346754,0.005384752526879311,0,10
11,0.004442868288606405,0.004442890174686909,0,10
12,0.0029379792977124453,0.002937977435067296,0,10
13,0.0024632441345602274,0.0024632434360682964,0,10
14,0.0016070413403213024,0.0016070753335952759,0,10
15,0.0019551462028175592,0.0019551825243979692,0,10
16,0.001320009701885283,0.0013200269313529134,0,10
17,0.00149717356543988,0.0014972133794799447,0,10
18,0.00025719040422700346,0.00025715347146615386,0,10
19,0.000778727640863508,0.0007787265349179506,0,10
20,0.0009040861041285098,0.0009041181183420122,0,10
21,-0.0001992371107917279,0.00019919872283935547,10,10
22,0.00032378477044403553,0.00032376425224356353,0,10
23,4.807228469871916e-05,4.812646147911437e-05,0,10
24,2.5536444809404202e-05,2.5573814127710648e-05,0,10
25,-2.0801792288693832e-06,2.0265579223632812e-06,10,10
26,0.00024064948956947774,0.00024061859585344791,0,10
27,0.00021958128490950912,0.00021957771969027817,0,10
28,0.0005552105139940977,0.0005551677895709872,0,10
29,1.675642852205783e-05,1.672767939453479e-05,0,10
30,0.0005098652327433228,0.0005099099362269044,0,10
31,-0.00018303636170458049,0.00017276167636737227,10,10
32,-0.0007966936682350934,0.0007966756820678711,10,10
33,-0.0007200023392215371,0.0007199570536613464,10,10
34,-0.0008558074478060007,0.0008558034896850586,10,10
35,-0.0006562625057995319,0.0006562471389770508,10,10
36,-0.0013713673688471317,0.0013713836669921875,10,10
37,-0.0011659178417176008,0.0011659160954877734,10,10
38,-0.001550177694298327,0.0015501976013183594,10,10
39,-0.001419575186446309,0.0014195442199707031,10,10
40,-0.0019879525061696768,0.001987934112548828,10,10
41,-0.002759353257715702,0.0027593374252319336,10,10
42,-0.00343697820790112,0.0034369230270385742,10,10
43,-0.003950274549424648,0.0036802291870117188,10,10
44,-0.005244951229542494,0.0052449703216552734,10,10
45,-0.005619704257696867,0.005619754083454609,10,10
46,-0.007368255872279406,0.0073682465590536594,10,10
47,-0.008492875844240189,0.008492827415466309,10,10
48,-0.01151992753148079,0.011519908905029297,10,10
49,-0.014266857877373695,0.01426684856414795,10,10
50,-0.017328524962067604,0.017328500747680664,10,10
51,-0.02205863781273365,0.022058606147766113,10,10
52,-0.02856297977268696,0.02856302261352539,10,10
53,-0.03238789364695549,0.03238792344927788,10,10
54,-0.03395761549472809,0.03395766392350197,10,10
55,-0.035983774811029434,0.03598380088806152,10,10
56,-0.03480179235339165,0.03480182960629463,10,10
57,-0.033648066222667694,0.029635848477482796,10,10
58,-0.03698047250509262,0.035483479499816895,10,10
59,-0.03187692165374756,0.03187692165374756,10,10
60,-0.034150611609220505,0.034150656312704086,10,10
61,-0.0343891941010952,0.03438923507928848,10,10
62,-0.03441125154495239,0.03441131114959717,10,10
63,-0.03711885213851929,0.03711887449026108,10,10
64,-0.03137145936489105,0.031371474266052246,10,10
65,-0.0361662358045578,0.0361662283539772,10,10
66,-0.036162830889225006,0.0361628532409668,10,10
67,-0.03466489538550377,0.03393876552581787,10,10
68,-0.035616472363471985,0.03324079513549805,10,10
69,-0.0339852049946785,0.033985257148742676,10,10
70,-0.03638350963592529,0.03638350963592529,10,10
71,-0.03463668376207352,0.034636735916137695,10,10
72,-0.035846784710884094,0.035846829414367676,10,10
73,-0.03548630326986313,0.03548634052276611,10,10
74,-0.03281698003411293,0.03281700611114502,10,10
75,-0.03136663883924484,0.03136664256453514,10,10
76,-0.032405562698841095,0.03240561485290527,10,10
77,-0.03689058870077133,0.036890625953674316,10,10
78,-0.035751473158597946,0.03321719169616699,10,10
79,-0.034880004823207855,0.03488004207611084,10,10
80,-0.03256995230913162,0.03256993368268013,10,10
81,-0.03344114124774933,0.03344118595123291,10,10
82,-0.03656822070479393,0.03494991362094879,10,10
83,-0.03603362664580345,0.03603363037109375,10,10
84,-0.035956937819719315,0.0359569787979126,10,10
85,-0.030270200222730637,0.03027021884918213,10,10
86,-0.03185372054576874,0.031853675842285156,10,10
87,-0.03574325144290924,0.03574323654174805,10,10
88,-0.03593938797712326,0.03593939170241356,10,10
89,-0.037634238600730896,0.03763425350189209,10,10
90,-0.034983355551958084,0.03498339653015137,10,10
0,0.03491806611418724,0.03491811081767082,0,10
1,0.030140066519379616,0.03014012612402439,0,10
2,0.026608576998114586,0.026608632877469063,0,10
3,0.022316817194223404,0.022316835820674896,0,10
4,0.01863713562488556,0.018637163564562798,0,10
5,0.01569494977593422,0.01569500006735325,0,10
6,0.01261499710381031,0.012615049257874489,0,10
7,0.009154549799859524,0.009154562838375568,0,10
8,0.008269996382296085,0.008270034566521645,0,10
9,0.006902525667101145,0.006902580615133047,0,10
10,0.005384798627346754,0.005384813062846661,0,10
11,0.004442868288606405,0.004442907869815826,0,10
12,0.0029379792977124453,0.002745839534327388,0,10
13,0.0024632441345602274,0.0024631989654153585,0,10
14,0.0016070413403213024,0.0016070574056357145,0,10
15,0.0019551462028175592,0.0019551606383174658,0,10
16,0.001320009701885283,0.0013200192479416728,0,10
17,0.00149717356543988,0.0014972311910241842,0,10
18,0.00025719040422700346,0.0002571554796304554,0,10
19,0.000778727640863508,0.0007787499343976378,0,10
20,0.0009040861041285098,0.0008233185508288443,0,10
21,-0.0001992371107917279,0.00019919872283935547,10,10
22,0.00032378477044403553,0.0003238058416172862,0,10
23,4.807228469871916e-05,4.808089943253435e-05,0,10
24,2.5536444809404202e-05,2.55547056440264e-05,0,10
25,-2.0801792288693832e-06,2.0265579223632812e-06,10,10
26,0.00024064948956947774,0.0002406258718110621,0,10
27,0.00021958128490950912,0.0002195954293711111,0,10
28,0.0005552105139940977,0.0005552313523367047,0,10
29,1.675642852205783e-05,1.674127452133689e-05,0,10
30,0.0005098652327433228,0.0005098794354125857,0,10
31,-0.00018303636170458049,0.00018298625946044922,10,10
32,-0.0007966936682350934,0.0007966756820678711,10,10
33,-0.0007200023392215371,0.0007200241088867188,10,10
34,-0.0008558074478060007,0.0008558034896850586,10,10
35,-0.0006562625057995319,0.0006562471389770508,10,10
36,-0.0013713673688471317,0.0013713836669921875,10,10
37,-0.0011659178417176008,0.0011658668518066406,10,10
38,-0.001550177694298327,0.0015501976013183594,10,10
39,-0.001419575186446309,0.0014195442199707031,10,10
40,-0.0019879525061696768,0.001987934112548828,10,10
41,-0.002759353257715702,0.0027593374252319336,10,10
42,-0.00343697820790112,0.0034369230270385742,10,10
43,-0.003950274549424648,0.003950238227844238,10,10
44,-0.005244951229542494,0.005244944244623184,10,10
45,-0.005619704257696867,0.005619758740067482,10,10
46,-0.007368255872279406,0.007368230726569891,10,10
47,-0.008492875844240189,0.008437156677246094,10,10
48,-0.01151992753148079,0.011177897453308105,10,10
49,-0.014266857877373695,0.01426684856414795,10,10
50,-0.017328524962067604,0.017328500747680664,10,10
51,-0.02205863781273365,0.022058632224798203,10,10
52,-0.02856297977268696,0.02856302261352539,10,10
53,-0.03238789364695549,0.032387930899858475,10,10
54,-0.03395761549472809,0.033957600593566895,10,10
55,-0.035983774811029434,0.03598378226161003,10,10
56,-0.03480179235339165,0.03480184078216553,10,10
57,-0.033648066222667694,0.03364809602499008,10,10
58,-0.03698047250509262,0.03398406505584717,10,10
59,-0.03187692165374756,0.028377652168273926,10,10
60,-0.034150611609220505,0.034150630235672,10,10
61,-0.0343891941010952,0.0343891978263855,10,10
62,-0.03441125154495239,0.03441131114959717,10,10
63,-0.03711885213851929,0.03711891174316406,10,10
64,-0.03137145936489105,0.031371474266052246,10,10
65,-0.0361662358045578,0.03616619482636452,10,10
66,-0.036162830889225006,0.0361628532409668,10,10
67,-0.03466489538550377,0.03466486930847168,10,10
68,-0.035616472363471985,0.034103892743587494,10,10
69,-0.0339852049946785,0.033985257148742676,10,10
70,-0.03638350963592529,0.03638350963592529,10,10
71,-0.03463668376207352,0.03463667258620262,10,10
72,-0.035846784710884094,0.035846829414367676,10,10
73,-0.03548630326986313,0.030559659004211426,10,10
74,-0.03281698003411293,0.03281700611114502,10,10
75,-0.03136663883924484,0.031366586685180664,10,10
76,-0.032405562698841095,0.03240559622645378,10,10
77,-0.03689058870077133,0.036890625953674316,10,10
78,-0.035751473158597946,0.03575146198272705,10,10
79,-0.034880004823207855,0.03488004207611084,10,10
80,-0.03256995230913162,0.0325700044631958,10,10
81,-0.03344114124774933,0.03344118595123291,10,10
82,-0.03656822070479393,0.03656816482543945,10,10
83,-0.03603362664580345,0.03603363037109375,10,10
84,-0.035956937819719315,0.03595689684152603,10,10
85,-0.030270200222730637,0.03027021884918213,10,10
86,-0.03185372054576874,0.031853724271059036,10,10
87,-0.03574325144290924,0.03447030112147331,10,10
88,-0.03593938797712326,0.03536057472229004,10,10
89,-0.037634238600730896,0.03763425350189209,10,10
90,-0.034983355551958084,0.03498339653015137,10,10
91,-0.0368395559489727,0.03683960437774658,10,10
0,0.03491806611418724,0.034918107092380524,0,10
1,0.030140066519379616,0.03014010563492775,0,10
2,0.026608576998114586,0.026608621701598167,0,10
3,0.022316817194223404,0.022316832095384598,0,10
4,0.01863713562488556,0.018637172877788544,0,10
5,0.01569494977593422,0.015694983303546906,0,10
6,0.01261499710381031,0.012615052051842213,0,10
7,0.009154549799859524,0.00915456935763359,0,10
8,0.008269996382296085,0.00827003549784422,0,10
9,0.006902525667101145,0.0069025796838104725,0,10
10,0.005384798627346754,0.005384804680943489,0,10
11,0.004442868288606405,0.004442900884896517,0,10
12,0.0029379792977124453,0.0029379602055996656,0,10
13,0.0024632441345602274,0.002463298151269555,0,10
14,0.0016070413403213024,0.0016070095589384437,0,10
15,0.0019551462028175592,0.001955154351890087,0,10
16,0.001320009701885283,0.0013200391549617052,0,10
17,0.00149717356543988,0.0014971954515203834,0,10
18,0.00025719040422700346,0.0002572108060121536,0,10
19,0.000778727640863508,0.0007787285721860826,0,10
20,0.0009040861041285098,0.0009040646837092936,0,10
21,-0.0001992371107917279,0.00019919872283935547,10,10
22,0.00032378477044403553,0.0003237324708607048,0,10
23,4.807228469871916e-05,4.808590529137291e-05,0,10
24,2.5536444809404202e-05,2.39082637563115e-05,0,10
25,-2.0801792288693832e-06,2.030990572166047e-06,10,10
26,0.00024064948956947774,0.00024067955382633954,0,10
27,0.00021958128490950912,0.00021954429394099861,0,10
28,0.0005552105139940977,0.0005552322254516184,0,10
29,1.675642852205783e-05,1.6802208847366273e-05,0,10
30,0.0005098652327433228,0.000509918259922415,0,10
31,-0.00018303636170458049,0.00018298625946044922,10,10
32,-0.0007966936682350934,0.0007966756820678711,10,10
33,-0.0007200023392215371,0.0007023811340332031,10,10
34,-0.0008558074478060007,0.000748753547668457,10,10
35,-0.0006562625057995319,0.0006562471389770508,10,10
36,-0.0013713673688471317,0.001371420337818563,10,10
37,-0.0011659178417176008,0.0011658668518066406,10,10
38,-0.001550177694298327,0.0015501976013183594,10,10
39,-0.001419575186446309,0.0014195442199707031,10,10
40,-0.0019879525061696768,0.0017906427383422852,10,10
41,-0.002759353257715702,0.0027593637350946665,10,10
42,-0.00343697820790112,0.0034369449131190777,10,10
43,-0.003950274549424648,0.003950238227844238,10,10
44,-0.005244951229542494,0.0052449703216552734,10,10
45,-0.005619704257696867,0.005619645118713379,10,10
46,-0.007368255872279406,0.007368206977844238,10,10
47,-0.008492875844240189,0.008492827415466309,10,10
48,-0.01151992753148079,0.011519908905029297,10,10
49,-0.014266857877373695,0.01426687091588974,10,10
50,-0.017328524962067604,0.017328500747680664,10,10
51,-0.02205863781273365,0.022058606147766113,10,10
52,-0.02856297977268696,0.02856302261352539,10,10
53,-0.03238789364695549,0.03238785266876221,10,10
54,-0.03395761549472809,0.033957600593566895,10,10
55,-0.035983774811029434,0.03598380088806152,10,10
56,-0.03480179235339165,0.03480184078216553,10,10
57,-0.033648066222667694,0.033648062497377396,10,10
58,-0.03698047250509262,0.036980509757995605,10,10
59,-0.03187692165374756,0.03187692165374756,10,10
60,-0.034150611609220505,0.0341506265103817,10,10
61,-0.0343891941010952,0.02997688576579094,10,10
62,-0.03441125154495239,0.03441128507256508,10,10
63,-0.03711885213851929,0.03711891174316406,10,10
64,-0.03137145936489105,0.031371474266052246,10,10
65,-0.0361662358045578,0.03616619110107422,10,10
66,-0.036162830889225006,0.03591048717498779,10,10
67,-0.03466489538550377,0.03466493636369705,10,10
68,-0.035616472363471985,0.03469143807888031,10,10
69,-0.0339852049946785,0.02978539653122425,10,10
70,-0.03638350963592529,0.03638350963592529,10,10
71,-0.03463668376207352,0.034636735916137695,10,10
72,-0.035846784710884094,0.035846829414367676,10,10
73,-0.03548630326986313,0.035486288368701935,10,10
74,-0.03281698003411293,0.03281700611114502,10,10
75,-0.03136663883924484,0.031366679817438126,10,10
76,-0.032405562698841095,0.03240561485290527,10,10
77,-0.03689058870077133,0.036890625953674316,10,10
78,-0.035751473158597946,0.03575142100453377,10,10
79,-0.034880004823207855,0.03488004207611084,10,10
80,-0.03256995230913162,0.0325700044631958,10,10
81,-0.03344114124774933,0.03344118595123291,10,10
82,-0.03656822070479393,0.03656816482543945,10,10
83,-0.03603362664580345,0.03446924686431885,10,10
84,-0.035956937819719315,0.0359569787979126,10,10
85,-0.030270200222730637,0.03027021884918213,10,10
86,-0.03185372054576874,0.031853675842285156,10,10
87,-0.03574325144290924,0.035743266344070435,10,10
88,-0.03593938797712326,0.03593942150473595,10,10
89,-0.037634238600730896,0.03763425350189209,10,10
90,-0.034983355551958084,0.03498339653015137,10,10
91,-0.0368395559489727,0.03683960437774658,10,10
92,-0.03551708906888962,0.035517096519470215,10,10
0,0.03491806611418724,0.03491812199354172,0,10
1,0.030140066519379616,0.030140124261379242,0,10
2,0.026608576998114586,0.026608632877469063,0,10
3,0.022316817194223404,0.02231687493622303,0,10
4,0.01863713562488556,0.018637191504240036,0,10
5,0.01569494977593422,0.015695009380578995,0,10
6,0.01261499710381031,0.012615055777132511,0,10
7,0.009154549799859524,0.009154588915407658,0,10
8,0.008269996382296085,0.00827004760503769,0,10
9,0.006902525667101145,0.006824569310992956,0,10
10,0.005384798627346754,0.005384841002523899,0,10
11,0.004442868288606405,0.0044429004192352295,0,10
12,0.0029379792977124453,0.002937980927526951,0,10
13,0.0024632441345602274,0.002420959062874317,0,10
14,0.0016070413403213024,0.0016070845304057002,0,10
15,0.0019551462028175592,0.0019550956785678864,0,10
16,0.001320009701885283,0.0013200541725382209,0,10
17,0.00149717356543988,0.00149720988702029,0,10
18,0.00025719040422700346,0.00025713935610838234,0,10
19,0.000778727640863508,0.0007787672802805901,0,10
20,0.0009040861041285098,0.0008522451971657574,0,10
21,-0.0001992371107917279,0.00019682680431287736,10,10
22,0.00032378477044403553,0.00032376148737967014,0,10
23,4.807228469871916e-05,4.802345210919157e-05,0,10
24,2.5536444809404202e-05,2.5578156055416912e-05,0,10
25,-2.0801792288693832e-06,2.0265579223632812e-06,10,10
26,0.00024064948956947774,0.00024064266472123563,0,10
27,0.00021958128490950912,0.00021963348262943327,0,10
28,0.0005552105139940977,0.0005551991635002196,0,10
29,1.675642852205783e-05,1.681465255387593e-05,0,10
30,0.0005098652327433228,0.0005098497495055199,0,10
31,-0.00018303636170458049,0.00018298625946044922,10,10
32,-0.0007966936682350934,0.0007966756820678711,10,10
33,-0.0007200023392215371,0.0007200599065981805,10,10
34,-0.0008558074478060007,0.0008558034896850586,10,10
35,-0.0006562625057995319,0.0006562471389770508,10,10
36,-0.0013713673688471317,0.0013713836669921875,10,10
37,-0.0011659178417176008,0.0011298754252493382,10,10
38,-0.001550177694298327,0.0015501976013183594,10,10
39,-0.001419575186446309,0.0014195442199707031,10,10
40,-0.0019879525061696768,0.001987934112548828,10,10
41,-0.002759353257715702,0.0027593374252319336,10,10
42,-0.00343697820790112,0.003436968196183443,10,10
43,-0.003950274549424648,0.003950238227844238,10,10
44,-0.005244951229542494,0.0052449703216552734,10,10
45,-0.005619704257696867,0.005619645118713379,10,10
46,-0.007368255872279406,0.007368206977844238,10,10
47,-0.008492875844240189,0.008404850959777832,10,10
48,-0.01151992753148079,0.011519908905029297,10,10
49,-0.014266857877373695,0.01426684856414795,10,10
50,-0.017328524962067604,0.017328500747680664,10,10
51,-0.02205863781273365,0.022058669477701187,10,10
52,-0.02856297977268696,0.02856302261352539,10,10
53,-0.03238789364695549,0.028397679328918457,10,10
54,-0.03395761549472809,0.033957600593566895,10,10
55,-0.035983774811029434,0.03598380088806152,10,10
56,-0.03480179235339165,0.03480184078216553,10,10
57,-0.033648066222667694,0.033648014068603516,10,10
58,-0.03698047250509262,0.036980465054512024,10,10
59,-0.03187692165374756,0.031876932829618454,10,10
60,-0.034150611609220505,0.03340494632720947,10,10
61,-0.0343891941010952,0.0343891866505146,10,10
62,-0.03441125154495239,0.03393794223666191,10,10
63,-0.03711885213851929,0.03711891174316406,10,10
64,-0.03137145936489105,0.031371474266052246,10,10
65,-0.0361662358045578,0.03616619110107422,10,10
66,-0.036162830889225006,0.03596818819642067,10,10
67,-0.03466489538550377,0.03466491773724556,10,10
68,-0.035616472363471985,0.03496074676513672,10,10
69,-0.0339852049946785,0.033985186368227005,10,10
70,-0.03638350963592529,0.03356945514678955,10,10
71,-0.03463668376207352,0.03463667258620262,10,10
72,-0.035846784710884094,0.035846829414367676,10,10
73,-0.03548630326986313,0.03548634052276611,10,10
74,-0.03281698003411293,0.03281700611114502,10,10
75,-0.03136663883924484,0.03065788745880127,10,10
76,-0.032405562698841095,0.03240561485290527,10,10
77,-0.03689058870077133,0.036890625953674316,10,10
78,-0.035751473158597946,0.034895896911621094,10,10
79,-0.034880004823207855,0.03488004207611084,10,10
80,-0.03256995230913162,0.0325700044631958,10,10
81,-0.03344114124774933,0.03344119340181351,10,10
82,-0.03656822070479393,0.03656816482543945,10,10
83,-0.03603362664580345,0.03603363037109375,10,10
84,-0.035956937819719315,0.03518533706665039,10,10
85,-0.030270200222730637,0.03027021884918213,10,10
86,-0.03185372054576874,0.031853675842285156,10,10
87,-0.03574325144290924,0.035743266344070435,10,10
88,-0.03593938797712326,0.03593938797712326,10,10
89,-0.037634238600730896,0.03763427957892418,10,10
90,-0.034983355551958084,0.03456886485219002,10,10
91,-0.0368395559489727,0.036839548498392105,10,10
92,-0.03551708906888962,0.035517096519470215,10,10
93,-0.033558499068021774,0.03335905075073242,10,10
0,0.03491806611418724,0.03491811081767082,0,10
1,0.030140066519379616,0.030140120536088943,0,10
2,0.026608576998114586,0.02660861425101757,0,10
3,0.022316817194223404,0.02231685072183609,0,10
4,0.01863713562488556,0.018637193366885185,0,10
5,0.01569494977593422,0.0156949982047081,0,10
6,0.01261499710381031,0.012615042738616467,0,10
7,0.009154549799859524,0.009154598228633404,0,10
8,0.008269996382296085,0.008270038291811943,0,10
9,0.006902525667101145,0.006902524270117283,0,10
10,0.005384798627346754,0.005384774412959814,0,10
11,0.004442868288606405,0.004442823585122824,0,10
12,0.0029379792977124453,0.002938035177066922,0,10
13,0.0024632441345602274,0.0024631861597299576,0,10
14,0.0016070413403213024,0.001607028185389936,0,10
15,0.0019551462028175592,0.0019551983568817377,0,10
16,0.001320009701885283,0.0013199871173128486,0,10
17,0.00149717356543988,0.0014971408527344465,0,10
18,0.00025719040422700346,0.00025723088765516877,0,10
19,0.000778727640863508,0.0007787154754623771,0,10
20,0.0009040861041285098,0.0009041422163136303,0,10
21,-0.0001992371107917279,0.00019919872283935547,10,10
22,0.00032378477044403553,0.00032383587677031755,0,10
23,4.807228469871916e-05,4.81216557091102e-05,0,10
24,2.5536444809404202e-05,2.4329981897608377e-05,0,10
25,-2.0801792288693832e-06,2.038847014773637e-06,10,10
26,0.00024064948956947774,0.00024065241450443864,0,10
27,0.00021958128490950912,0.00020558568940032274,0,10
28,0.0005552105139940977,0.0005552388611249626,0,10
29,1.675642852205783e-05,1.681506182649173e-05,0,10
30,0.0005098652327433228,0.0005098286201246083,0,10
31,-0.00018303636170458049,0.00017820582434069365,10,10
32,-0.0007966936682350934,0.0007966756820678711,10,10
33,-0.0007200023392215371,0.0007200241088867188,10,10
34,-0.0008558074478060007,0.0008558034896850586,10,10
35,-0.0006562625057995319,0.0006562471389770508,10,10
36,-0.0013713673688471317,0.0013713836669921875,10,10
37,-0.0011659178417176008,0.0011658845469355583,10,10
38,-0.001550177694298327,0.0015501996967941523,10,10
39,-0.001419575186446309,0.0014195675030350685,10,10
40,-0.0019879525061696768,0.001987934112548828,10,10
41,-0.002759353257715702,0.0027593374252319336,10,10
42,-0.00343697820790112,0.0034370131324976683,10,10
43,-0.003950274549424648,0.003950238227844238,10,10
44,-0.005244951229542494,0.0052449703216552734,10,10
45,-0.005619704257696867,0.005619645118713379,10,10
46,-0.007368255872279406,0.007368206977844238,10,10
47,-0.008492875844240189,0.007932901382446289,10,10
48,-0.01151992753148079,0.011519973166286945,10,10
49,-0.014266857877373695,0.014266883954405785,10,10
50,-0.017328524962067604,0.017328500747680664,10,10
51,-0.02205863781273365,0.022058606147766113,10,10
52,-0.02856297977268696,0.02856302261352539,10,10
53,-0.03238789364695549,0.03238794580101967,10,10
54,-0.03395761549472809,0.033957600593566895,10,10
55,-0.035983774811029434,0.035983823239803314,10,10
56,-0.03480179235339165,0.03480184078216553,10,10
57,-0.033648066222667694,0.033648014068603516,10,10
58,-0.03698047250509262,0.0369805246591568,10,10
59,-0.03187692165374756,0.03187696263194084,10,10
60,-0.034150611609220505,0.030430421233177185,10,10
61,-0.0343891941010952,0.03438913822174072,10,10
62,-0.03441125154495239,0.03441131114959717,10,10
63,-0.03711885213851929,0.03711891174316406,10,10
64,-0.03137145936489105,0.031371474266052246,10,10
65,-0.0361662358045578,0.03616619110107422,10,10
66,-0.036162830889225006,0.034894585609436035,10,10
67,-0.03466489538550377,0.03466486930847168,10,10
68,-0.035616472363471985,0.035616517066955566,10,10
69,-0.0339852049946785,0.033985257148742676,10,10
70,-0.03638350963592529,0.03638350963592529,10,10
71,-0.03463668376207352,0.034636735916137695,10,10
72,-0.035846784710884094,0.035846829414367676,10,10
73,-0.03548630326986313,0.03548634052276611,10,10
74,-0.03281698003411293,0.03281700611114502,10,10
75,-0.03136663883924484,0.03136668726801872,10,10
76,-0.032405562698841095,0.03240552544593811,10,10
77,-0.03689058870077133,0.036890625953674316,10,10
78,-0.035751473158597946,0.03575145825743675,10,10
79,-0.034880004823207855,0.03488004207611084,10,10
80,-0.03256995230913162,0.0325700044631958,10,10
81,-0.03344114124774933,0.033441152423620224,10,10
82,-0.03656822070479393,0.03656816482543945,10,10
83,-0.03603362664580345,0.03603360056877136,10,10
84,-0.035956937819719315,0.03471219539642334,10,10
85,-0.030270200222730637,0.029132962226867676,10,10
86,-0.03185372054576874,0.031853675842285156,10,10
87,-0.03574325144290924,0.03255784511566162,10,10
88,-0.03593938797712326,0.030737556517124176,10,10
89,-0.037634238600730896,0.03763421252369881,10,10
90,-0.034983355551958084,0.03498339653015137,10,10
91,-0.0368395559489727,0.034453630447387695,10,10
92,-0.03551708906888962,0.03551708161830902,10,10
93,-0.033558499068021774,0.03355848789215088,10,10
94,-0.03230278566479683,0.03230273723602295,10,10
0,0.03491806611418724,0.034918129444122314,0,10
1,0.030140066519379616,0.030140109360218048,0,10
2,0.026608576998114586,0.026608627289533615,0,10
3,0.022316817194223404,0.022316865622997284,0,10
4,0.01863713562488556,0.01863717846572399,0,10
5,0.01569494977593422,0.0156949944794178,0,10
6,0.01261499710381031,0.012615050189197063,0,10
7,0.009154549799859524,0.009154598228633404,0,10
8,0.008269996382296085,0.008270049467682838,0,10
9,0.006902525667101145,0.006902523338794708,0,10
10,0.005384798627346754,0.005384819116443396,0,10
11,0.004442868288606405,0.004442830104380846,0,10
12,0.0029379792977124453,0.0029379974585026503,0,10
13,0.0024632441345602274,0.0024632576387375593,0,10
14,0.0016070413403213024,0.00160705903545022,0,10
15,0.0019551462028175592,0.0019551219884306192,0,10
16,0.001320009701885283,0.0013200434623286128,0,10
17,0.00149717356543988,0.0014972314238548279,0,10
18,0.00025719040422700346,0.00025718286633491516,0,10
19,0.000778727640863508,0.0007787771755829453,0,10
20,0.0009040861041285098,0.0009041312732733786,0,10
21,-0.0001992371107917279,0.00019919872283935547,10,10
22,0.00032378477044403553,0.00032383576035499573,0,10
23,4.807228469871916e-05,4.8086876631714404e-05,0,10
24,2.5536444809404202e-05,2.557914558565244e-05,0,10
25,-2.0801792288693832e-06,2.0265579223632812e-06,10,10
26,0.00024064948956947774,0.0002407002029940486,0,10
27,0.00021958128490950912,0.0002195872220909223,0,10
28,0.0005552105139940977,0.0005552396178245544,0,10
29,1.675642852205783e-05,1.6755486285546795e-05,0,10
30,0.0005098652327433228,0.0005099198315292597,0,10
31,-0.00018303636170458049,0.00018298625946044922,10,10
32,-0.0007966936682350934,0.0007966756820678711,10,10
33,-0.0007200023392215371,0.0007200241088867188,10,10
34,-0.0008558074478060007,0.0008558034896850586,10,10
35,-0.0006562625057995319,0.0006562471389770508,10,10
36,-0.0013713673688471317,0.0013714181259274483,10,10
37,-0.0011659178417176008,0.001164555549621582,10,10
38,-0.001550177694298327,0.0015501976013183594,10,10
39,-0.001419575186446309,0.0014195828698575497,10,10
40,-0.0019879525061696768,0.001987934112548828,10,10
41,-0.002759353257715702,0.0027593374252319336,10,10
42,-0.00343697820790112,0.0034369230270385742,10,10
43,-0.003950274549424648,0.003950256388634443,10,10
44,-0.005244951229542494,0.0052449703216552734,10,10
45,-0.005619704257696867,0.005619670730084181,10,10
46,-0.007368255872279406,0.007368206977844238,10,10
47,-0.008492875844240189,0.0077283382415771484,10,10
48,-0.01151992753148079,0.011519908905029297,10,10
49,-0.014266857877373695,0.01426684856414795,10,10
50,-0.017328524962067604,0.017328500747680664,10,10
51,-0.02205863781273365,0.022058647125959396,10,10
52,-0.02856297977268696,0.028563009575009346,10,10
53,-0.03238789364695549,0.03238785266876221,10,10
54,-0.03395761549472809,0.0301436185836792,10,10
55,-0.035983774811029434,0.03598380088806152,10,10
56,-0.03480179235339165,0.03480184078216553,10,10
57,-0.033648066222667694,0.033648014068603516,10,10
58,-0.03698047250509262,0.03698047995567322,10,10
59,-0.03187692165374756,0.03103923797607422,10,10
60,-0.034150611609220505,0.03415060043334961,10,10
61,-0.0343891941010952,0.03298771381378174,10,10
62,-0.03441125154495239,0.03390216827392578,10,10
63,-0.03711885213851929,0.03711888566613197,10,10
64,-0.03137145936489105,0.031371474266052246,10,10
65,-0.0361662358045578,0.0361662395298481,10,10
66,-0.036162830889225006,0.0361628532409668,10,10
67,-0.03466489538550377,0.03466486930847168,10,10
68,-0.035616472363471985,0.035616517066955566,10,10
69,-0.0339852049946785,0.0339851938188076,10,10
70,-0.03638350963592529,0.03638350963592529,10,10
71,-0.03463668376207352,0.034636735916137695,10,10
72,-0.035846784710884094,0.035846829414367676,10,10
73,-0.03548630326986313,0.03548629954457283,10,10
74,-0.03281698003411293,0.032817017287015915,10,10
75,-0.03136663883924484,0.03136664256453514,10,10
76,-0.032405562698841095,0.0324055440723896,10,10
77,-0.03689058870077133,0.03689058870077133,10,10
78,-0.035751473158597946,0.03575146198272705,10,10
79,-0.034880004823207855,0.03488004207611084,10,10
80,-0.03256995230913162,0.0325700044631958,10,10
81,-0.03344114124774933,0.03344109654426575,10,10
82,-0.03656822070479393,0.0364680290222168,10,10
83,-0.03603362664580345,0.03603364899754524,10,10
84,-0.035956937819719315,0.03534408658742905,10,10
85,-0.030270200222730637,0.030270252376794815,10,10
86,-0.03185372054576874,0.031853772699832916,10,10
87,-0.03574325144290924,0.03397337347269058,10,10
88,-0.03593938797712326,0.03593941777944565,10,10
89,-0.037634238600730896,0.03763425350189209,10,10
90,-0.034983355551958084,0.03498339653015137,10,10
91,-0.0368395559489727,0.03376316279172897,10,10
92,-0.03551708906888962,0.035517118871212006,10,10
93,-0.033558499068021774,0.03355848789215088,10,10
94,-0.03230278566479683,0.03230273723602295,10,10
95,-0.0362858846783638,0.0362858921289444,10,10
0,0.03491806611418724,0.03491808474063873,0,10
1,0.030140066519379616,0.030140124261379242,0,10
2,0.026608576998114586,0.026608623564243317,0,10
3,0.022316817194223404,0.02231687679886818,0,10
4,0.01863713562488556,0.018637189641594887,0,10
5,0.01569494977593422,0.015695005655288696,0,10
6,0.01261499710381031,0.012615054845809937,0,10
7,0.009154549799859524,0.00915458146482706,0,10
8,0.008269996382296085,0.00827004760503769,0,10
9,0.006902525667101145,0.006902515422552824,0,10
10,0.005384798627346754,0.00538476649671793,0,10
11,0.004442868288606405,0.004442860838025808,0,10
12,0.0029379792977124453,0.0029379960615187883,0,10
13,0.0024632441345602274,0.002463236916810274,0,10
14,0.0016070413403213024,0.0016070099081844091,0,10
15,0.0019551462028175592,0.00195516599342227,0,10
16,0.001320009701885283,0.0013200611574575305,0,10
17,0.00149717356543988,0.001497145858593285,0,10
18,0.00025719040422700346,0.0002572084194980562,0,10
19,0.000778727640863508,0.0007787379436194897,0,10
20,0.0009040861041285098,0.0009041220764629543,0,10
21,-0.0001992371107917279,0.0001992421312024817,10,10
22,0.00032378477044403553,0.0003237424825783819,0,10
23,4.807228469871916e-05,4.8062196583487093e-05,0,10
24,2.5536444809404202e-05,2.555009996285662e-05,0,10
25,-2.0801792288693832e-06,2.0265579223632812e-06,10,10
26,0.00024064948956947774,0.00024064986791927367,0,10
27,0.00021958128490950912,0.00021953630493953824,0,10
28,0.0005552105139940977,0.0005552155198529363,0,10
29,1.675642852205783e-05,1.674986197031103e-05,0,10
30,0.0005098652327433228,0.0005098889814689755,0,10
31,-0.00018303636170458049,0.00018298625946044922,10,10
32,-0.0007966936682350934,0.0007966756820678711,10,10
33,-0.0007200023392215371,0.0007200262625701725,10,10
34,-0.0008558074478060007,0.0008558034896850586,10,10
35,-0.0006562625057995319,0.0006562471389770508,10,10
36,-0.0013713673688471317,0.001371353049762547,10,10
37,-0.0011659178417176008,0.0011658668518066406,10,10
38,-0.001550177694298327,0.0015501976013183594,10,10
39,-0.001419575186446309,0.0014195992844179273,10,10
40,-0.0019879525061696768,0.0018978118896484375,10,10
41,-0.002759353257715702,0.0027593374252319336,10,10
42,-0.00343697820790112,0.00312197208404541,10,10
43,-0.003950274549424648,0.003950238227844238,10,10
44,-0.005244951229542494,0.0052449703216552734,10,10
45,-0.005619704257696867,0.0050370898097753525,10,10
46,-0.007368255872279406,0.007368279621005058,10,10
47,-0.008492875844240189,0.008492827415466309,10,10
48,-0.01151992753148079,0.011519908905029297,10,10
49,-0.014266857877373695,0.01426684856414795,10,10
50,-0.017328524962067604,0.017328500747680664,10,10
51,-0.02205863781273365,0.022058606147766113,10,10
52,-0.02856297977268696,0.02856302261352539,10,10
53,-0.03238789364695549,0.03238785266876221,10,10
54,-0.03395761549472809,0.030816927552223206,10,10
55,-0.035983774811029434,0.03598380088806152,10,10
56,-0.03480179235339165,0.03294309228658676,10,10
57,-0.033648066222667694,0.03341400623321533,10,10
58,-0.03698047250509262,0.036980509757995605,10,10
59,-0.03187692165374756,0.03187692165374756,10,10
60,-0.034150611609220505,0.032137155532836914,10,10
61,-0.0343891941010952,0.03438913822174072,10,10
62,-0.03441125154495239,0.032090429216623306,10,10
63,-0.03711885213851929,0.03711884468793869,10,10
64,-0.03137145936489105,0.031371474266052246,10,10
65,-0.0361662358045578,0.034822821617126465,10,10
66,-0.036162830889225006,0.036162856966257095,10,10
67,-0.03466489538550377,0.03466489911079407,10,10
68,-0.035616472363471985,0.035616517066955566,10,10
69,-0.0339852049946785,0.033985257148742676,10,10
70,-0.03638350963592529,0.03128933906555176,10,10
71,-0.03463668376207352,0.03463670611381531,10,10
72,-0.035846784710884094,0.035846829414367676,10,10
73,-0.03548630326986313,0.035486262291669846,10,10
74,-0.03281698003411293,0.03190422058105469,10,10
75,-0.03136663883924484,0.031366586685180664,10,10
76,-0.032405562698841095,0.03240558132529259,10,10
77,-0.03689058870077133,0.036890625953674316,10,10
78,-0.035751473158597946,0.03575146198272705,10,10
79,-0.034880004823207855,0.034880053251981735,10,10
80,-0.03256995230913162,0.0325700044631958,10,10
81,-0.03344114124774933,0.03344118595123291,10,10
82,-0.03656822070479393,0.03656816482543945,10,10
83,-0.03603362664580345,0.03603363037109375,10,10
84,-0.035956937819719315,0.035956937819719315,10,10
85,-0.030270200222730637,0.030270246788859367,10,10
86,-0.03185372054576874,0.030363917350769043,10,10
87,-0.03574325144290924,0.03574323654174805,10,10
88,-0.03593938797712326,0.03593933582305908,10,10
89,-0.037634238600730896,0.03709797561168671,10,10
90,-0.034983355551958084,0.03498339653015137,10,10
91,-0.0368395559489727,0.036839526146650314,10,10
92,-0.03551708906888962,0.035517096519470215,10,10
93,-0.033558499068021774,0.03311431407928467,10,10
94,-0.03230278566479683,0.03230275958776474,10,10
95,-0.0362858846783638,0.0362858809530735,10,10
96,-0.03704829886555672,0.03704833984375,10,10
0,0.03491806611418724,0.03491811081767082,0,10
1,0.030140066519379616,0.0301401037722826,0,10
2,0.026608576998114586,0.026608606800436974,0,10
3,0.022316817194223404,0.022316869348287582,0,10
4,0.01863713562488556,0.01863718591630459,0,10
5,0.01569494977593422,0.01569499634206295,0,10
6,0.01261499710381031,0.01261504739522934,0,10
7,0.009154549799859524,0.009154603816568851,0,10
8,0.008269996382296085,0.008270016871392727,0,10
9,0.006902525667101145,0.0069025675766170025,0,10
10,0.005384798627346754,0.005068621598184109,0,10
11,0.004442868288606405,0.004442844074219465,0,10
12,0.0029379792977124453,0.002937973476946354,0,10
13,0.0024632441345602274,0.002463229466229677,0,10
14,0.0016070413403213024,0.001607029465958476,0,10
15,0.0019551462028175592,0.001955118030309677,0,10
16,0.001320009701885283,0.0013200396206229925,0,10
17,0.00149717356543988,0.0014972166391089559,0,10
18,0.00025719040422700346,0.0002571467775851488,0,10
19,0.000778727640863508,0.0007787672802805901,0,10
20,0.0009040861041285098,0.0009040638105943799,0,10
21,-0.0001992371107917279,0.00019919872283935547,10,10
22,0.00032378477044403553,0.00029825439560227096,0,10
23,4.807228469871916e-05,4.802349940291606e-05,0,10
24,2.5536444809404202e-05,2.556035360612441e-05,0,10
25,-2.0801792288693832e-06,2.0265579223632812e-06,10,10
26,0.00024064948956947774,0.00024065810430329293,0,10
27,0.00021958128490950912,0.00021961831953376532,0,10
28,0.0005552105139940977,0.0005552159273065627,0,10
29,1.675642852205783e-05,1.6772872186265886e-05,0,10
30,0.0005098652327433228,0.0005098103429190814,0,10
31,-0.00018303636170458049,0.00018299021758139133,10,10
32,-0.0007966936682350934,0.0007966756820678711,10,10
33,-0.0007200023392215371,0.0007200241088867188,10,10
34,-0.0008558074478060007,0.0008558418485336006,10,10
35,-0.0006562625057995319,0.0006562471389770508,10,10
36,-0.0013713673688471317,0.0013713836669921875,10,10
37,-0.0011659178417176008,0.0011658668518066406,10,10
38,-0.001550177694298327,0.0015501976013183594,10,10
39,-0.001419575186446309,0.0014195442199707031,10,10
40,-0.0019879525061696768,0.001987934112548828,10,10
41,-0.002759353257715702,0.002759370021522045,10,10
42,-0.00343697820790112,0.0034369230270385742,10,10
43,-0.003950274549424648,0.003950238227844238,10,10
44,-0.005244951229542494,0.0052449703216552734,10,10
45,-0.005619704257696867,0.005619645118713379,10,10
46,-0.007368255872279406,0.007368206977844238,10,10
47,-0.008492875844240189,0.008492827415466309,10,10
48,-0.01151992753148079,0.011519908905029297,10,10
49,-0.014266857877373695,0.01426684856414795,10,10
50,-0.017328524962067604,0.016171932220458984,10,10
51,-0.02205863781273365,0.02205861359834671,10,10
52,-0.02856297977268696,0.02549290657043457,10,10
53,-0.03238789364695549,0.03238785266876221,10,10
54,-0.03395761549472809,0.03302967548370361,10,10
55,-0.035983774811029434,0.03598380461335182,10,10
56,-0.03480179235339165,0.03480184078216553,10,10
57,-0.033648066222667694,0.033648014068603516,10,10
58,-0.03698047250509262,0.03698049113154411,10,10
59,-0.03187692165374756,0.03187692165374756,10,10
60,-0.034150611609220505,0.03415060043334961,10,10
61,-0.0343891941010952,0.03438922017812729,10,10
62,-0.03441125154495239,0.03441131114959717,10,10
63,-0.03711885213851929,0.03711891174316406,10,10
64,-0.03137145936489105,0.031371474266052246,10,10
65,-0.0361662358045578,0.03556370735168457,10,10
66,-0.036162830889225006,0.03616278991103172,10,10
67,-0.03466489538550377,0.03400001302361488,10,10
68,-0.035616472363471985,0.03106224536895752,10,10
69,-0.0339852049946785,0.03398515656590462,10,10
70,-0.03638350963592529,0.03638350963592529,10,10
71,-0.03463668376207352,0.034636735916137695,10,10
72,-0.035846784710884094,0.035846829414367676,10,10
73,-0.03548630326986313,0.03548634052276611,10,10
74,-0.03281698003411293,0.03281692788004875,10,10
75,-0.03136663883924484,0.031366609036922455,10,10
76,-0.032405562698841095,0.031843461096286774,10,10
77,-0.03689058870077133,0.036890625953674316,10,10
78,-0.035751473158597946,0.03453987464308739,10,10
79,-0.034880004823207855,0.03488004207611084,10,10
80,-0.03256995230913162,0.03256990388035774,10,10
81,-0.03344114124774933,0.03344118595123291,10,10
82,-0.03656822070479393,0.03656816482543945,10,10
83,-0.03603362664580345,0.03603363037109375,10,10
84,-0.035956937819719315,0.0359569787979126,10,10
85,-0.030270200222730637,0.03027021884918213,10,10
86,-0.03185372054576874,0.03185369819402695,10,10
87,-0.03574325144290924,0.03574323654174805,10,10
88,-0.03593938797712326,0.03593936190009117,10,10
89,-0.037634238600730896,0.03763425350189209,10,10
90,-0.034983355551958084,0.03498339653015137,10,10
91,-0.0368395559489727,0.03192627429962158,10,10
92,-0.03551708906888962,0.0336616076529026,10,10
93,-0.033558499068021774,0.03355848789215088,10,10
94,-0.03230278566479683,0.03230273723602295,10,10
95,-0.0362858846783638,0.0362858772277832,10,10
96,-0.03704829886555672,0.031908877193927765,10,10
97,-0.03676073998212814,0.03676076605916023,10,10
0,0.03491806611418724,0.03491811454296112,0,10
1,0.030140066519379616,0.030140124261379242,0,10
2,0.026608576998114586,0.026608634740114212,0,10
3,0.022316817194223404,0.02231687307357788,0,10
4,0.01863713562488556,0.01863718591630459,0,10
5,0.01569494977593422,0.015695005655288696,0,10
6,0.01261499710381031,0.012615046463906765,0,10
7,0.009154549799859524,0.009154601022601128,0,10
8,0.008269996382296085,0.00827000755816698,0,10
9,0.006902525667101145,0.006902500055730343,0,10
10,0.005384798627346754,0.005384752061218023,0,10
11,0.004442868288606405,0.004442895762622356,0,10
12,0.0029379792977124453,0.0029379872139543295,0,10
13,0.0024632441345602274,0.0023453752510249615,0,10
14,0.0016070413403213024,0.001607026089914143,0,10
15,0.0019551462028175592,0.0019551152363419533,0,10
16,0.001320009701885283,0.0013199823442846537,0,10
17,0.00149717356543988,0.0014972168719395995,0,10
18,0.00025719040422700346,0.0002572404046077281,0,10
19,0.000778727640863508,0.0007787215290591121,0,10
20,0.0009040861041285098,0.0008710444672033191,0,10
21,-0.0001992371107917279,0.00019919872283935547,10,10
22,0.00032378477044403553,0.00030582325416617095,0,10
23,4.807228469871916e-05,4.8124689783435315e-05,0,10
24,2.5536444809404202e-05,2.5511033527436666e-05,0,10
25,-2.0801792288693832e-06,2.0265579223632812e-06,10,10
26,0.00024064948956947774,0.00024068288621492684,0,10
27,0.00021958128490950912,0.00021959844161756337,0,10
28,0.0005552105139940977,0.0005552590009756386,0,10
29,1.675642852205783e-05,1.676745705481153e-05,0,10
30,0.0005098652327433228,0.0005098793772049248,0,10
31,-0.00018303636170458049,0.00018298625946044922,10,10
32,-0.0007966936682350934,0.0007966756820678711,10,10
33,-0.0007200023392215371,0.0007010698318481445,10,10
34,-0.0008558074478060007,0.0008558034896850586,10,10
35,-0.0006562625057995319,0.0006562471389770508,10,10
36,-0.0013713673688471317,0.0013713836669921875,10,10
37,-0.0011659178417176008,0.0011658668518066406,10,10
38,-0.001550177694298327,0.0015501976013183594,10,10
39,-0.001419575186446309,0.0014195442199707031,10,10
40,-0.0019879525061696768,0.001987934112548828,10,10
41,-0.002759353257715702,0.0027593374252319336,10,10
42,-0.00343697820790112,0.0034369230270385742,10,10
43,-0.003950274549424648,0.003950238227844238,10,10
44,-0.005244951229542494,0.0052449703216552734,10,10
45,-0.005619704257696867,0.0056196642108261585,10,10
46,-0.007368255872279406,0.007368216756731272,10,10
47,-0.008492875844240189,0.008492862805724144,10,10
48,-0.01151992753148079,0.011519908905029297,10,10
49,-0.014266857877373695,0.01426684856414795,10,10
50,-0.017328524962067604,0.017328500747680664,10,10
51,-0.02205863781273365,0.022058606147766113,10,10
52,-0.02856297977268696,0.02856302261352539,10,10
53,-0.03238789364695549,0.03238785266876221,10,10
54,-0.03395761549472809,0.033957600593566895,10,10
55,-0.035983774811029434,0.03598373755812645,10,10
56,-0.03480179235339165,0.03480184078216553,10,10
57,-0.033648066222667694,0.033648014068603516,10,10
58,-0.03698047250509262,0.036980509757995605,10,10
59,-0.03187692165374756,0.03187697008252144,10,10
60,-0.034150611609220505,0.03415060043334961,10,10
61,-0.0343891941010952,0.03438913822174072,10,10
62,-0.03441125154495239,0.03439915180206299,10,10
63,-0.03711885213851929,0.03711889684200287,10,10
64,-0.03137145936489105,0.031371474266052246,10,10
65,-0.0361662358045578,0.03616619110107422,10,10
66,-0.036162830889225006,0.03339109942317009,10,10
67,-0.03466489538550377,0.03466486930847168,10,10
68,-0.035616472363471985,0.03418874740600586,10,10
69,-0.0339852049946785,0.033985257148742676,10,10
70,-0.03638350963592529,0.032297372817993164,10,10
71,-0.03463668376207352,0.03405756875872612,10,10
72,-0.035846784710884094,0.035846829414367676,10,10
73,-0.03548630326986313,0.03548634052276611,10,10
74,-0.03281698003411293,0.03281700611114502,10,10
75,-0.03136663883924484,0.03136661276221275,10,10
76,-0.032405562698841095,0.03240561485290527,10,10
77,-0.03689058870077133,0.036890581250190735,10,10
78,-0.035751473158597946,0.03575146198272705,10,10
79,-0.034880004823207855,0.03488004207611084,10,10
80,-0.03256995230913162,0.0325700044631958,10,10
81,-0.03344114124774933,0.03344118222594261,10,10
82,-0.03656822070479393,0.03656816482543945,10,10
83,-0.03603362664580345,0.03603363037109375,10,10
84,-0.035956937819719315,0.035956971347332,10,10
85,-0.030270200222730637,0.03027021884918213,10,10
86,-0.03185372054576874,0.031853675842285156,10,10
87,-0.03574325144290924,0.035390615463256836,10,10
88,-0.03593938797712326,0.03593934699892998,10,10
89,-0.037634238600730896,0.035433411598205566,10,10
90,-0.034983355551958084,0.03498339653015137,10,10
91,-0.0368395559489727,0.03683960437774658,10,10
92,-0.03551708906888962,0.035517096519470215,10,10
93,-0.033558499068021774,0.033558521419763565,10,10
94,-0.03230278566479683,0.03230273723602295,10,10
95,-0.0362858846783638,0.03603315353393555,10,10
96,-0.03704829886555672,0.03704833984375,10,10
97,-0.03676073998212814,0.0324329137802124,10,10
98,-0.03488883748650551,0.03387904167175293,10,10
0,0.03491806611418724,0.034918125718832016,0,10
1,0.030140066519379616,0.030140109360218048,0,10
2,0.026608576998114586,0.026608632877469063,0,10
3,0.022316817194223404,0.02231687307357788,0,10
4,0.01863713562488556,0.018637191504240036,0,10
5,0.01569494977593422,0.015695005655288696,0,10
6,0.01261499710381031,0.012615042738616467,0,10
7,0.009154549799859524,0.009154604747891426,0,10
8,0.008269996382296085,0.00827004387974739,0,10
9,0.006902525667101145,0.0069025419652462006,0,10
10,0.005384798627346754,0.005384815391153097,0,10
11,0.004442868288606405,0.004442912060767412,0,10
12,0.0029379792977124453,0.002937989542260766,0,10
13,0.0024632441345602274,0.002463206648826599,0,10
14,0.0016070413403213024,0.001607086742296815,0,10
15,0.0019551462028175592,0.001955179963260889,0,10
16,0.001320009701885283,0.0013200398534536362,0,10
17,0.00149717356543988,0.001497184275649488,0,10
18,0.00025719040422700346,0.00025723534054122865,0,10
19,0.000778727640863508,0.000778723566327244,0,10
20,0.0009040861041285098,0.0009040763252414763,0,10
21,-0.0001992371107917279,0.00019919872283935547,10,10
22,0.00032378477044403553,0.0003237471100874245,0,10
23,4.807228469871916e-05,4.804677882930264e-05,0,10
24,2.5536444809404202e-05,2.5509587430860847e-05,0,10
25,-2.0801792288693832e-06,2.0265579223632812e-06,10,10
26,0.00024064948956947774,0.00024065375328063965,0,10
27,0.00021958128490950912,0.00021961325546726584,0,10
28,0.0005552105139940977,0.0005552335642278194,0,10
29,1.675642852205783e-05,1.676815008977428e-05,0,10
30,0.0005098652327433228,0.0005099058034829795,0,10
31,-0.00018303636170458049,0.0001830311375670135,10,10
32,-0.0007966936682350934,0.0007967143319547176,10,10
33,-0.0007200023392215371,0.0007200464606285095,10,10
34,-0.0008558074478060007,0.0008558314293622971,10,10
35,-0.0006562625057995319,0.0006562471389770508,10,10
36,-0.0013713673688471317,0.0013713836669921875,10,10
37,-0.0011659178417176008,0.0011658668518066406,10,10
38,-0.001550177694298327,0.001550207263790071,10,10
39,-0.001419575186446309,0.001419571926817298,10,10
40,-0.0019879525061696768,0.001987934112548828,10,10
41,-0.002759353257715702,0.002759295515716076,10,10
42,-0.00343697820790112,0.003436945378780365,10,10
43,-0.003950274549424648,0.003950238227844238,10,10
44,-0.005244951229542494,0.0052449703216552734,10,10
45,-0.005619704257696867,0.005619645118713379,10,10
46,-0.007368255872279406,0.007368206977844238,10,10
47,-0.008492875844240189,0.008492827415466309,10,10
48,-0.01151992753148079,0.011519962921738625,10,10
49,-0.014266857877373695,0.014266885817050934,10,10
50,-0.017328524962067604,0.017328541725873947,10,10
51,-0.02205863781273365,0.022058606147766113,10,10
52,-0.02856297977268696,0.02856297791004181,10,10
53,-0.03238789364695549,0.03238794580101967,10,10
54,-0.03395761549472809,0.033957600593566895,10,10
55,-0.035983774811029434,0.035983774811029434,10,10
56,-0.03480179235339165,0.03480184078216553,10,10
57,-0.033648066222667694,0.033648014068603516,10,10
58,-0.03698047250509262,0.036980509757995605,10,10
59,-0.03187692165374756,0.030931521207094193,10,10
60,-0.034150611609220505,0.03412453830242157,10,10
61,-0.0343891941010952,0.03438921272754669,10,10
62,-0.03441125154495239,0.03441131114959717,10,10
63,-0.03711885213851929,0.03711891174316406,10,10
64,-0.03137145936489105,0.03137147054076195,10,10
65,-0.0361662358045578,0.036166269332170486,10,10
66,-0.036162830889225006,0.03616286441683769,10,10
67,-0.03466489538550377,0.03466486930847168,10,10
68,-0.035616472363471985,0.033269405364990234,10,10
69,-0.0339852049946785,0.033985257148742676,10,10
70,-0.03638350963592529,0.03638346865773201,10,10
71,-0.03463668376207352,0.030277729034423828,10,10
72,-0.035846784710884094,0.035846736282110214,10,10
73,-0.03548630326986313,0.03548634052276611,10,10
74,-0.03281698003411293,0.03281700611114502,10,10
75,-0.03136663883924484,0.031366586685180664,10,10
76,-0.032405562698841095,0.03236675262451172,10,10
77,-0.03689058870077133,0.036890625953674316,10,10
78,-0.035751473158597946,0.03501784801483154,10,10
79,-0.034880004823207855,0.03363370895385742,10,10
80,-0.03256995230913162,0.0325700044631958,10,10
81,-0.03344114124774933,0.03344118595123291,10,10
82,-0.03656822070479393,0.03656816482543945,10,10
83,-0.03603362664580345,0.03603363037109375,10,10
84,-0.035956937819719315,0.0359569787979126,10,10
85,-0.030270200222730637,0.03027021884918213,10,10
86,-0.03185372054576874,0.031853675842285156,10,10
87,-0.03574325144290924,0.03574323654174805,10,10
88,-0.03593938797712326,0.032160162925720215,10,10
89,-0.037634238600730896,0.03763421252369881,10,10
90,-0.034983355551958084,0.03498339653015137,10,10
91,-0.0368395559489727,0.0340728759765625,10,10
92,-0.03551708906888962,0.03551711142063141,10,10
93,-0.033558499068021774,0.03355848789215088,10,10
94,-0.03230278566479683,0.03230273723602295,10,10
95,-0.0362858846783638,0.0362858772277832,10,10
96,-0.03704829886555672,0.03704833984375,10,10
97,-0.03676073998212814,0.036760687828063965,10,10
98,-0.03488883748650551,0.0348888635635376,10,10
99,-0.036612365394830704,0.03661240264773369,10,10
