anchor_idx,radius,max_dist,n_escaped,n_total
0,0.07087655365467072,0.07087656855583191,0,10
0,0.07087655365467072,0.0708765760064125,0,10
1,0.07156771421432495,0.07156771421432495,0,10
0,0.07087655365467072,0.0708765760064125,0,10
1,0.07156771421432495,0.07156771421432495,0,10
2,0.0721515491604805,0.05183356627821922,0,10
0,0.07087655365467072,0.07087656110525131,0,10
1,0.07156771421432495,0.07156771421432495,0,10
2,0.0721515491604805,0.04561495780944824,0,10
3,0.07137075811624527,0.06254291534423828,0,10
0,0.07087655365467072,0.07087656110525131,0,10
1,0.07156771421432495,0.07156771421432495,0,10
2,0.0721515491604805,0.06338658183813095,0,10
3,0.07137075811624527,0.049192219972610474,0,10
4,0.07215551286935806,0.05178861320018768,0,10
0,0.07087655365467072,0.07087656110525131,0,10
1,0.07156771421432495,0.07156771421432495,0,10
2,0.0721515491604805,0.05243512615561485,0,10
3,0.07137075811624527,0.05027862638235092,0,10
4,0.07215551286935806,0.05260185897350311,0,10
5,0.0717138797044754,0.0354335680603981,0,10
0,0.07087655365467072,0.07087656110525131,0,10
1,0.07156771421432495,0.07156771421432495,0,10
2,0.0721515491604805,0.05331629514694214,0,10
3,0.07137075811624527,0.04899422451853752,0,10
4,0.07215551286935806,0.05046823248267174,0,10
5,0.0717138797044754,0.05487746000289917,0,10
6,0.07174631208181381,0.056082747876644135,0,10
0,0.07087655365467072,0.07087656110525131,0,10
1,0.07156771421432495,0.07156771421432495,0,10
2,0.0721515491604805,0.02603437379002571,0,10
3,0.07137075811624527,0.03220114856958389,0,10
4,0.07215551286935806,0.04502665251493454,0,10
5,0.0717138797044754,0.04409895837306976,0,10
6,0.07174631208181381,0.05931956693530083,0,10
7,0.07252150028944016,0.048564374446868896,0,10
0,0.07087655365467072,0.07087656855583191,0,10
1,0.07156771421432495,0.07156771421432495,0,10
2,0.0721515491604805,0.037355680018663406,0,10
3,0.07137075811624527,0.06240043416619301,0,10
4,0.07215551286935806,0.03736138343811035,0,10
5,0.0717138797044754,0.048989828675985336,0,10
6,0.07174631208181381,0.04764621704816818,0,10
7,0.07252150028944016,0.06268448382616043,0,10
8,0.07140593230724335,0.03058243915438652,0,10
0,0.07087655365467072,0.07087656855583191,0,10
1,0.07156771421432495,0.07156772911548615,0,10
2,0.0721515491604805,0.04035967215895653,0,10
3,0.07137075811624527,0.04624432697892189,0,10
4,0.07215551286935806,0.049823105335235596,0,10
5,0.0717138797044754,0.050979163497686386,0,10
6,0.07174631208181381,0.06293080747127533,0,10
7,0.07252150028944016,0.022443043068051338,0,10
8,0.07140593230724335,0.040845468640327454,0,10
9,0.07160797715187073,0.0404682457447052,0,10
0,0.07087655365467072,0.0708765760064125,0,10
1,0.07156771421432495,0.07156771421432495,0,10
2,0.0721515491604805,0.05269300937652588,0,10
3,0.07137075811624527,0.04474275931715965,0,10
4,0.07215551286935806,0.0428030826151371,0,10
5,0.0717138797044754,0.029029671102762222,0,10
6,0.07174631208181381,0.04644346982240677,0,10
7,0.07252150028944016,0.03185100108385086,0,10
8,0.07140593230724335,0.063779816031456,0,10
9,0.07160797715187073,0.04137413576245308,0,10
10,0.07139238715171814,0.03892446309328079,0,10
0,0.07087655365467072,0.07087656855583191,0,10
1,0.07156771421432495,0.07156771421432495,0,10
2,0.0721515491604805,0.030085422098636627,0,10
3,0.07137075811624527,0.02867414616048336,0,10
4,0.07215551286935806,0.03676426410675049,0,10
5,0.0717138797044754,0.041784461587667465,0,10
6,0.07174631208181381,0.05214622989296913,0,10
7,0.07252150028944016,0.053609736263751984,0,10
8,0.07140593230724335,0.04081365466117859,0,10
9,0.07160797715187073,0.05373081564903259,0,10
10,0.07139238715171814,0.04969984292984009,0,10
11,0.07135571539402008,0.04672205448150635,0,10
0,0.07087655365467072,0.07087656855583191,0,10
1,0.07156771421432495,0.07156771421432495,0,10
2,0.0721515491604805,0.028494209051132202,0,10
3,0.07137075811624527,0.05009150877594948,0,10
4,0.07215551286935806,0.041967034339904785,0,10
5,0.0717138797044754,0.04402393102645874,0,10
6,0.07174631208181381,0.037956602871418,0,10
7,0.07252150028944016,0.04395129531621933,0,10
8,0.07140593230724335,0.05111788213253021,0,10
9,0.07160797715187073,0.04809204116463661,0,10
10,0.07139238715171814,0.03230321407318115,0,10
11,0.07135571539402008,0.06430467963218689,0,10
12,0.0714070051908493,0.055453822016716,0,10
0,0.07087655365467072,0.07087656110525131,0,10
1,0.07156771421432495,0.07156772166490555,0,10
2,0.0721515491604805,0.03712950274348259,0,10
3,0.07137075811624527,0.06500706821680069,0,10
4,0.07215551286935806,0.04867565631866455,0,10
5,0.0717138797044754,0.05553124472498894,0,10
6,0.07174631208181381,0.046565696597099304,0,10
7,0.07252150028944016,0.050158143043518066,0,10
8,0.07140593230724335,0.045757513493299484,0,10
9,0.07160797715187073,0.04793417453765869,0,10
10,0.07139238715171814,0.06505658477544785,0,10
11,0.07135571539402008,0.051108215004205704,0,10
12,0.0714070051908493,0.04112321510910988,0,10
13,0.07218773663043976,0.058667685836553574,0,10
0,0.07087655365467072,0.07087656855583191,0,10
1,0.07156771421432495,0.07156771421432495,0,10
2,0.0721515491604805,0.06622961908578873,0,10
3,0.07137075811624527,0.032193731516599655,0,10
4,0.07215551286935806,0.03449748083949089,0,10
5,0.0717138797044754,0.04659346863627434,0,10
6,0.07174631208181381,0.06339960545301437,0,10
7,0.07252150028944016,0.05987421050667763,0,10
8,0.07140593230724335,0.053290076553821564,0,10
9,0.07160797715187073,0.05498664453625679,0,10
10,0.07139238715171814,0.043673641979694366,0,10
11,0.07135571539402008,0.04007899388670921,0,10
12,0.0714070051908493,0.04237035661935806,0,10
13,0.07218773663043976,0.044881150126457214,0,10
14,0.07190166413784027,0.05565355345606804,0,10
0,0.07087655365467072,0.07087656855583191,0,10
1,0.07156771421432495,0.07156771421432495,0,10
2,0.0721515491604805,0.04238587245345116,0,10
3,0.07137075811624527,0.032651130110025406,0,10
4,0.07215551286935806,0.046495962888002396,0,10
5,0.0717138797044754,0.06089078634977341,0,10
6,0.07174631208181381,0.05604453757405281,0,10
7,0.07252150028944016,0.0459476001560688,0,10
8,0.07140593230724335,0.05508033186197281,0,10
9,0.07160797715187073,0.053052179515361786,0,10
10,0.07139238715171814,0.05179985985159874,0,10
11,0.07135571539402008,0.04661262780427933,0,10
12,0.0714070051908493,0.046578653156757355,0,10
13,0.07218773663043976,0.057587649673223495,0,10
14,0.07190166413784027,0.05484570190310478,0,10
15,0.07198639959096909,0.05533308908343315,0,10
0,0.07087655365467072,0.07087656855583191,0,10
1,0.07156771421432495,0.07156771421432495,0,10
2,0.0721515491604805,0.027084970846772194,0,10
3,0.07137075811624527,0.052566904574632645,0,10
4,0.07215551286935806,0.060873694717884064,0,10
5,0.0717138797044754,0.057045336812734604,0,10
6,0.07174631208181381,0.04603229835629463,0,10
7,0.07252150028944016,0.04292217642068863,0,10
8,0.07140593230724335,0.041635747998952866,0,10
9,0.07160797715187073,0.04924660548567772,0,10
10,0.07139238715171814,0.05244046449661255,0,10
11,0.07135571539402008,0.0524606928229332,0,10
12,0.0714070051908493,0.057884037494659424,0,10
13,0.07218773663043976,0.045768048614263535,0,10
14,0.07190166413784027,0.04852798581123352,0,10
15,0.07198639959096909,0.0514240562915802,0,10
16,0.07133832573890686,0.043508514761924744,0,10
0,0.07087655365467072,0.07087656855583191,0,10
1,0.07156771421432495,0.07156771421432495,0,10
2,0.0721515491604805,0.06229690462350845,0,10
3,0.07137075811624527,0.04945545643568039,0,10
4,0.07215551286935806,0.04020683839917183,0,10
5,0.0717138797044754,0.04703766852617264,0,10
6,0.07174631208181381,0.04735228046774864,0,10
7,0.07252150028944016,0.061070408672094345,0,10
8,0.07140593230724335,0.04733225330710411,0,10
9,0.07160797715187073,0.04079045355319977,0,10
10,0.07139238715171814,0.04410393163561821,0,10
11,0.07135571539402008,0.03652966022491455,0,10
12,0.0714070051908493,0.06440504640340805,0,10
13,0.07218773663043976,0.06437060236930847,0,10
14,0.07190166413784027,0.06258098781108856,0,10
15,0.07198639959096909,0.046638522297143936,0,10
16,0.07133832573890686,0.05820581689476967,0,10
17,0.07227872312068939,0.051505595445632935,0,10
0,0.07087655365467072,0.07087656855583191,0,10
1,0.07156771421432495,0.07156771421432495,0,10
2,0.0721515491604805,0.06575340777635574,0,10
3,0.07137075811624527,0.059990763664245605,0,10
4,0.07215551286935806,0.038017597049474716,0,10
5,0.0717138797044754,0.04912436380982399,0,10
6,0.07174631208181381,0.04232548177242279,0,10
7,0.07252150028944016,0.059482041746377945,0,10
8,0.07140593230724335,0.05969627574086189,0,10
9,0.07160797715187073,0.05587836727499962,0,10
10,0.07139238715171814,0.05237092450261116,0,10
11,0.07135571539402008,0.04581234231591225,0,10
12,0.0714070051908493,0.04992217943072319,0,10
13,0.07218773663043976,0.04021851345896721,0,10
14,0.07190166413784027,0.053430650383234024,0,10
15,0.07198639959096909,0.052394311875104904,0,10
16,0.07133832573890686,0.04225463792681694,0,10
17,0.07227872312068939,0.04985756799578667,0,10
18,0.07155158370733261,0.05488252639770508,0,10
0,0.07087655365467072,0.07087656110525131,0,10
1,0.07156771421432495,0.07156771421432495,0,10
2,0.0721515491604805,0.033986132591962814,0,10
3,0.07137075811624527,0.05149935558438301,0,10
4,0.07215551286935806,0.052863914519548416,0,10
5,0.0717138797044754,0.05252357944846153,0,10
6,0.07174631208181381,0.049116045236587524,0,10
7,0.07252150028944016,0.041536927223205566,0,10
8,0.07140593230724335,0.048573851585388184,0,10
9,0.07160797715187073,0.049660444259643555,0,10
10,0.07139238715171814,0.04453513026237488,0,10
11,0.07135571539402008,0.036819715052843094,0,10
12,0.0714070051908493,0.05416100099682808,0,10
13,0.07218773663043976,0.058627545833587646,0,10
14,0.07190166413784027,0.0370677225291729,0,10
15,0.07198639959096909,0.035919371992349625,0,10
16,0.07133832573890686,0.0510043166577816,0,10
17,0.07227872312068939,0.060587018728256226,0,10
18,0.07155158370733261,0.049973517656326294,0,10
19,0.07235746085643768,0.06313232332468033,0,10
0,0.07087655365467072,0.07087656110525131,0,10
1,0.07156771421432495,0.07156771421432495,0,10
2,0.0721515491604805,0.06044407933950424,0,10
3,0.07137075811624527,0.05446726083755493,0,10
4,0.07215551286935806,0.04130498692393303,0,10
5,0.0717138797044754,0.04357634112238884,0,10
6,0.07174631208181381,0.054856691509485245,0,10
7,0.07252150028944016,0.061613306403160095,0,10
8,0.07140593230724335,0.05139338970184326,0,10
9,0.07160797715187073,0.06015397980809212,0,10
10,0.07139238715171814,0.044873543083667755,0,10
11,0.07135571539402008,0.03541143611073494,0,10
12,0.0714070051908493,0.054070502519607544,0,10
13,0.07218773663043976,0.05227090045809746,0,10
14,0.07190166413784027,0.05610434338450432,0,10
15,0.07198639959096909,0.04663822054862976,0,10
16,0.07133832573890686,0.042601440101861954,0,10
17,0.07227872312068939,0.04187031462788582,0,10
18,0.07155158370733261,0.05239838361740112,0,10
19,0.07235746085643768,0.04558688402175903,0,10
20,0.07215187698602676,0.04752198979258537,0,10
0,0.07087655365467072,0.07087656110525131,0,10
1,0.07156771421432495,0.07156771421432495,0,10
2,0.0721515491604805,0.05590537562966347,0,10
3,0.07137075811624527,0.040458157658576965,0,10
4,0.07215551286935806,0.036613933742046356,0,10
5,0.0717138797044754,0.045840904116630554,0,10
6,0.07174631208181381,0.050707340240478516,0,10
7,0.07252150028944016,0.05603127181529999,0,10
8,0.07140593230724335,0.05678729712963104,0,10
9,0.07160797715187073,0.0415995717048645,0,10
10,0.07139238715171814,0.04645488038659096,0,10
11,0.07135571539402008,0.04979474097490311,0,10
12,0.0714070051908493,0.06547768414020538,0,10
13,0.07218773663043976,0.045617520809173584,0,10
14,0.07190166413784027,0.05436279624700546,0,10
15,0.07198639959096909,0.053550660610198975,0,10
16,0.07133832573890686,0.04401373863220215,0,10
17,0.07227872312068939,0.05177891626954079,0,10
18,0.07155158370733261,0.04421941563487053,0,10
19,0.07235746085643768,0.048414215445518494,0,10
20,0.07215187698602676,0.057590045034885406,0,10
21,0.07237949222326279,0.04906768724322319,0,10
0,0.07087655365467072,0.07087656855583191,0,10
1,0.07156771421432495,0.07156771421432495,0,10
2,0.0721515491604805,0.057776689529418945,0,10
3,0.07137075811624527,0.05749505013227463,0,10
4,0.07215551286935806,0.05980931967496872,0,10
5,0.0717138797044754,0.05280493199825287,0,10
6,0.07174631208181381,0.04722725227475166,0,10
7,0.07252150028944016,0.04945776239037514,0,10
8,0.07140593230724335,0.034884288907051086,0,10
9,0.07160797715187073,0.05600619316101074,0,10
10,0.07139238715171814,0.06213153153657913,0,10
11,0.07135571539402008,0.062211114913225174,0,10
12,0.0714070051908493,0.0484420508146286,0,10
13,0.07218773663043976,0.04881729558110237,0,10
14,0.07190166413784027,0.055883485823869705,0,10
15,0.07198639959096909,0.05706902593374252,0,10
16,0.07133832573890686,0.06545721739530563,0,10
17,0.07227872312068939,0.036300916224718094,0,10
18,0.07155158370733261,0.04531770944595337,0,10
19,0.07235746085643768,0.04762953519821167,0,10
20,0.07215187698602676,0.03645293414592743,0,10
21,0.07237949222326279,0.054570868611335754,0,10
22,0.07199887186288834,0.03301903232932091,0,10
0,0.07087655365467072,0.07087656855583191,0,10
1,0.07156771421432495,0.07156771421432495,0,10
2,0.0721515491604805,0.05651750788092613,0,10
3,0.07137075811624527,0.058925557881593704,0,10
4,0.07215551286935806,0.05252840369939804,0,10
5,0.0717138797044754,0.05593252554535866,0,10
6,0.07174631208181381,0.05558108910918236,0,10
7,0.07252150028944016,0.06244386360049248,0,10
8,0.07140593230724335,0.061412207782268524,0,10
9,0.07160797715187073,0.05574768781661987,0,10
10,0.07139238715171814,0.042184606194496155,0,10
11,0.07135571539402008,0.049980465322732925,0,10
12,0.0714070051908493,0.06391783803701401,0,10
13,0.07218773663043976,0.062077559530735016,0,10
14,0.07190166413784027,0.05897844210267067,0,10
15,0.07198639959096909,0.03901968151330948,0,10
16,0.07133832573890686,0.04188894107937813,0,10
17,0.07227872312068939,0.04213317856192589,0,10
18,0.07155158370733261,0.05771356821060181,0,10
19,0.07235746085643768,0.0564035102725029,0,10
20,0.07215187698602676,0.04456394165754318,0,10
21,0.07237949222326279,0.05791424959897995,0,10
22,0.07199887186288834,0.049678053706884384,0,10
23,0.07138901948928833,0.04674500226974487,0,10
0,0.07087655365467072,0.07087656855583191,0,10
1,0.07156771421432495,0.07156771421432495,0,10
2,0.0721515491604805,0.05727791041135788,0,10
3,0.07137075811624527,0.05287623405456543,0,10
4,0.07215551286935806,0.05410575866699219,0,10
5,0.0717138797044754,0.03865119814872742,0,10
6,0.07174631208181381,0.060924891382455826,0,10
7,0.07252150028944016,0.0366215817630291,0,10
8,0.07140593230724335,0.051262617111206055,0,10
9,0.07160797715187073,0.04823916405439377,0,10
10,0.07139238715171814,0.053550660610198975,0,10
11,0.07135571539402008,0.05441122502088547,0,10
12,0.0714070051908493,0.04890139773488045,0,10
13,0.07218773663043976,0.024318218231201172,0,10
14,0.07190166413784027,0.053582627326250076,0,10
15,0.07198639959096909,0.0639408677816391,0,10
16,0.07133832573890686,0.04776778444647789,0,10
17,0.07227872312068939,0.05490591749548912,0,10
18,0.07155158370733261,0.05519312620162964,0,10
19,0.07235746085643768,0.04992729797959328,0,10
20,0.07215187698602676,0.05176214501261711,0,10
21,0.07237949222326279,0.048991214483976364,0,10
22,0.07199887186288834,0.055703647434711456,0,10
23,0.07138901948928833,0.051047682762145996,0,10
24,0.07219228148460388,0.05708051845431328,0,10
0,0.07087655365467072,0.07087656110525131,0,10
1,0.07156771421432495,0.07156771421432495,0,10
2,0.0721515491604805,0.047699153423309326,0,10
3,0.07137075811624527,0.051043927669525146,0,10
4,0.07215551286935806,0.06144776940345764,0,10
5,0.0717138797044754,0.06581194698810577,0,10
6,0.07174631208181381,0.0528368204832077,0,10
7,0.07252150028944016,0.056952908635139465,0,10
8,0.07140593230724335,0.050914354622364044,0,10
9,0.07160797715187073,0.03954203426837921,0,10
10,0.07139238715171814,0.05927499756217003,0,10
11,0.07135571539402008,0.04340112581849098,0,10
12,0.0714070051908493,0.04881831631064415,0,10
13,0.07218773663043976,0.05252230912446976,0,10
14,0.07190166413784027,0.06351156532764435,0,10
15,0.07198639959096909,0.0359761007130146,0,10
16,0.07133832573890686,0.047872189432382584,0,10
17,0.07227872312068939,0.03640131652355194,0,10
18,0.07155158370733261,0.05286705493927002,0,10
19,0.07235746085643768,0.04377090930938721,0,10
20,0.07215187698602676,0.030124150216579437,0,10
21,0.07237949222326279,0.04266715049743652,0,10
22,0.07199887186288834,0.02301666885614395,0,10
23,0.07138901948928833,0.04046391695737839,0,10
24,0.07219228148460388,0.0529325008392334,0,10
25,0.07144517451524734,0.05188363790512085,0,10
0,0.07087655365467072,0.07087656855583191,0,10
1,0.07156771421432495,0.07156771421432495,0,10
2,0.0721515491604805,0.03990517184138298,0,10
3,0.07137075811624527,0.06467673927545547,0,10
4,0.07215551286935806,0.05514514073729515,0,10
5,0.0717138797044754,0.04832886531949043,0,10
6,0.07174631208181381,0.05179749056696892,0,10
7,0.07252150028944016,0.06904826313257217,0,10
8,0.07140593230724335,0.06195388361811638,0,10
9,0.07160797715187073,0.053469233214855194,0,10
10,0.07139238715171814,0.057001713663339615,0,10
11,0.07135571539402008,0.04392780363559723,0,10
12,0.0714070051908493,0.047762155532836914,0,10
13,0.07218773663043976,0.05408931523561478,0,10
14,0.07190166413784027,0.051614999771118164,0,10
15,0.07198639959096909,0.05595245957374573,0,10
16,0.07133832573890686,0.02914261817932129,0,10
17,0.07227872312068939,0.05923915654420853,0,10
18,0.07155158370733261,0.05629289150238037,0,10
19,0.07235746085643768,0.03541731834411621,0,10
20,0.07215187698602676,0.05735117569565773,0,10
21,0.07237949222326279,0.04892788827419281,0,10
22,0.07199887186288834,0.04162180423736572,0,10
23,0.07138901948928833,0.0482323095202446,0,10
24,0.07219228148460388,0.0470295287668705,0,10
25,0.07144517451524734,0.049676135182380676,0,10
26,0.0722508504986763,0.049122851341962814,0,10
0,0.07087655365467072,0.0708765760064125,0,10
1,0.07156771421432495,0.07156771421432495,0,10
2,0.0721515491604805,0.03645392879843712,0,10
3,0.07137075811624527,0.04744666814804077,0,10
4,0.07215551286935806,0.04213257133960724,0,10
5,0.0717138797044754,0.03727595508098602,0,10
6,0.07174631208181381,0.03688644617795944,0,10
7,0.07252150028944016,0.0495833083987236,0,10
8,0.07140593230724335,0.03196006268262863,0,10
9,0.07160797715187073,0.04122704267501831,0,10
10,0.07139238715171814,0.05268259346485138,0,10
11,0.07135571539402008,0.03266507014632225,0,10
12,0.0714070051908493,0.04428253322839737,0,10
13,0.07218773663043976,0.060200102627277374,0,10
14,0.07190166413784027,0.06416568905115128,0,10
15,0.07198639959096909,0.05598101392388344,0,10
16,0.07133832573890686,0.0654381737112999,0,10
17,0.07227872312068939,0.041309669613838196,0,10
18,0.07155158370733261,0.05639837682247162,0,10
19,0.07235746085643768,0.05422370508313179,0,10
20,0.07215187698602676,0.049668487161397934,0,10
21,0.07237949222326279,0.05304955318570137,0,10
22,0.07199887186288834,0.03628912195563316,0,10
23,0.07138901948928833,0.06199344992637634,0,10
24,0.07219228148460388,0.050545983016490936,0,10
25,0.07144517451524734,0.04560929536819458,0,10
26,0.0722508504986763,0.05229496955871582,0,10
27,0.07189119607210159,0.05779460445046425,0,10
0,0.07087655365467072,0.07087656110525131,0,10
1,0.07156771421432495,0.07156771421432495,0,10
2,0.0721515491604805,0.04478198289871216,0,10
3,0.07137075811624527,0.05569610744714737,0,10
4,0.07215551286935806,0.05647562816739082,0,10
5,0.0717138797044754,0.047613658010959625,0,10
6,0.07174631208181381,0.02594018168747425,0,10
7,0.07252150028944016,0.049248479306697845,0,10
8,0.07140593230724335,0.040564194321632385,0,10
9,0.07160797715187073,0.05330916866660118,0,10
10,0.07139238715171814,0.047664206475019455,0,10
11,0.07135571539402008,0.03706314042210579,0,10
12,0.0714070051908493,0.03222450986504555,0,10
13,0.07218773663043976,0.05960926041007042,0,10
14,0.07190166413784027,0.04962897300720215,0,10
15,0.07198639959096909,0.053407177329063416,0,10
16,0.07133832573890686,0.05722278356552124,0,10
17,0.07227872312068939,0.05080961063504219,0,10
18,0.07155158370733261,0.04514878988265991,0,10
19,0.07235746085643768,0.05330085754394531,0,10
20,0.07215187698602676,0.047208186239004135,0,10
21,0.07237949222326279,0.05174517631530762,0,10
22,0.07199887186288834,0.044712264090776443,0,10
23,0.07138901948928833,0.04855341836810112,0,10
24,0.07219228148460388,0.05367757007479668,0,10
25,0.07144517451524734,0.05199915170669556,0,10
26,0.0722508504986763,0.04927830770611763,0,10
27,0.07189119607210159,0.05177069082856178,0,10
28,0.0723142996430397,0.04746513441205025,0,10
0,0.07087655365467072,0.07087656110525131,0,10
1,0.07156771421432495,0.07156771421432495,0,10
2,0.0721515491604805,0.059763103723526,0,10
3,0.07137075811624527,0.059737712144851685,0,10
4,0.07215551286935806,0.04354125261306763,0,10
5,0.0717138797044754,0.06256458908319473,0,10
6,0.07174631208181381,0.05740858241915703,0,10
7,0.07252150028944016,0.057734180241823196,0,10
8,0.07140593230724335,0.048262692987918854,0,10
9,0.07160797715187073,0.05868101492524147,0,10
10,0.07139238715171814,0.04916703701019287,0,10
11,0.07135571539402008,0.04714570567011833,0,10
12,0.0714070051908493,0.052058544009923935,0,10
13,0.07218773663043976,0.061702970415353775,0,10
14,0.07190166413784027,0.056132521480321884,0,10
15,0.07198639959096909,0.06134150177240372,0,10
16,0.07133832573890686,0.055401384830474854,0,10
17,0.07227872312068939,0.03210556507110596,0,10
18,0.07155158370733261,0.055590540170669556,0,10
19,0.07235746085643768,0.047693002969026566,0,10
20,0.07215187698602676,0.04591405391693115,0,10
21,0.07237949222326279,0.0424291156232357,0,10
22,0.07199887186288834,0.048284005373716354,0,10
23,0.07138901948928833,0.04550239071249962,0,10
24,0.07219228148460388,0.045397236943244934,0,10
25,0.07144517451524734,0.057200849056243896,0,10
26,0.0722508504986763,0.04714134335517883,0,10
27,0.07189119607210159,0.05233299359679222,0,10
28,0.0723142996430397,0.059475816786289215,0,10
29,0.07131503522396088,0.040879279375076294,0,10
0,0.07087655365467072,0.0708765760064125,0,10
1,0.07156771421432495,0.07156771421432495,0,10
2,0.0721515491604805,0.041501063853502274,0,10
3,0.07137075811624527,0.05444420129060745,0,10
4,0.07215551286935806,0.05013484135270119,0,10
5,0.0717138797044754,0.06229401379823685,0,10
6,0.07174631208181381,0.04601460322737694,0,10
7,0.07252150028944016,0.05207585543394089,0,10
8,0.07140593230724335,0.05632854625582695,0,10
9,0.07160797715187073,0.04433393478393555,0,10
10,0.07139238715171814,0.055001452565193176,0,10
11,0.07135571539402008,0.04937649518251419,0,10
12,0.0714070051908493,0.06102652847766876,0,10
13,0.07218773663043976,0.03473013639450073,0,10
14,0.07190166413784027,0.05817048251628876,0,10
15,0.07198639959096909,0.04879641532897949,0,10
16,0.07133832573890686,0.03456001356244087,0,10
17,0.07227872312068939,0.059349894523620605,0,10
18,0.07155158370733261,0.051332175731658936,0,10
19,0.07235746085643768,0.03788064047694206,0,10
20,0.07215187698602676,0.05281710624694824,0,10
21,0.07237949222326279,0.05071115493774414,0,10
22,0.07199887186288834,0.05474285036325455,0,10
23,0.07138901948928833,0.0409407764673233,0,10
24,0.07219228148460388,0.05769545957446098,0,10
25,0.07144517451524734,0.05339716374874115,0,10
26,0.0722508504986763,0.05088740959763527,0,10
27,0.07189119607210159,0.06615372747182846,0,10
28,0.0723142996430397,0.05406643822789192,0,10
29,0.07131503522396088,0.038759250193834305,0,10
30,0.0721660852432251,0.05724133551120758,0,10
0,0.07087655365467072,0.07087656110525131,0,10
1,0.07156771421432495,0.07156771421432495,0,10
2,0.0721515491604805,0.043142519891262054,0,10
3,0.07137075811624527,0.06014386937022209,0,10
4,0.07215551286935806,0.06096775084733963,0,10
5,0.0717138797044754,0.05813932418823242,0,10
6,0.07174631208181381,0.02755321003496647,0,10
7,0.07252150028944016,0.05370338633656502,0,10
8,0.07140593230724335,0.04931708797812462,0,10
9,0.07160797715187073,0.04482119530439377,0,10
10,0.07139238715171814,0.05174996331334114,0,10
11,0.07135571539402008,0.06227586418390274,0,10
12,0.0714070051908493,0.026459649205207825,0,10
13,0.07218773663043976,0.047410715371370316,0,10
14,0.07190166413784027,0.04459911584854126,0,10
15,0.07198639959096909,0.031606756150722504,0,10
16,0.07133832573890686,0.059591904282569885,0,10
17,0.07227872312068939,0.04271823167800903,0,10
18,0.07155158370733261,0.04467365890741348,0,10
19,0.07235746085643768,0.04801243543624878,0,10
20,0.07215187698602676,0.040113069117069244,0,10
21,0.07237949222326279,0.04994877055287361,0,10
22,0.07199887186288834,0.03717222809791565,0,10
23,0.07138901948928833,0.05193526670336723,0,10
24,0.07219228148460388,0.05050837993621826,0,10
25,0.07144517451524734,0.052405714988708496,0,10
26,0.0722508504986763,0.052306052297353745,0,10
27,0.07189119607210159,0.05619603022933006,0,10
28,0.0723142996430397,0.06080256402492523,0,10
29,0.07131503522396088,0.06096329167485237,0,10
30,0.0721660852432251,0.056843120604753494,0,10
31,0.07249586284160614,0.05402933433651924,0,10
0,0.07087655365467072,0.07087656855583191,0,10
1,0.07156771421432495,0.07156771421432495,0,10
2,0.0721515491604805,0.05184309557080269,0,10
3,0.07137075811624527,0.05292099714279175,0,10
4,0.07215551286935806,0.0447351336479187,0,10
5,0.0717138797044754,0.05328639969229698,0,10
6,0.07174631208181381,0.05132671818137169,0,10
7,0.07252150028944016,0.058382950723171234,0,10
8,0.07140593230724335,0.0495661236345768,0,10
9,0.07160797715187073,0.04915142059326172,0,10
10,0.07139238715171814,0.04161316156387329,0,10
11,0.07135571539402008,0.05388433113694191,0,10
12,0.0714070051908493,0.041182078421115875,0,10
13,0.07218773663043976,0.04772976413369179,0,10
14,0.07190166413784027,0.04440340772271156,0,10
15,0.07198639959096909,0.04901481047272682,0,10
16,0.07133832573890686,0.050939686596393585,0,10
17,0.07227872312068939,0.03873874247074127,0,10
18,0.07155158370733261,0.048258744180202484,0,10
19,0.07235746085643768,0.0466291643679142,0,10
20,0.07215187698602676,0.050005197525024414,0,10
21,0.07237949222326279,0.04460470750927925,0,10
22,0.07199887186288834,0.06515875458717346,0,10
23,0.07138901948928833,0.04045483097434044,0,10
24,0.07219228148460388,0.05536497384309769,0,10
25,0.07144517451524734,0.06487151980400085,0,10
26,0.0722508504986763,0.053797949105501175,0,10
27,0.07189119607210159,0.04251844435930252,0,10
28,0.0723142996430397,0.04705995321273804,0,10
29,0.07131503522396088,0.06105760857462883,0,10
30,0.0721660852432251,0.041071198880672455,0,10
31,0.07249586284160614,0.06025309860706329,0,10
32,0.07200808078050613,0.03785043954849243,0,10
0,0.07087655365467072,0.07087656110525131,0,10
1,0.07156771421432495,0.07156771421432495,0,10
2,0.0721515491604805,0.04707840085029602,0,10
3,0.07137075811624527,0.04376979172229767,0,10
4,0.07215551286935806,0.035950515419244766,0,10
5,0.0717138797044754,0.04836404323577881,0,10
6,0.07174631208181381,0.053013790398836136,0,10
7,0.07252150028944016,0.0529271736741066,0,10
8,0.07140593230724335,0.04911874979734421,0,10
9,0.07160797715187073,0.05222266912460327,0,10
10,0.07139238715171814,0.04813295602798462,0,10
11,0.07135571539402008,0.05365492403507233,0,10
12,0.0714070051908493,0.048489511013031006,0,10
13,0.07218773663043976,0.036019984632730484,0,10
14,0.07190166413784027,0.05326730012893677,0,10
15,0.07198639959096909,0.043728675693273544,0,10
16,0.07133832573890686,0.05369029939174652,0,10
17,0.07227872312068939,0.03840866684913635,0,10
18,0.07155158370733261,0.05180007219314575,0,10
19,0.07235746085643768,0.05292832851409912,0,10
20,0.07215187698602676,0.060650262981653214,0,10
21,0.07237949222326279,0.04584094136953354,0,10
22,0.07199887186288834,0.06361975520849228,0,10
23,0.07138901948928833,0.05719846859574318,0,10
24,0.07219228148460388,0.05169083923101425,0,10
25,0.07144517451524734,0.051838457584381104,0,10
26,0.0722508504986763,0.034285128116607666,0,10
27,0.07189119607210159,0.05142858624458313,0,10
28,0.0723142996430397,0.056581251323223114,0,10
29,0.07131503522396088,0.04247138649225235,0,10
30,0.0721660852432251,0.052318867295980453,0,10
31,0.07249586284160614,0.039776094257831573,0,10
32,0.07200808078050613,0.03469910845160484,0,10
33,0.07193256169557571,0.06207844614982605,0,10
0,0.07087655365467072,0.07087656855583191,0,10
1,0.07156771421432495,0.07156771421432495,0,10
2,0.0721515491604805,0.04423436149954796,0,10
3,0.07137075811624527,0.037528060376644135,0,10
4,0.07215551286935806,0.06469932198524475,0,10
5,0.0717138797044754,0.04540354013442993,0,10
6,0.07174631208181381,0.05984901264309883,0,10
7,0.07252150028944016,0.05229592323303223,0,10
8,0.07140593230724335,0.06279955804347992,0,10
9,0.07160797715187073,0.04704110324382782,0,10
10,0.07139238715171814,0.05114245414733887,0,10
11,0.07135571539402008,0.03635944798588753,0,10
12,0.0714070051908493,0.039072100073099136,0,10
13,0.07218773663043976,0.06396268308162689,0,10
14,0.07190166413784027,0.05439603328704834,0,10
15,0.07198639959096909,0.04359620437026024,0,10
16,0.07133832573890686,0.04608181491494179,0,10
17,0.07227872312068939,0.059685688465833664,0,10
18,0.07155158370733261,0.055938608944416046,0,10
19,0.07235746085643768,0.04702208563685417,0,10
20,0.07215187698602676,0.05524389073252678,0,10
21,0.07237949222326279,0.04545331001281738,0,10
22,0.07199887186288834,0.05224734544754028,0,10
23,0.07138901948928833,0.057450540363788605,0,10
24,0.07219228148460388,0.038652341812849045,0,10
25,0.07144517451524734,0.0509868860244751,0,10
26,0.0722508504986763,0.03394995629787445,0,10
27,0.07189119607210159,0.05890369787812233,0,10
28,0.0723142996430397,0.05152145028114319,0,10
29,0.07131503522396088,0.058238279074430466,0,10
30,0.0721660852432251,0.04666418209671974,0,10
31,0.07249586284160614,0.05100054293870926,0,10
32,0.07200808078050613,0.06357740610837936,0,10
33,0.07193256169557571,0.049779802560806274,0,10
34,0.07117879390716553,0.06475664675235748,0,10
0,0.07087655365467072,0.07087656855583191,0,10
1,0.07156771421432495,0.07156771421432495,0,10
2,0.0721515491604805,0.03628110885620117,0,10
3,0.07137075811624527,0.03596974164247513,0,10
4,0.07215551286935806,0.04514342546463013,0,10
5,0.0717138797044754,0.05205526947975159,0,10
6,0.07174631208181381,0.03684428706765175,0,10
7,0.07252150028944016,0.051474492996931076,0,10
8,0.07140593230724335,0.04683604836463928,0,10
9,0.07160797715187073,0.04611722752451897,0,10
10,0.07139238715171814,0.055450569838285446,0,10
11,0.07135571539402008,0.054107632488012314,0,10
12,0.0714070051908493,0.05012896656990051,0,10
13,0.07218773663043976,0.056454241275787354,0,10
14,0.07190166413784027,0.05490269511938095,0,10
15,0.07198639959096909,0.027497898787260056,0,10
16,0.07133832573890686,0.045230355113744736,0,10
17,0.07227872312068939,0.06576047092676163,0,10
18,0.07155158370733261,0.042826905846595764,0,10
19,0.07235746085643768,0.06303790211677551,0,10
20,0.07215187698602676,0.03908039629459381,0,10
21,0.07237949222326279,0.045530736446380615,0,10
22,0.07199887186288834,0.0415765717625618,0,10
23,0.07138901948928833,0.056871864944696426,0,10
24,0.07219228148460388,0.041713714599609375,0,10
25,0.07144517451524734,0.05895630270242691,0,10
26,0.0722508504986763,0.06163627654314041,0,10
27,0.07189119607210159,0.054188430309295654,0,10
28,0.0723142996430397,0.050607338547706604,0,10
29,0.07131503522396088,0.05532848834991455,0,10
30,0.0721660852432251,0.049584805965423584,0,10
31,0.07249586284160614,0.04820367693901062,0,10
32,0.07200808078050613,0.045370254665613174,0,10
33,0.07193256169557571,0.04302939027547836,0,10
34,0.07117879390716553,0.04473576322197914,0,10
35,0.07240797579288483,0.06282525509595871,0,10
0,0.07087655365467072,0.0708765760064125,0,10
1,0.07156771421432495,0.07156771421432495,0,10
2,0.0721515491604805,0.06468120962381363,0,10
3,0.07137075811624527,0.05380329117178917,0,10
4,0.07215551286935806,0.051245223730802536,0,10
5,0.0717138797044754,0.05318697541952133,0,10
6,0.07174631208181381,0.05089601129293442,0,10
7,0.07252150028944016,0.05004028230905533,0,10
8,0.07140593230724335,0.0327041931450367,0,10
9,0.07160797715187073,0.03277462720870972,0,10
10,0.07139238715171814,0.043920837342739105,0,10
11,0.07135571539402008,0.0643514096736908,0,10
12,0.0714070051908493,0.043701525777578354,0,10
13,0.07218773663043976,0.04771794006228447,0,10
14,0.07190166413784027,0.042051076889038086,0,10
15,0.07198639959096909,0.04759387671947479,0,10
16,0.07133832573890686,0.05132070928812027,0,10
17,0.07227872312068939,0.04931610822677612,0,10
18,0.07155158370733261,0.06378843635320663,0,10
19,0.07235746085643768,0.04730932042002678,0,10
20,0.07215187698602676,0.048416078090667725,0,10
21,0.07237949222326279,0.04427140951156616,0,10
22,0.07199887186288834,0.0461566187441349,0,10
23,0.07138901948928833,0.043113112449645996,0,10
24,0.07219228148460388,0.04784544184803963,0,10
25,0.07144517451524734,0.043835148215293884,0,10
26,0.0722508504986763,0.05991961061954498,0,10
27,0.07189119607210159,0.03095671348273754,0,10
28,0.0723142996430397,0.04986707493662834,0,10
29,0.07131503522396088,0.046516720205545425,0,10
30,0.0721660852432251,0.04329067841172218,0,10
31,0.07249586284160614,0.0416434183716774,0,10
32,0.07200808078050613,0.05163007974624634,0,10
33,0.07193256169557571,0.0642482340335846,0,10
34,0.07117879390716553,0.06193240359425545,0,10
35,0.07240797579288483,0.06683451682329178,0,10
36,0.07199879735708237,0.05537751689553261,0,10
0,0.07087655365467072,0.07087656110525131,0,10
1,0.07156771421432495,0.07156771421432495,0,10
2,0.0721515491604805,0.04915783926844597,0,10
3,0.07137075811624527,0.044958822429180145,0,10
4,0.07215551286935806,0.034901756793260574,0,10
5,0.0717138797044754,0.04897017404437065,0,10
6,0.07174631208181381,0.043453000485897064,0,10
7,0.07252150028944016,0.0396781750023365,0,10
8,0.07140593230724335,0.048964329063892365,0,10
9,0.07160797715187073,0.05225074291229248,0,10
10,0.07139238715171814,0.052779532968997955,0,10
11,0.07135571539402008,0.045454226434230804,0,10
12,0.0714070051908493,0.05352644622325897,0,10
13,0.07218773663043976,0.04738236218690872,0,10
14,0.07190166413784027,0.02879384532570839,0,10
15,0.07198639959096909,0.05060199648141861,0,10
16,0.07133832573890686,0.054855406284332275,0,10
17,0.07227872312068939,0.05471767857670784,0,10
18,0.07155158370733261,0.04673057794570923,0,10
19,0.07235746085643768,0.046889882534742355,0,10
20,0.07215187698602676,0.05176819488406181,0,10
21,0.07237949222326279,0.0505085289478302,0,10
22,0.07199887186288834,0.06080763787031174,0,10
23,0.07138901948928833,0.03786128759384155,0,10
24,0.07219228148460388,0.050279054790735245,0,10
25,0.07144517451524734,0.06174261495471001,0,10
26,0.0722508504986763,0.039936669170856476,0,10
27,0.07189119607210159,0.05567744001746178,0,10
28,0.0723142996430397,0.05445033311843872,0,10
29,0.07131503522396088,0.03675998002290726,0,10
30,0.0721660852432251,0.03899082541465759,0,10
31,0.07249586284160614,0.05141432210803032,0,10
32,0.07200808078050613,0.054123979061841965,0,10
33,0.07193256169557571,0.06109848618507385,0,10
34,0.07117879390716553,0.048350989818573,0,10
35,0.07240797579288483,0.05001603811979294,0,10
36,0.07199879735708237,0.05876515060663223,0,10
37,0.07175885140895844,0.04224826768040657,0,10
0,0.07087655365467072,0.0708765760064125,0,10
1,0.07156771421432495,0.07156771421432495,0,10
2,0.0721515491604805,0.04699695110321045,0,10
3,0.07137075811624527,0.04684949293732643,0,10
4,0.07215551286935806,0.03739587217569351,0,10
5,0.0717138797044754,0.034455470740795135,0,10
6,0.07174631208181381,0.04607671871781349,0,10
7,0.07252150028944016,0.042372677475214005,0,10
8,0.07140593230724335,0.023640858009457588,0,10
9,0.07160797715187073,0.04147632420063019,0,10
10,0.07139238715171814,0.04881852865219116,0,10
11,0.07135571539402008,0.06486425548791885,0,10
12,0.0714070051908493,0.05190552398562431,0,10
13,0.07218773663043976,0.06152913346886635,0,10
14,0.07190166413784027,0.038406647741794586,0,10
15,0.07198639959096909,0.05405447632074356,0,10
16,0.07133832573890686,0.040285587310791016,0,10
17,0.07227872312068939,0.05870725214481354,0,10
18,0.07155158370733261,0.046475935727357864,0,10
19,0.07235746085643768,0.055875830352306366,0,10
20,0.07215187698602676,0.054007865488529205,0,10
21,0.07237949222326279,0.06669749319553375,0,10
22,0.07199887186288834,0.04011251777410507,0,10
23,0.07138901948928833,0.056335195899009705,0,10
24,0.07219228148460388,0.05165766179561615,0,10
25,0.07144517451524734,0.04485252872109413,0,10
26,0.0722508504986763,0.0436025969684124,0,10
27,0.07189119607210159,0.04462316259741783,0,10
28,0.0723142996430397,0.028942646458745003,0,10
29,0.07131503522396088,0.04143569990992546,0,10
30,0.0721660852432251,0.04216878116130829,0,10
31,0.07249586284160614,0.051302894949913025,0,10
32,0.07200808078050613,0.03693437948822975,0,10
33,0.07193256169557571,0.0530809722840786,0,10
34,0.07117879390716553,0.033974792808294296,0,10
35,0.07240797579288483,0.04265386611223221,0,10
36,0.07199879735708237,0.05317005515098572,0,10
37,0.07175885140895844,0.028206314891576767,0,10
38,0.07214292138814926,0.0389414057135582,0,10
0,0.07087655365467072,0.0708765760064125,0,10
1,0.07156771421432495,0.07156771421432495,0,10
2,0.0721515491604805,0.03694848716259003,0,10
3,0.07137075811624527,0.0502435602247715,0,10
4,0.07215551286935806,0.04876682907342911,0,10
5,0.0717138797044754,0.04948742315173149,0,10
6,0.07174631208181381,0.05708848685026169,0,10
7,0.07252150028944016,0.0436382070183754,0,10
8,0.07140593230724335,0.0553845576941967,0,10
9,0.07160797715187073,0.0557553768157959,0,10
10,0.07139238715171814,0.05106145143508911,0,10
11,0.07135571539402008,0.053408388048410416,0,10
12,0.0714070051908493,0.04828060418367386,0,10
13,0.07218773663043976,0.053826186805963516,0,10
14,0.07190166413784027,0.027509352192282677,0,10
15,0.07198639959096909,0.054143026471138,0,10
16,0.07133832573890686,0.03113764338195324,0,10
17,0.07227872312068939,0.05494098737835884,0,10
18,0.07155158370733261,0.060923244804143906,0,10
19,0.07235746085643768,0.06620870530605316,0,10
20,0.07215187698602676,0.06000559777021408,0,10
21,0.07237949222326279,0.03267287462949753,0,10
22,0.07199887186288834,0.053311608731746674,0,10
23,0.07138901948928833,0.053146492689847946,0,10
24,0.07219228148460388,0.053199876099824905,0,10
25,0.07144517451524734,0.045489612966775894,0,10
26,0.0722508504986763,0.049942631274461746,0,10
27,0.07189119607210159,0.03605009242892265,0,10
28,0.0723142996430397,0.04968822002410889,0,10
29,0.07131503522396088,0.038951847702264786,0,10
30,0.0721660852432251,0.03335413336753845,0,10
31,0.07249586284160614,0.050998687744140625,0,10
32,0.07200808078050613,0.066556416451931,0,10
33,0.07193256169557571,0.04642161726951599,0,10
34,0.07117879390716553,0.03682149946689606,0,10
35,0.07240797579288483,0.048747703433036804,0,10
36,0.07199879735708237,0.054816145449876785,0,10
37,0.07175885140895844,0.05217617750167847,0,10
38,0.07214292138814926,0.06382984668016434,0,10
39,0.07214172184467316,0.05649566650390625,0,10
0,0.07087655365467072,0.07087656855583191,0,10
1,0.07156771421432495,0.07156771421432495,0,10
2,0.0721515491604805,0.04678836092352867,0,10
3,0.07137075811624527,0.041739340871572495,0,10
4,0.07215551286935806,0.04660458862781525,0,10
5,0.0717138797044754,0.05155283212661743,0,10
6,0.07174631208181381,0.06106656417250633,0,10
7,0.07252150028944016,0.033720117062330246,0,10
8,0.07140593230724335,0.046013157814741135,0,10
9,0.07160797715187073,0.04461151361465454,0,10
10,0.07139238715171814,0.05091574043035507,0,10
11,0.07135571539402008,0.054239917546510696,0,10
12,0.0714070051908493,0.04519875720143318,0,10
13,0.07218773663043976,0.05681014433503151,0,10
14,0.07190166413784027,0.04791934788227081,0,10
15,0.07198639959096909,0.04239442199468613,0,10
16,0.07133832573890686,0.05163871496915817,0,10
17,0.07227872312068939,0.049445901066064835,0,10
18,0.07155158370733261,0.05395181477069855,0,10
19,0.07235746085643768,0.0622563473880291,0,10
20,0.07215187698602676,0.0610361248254776,0,10
21,0.07237949222326279,0.06207273527979851,0,10
22,0.07199887186288834,0.051881883293390274,0,10
23,0.07138901948928833,0.052874982357025146,0,10
24,0.07219228148460388,0.06318137049674988,0,10
25,0.07144517451524734,0.04934030771255493,0,10
26,0.0722508504986763,0.03828416019678116,0,10
27,0.07189119607210159,0.058041058480739594,0,10
28,0.0723142996430397,0.041786544024944305,0,10
29,0.07131503522396088,0.05062926188111305,0,10
30,0.0721660852432251,0.053398266434669495,0,10
31,0.07249586284160614,0.05739616975188255,0,10
32,0.07200808078050613,0.0639708936214447,0,10
33,0.07193256169557571,0.050214964896440506,0,10
34,0.07117879390716553,0.06369036436080933,0,10
35,0.07240797579288483,0.04319195821881294,0,10
36,0.07199879735708237,0.055654991418123245,0,10
37,0.07175885140895844,0.037168826907873154,0,10
38,0.07214292138814926,0.04546394199132919,0,10
39,0.07214172184467316,0.04694082960486412,0,10
40,0.07238645851612091,0.048402946442365646,0,10
0,0.07087655365467072,0.07087656855583191,0,10
1,0.07156771421432495,0.07156772911548615,0,10
2,0.0721515491604805,0.05284775421023369,0,10
3,0.07137075811624527,0.03798019513487816,0,10
4,0.07215551286935806,0.05041656643152237,0,10
5,0.0717138797044754,0.03522185981273651,0,10
6,0.07174631208181381,0.023339221253991127,0,10
7,0.07252150028944016,0.04362034797668457,0,10
8,0.07140593230724335,0.033997584134340286,0,10
9,0.07160797715187073,0.06367495656013489,0,10
10,0.07139238715171814,0.03719571605324745,0,10
11,0.07135571539402008,0.050711002200841904,0,10
12,0.0714070051908493,0.03446308895945549,0,10
13,0.07218773663043976,0.04593264311552048,0,10
14,0.07190166413784027,0.04168011248111725,0,10
15,0.07198639959096909,0.04128324240446091,0,10
16,0.07133832573890686,0.039955317974090576,0,10
17,0.07227872312068939,0.05001486465334892,0,10
18,0.07155158370733261,0.045883774757385254,0,10
19,0.07235746085643768,0.049077294766902924,0,10
20,0.07215187698602676,0.04878561198711395,0,10
21,0.07237949222326279,0.051943838596343994,0,10
22,0.07199887186288834,0.04082677513360977,0,10
23,0.07138901948928833,0.047587811946868896,0,10
24,0.07219228148460388,0.03933317959308624,0,10
25,0.07144517451524734,0.06785738468170166,0,10
26,0.0722508504986763,0.05768507719039917,0,10
27,0.07189119607210159,0.05320720747113228,0,10
28,0.0723142996430397,0.0629909411072731,0,10
29,0.07131503522396088,0.04305144026875496,0,10
30,0.0721660852432251,0.061142969876527786,0,10
31,0.07249586284160614,0.053609248250722885,0,10
32,0.07200808078050613,0.0491025410592556,0,10
33,0.07193256169557571,0.05679181218147278,0,10
34,0.07117879390716553,0.05863276496529579,0,10
35,0.07240797579288483,0.05311613529920578,0,10
36,0.07199879735708237,0.05317451059818268,0,10
37,0.07175885140895844,0.04659294709563255,0,10
38,0.07214292138814926,0.04882049560546875,0,10
39,0.07214172184467316,0.05150705575942993,0,10
40,0.07238645851612091,0.05749375373125076,0,10
41,0.07114416360855103,0.04971938580274582,0,10
0,0.07087655365467072,0.07087655365467072,0,10
1,0.07156771421432495,0.07156771421432495,0,10
2,0.0721515491604805,0.0604541152715683,0,10
3,0.07137075811624527,0.03894897177815437,0,10
4,0.07215551286935806,0.057776931673288345,0,10
5,0.0717138797044754,0.05861590430140495,0,10
6,0.07174631208181381,0.0536380410194397,0,10
7,0.07252150028944016,0.040069740265607834,0,10
8,0.07140593230724335,0.04776274040341377,0,10
9,0.07160797715187073,0.05354909226298332,0,10
10,0.07139238715171814,0.04852357879281044,0,10
11,0.07135571539402008,0.052787575870752335,0,10
12,0.0714070051908493,0.04434266686439514,0,10
13,0.07218773663043976,0.042235877364873886,0,10
14,0.07190166413784027,0.05541136860847473,0,10
15,0.07198639959096909,0.05369012430310249,0,10
16,0.07133832573890686,0.041235193610191345,0,10
17,0.07227872312068939,0.03916553780436516,0,10
18,0.07155158370733261,0.057399213314056396,0,10
19,0.07235746085643768,0.034178972244262695,0,10
20,0.07215187698602676,0.03984236717224121,0,10
21,0.07237949222326279,0.04313182830810547,0,10
22,0.07199887186288834,0.049960508942604065,0,10
23,0.07138901948928833,0.05415972322225571,0,10
24,0.07219228148460388,0.04551054909825325,0,10
25,0.07144517451524734,0.05799442529678345,0,10
26,0.0722508504986763,0.05471014976501465,0,10
27,0.07189119607210159,0.048360902816057205,0,10
28,0.0723142996430397,0.042280904948711395,0,10
29,0.07131503522396088,0.05143314599990845,0,10
30,0.0721660852432251,0.052316758781671524,0,10
31,0.07249586284160614,0.05742326378822327,0,10
32,0.07200808078050613,0.06577645987272263,0,10
33,0.07193256169557571,0.05859151482582092,0,10
34,0.07117879390716553,0.061185598373413086,0,10
35,0.07240797579288483,0.047548722475767136,0,10
36,0.07199879735708237,0.05004432052373886,0,10
37,0.07175885140895844,0.045212388038635254,0,10
38,0.07214292138814926,0.05994584783911705,0,10
39,0.07214172184467316,0.06324535608291626,0,10
40,0.07238645851612091,0.05016500502824783,0,10
41,0.07114416360855103,0.05704585462808609,0,10
42,0.07222632318735123,0.052713461220264435,0,10
0,0.07087655365467072,0.0708765760064125,0,10
1,0.07156771421432495,0.07156771421432495,0,10
2,0.0721515491604805,0.05099635571241379,0,10
3,0.07137075811624527,0.04534408077597618,0,10
4,0.07215551286935806,0.04153582826256752,0,10
5,0.0717138797044754,0.05345647782087326,0,10
6,0.07174631208181381,0.05003976821899414,0,10
7,0.07252150028944016,0.05260026454925537,0,10
8,0.07140593230724335,0.06393835693597794,0,10
9,0.07160797715187073,0.0514950230717659,0,10
10,0.07139238715171814,0.06646343320608139,0,10
11,0.07135571539402008,0.05111944302916527,0,10
12,0.0714070051908493,0.061581239104270935,0,10
13,0.07218773663043976,0.03854486718773842,0,10
14,0.07190166413784027,0.05239756777882576,0,10
15,0.07198639959096909,0.04875248670578003,0,10
16,0.07133832573890686,0.06279532611370087,0,10
17,0.07227872312068939,0.04889274761080742,0,10
18,0.07155158370733261,0.049927227199077606,0,10
19,0.07235746085643768,0.052730679512023926,0,10
20,0.07215187698602676,0.02831590175628662,0,10
21,0.07237949222326279,0.05373399704694748,0,10
22,0.07199887186288834,0.06474452465772629,0,10
23,0.07138901948928833,0.04518401250243187,0,10
24,0.07219228148460388,0.05221361666917801,0,10
25,0.07144517451524734,0.04702937602996826,0,10
26,0.0722508504986763,0.0547008141875267,0,10
27,0.07189119607210159,0.05615109205245972,0,10
28,0.0723142996430397,0.041423071175813675,0,10
29,0.07131503522396088,0.047818779945373535,0,10
30,0.0721660852432251,0.05089578777551651,0,10
31,0.07249586284160614,0.04528101906180382,0,10
32,0.07200808078050613,0.05103664472699165,0,10
33,0.07193256169557571,0.03789564594626427,0,10
34,0.07117879390716553,0.06090569868683815,0,10
35,0.07240797579288483,0.029044698923826218,0,10
36,0.07199879735708237,0.049780990928411484,0,10
37,0.07175885140895844,0.042158689349889755,0,10
38,0.07214292138814926,0.05338626354932785,0,10
39,0.07214172184467316,0.05177104473114014,0,10
40,0.07238645851612091,0.060431670397520065,0,10
41,0.07114416360855103,0.04155551642179489,0,10
42,0.07222632318735123,0.03524911403656006,0,10
43,0.07129652798175812,0.05204768106341362,0,10
0,0.07087655365467072,0.0708765760064125,0,10
1,0.07156771421432495,0.07156771421432495,0,10
2,0.0721515491604805,0.039779093116521835,0,10
3,0.07137075811624527,0.041206877678632736,0,10
4,0.07215551286935806,0.05692506954073906,0,10
5,0.0717138797044754,0.056138329207897186,0,10
6,0.07174631208181381,0.056813906878232956,0,10
7,0.07252150028944016,0.04036027193069458,0,10
8,0.07140593230724335,0.06082671880722046,0,10
9,0.07160797715187073,0.061629217118024826,0,10
10,0.07139238715171814,0.05122584104537964,0,10
11,0.07135571539402008,0.061595287173986435,0,10
12,0.0714070051908493,0.0435943640768528,0,10
13,0.07218773663043976,0.04724777862429619,0,10
14,0.07190166413784027,0.034213293343782425,0,10
15,0.07198639959096909,0.05945133790373802,0,10
16,0.07133832573890686,0.05904018506407738,0,10
17,0.07227872312068939,0.0329262800514698,0,10
18,0.07155158370733261,0.05305880308151245,0,10
19,0.07235746085643768,0.06491618603467941,0,10
20,0.07215187698602676,0.052324485033750534,0,10
21,0.07237949222326279,0.04568934440612793,0,10
22,0.07199887186288834,0.04602047801017761,0,10
23,0.07138901948928833,0.04995913803577423,0,10
24,0.07219228148460388,0.047605156898498535,0,10
25,0.07144517451524734,0.0547199621796608,0,10
26,0.0722508504986763,0.025715071707963943,0,10
27,0.07189119607210159,0.03146231174468994,0,10
28,0.0723142996430397,0.04124218970537186,0,10
29,0.07131503522396088,0.044744912534952164,0,10
30,0.0721660852432251,0.05195159837603569,0,10
31,0.07249586284160614,0.044732723385095596,0,10
32,0.07200808078050613,0.045460253953933716,0,10
33,0.07193256169557571,0.051867127418518066,0,10
34,0.07117879390716553,0.039448484778404236,0,10
35,0.07240797579288483,0.04342155531048775,0,10
36,0.07199879735708237,0.06539268046617508,0,10
37,0.07175885140895844,0.06170962378382683,0,10
38,0.07214292138814926,0.025661004707217216,0,10
39,0.07214172184467316,0.054403845220804214,0,10
40,0.07238645851612091,0.039847638458013535,0,10
41,0.07114416360855103,0.03523438051342964,0,10
42,0.07222632318735123,0.058761611580848694,0,10
43,0.07129652798175812,0.044931672513484955,0,10
44,0.07256960868835449,0.04087646305561066,0,10
0,0.07087655365467072,0.07087656110525131,0,10
1,0.07156771421432495,0.07156771421432495,0,10
2,0.0721515491604805,0.052585065364837646,0,10
3,0.07137075811624527,0.04573242738842964,0,10
4,0.07215551286935806,0.05444752797484398,0,10
5,0.0717138797044754,0.04774418845772743,0,10
6,0.07174631208181381,0.06412366032600403,0,10
7,0.07252150028944016,0.027232570573687553,0,10
8,0.07140593230724335,0.059756290167570114,0,10
9,0.07160797715187073,0.04403960704803467,0,10
10,0.07139238715171814,0.06047127768397331,0,10
11,0.07135571539402008,0.056360892951488495,0,10
12,0.0714070051908493,0.03894701972603798,0,10
13,0.07218773663043976,0.05438300222158432,0,10
14,0.07190166413784027,0.03770820423960686,0,10
15,0.07198639959096909,0.04858454689383507,0,10
16,0.07133832573890686,0.04202690348029137,0,10
17,0.07227872312068939,0.05255242809653282,0,10
18,0.07155158370733261,0.05197595804929733,0,10
19,0.07235746085643768,0.04348856210708618,0,10
20,0.07215187698602676,0.03256792202591896,0,10
21,0.07237949222326279,0.06087091937661171,0,10
22,0.07199887186288834,0.052629485726356506,0,10
23,0.07138901948928833,0.05055698752403259,0,10
24,0.07219228148460388,0.05987274646759033,0,10
25,0.07144517451524734,0.04851353168487549,0,10
26,0.0722508504986763,0.05189471319317818,0,10
27,0.07189119607210159,0.044441498816013336,0,10
28,0.0723142996430397,0.041637007147073746,0,10
29,0.07131503522396088,0.04639393463730812,0,10
30,0.0721660852432251,0.049507059156894684,0,10
31,0.07249586284160614,0.03562812879681587,0,10
32,0.07200808078050613,0.0524778813123703,0,10
33,0.07193256169557571,0.05389466881752014,0,10
34,0.07117879390716553,0.050778742879629135,0,10
35,0.07240797579288483,0.04513615369796753,0,10
36,0.07199879735708237,0.050512880086898804,0,10
37,0.07175885140895844,0.04971659183502197,0,10
38,0.07214292138814926,0.03574756532907486,0,10
39,0.07214172184467316,0.04926228150725365,0,10
40,0.07238645851612091,0.05772145465016365,0,10
41,0.07114416360855103,0.05572677403688431,0,10
42,0.07222632318735123,0.058749835938215256,0,10
43,0.07129652798175812,0.04884868860244751,0,10
44,0.07256960868835449,0.04663291573524475,0,10
45,0.07154656946659088,0.04260789230465889,0,10
0,0.07087655365467072,0.07087656855583191,0,10
1,0.07156771421432495,0.07156771421432495,0,10
2,0.0721515491604805,0.02473495714366436,0,10
3,0.07137075811624527,0.04175227880477905,0,10
4,0.07215551286935806,0.055737871676683426,0,10
5,0.0717138797044754,0.04719856008887291,0,10
6,0.07174631208181381,0.04202602058649063,0,10
7,0.07252150028944016,0.050561681389808655,0,10
8,0.07140593230724335,0.04689999297261238,0,10
9,0.07160797715187073,0.05362769588828087,0,10
10,0.07139238715171814,0.02624480053782463,0,10
11,0.07135571539402008,0.03710046038031578,0,10
12,0.0714070051908493,0.03582729026675224,0,10
13,0.07218773663043976,0.04332813248038292,0,10
14,0.07190166413784027,0.05911954492330551,0,10
15,0.07198639959096909,0.060911498963832855,0,10
16,0.07133832573890686,0.039205729961395264,0,10
17,0.07227872312068939,0.043727438896894455,0,10
18,0.07155158370733261,0.05066967010498047,0,10
19,0.07235746085643768,0.05241572856903076,0,10
20,0.07215187698602676,0.03009808249771595,0,10
21,0.07237949222326279,0.04885738343000412,0,10
22,0.07199887186288834,0.046895790845155716,0,10
23,0.07138901948928833,0.05450618267059326,0,10
24,0.07219228148460388,0.053741831332445145,0,10
25,0.07144517451524734,0.05214042589068413,0,10
26,0.0722508504986763,0.053762037307024,0,10
27,0.07189119607210159,0.03394773229956627,0,10
28,0.0723142996430397,0.06304342299699783,0,10
29,0.07131503522396088,0.05277276039123535,0,10
30,0.0721660852432251,0.05214768648147583,0,10
31,0.07249586284160614,0.04916171729564667,0,10
32,0.07200808078050613,0.04912160336971283,0,10
33,0.07193256169557571,0.06788524985313416,0,10
34,0.07117879390716553,0.03736239671707153,0,10
35,0.07240797579288483,0.058997612446546555,0,10
36,0.07199879735708237,0.043125689029693604,0,10
37,0.07175885140895844,0.04903043806552887,0,10
38,0.07214292138814926,0.052023790776729584,0,10
39,0.07214172184467316,0.06291064620018005,0,10
40,0.07238645851612091,0.039024073630571365,0,10
41,0.07114416360855103,0.0517466701567173,0,10
42,0.07222632318735123,0.056893326342105865,0,10
43,0.07129652798175812,0.035276755690574646,0,10
44,0.07256960868835449,0.06343483924865723,0,10
45,0.07154656946659088,0.03794606402516365,0,10
46,0.07117115706205368,0.04152902588248253,0,10
0,0.07087655365467072,0.07087656855583191,0,10
1,0.07156771421432495,0.07156771421432495,0,10
2,0.0721515491604805,0.04922652617096901,0,10
3,0.07137075811624527,0.052790459245443344,0,10
4,0.07215551286935806,0.053645990788936615,0,10
5,0.0717138797044754,0.04802882671356201,0,10
6,0.07174631208181381,0.039138779044151306,0,10
7,0.07252150028944016,0.060919370502233505,0,10
8,0.07140593230724335,0.04475228860974312,0,10
9,0.07160797715187073,0.057264748960733414,0,10
10,0.07139238715171814,0.04590451717376709,0,10
11,0.07135571539402008,0.06172952800989151,0,10
12,0.0714070051908493,0.06473581492900848,0,10
13,0.07218773663043976,0.04970803111791611,0,10
14,0.07190166413784027,0.059050776064395905,0,10
15,0.07198639959096909,0.054187506437301636,0,10
16,0.07133832573890686,0.04881171137094498,0,10
17,0.07227872312068939,0.052137162536382675,0,10
18,0.07155158370733261,0.057205021381378174,0,10
19,0.07235746085643768,0.052273452281951904,0,10
20,0.07215187698602676,0.050308629870414734,0,10
21,0.07237949222326279,0.034834325313568115,0,10
22,0.07199887186288834,0.0445249043405056,0,10
23,0.07138901948928833,0.05093671381473541,0,10
24,0.07219228148460388,0.04256221279501915,0,10
25,0.07144517451524734,0.0482601523399353,0,10
26,0.0722508504986763,0.02692912332713604,0,10
27,0.07189119607210159,0.06668274104595184,0,10
28,0.0723142996430397,0.051017194986343384,0,10
29,0.07131503522396088,0.059438951313495636,0,10
30,0.0721660852432251,0.05453439801931381,0,10
31,0.07249586284160614,0.04819454997777939,0,10
32,0.07200808078050613,0.050343066453933716,0,10
33,0.07193256169557571,0.05156151205301285,0,10
34,0.07117879390716553,0.05117975175380707,0,10
35,0.07240797579288483,0.055413179099559784,0,10
36,0.07199879735708237,0.04111270233988762,0,10
37,0.07175885140895844,0.03989236429333687,0,10
38,0.07214292138814926,0.05503872409462929,0,10
39,0.07214172184467316,0.05205345153808594,0,10
40,0.07238645851612091,0.04246583208441734,0,10
41,0.07114416360855103,0.04942581430077553,0,10
42,0.07222632318735123,0.05543902516365051,0,10
43,0.07129652798175812,0.04975688457489014,0,10
44,0.07256960868835449,0.05002140998840332,0,10
45,0.07154656946659088,0.049735940992832184,0,10
46,0.07117115706205368,0.04638487473130226,0,10
47,0.07131598889827728,0.04032646492123604,0,10
0,0.07087655365467072,0.07087656855583191,0,10
1,0.07156771421432495,0.07156771421432495,0,10
2,0.0721515491604805,0.03211671859025955,0,10
3,0.07137075811624527,0.0657888874411583,0,10
4,0.07215551286935806,0.0631381943821907,0,10
5,0.0717138797044754,0.03807361051440239,0,10
6,0.07174631208181381,0.056673191487789154,0,10
7,0.07252150028944016,0.04995535686612129,0,10
8,0.07140593230724335,0.03615881875157356,0,10
9,0.07160797715187073,0.045243486762046814,0,10
10,0.07139238715171814,0.0412529855966568,0,10
11,0.07135571539402008,0.05427540838718414,0,10
12,0.0714070051908493,0.05715351179242134,0,10
13,0.07218773663043976,0.041105005890131,0,10
14,0.07190166413784027,0.04475538432598114,0,10
15,0.07198639959096909,0.06204047426581383,0,10
16,0.07133832573890686,0.04603521153330803,0,10
17,0.07227872312068939,0.052240099757909775,0,10
18,0.07155158370733261,0.053339309990406036,0,10
19,0.07235746085643768,0.05762592703104019,0,10
20,0.07215187698602676,0.053129587322473526,0,10
21,0.07237949222326279,0.04735323786735535,0,10
22,0.07199887186288834,0.028262555599212646,0,10
23,0.07138901948928833,0.03847059980034828,0,10
24,0.07219228148460388,0.04217610880732536,0,10
25,0.07144517451524734,0.06129652261734009,0,10
26,0.0722508504986763,0.036669399589300156,0,10
27,0.07189119607210159,0.0625363141298294,0,10
28,0.0723142996430397,0.045460958033800125,0,10
29,0.07131503522396088,0.046480193734169006,0,10
30,0.0721660852432251,0.06306346505880356,0,10
31,0.07249586284160614,0.06085369735956192,0,10
32,0.07200808078050613,0.05909973382949829,0,10
33,0.07193256169557571,0.06488671898841858,0,10
34,0.07117879390716553,0.06011618301272392,0,10
35,0.07240797579288483,0.059693433344364166,0,10
36,0.07199879735708237,0.034396737813949585,0,10
37,0.07175885140895844,0.06498353183269501,0,10
38,0.07214292138814926,0.05496114492416382,0,10
39,0.07214172184467316,0.05276823043823242,0,10
40,0.07238645851612091,0.050737231969833374,0,10
41,0.07114416360855103,0.02825564332306385,0,10
42,0.07222632318735123,0.04610111936926842,0,10
43,0.07129652798175812,0.04591262340545654,0,10
44,0.07256960868835449,0.06035598739981651,0,10
45,0.07154656946659088,0.055241506546735764,0,10
46,0.07117115706205368,0.05010705068707466,0,10
47,0.07131598889827728,0.04998854175209999,0,10
48,0.07179088145494461,0.057095035910606384,0,10
0,0.07087655365467072,0.0708765760064125,0,10
1,0.07156771421432495,0.07156771421432495,0,10
2,0.0721515491604805,0.03755415230989456,0,10
3,0.07137075811624527,0.04842565953731537,0,10
4,0.07215551286935806,0.049843549728393555,0,10
5,0.0717138797044754,0.05419410020112991,0,10
6,0.07174631208181381,0.04676682874560356,0,10
7,0.07252150028944016,0.05614335834980011,0,10
8,0.07140593230724335,0.042366623878479004,0,10
9,0.07160797715187073,0.04197388142347336,0,10
10,0.07139238715171814,0.05032464116811752,0,10
11,0.07135571539402008,0.057719580829143524,0,10
12,0.0714070051908493,0.05106271058320999,0,10
13,0.07218773663043976,0.04477578401565552,0,10
14,0.07190166413784027,0.042799681425094604,0,10
15,0.07198639959096909,0.0486564114689827,0,10
16,0.07133832573890686,0.05071082338690758,0,10
17,0.07227872312068939,0.052911750972270966,0,10
18,0.07155158370733261,0.061052240431308746,0,10
19,0.07235746085643768,0.05246710032224655,0,10
20,0.07215187698602676,0.05039907619357109,0,10
21,0.07237949222326279,0.04377681016921997,0,10
22,0.07199887186288834,0.06490527093410492,0,10
23,0.07138901948928833,0.056620631366968155,0,10
24,0.07219228148460388,0.056822068989276886,0,10
25,0.07144517451524734,0.04477804899215698,0,10
26,0.0722508504986763,0.04944603145122528,0,10
27,0.07189119607210159,0.0525907427072525,0,10
28,0.0723142996430397,0.05402565002441406,0,10
29,0.07131503522396088,0.06032177060842514,0,10
30,0.0721660852432251,0.05685516819357872,0,10
31,0.07249586284160614,0.06365711241960526,0,10
32,0.07200808078050613,0.055330097675323486,0,10
33,0.07193256169557571,0.05479028820991516,0,10
34,0.07117879390716553,0.0462510772049427,0,10
35,0.07240797579288483,0.048012327402830124,0,10
36,0.07199879735708237,0.057441674172878265,0,10
37,0.07175885140895844,0.035846009850502014,0,10
38,0.07214292138814926,0.05629165470600128,0,10
39,0.07214172184467316,0.05503082275390625,0,10
40,0.07238645851612091,0.04819489270448685,0,10
41,0.07114416360855103,0.029500698670744896,0,10
42,0.07222632318735123,0.06044197082519531,0,10
43,0.07129652798175812,0.04800381511449814,0,10
44,0.07256960868835449,0.039656881242990494,0,10
45,0.07154656946659088,0.0564039945602417,0,10
46,0.07117115706205368,0.03134599328041077,0,10
47,0.07131598889827728,0.0394049733877182,0,10
48,0.07179088145494461,0.031269803643226624,0,10
49,0.07156582176685333,0.05609464272856712,0,10
0,0.07087655365467072,0.0708765760064125,0,10
1,0.07156771421432495,0.07156771421432495,0,10
2,0.0721515491604805,0.060098279267549515,0,10
3,0.07137075811624527,0.05335887148976326,0,10
4,0.07215551286935806,0.04344874620437622,0,10
5,0.0717138797044754,0.049005746841430664,0,10
6,0.07174631208181381,0.0514044351875782,0,10
7,0.07252150028944016,0.05746971815824509,0,10
8,0.07140593230724335,0.040668319910764694,0,10
9,0.07160797715187073,0.0511079877614975,0,10
10,0.07139238715171814,0.049680113792419434,0,10
11,0.07135571539402008,0.04703410714864731,0,10
12,0.0714070051908493,0.035084325820207596,0,10
13,0.07218773663043976,0.05262608826160431,0,10
14,0.07190166413784027,0.048709601163864136,0,10
15,0.07198639959096909,0.05622134357690811,0,10
16,0.07133832573890686,0.045286670327186584,0,10
17,0.07227872312068939,0.045338794589042664,0,10
18,0.07155158370733261,0.0522998571395874,0,10
19,0.07235746085643768,0.043726202100515366,0,10
20,0.07215187698602676,0.05626291036605835,0,10
21,0.07237949222326279,0.04880548268556595,0,10
22,0.07199887186288834,0.040508612990379333,0,10
23,0.07138901948928833,0.05462288111448288,0,10
24,0.07219228148460388,0.04385995864868164,0,10
25,0.07144517451524734,0.06165594980120659,0,10
26,0.0722508504986763,0.05715588480234146,0,10
27,0.07189119607210159,0.03709555044770241,0,10
28,0.0723142996430397,0.04681187495589256,0,10
29,0.07131503522396088,0.053547512739896774,0,10
30,0.0721660852432251,0.05757927522063255,0,10
31,0.07249586284160614,0.05135181546211243,0,10
32,0.07200808078050613,0.05005558952689171,0,10
33,0.07193256169557571,0.06153640151023865,0,10
34,0.07117879390716553,0.0495348758995533,0,10
35,0.07240797579288483,0.045970506966114044,0,10
36,0.07199879735708237,0.04670041427016258,0,10
37,0.07175885140895844,0.04210842400789261,0,10
38,0.07214292138814926,0.041577164083719254,0,10
39,0.07214172184467316,0.04966455698013306,0,10
40,0.07238645851612091,0.04376007243990898,0,10
41,0.07114416360855103,0.03823930770158768,0,10
42,0.07222632318735123,0.04404667392373085,0,10
43,0.07129652798175812,0.04116353392601013,0,10
44,0.07256960868835449,0.04044705629348755,0,10
45,0.07154656946659088,0.042978640645742416,0,10
46,0.07117115706205368,0.05672304332256317,0,10
47,0.07131598889827728,0.06309181451797485,0,10
48,0.07179088145494461,0.03129589185118675,0,10
49,0.07156582176685333,0.04066656902432442,0,10
50,0.0714396983385086,0.052294883877038956,0,10
0,0.07087655365467072,0.07087656855583191,0,10
1,0.07156771421432495,0.07156771421432495,0,10
2,0.0721515491604805,0.051130373030900955,0,10
3,0.07137075811624527,0.039265185594558716,0,10
4,0.07215551286935806,0.06550426036119461,0,10
5,0.0717138797044754,0.03596276044845581,0,10
6,0.07174631208181381,0.041102707386016846,0,10
7,0.07252150028944016,0.03413265943527222,0,10
8,0.07140593230724335,0.05404800549149513,0,10
9,0.07160797715187073,0.057004157453775406,0,10
10,0.07139238715171814,0.05348893254995346,0,10
11,0.07135571539402008,0.034807540476322174,0,10
12,0.0714070051908493,0.06171445548534393,0,10
13,0.07218773663043976,0.05174671486020088,0,10
14,0.07190166413784027,0.0525364950299263,0,10
15,0.07198639959096909,0.025444719940423965,0,10
16,0.07133832573890686,0.0587281696498394,0,10
17,0.07227872312068939,0.06247352063655853,0,10
18,0.07155158370733261,0.049430962651968,0,10
19,0.07235746085643768,0.038271307945251465,0,10
20,0.07215187698602676,0.056008681654930115,0,10
21,0.07237949222326279,0.053097572177648544,0,10
22,0.07199887186288834,0.06274561583995819,0,10
23,0.07138901948928833,0.03669750690460205,0,10
24,0.07219228148460388,0.03580861911177635,0,10
25,0.07144517451524734,0.052848994731903076,0,10
26,0.0722508504986763,0.04342830553650856,0,10
27,0.07189119607210159,0.04316006228327751,0,10
28,0.0723142996430397,0.0524233803153038,0,10
29,0.07131503522396088,0.0511954165995121,0,10
30,0.0721660852432251,0.05155205726623535,0,10
31,0.07249586284160614,0.051381051540374756,0,10
32,0.07200808078050613,0.05520737171173096,0,10
33,0.07193256169557571,0.044567231088876724,0,10
34,0.07117879390716553,0.02982337959110737,0,10
35,0.07240797579288483,0.05055123195052147,0,10
36,0.07199879735708237,0.05132348835468292,0,10
37,0.07175885140895844,0.050087809562683105,0,10
38,0.07214292138814926,0.047812532633543015,0,10
39,0.07214172184467316,0.038182903081178665,0,10
40,0.07238645851612091,0.05180457606911659,0,10
41,0.07114416360855103,0.04458483308553696,0,10
42,0.07222632318735123,0.062182120978832245,0,10
43,0.07129652798175812,0.05384741351008415,0,10
44,0.07256960868835449,0.060942020267248154,0,10
45,0.07154656946659088,0.04859795421361923,0,10
46,0.07117115706205368,0.04462245851755142,0,10
47,0.07131598889827728,0.04246265068650246,0,10
48,0.07179088145494461,0.050380855798721313,0,10
49,0.07156582176685333,0.05072614178061485,0,10
50,0.0714396983385086,0.054851483553647995,0,10
51,0.07236989587545395,0.04156319424510002,0,10
0,0.07087655365467072,0.07087656855583191,0,10
1,0.07156771421432495,0.07156771421432495,0,10
2,0.0721515491604805,0.06683532893657684,0,10
3,0.07137075811624527,0.059471916407346725,0,10
4,0.07215551286935806,0.04995386302471161,0,10
5,0.0717138797044754,0.03635501116514206,0,10
6,0.07174631208181381,0.05204175412654877,0,10
7,0.07252150028944016,0.03566287085413933,0,10
8,0.07140593230724335,0.029436053708195686,0,10
9,0.07160797715187073,0.053381096571683884,0,10
10,0.07139238715171814,0.05470018833875656,0,10
11,0.07135571539402008,0.04100971296429634,0,10
12,0.0714070051908493,0.04882429912686348,0,10
13,0.07218773663043976,0.053824346512556076,0,10
14,0.07190166413784027,0.05062365159392357,0,10
15,0.07198639959096909,0.05176746845245361,0,10
16,0.07133832573890686,0.0551130436360836,0,10
17,0.07227872312068939,0.0378778800368309,0,10
18,0.07155158370733261,0.04691725969314575,0,10
19,0.07235746085643768,0.049764927476644516,0,10
20,0.07215187698602676,0.057467374950647354,0,10
21,0.07237949222326279,0.053655095398426056,0,10
22,0.07199887186288834,0.053396403789520264,0,10
23,0.07138901948928833,0.048213694244623184,0,10
24,0.07219228148460388,0.06270544975996017,0,10
25,0.07144517451524734,0.06157391145825386,0,10
26,0.0722508504986763,0.05461105331778526,0,10
27,0.07189119607210159,0.048006296157836914,0,10
28,0.0723142996430397,0.0529935359954834,0,10
29,0.07131503522396088,0.050900865346193314,0,10
30,0.0721660852432251,0.055125992745161057,0,10
31,0.07249586284160614,0.058765240013599396,0,10
32,0.07200808078050613,0.054764993488788605,0,10
33,0.07193256169557571,0.05731639266014099,0,10
34,0.07117879390716553,0.06496996432542801,0,10
35,0.07240797579288483,0.05229247733950615,0,10
36,0.07199879735708237,0.039737947285175323,0,10
37,0.07175885140895844,0.056642331182956696,0,10
38,0.07214292138814926,0.06192268803715706,0,10
39,0.07214172184467316,0.04524184763431549,0,10
40,0.07238645851612091,0.048583269119262695,0,10
41,0.07114416360855103,0.05441896617412567,0,10
42,0.07222632318735123,0.055607184767723083,0,10
43,0.07129652798175812,0.0572686642408371,0,10
44,0.07256960868835449,0.04834780842065811,0,10
45,0.07154656946659088,0.03269965201616287,0,10
46,0.07117115706205368,0.035674214363098145,0,10
47,0.07131598889827728,0.0462958887219429,0,10
48,0.07179088145494461,0.05949164554476738,0,10
49,0.07156582176685333,0.029031140729784966,0,10
50,0.0714396983385086,0.051104605197906494,0,10
51,0.07236989587545395,0.04708946868777275,0,10
52,0.07168477773666382,0.031053172424435616,0,10
0,0.07087655365467072,0.07087656855583191,0,10
1,0.07156771421432495,0.07156771421432495,0,10
2,0.0721515491604805,0.0633324533700943,0,10
3,0.07137075811624527,0.033132512122392654,0,10
4,0.07215551286935806,0.05273795127868652,0,10
5,0.0717138797044754,0.04491758346557617,0,10
6,0.07174631208181381,0.04928118363022804,0,10
7,0.07252150028944016,0.05970042943954468,0,10
8,0.07140593230724335,0.0629722848534584,0,10
9,0.07160797715187073,0.05059044063091278,0,10
10,0.07139238715171814,0.05244184285402298,0,10
11,0.07135571539402008,0.0471385195851326,0,10
12,0.0714070051908493,0.06264130026102066,0,10
13,0.07218773663043976,0.042481858283281326,0,10
14,0.07190166413784027,0.05724112689495087,0,10
15,0.07198639959096909,0.03183753788471222,0,10
16,0.07133832573890686,0.05380982160568237,0,10
17,0.07227872312068939,0.0546996146440506,0,10
18,0.07155158370733261,0.057867228984832764,0,10
19,0.07235746085643768,0.05017441511154175,0,10
20,0.07215187698602676,0.03629424795508385,0,10
21,0.07237949222326279,0.06494328379631042,0,10
22,0.07199887186288834,0.05772906914353371,0,10
23,0.07138901948928833,0.04379219189286232,0,10
24,0.07219228148460388,0.06643766909837723,0,10
25,0.07144517451524734,0.05373400077223778,0,10
26,0.0722508504986763,0.035081204026937485,0,10
27,0.07189119607210159,0.038315702229738235,0,10
28,0.0723142996430397,0.034840624779462814,0,10
29,0.07131503522396088,0.06153721362352371,0,10
30,0.0721660852432251,0.052501361817121506,0,10
31,0.07249586284160614,0.0598478727042675,0,10
32,0.07200808078050613,0.04216231033205986,0,10
33,0.07193256169557571,0.050002094358205795,0,10
34,0.07117879390716553,0.0629248097538948,0,10
35,0.07240797579288483,0.0328463539481163,0,10
36,0.07199879735708237,0.0519900768995285,0,10
37,0.07175885140895844,0.04295841604471207,0,10
38,0.07214292138814926,0.03800543397665024,0,10
39,0.07214172184467316,0.05126100778579712,0,10
40,0.07238645851612091,0.04543693736195564,0,10
41,0.07114416360855103,0.028530512005090714,0,10
42,0.07222632318735123,0.05072334036231041,0,10
43,0.07129652798175812,0.05572358891367912,0,10
44,0.07256960868835449,0.056203361600637436,0,10
45,0.07154656946659088,0.04863027110695839,0,10
46,0.07117115706205368,0.05500992015004158,0,10
47,0.07131598889827728,0.05151068791747093,0,10
48,0.07179088145494461,0.05502871796488762,0,10
49,0.07156582176685333,0.04408930987119675,0,10
50,0.0714396983385086,0.049323659390211105,0,10
51,0.07236989587545395,0.03995098918676376,0,10
52,0.07168477773666382,0.039716314524412155,0,10
53,0.07192924618721008,0.049118686467409134,0,10
0,0.07087655365467072,0.07087656855583191,0,10
1,0.07156771421432495,0.07156773656606674,0,10
2,0.0721515491604805,0.048184867948293686,0,10
3,0.07137075811624527,0.05488066002726555,0,10
4,0.07215551286935806,0.05105002596974373,0,10
5,0.0717138797044754,0.047831371426582336,0,10
6,0.07174631208181381,0.04525746777653694,0,10
7,0.07252150028944016,0.05656896531581879,0,10
8,0.07140593230724335,0.041243717074394226,0,10
9,0.07160797715187073,0.04021158069372177,0,10
10,0.07139238715171814,0.027286546304821968,0,10
11,0.07135571539402008,0.04990701749920845,0,10
12,0.0714070051908493,0.059618931263685226,0,10
13,0.07218773663043976,0.04267454147338867,0,10
14,0.07190166413784027,0.06324119865894318,0,10
15,0.07198639959096909,0.06619172543287277,0,10
16,0.07133832573890686,0.042203497141599655,0,10
17,0.07227872312068939,0.05110807344317436,0,10
18,0.07155158370733261,0.05462220683693886,0,10
19,0.07235746085643768,0.06156681850552559,0,10
20,0.07215187698602676,0.040218889713287354,0,10
21,0.07237949222326279,0.06158212199807167,0,10
22,0.07199887186288834,0.05010100081562996,0,10
23,0.07138901948928833,0.04989837110042572,0,10
24,0.07219228148460388,0.04181710258126259,0,10
25,0.07144517451524734,0.055416107177734375,0,10
26,0.0722508504986763,0.051199719309806824,0,10
27,0.07189119607210159,0.04907036945223808,0,10
28,0.0723142996430397,0.058259252458810806,0,10
29,0.07131503522396088,0.040041208267211914,0,10
30,0.0721660852432251,0.03229695186018944,0,10
31,0.07249586284160614,0.046183861792087555,0,10
32,0.07200808078050613,0.0612146332859993,0,10
33,0.07193256169557571,0.05353483557701111,0,10
34,0.07117879390716553,0.05845481902360916,0,10
35,0.07240797579288483,0.0622171089053154,0,10
36,0.07199879735708237,0.05605055391788483,0,10
37,0.07175885140895844,0.05640856549143791,0,10
38,0.07214292138814926,0.053149640560150146,0,10
39,0.07214172184467316,0.04700958728790283,0,10
40,0.07238645851612091,0.04648403078317642,0,10
41,0.07114416360855103,0.06436221301555634,0,10
42,0.07222632318735123,0.050760503858327866,0,10
43,0.07129652798175812,0.05356208607554436,0,10
44,0.07256960868835449,0.04080667346715927,0,10
45,0.07154656946659088,0.042013999074697495,0,10
46,0.07117115706205368,0.05328342318534851,0,10
47,0.07131598889827728,0.04868753254413605,0,10
48,0.07179088145494461,0.04784484580159187,0,10
49,0.07156582176685333,0.04990465193986893,0,10
50,0.0714396983385086,0.03984564170241356,0,10
51,0.07236989587545395,0.05260920524597168,0,10
52,0.07168477773666382,0.03862779960036278,0,10
53,0.07192924618721008,0.030568543821573257,0,10
54,0.0721486434340477,0.05461522936820984,0,10
0,0.07087655365467072,0.07087656855583191,0,10
1,0.07156771421432495,0.07156771421432495,0,10
2,0.0721515491604805,0.06496649980545044,0,10
3,0.07137075811624527,0.044373493641614914,0,10
4,0.07215551286935806,0.05049299821257591,0,10
5,0.0717138797044754,0.044947873800992966,0,10
6,0.07174631208181381,0.06333519518375397,0,10
7,0.07252150028944016,0.05149254947900772,0,10
8,0.07140593230724335,0.05240744724869728,0,10
9,0.07160797715187073,0.06647782027721405,0,10
10,0.07139238715171814,0.0540006123483181,0,10
11,0.07135571539402008,0.035078637301921844,0,10
12,0.0714070051908493,0.028835423290729523,0,10
13,0.07218773663043976,0.04676871374249458,0,10
14,0.07190166413784027,0.04295536130666733,0,10
15,0.07198639959096909,0.03535250201821327,0,10
16,0.07133832573890686,0.047469962388277054,0,10
17,0.07227872312068939,0.050068121403455734,0,10
18,0.07155158370733261,0.05759912729263306,0,10
19,0.07235746085643768,0.05058693140745163,0,10
20,0.07215187698602676,0.05026723071932793,0,10
21,0.07237949222326279,0.052030131220817566,0,10
22,0.07199887186288834,0.04818238317966461,0,10
23,0.07138901948928833,0.05477595701813698,0,10
24,0.07219228148460388,0.05177485942840576,0,10
25,0.07144517451524734,0.060783758759498596,0,10
26,0.0722508504986763,0.05563419312238693,0,10
27,0.07189119607210159,0.05689461901783943,0,10
28,0.0723142996430397,0.044533491134643555,0,10
29,0.07131503522396088,0.050242841243743896,0,10
30,0.0721660852432251,0.055575013160705566,0,10
31,0.07249586284160614,0.05693839117884636,0,10
32,0.07200808078050613,0.06561577320098877,0,10
33,0.07193256169557571,0.06720194220542908,0,10
34,0.07117879390716553,0.033554282039403915,0,10
35,0.07240797579288483,0.05519028753042221,0,10
36,0.07199879735708237,0.049912869930267334,0,10
37,0.07175885140895844,0.058477599173784256,0,10
38,0.07214292138814926,0.05185386538505554,0,10
39,0.07214172184467316,0.05009302496910095,0,10
40,0.07238645851612091,0.04501610994338989,0,10
41,0.07114416360855103,0.051709771156311035,0,10
42,0.07222632318735123,0.052785564213991165,0,10
43,0.07129652798175812,0.04339268431067467,0,10
44,0.07256960868835449,0.05407275632023811,0,10
45,0.07154656946659088,0.050297774374485016,0,10
46,0.07117115706205368,0.04071496054530144,0,10
47,0.07131598889827728,0.04993337392807007,0,10
48,0.07179088145494461,0.04265189915895462,0,10
49,0.07156582176685333,0.03451972454786301,0,10
50,0.0714396983385086,0.03791548311710358,0,10
51,0.07236989587545395,0.05329263210296631,0,10
52,0.07168477773666382,0.057600196450948715,0,10
53,0.07192924618721008,0.06160163879394531,0,10
54,0.0721486434340477,0.04906034469604492,0,10
55,0.07150884717702866,0.03484167158603668,0,10
0,0.07087655365467072,0.07087656855583191,0,10
1,0.07156771421432495,0.07156771421432495,0,10
2,0.0721515491604805,0.0377143993973732,0,10
3,0.07137075811624527,0.044724464416503906,0,10
4,0.07215551286935806,0.0640377402305603,0,10
5,0.0717138797044754,0.04821071773767471,0,10
6,0.07174631208181381,0.04399949312210083,0,10
7,0.07252150028944016,0.04883267730474472,0,10
8,0.07140593230724335,0.05038674548268318,0,10
9,0.07160797715187073,0.05443969741463661,0,10
10,0.07139238715171814,0.06532610207796097,0,10
11,0.07135571539402008,0.0370623804628849,0,10
12,0.0714070051908493,0.03112523816525936,0,10
13,0.07218773663043976,0.06657061725854874,0,10
14,0.07190166413784027,0.056224554777145386,0,10
15,0.07198639959096909,0.04834681749343872,0,10
16,0.07133832573890686,0.05881638824939728,0,10
17,0.07227872312068939,0.05606459453701973,0,10
18,0.07155158370733261,0.04966448247432709,0,10
19,0.07235746085643768,0.053772926330566406,0,10
20,0.07215187698602676,0.06336648017168045,0,10
21,0.07237949222326279,0.048238079994916916,0,10
22,0.07199887186288834,0.02479816973209381,0,10
23,0.07138901948928833,0.047995273023843765,0,10
24,0.07219228148460388,0.06111876666545868,0,10
25,0.07144517451524734,0.050971150398254395,0,10
26,0.0722508504986763,0.046554263681173325,0,10
27,0.07189119607210159,0.05501832813024521,0,10
28,0.0723142996430397,0.04747290164232254,0,10
29,0.07131503522396088,0.039343416690826416,0,10
30,0.0721660852432251,0.043846867978572845,0,10
31,0.07249586284160614,0.057575758546590805,0,10
32,0.07200808078050613,0.03852250427007675,0,10
33,0.07193256169557571,0.049921244382858276,0,10
34,0.07117879390716553,0.0460343174636364,0,10
35,0.07240797579288483,0.05885809659957886,0,10
36,0.07199879735708237,0.05219395086169243,0,10
37,0.07175885140895844,0.06013794615864754,0,10
38,0.07214292138814926,0.0632745698094368,0,10
39,0.07214172184467316,0.05798668414354324,0,10
40,0.07238645851612091,0.037172235548496246,0,10
41,0.07114416360855103,0.04091595858335495,0,10
42,0.07222632318735123,0.034379202872514725,0,10
43,0.07129652798175812,0.05290330946445465,0,10
44,0.07256960868835449,0.05242806673049927,0,10
45,0.07154656946659088,0.0515524223446846,0,10
46,0.07117115706205368,0.047742389142513275,0,10
47,0.07131598889827728,0.05135836452245712,0,10
48,0.07179088145494461,0.05909016355872154,0,10
49,0.07156582176685333,0.04681531712412834,0,10
50,0.0714396983385086,0.05942587926983833,0,10
51,0.07236989587545395,0.06262113153934479,0,10
52,0.07168477773666382,0.05405186861753464,0,10
53,0.07192924618721008,0.049300823360681534,0,10
54,0.0721486434340477,0.05472575128078461,0,10
55,0.07150884717702866,0.051528047770261765,0,10
56,0.07117826491594315,0.05882963538169861,0,10
0,0.07087655365467072,0.07087656110525131,0,10
1,0.07156771421432495,0.07156771421432495,0,10
2,0.0721515491604805,0.04815516620874405,0,10
3,0.07137075811624527,0.02291053533554077,0,10
4,0.07215551286935806,0.042203161865472794,0,10
5,0.0717138797044754,0.051321566104888916,0,10
6,0.07174631208181381,0.05217084661126137,0,10
7,0.07252150028944016,0.048036281019449234,0,10
8,0.07140593230724335,0.03155585378408432,0,10
9,0.07160797715187073,0.05711245536804199,0,10
10,0.07139238715171814,0.04361343011260033,0,10
11,0.07135571539402008,0.054776631295681,0,10
12,0.0714070051908493,0.04983346164226532,0,10
13,0.07218773663043976,0.061046067625284195,0,10
14,0.07190166413784027,0.05240054056048393,0,10
15,0.07198639959096909,0.03370453044772148,0,10
16,0.07133832573890686,0.04508981481194496,0,10
17,0.07227872312068939,0.06286736577749252,0,10
18,0.07155158370733261,0.0522121787071228,0,10
19,0.07235746085643768,0.04505813121795654,0,10
20,0.07215187698602676,0.03506576269865036,0,10
21,0.07237949222326279,0.04838644713163376,0,10
22,0.07199887186288834,0.05658421665430069,0,10
23,0.07138901948928833,0.048662543296813965,0,10
24,0.07219228148460388,0.05242723226547241,0,10
25,0.07144517451524734,0.04704272747039795,0,10
26,0.0722508504986763,0.055680353194475174,0,10
27,0.07189119607210159,0.04722108691930771,0,10
28,0.0723142996430397,0.05543188378214836,0,10
29,0.07131503522396088,0.03718402981758118,0,10
30,0.0721660852432251,0.037683311849832535,0,10
31,0.07249586284160614,0.053826332092285156,0,10
32,0.07200808078050613,0.06225387379527092,0,10
33,0.07193256169557571,0.06402930617332458,0,10
34,0.07117879390716553,0.0424891822040081,0,10
35,0.07240797579288483,0.04063420370221138,0,10
36,0.07199879735708237,0.05653959512710571,0,10
37,0.07175885140895844,0.05381614342331886,0,10
38,0.07214292138814926,0.049487948417663574,0,10
39,0.07214172184467316,0.05278967320919037,0,10
40,0.07238645851612091,0.027058018371462822,0,10
41,0.07114416360855103,0.04637864604592323,0,10
42,0.07222632318735123,0.05676937848329544,0,10
43,0.07129652798175812,0.034469541162252426,0,10
44,0.07256960868835449,0.04855424165725708,0,10
45,0.07154656946659088,0.05113255977630615,0,10
46,0.07117115706205368,0.06175382435321808,0,10
47,0.07131598889827728,0.04874838888645172,0,10
48,0.07179088145494461,0.05001826956868172,0,10
49,0.07156582176685333,0.043810781091451645,0,10
50,0.0714396983385086,0.051442794501781464,0,10
51,0.07236989587545395,0.04161170870065689,0,10
52,0.07168477773666382,0.049123287200927734,0,10
53,0.07192924618721008,0.05443660914897919,0,10
54,0.0721486434340477,0.0444902628660202,0,10
55,0.07150884717702866,0.046431124210357666,0,10
56,0.07117826491594315,0.05360304191708565,0,10
57,0.0716928094625473,0.05248141288757324,0,10
0,0.07087655365467072,0.0708765760064125,0,10
1,0.07156771421432495,0.07156771421432495,0,10
2,0.0721515491604805,0.04460904747247696,0,10
3,0.07137075811624527,0.05481358990073204,0,10
4,0.07215551286935806,0.05295570567250252,0,10
5,0.0717138797044754,0.05194636061787605,0,10
6,0.07174631208181381,0.030949218198657036,0,10
7,0.07252150028944016,0.047839559614658356,0,10
8,0.07140593230724335,0.054033517837524414,0,10
9,0.07160797715187073,0.04002046212553978,0,10
10,0.07139238715171814,0.04855620861053467,0,10
11,0.07135571539402008,0.06195775046944618,0,10
12,0.0714070051908493,0.05298773571848869,0,10
13,0.07218773663043976,0.048652250319719315,0,10
14,0.07190166413784027,0.03110950067639351,0,10
15,0.07198639959096909,0.05245929956436157,0,10
16,0.07133832573890686,0.04630906134843826,0,10
17,0.07227872312068939,0.06283768266439438,0,10
18,0.07155158370733261,0.05830496549606323,0,10
19,0.07235746085643768,0.04821678623557091,0,10
20,0.07215187698602676,0.05824055150151253,0,10
21,0.07237949222326279,0.04811592772603035,0,10
22,0.07199887186288834,0.061449144035577774,0,10
23,0.07138901948928833,0.053746871650218964,0,10
24,0.07219228148460388,0.060861073434352875,0,10
25,0.07144517451524734,0.04892545938491821,0,10
26,0.0722508504986763,0.05001787841320038,0,10
27,0.07189119607210159,0.042540017515420914,0,10
28,0.0723142996430397,0.06383860856294632,0,10
29,0.07131503522396088,0.05286538228392601,0,10
30,0.0721660852432251,0.05094313621520996,0,10
31,0.07249586284160614,0.05107858031988144,0,10
32,0.07200808078050613,0.03329460322856903,0,10
33,0.07193256169557571,0.06343594938516617,0,10
34,0.07117879390716553,0.05673571303486824,0,10
35,0.07240797579288483,0.05900498107075691,0,10
36,0.07199879735708237,0.06207092106342316,0,10
37,0.07175885140895844,0.05360023304820061,0,10
38,0.07214292138814926,0.044261544942855835,0,10
39,0.07214172184467316,0.053886931389570236,0,10
40,0.07238645851612091,0.05468589439988136,0,10
41,0.07114416360855103,0.05341893434524536,0,10
42,0.07222632318735123,0.0505368709564209,0,10
43,0.07129652798175812,0.04338926076889038,0,10
44,0.07256960868835449,0.04409819841384888,0,10
45,0.07154656946659088,0.05385744571685791,0,10
46,0.07117115706205368,0.0444769449532032,0,10
47,0.07131598889827728,0.03647434711456299,0,10
48,0.07179088145494461,0.0517570786178112,0,10
49,0.07156582176685333,0.03789190202951431,0,10
50,0.0714396983385086,0.053705424070358276,0,10
51,0.07236989587545395,0.045473773032426834,0,10
52,0.07168477773666382,0.03522126376628876,0,10
53,0.07192924618721008,0.026987068355083466,0,10
54,0.0721486434340477,0.03635832294821739,0,10
55,0.07150884717702866,0.037441931664943695,0,10
56,0.07117826491594315,0.05096559226512909,0,10
57,0.0716928094625473,0.054094526916742325,0,10
58,0.07159855961799622,0.0589652843773365,0,10
0,0.07087655365467072,0.07087656855583191,0,10
1,0.07156771421432495,0.07156771421432495,0,10
2,0.0721515491604805,0.0507197380065918,0,10
3,0.07137075811624527,0.055561382323503494,0,10
4,0.07215551286935806,0.046083152294158936,0,10
5,0.0717138797044754,0.04993782564997673,0,10
6,0.07174631208181381,0.05243575572967529,0,10
7,0.07252150028944016,0.06410375237464905,0,10
8,0.07140593230724335,0.055173300206661224,0,10
9,0.07160797715187073,0.05074838176369667,0,10
10,0.07139238715171814,0.04913686588406563,0,10
11,0.07135571539402008,0.06496527045965195,0,10
12,0.0714070051908493,0.053262367844581604,0,10
13,0.07218773663043976,0.05101323127746582,0,10
14,0.07190166413784027,0.056412555277347565,0,10
15,0.07198639959096909,0.05387051776051521,0,10
16,0.07133832573890686,0.03214958682656288,0,10
17,0.07227872312068939,0.04451432824134827,0,10
18,0.07155158370733261,0.05393916368484497,0,10
19,0.07235746085643768,0.05276942253112793,0,10
20,0.07215187698602676,0.04935881495475769,0,10
21,0.07237949222326279,0.04387951269745827,0,10
22,0.07199887186288834,0.05107259750366211,0,10
23,0.07138901948928833,0.06225789710879326,0,10
24,0.07219228148460388,0.054275453090667725,0,10
25,0.07144517451524734,0.05303382873535156,0,10
26,0.0722508504986763,0.051723722368478775,0,10
27,0.07189119607210159,0.04580540210008621,0,10
28,0.0723142996430397,0.027763720601797104,0,10
29,0.07131503522396088,0.03992697596549988,0,10
30,0.0721660852432251,0.0376933254301548,0,10
31,0.07249586284160614,0.053127873688936234,0,10
32,0.07200808078050613,0.05260598659515381,0,10
33,0.07193256169557571,0.05532369017601013,0,10
34,0.07117879390716553,0.04782754182815552,0,10
35,0.07240797579288483,0.05547011271119118,0,10
36,0.07199879735708237,0.03622710332274437,0,10
37,0.07175885140895844,0.039628393948078156,0,10
38,0.07214292138814926,0.04514389857649803,0,10
39,0.07214172184467316,0.040527671575546265,0,10
40,0.07238645851612091,0.061821214854717255,0,10
41,0.07114416360855103,0.0565650500357151,0,10
42,0.07222632318735123,0.05782758817076683,0,10
43,0.07129652798175812,0.0412735752761364,0,10
44,0.07256960868835449,0.05064903199672699,0,10
45,0.07154656946659088,0.04920468106865883,0,10
46,0.07117115706205368,0.0555189847946167,0,10
47,0.07131598889827728,0.05390717089176178,0,10
48,0.07179088145494461,0.04645057022571564,0,10
49,0.07156582176685333,0.060565389692783356,0,10
50,0.0714396983385086,0.05814088508486748,0,10
51,0.07236989587545395,0.04137704521417618,0,10
52,0.07168477773666382,0.0448395200073719,0,10
53,0.07192924618721008,0.04600968584418297,0,10
54,0.0721486434340477,0.0671951174736023,0,10
55,0.07150884717702866,0.04435409605503082,0,10
56,0.07117826491594315,0.046011120080947876,0,10
57,0.0716928094625473,0.050296127796173096,0,10
58,0.07159855961799622,0.061160653829574585,0,10
59,0.07170885801315308,0.05851973220705986,0,10
0,0.07087655365467072,0.07087656855583191,0,10
1,0.07156771421432495,0.07156771421432495,0,10
2,0.0721515491604805,0.054001130163669586,0,10
3,0.07137075811624527,0.05703619867563248,0,10
4,0.07215551286935806,0.04913302883505821,0,10
5,0.0717138797044754,0.04883108288049698,0,10
6,0.07174631208181381,0.04717302322387695,0,10
7,0.07252150028944016,0.05748147517442703,0,10
8,0.07140593230724335,0.03036591224372387,0,10
9,0.07160797715187073,0.05233883857727051,0,10
10,0.07139238715171814,0.04135473817586899,0,10
11,0.07135571539402008,0.04397192969918251,0,10
12,0.0714070051908493,0.03994160145521164,0,10
13,0.07218773663043976,0.05802033841609955,0,10
14,0.07190166413784027,0.049493711441755295,0,10
15,0.07198639959096909,0.051370613276958466,0,10
16,0.07133832573890686,0.04665917903184891,0,10
17,0.07227872312068939,0.04233621060848236,0,10
18,0.07155158370733261,0.0529019832611084,0,10
19,0.07235746085643768,0.044541653245687485,0,10
20,0.07215187698602676,0.06133598834276199,0,10
21,0.07237949222326279,0.04850994423031807,0,10
22,0.07199887186288834,0.04437335208058357,0,10
23,0.07138901948928833,0.05214739963412285,0,10
24,0.07219228148460388,0.05380408838391304,0,10
25,0.07144517451524734,0.04799757897853851,0,10
26,0.0722508504986763,0.0517362616956234,0,10
27,0.07189119607210159,0.057006850838661194,0,10
28,0.0723142996430397,0.04212753474712372,0,10
29,0.07131503522396088,0.04081648215651512,0,10
30,0.0721660852432251,0.05779648944735527,0,10
31,0.07249586284160614,0.05706994608044624,0,10
32,0.07200808078050613,0.04500798508524895,0,10
33,0.07193256169557571,0.052226487547159195,0,10
34,0.07117879390716553,0.046564556658267975,0,10
35,0.07240797579288483,0.05103151872754097,0,10
36,0.07199879735708237,0.029280416667461395,0,10
37,0.07175885140895844,0.029011225327849388,0,10
38,0.07214292138814926,0.0348823182284832,0,10
39,0.07214172184467316,0.05294489860534668,0,10
40,0.07238645851612091,0.03512270748615265,0,10
41,0.07114416360855103,0.057462915778160095,0,10
42,0.07222632318735123,0.0513797402381897,0,10
43,0.07129652798175812,0.03446809947490692,0,10
44,0.07256960868835449,0.03335363417863846,0,10
45,0.07154656946659088,0.04856056347489357,0,10
46,0.07117115706205368,0.048867933452129364,0,10
47,0.07131598889827728,0.05919599533081055,0,10
48,0.07179088145494461,0.056521788239479065,0,10
49,0.07156582176685333,0.061113037168979645,0,10
50,0.0714396983385086,0.05875205621123314,0,10
51,0.07236989587545395,0.05828849971294403,0,10
52,0.07168477773666382,0.05104202777147293,0,10
53,0.07192924618721008,0.0526481568813324,0,10
54,0.0721486434340477,0.04830557480454445,0,10
55,0.07150884717702866,0.06438077241182327,0,10
56,0.07117826491594315,0.03381037712097168,0,10
57,0.0716928094625473,0.05515209212899208,0,10
58,0.07159855961799622,0.05435860529541969,0,10
59,0.07170885801315308,0.037865277379751205,0,10
60,0.07141821831464767,0.05003488063812256,0,10
0,0.07087655365467072,0.07087656110525131,0,10
1,0.07156771421432495,0.07156771421432495,0,10
2,0.0721515491604805,0.04672859236598015,0,10
3,0.07137075811624527,0.048564717173576355,0,10
4,0.07215551286935806,0.048003554344177246,0,10
5,0.0717138797044754,0.0556713342666626,0,10
6,0.07174631208181381,0.033642444759607315,0,10
7,0.07252150028944016,0.04569055140018463,0,10
8,0.07140593230724335,0.05641758441925049,0,10
9,0.07160797715187073,0.05626118928194046,0,10
10,0.07139238715171814,0.05184858664870262,0,10
11,0.07135571539402008,0.029014836996793747,0,10
12,0.0714070051908493,0.052089132368564606,0,10
13,0.07218773663043976,0.05165886878967285,0,10
14,0.07190166413784027,0.06281808018684387,0,10
15,0.07198639959096909,0.0625435933470726,0,10
16,0.07133832573890686,0.05390096828341484,0,10
17,0.07227872312068939,0.05737318843603134,0,10
18,0.07155158370733261,0.05296069383621216,0,10
19,0.07235746085643768,0.04719257354736328,0,10
20,0.07215187698602676,0.05535677447915077,0,10
21,0.07237949222326279,0.054794084280729294,0,10
22,0.07199887186288834,0.05583619698882103,0,10
23,0.07138901948928833,0.03446154296398163,0,10
24,0.07219228148460388,0.026876743882894516,0,10
25,0.07144517451524734,0.0528276227414608,0,10
26,0.0722508504986763,0.04797298461198807,0,10
27,0.07189119607210159,0.040982503443956375,0,10
28,0.0723142996430397,0.05600273981690407,0,10
29,0.07131503522396088,0.054213132709264755,0,10
30,0.0721660852432251,0.05416972190141678,0,10
31,0.07249586284160614,0.04883265122771263,0,10
32,0.07200808078050613,0.03866155818104744,0,10
33,0.07193256169557571,0.05153680965304375,0,10
34,0.07117879390716553,0.051126834005117416,0,10
35,0.07240797579288483,0.047115158289670944,0,10
36,0.07199879735708237,0.045501552522182465,0,10
37,0.07175885140895844,0.0475931353867054,0,10
38,0.07214292138814926,0.05565088987350464,0,10
39,0.07214172184467316,0.052435457706451416,0,10
40,0.07238645851612091,0.04767483472824097,0,10
41,0.07114416360855103,0.040891993790864944,0,10
42,0.07222632318735123,0.05254298448562622,0,10
43,0.07129652798175812,0.04969852790236473,0,10
44,0.07256960868835449,0.049250464886426926,0,10
45,0.07154656946659088,0.06761112809181213,0,10
46,0.07117115706205368,0.06420011073350906,0,10
47,0.07131598889827728,0.032076675444841385,0,10
48,0.07179088145494461,0.04836925119161606,0,10
49,0.07156582176685333,0.054665014147758484,0,10
50,0.0714396983385086,0.03953900188207626,0,10
51,0.07236989587545395,0.04635167121887207,0,10
52,0.07168477773666382,0.03496311977505684,0,10
53,0.07192924618721008,0.05296754091978073,0,10
54,0.0721486434340477,0.05767027288675308,0,10
55,0.07150884717702866,0.04997311532497406,0,10
56,0.07117826491594315,0.05079013854265213,0,10
57,0.0716928094625473,0.04807335138320923,0,10
58,0.07159855961799622,0.04056483134627342,0,10
59,0.07170885801315308,0.0552060604095459,0,10
60,0.07141821831464767,0.062279943376779556,0,10
61,0.0723329484462738,0.04398731142282486,0,10
0,0.07087655365467072,0.0708765760064125,0,10
1,0.07156771421432495,0.07156771421432495,0,10
2,0.0721515491604805,0.03792440518736839,0,10
3,0.07137075811624527,0.035820528864860535,0,10
4,0.07215551286935806,0.06597251445055008,0,10
5,0.0717138797044754,0.0305394995957613,0,10
6,0.07174631208181381,0.05128386616706848,0,10
7,0.07252150028944016,0.05739432945847511,0,10
8,0.07140593230724335,0.04552486538887024,0,10
9,0.07160797715187073,0.04185949265956879,0,10
10,0.07139238715171814,0.04641399905085564,0,10
11,0.07135571539402008,0.05256788805127144,0,10
12,0.0714070051908493,0.040265586227178574,0,10
13,0.07218773663043976,0.04819536209106445,0,10
14,0.07190166413784027,0.042214535176754,0,10
15,0.07198639959096909,0.06074971333146095,0,10
16,0.07133832573890686,0.054978664964437485,0,10
17,0.07227872312068939,0.03384236618876457,0,10
18,0.07155158370733261,0.0546991229057312,0,10
19,0.07235746085643768,0.040011338889598846,0,10
20,0.07215187698602676,0.04053507745265961,0,10
21,0.07237949222326279,0.034753747284412384,0,10
22,0.07199887186288834,0.030367536470294,0,10
23,0.07138901948928833,0.06103726103901863,0,10
24,0.07219228148460388,0.05753185972571373,0,10
25,0.07144517451524734,0.06081957742571831,0,10
26,0.0722508504986763,0.05210469290614128,0,10
27,0.07189119607210159,0.03976675868034363,0,10
28,0.0723142996430397,0.06123872846364975,0,10
29,0.07131503522396088,0.05289701744914055,0,10
30,0.0721660852432251,0.0634569302201271,0,10
31,0.07249586284160614,0.04862900450825691,0,10
32,0.07200808078050613,0.052257832139730453,0,10
33,0.07193256169557571,0.06687983870506287,0,10
34,0.07117879390716553,0.05382565036416054,0,10
35,0.07240797579288483,0.052509889006614685,0,10
36,0.07199879735708237,0.05630185827612877,0,10
37,0.07175885140895844,0.05328211933374405,0,10
38,0.07214292138814926,0.041091639548540115,0,10
39,0.07214172184467316,0.04925799369812012,0,10
40,0.07238645851612091,0.035586562007665634,0,10
41,0.07114416360855103,0.049997951835393906,0,10
42,0.07222632318735123,0.05208737403154373,0,10
43,0.07129652798175812,0.05285748466849327,0,10
44,0.07256960868835449,0.04087316617369652,0,10
45,0.07154656946659088,0.03672424331307411,0,10
46,0.07117115706205368,0.05025836452841759,0,10
47,0.07131598889827728,0.06207313388586044,0,10
48,0.07179088145494461,0.03587472438812256,0,10
49,0.07156582176685333,0.04962736368179321,0,10
50,0.0714396983385086,0.05486757680773735,0,10
51,0.07236989587545395,0.05117124319076538,0,10
52,0.07168477773666382,0.048642583191394806,0,10
53,0.07192924618721008,0.051569972187280655,0,10
54,0.0721486434340477,0.04432399943470955,0,10
55,0.07150884717702866,0.059395384043455124,0,10
56,0.07117826491594315,0.044299621134996414,0,10
57,0.0716928094625473,0.05975070968270302,0,10
58,0.07159855961799622,0.036024801433086395,0,10
59,0.07170885801315308,0.04808264598250389,0,10
60,0.07141821831464767,0.05364567041397095,0,10
61,0.0723329484462738,0.05301975458860397,0,10
62,0.07188060879707336,0.04148353636264801,0,10
0,0.07087655365467072,0.07087656855583191,0,10
1,0.07156771421432495,0.07156771421432495,0,10
2,0.0721515491604805,0.050524771213531494,0,10
3,0.07137075811624527,0.0467868447303772,0,10
4,0.07215551286935806,0.062337979674339294,0,10
5,0.0717138797044754,0.06503526866436005,0,10
6,0.07174631208181381,0.038244038820266724,0,10
7,0.07252150028944016,0.056660279631614685,0,10
8,0.07140593230724335,0.04230481758713722,0,10
9,0.07160797715187073,0.0434173084795475,0,10
10,0.07139238715171814,0.04177902266383171,0,10
11,0.07135571539402008,0.05443905293941498,0,10
12,0.0714070051908493,0.047386329621076584,0,10
13,0.07218773663043976,0.04955022409558296,0,10
14,0.07190166413784027,0.044023480266332626,0,10
15,0.07198639959096909,0.04875761270523071,0,10
16,0.07133832573890686,0.06500285118818283,0,10
17,0.07227872312068939,0.04261816293001175,0,10
18,0.07155158370733261,0.048875272274017334,0,10
19,0.07235746085643768,0.04510122537612915,0,10
20,0.07215187698602676,0.06361791491508484,0,10
21,0.07237949222326279,0.04917972907423973,0,10
22,0.07199887186288834,0.0444687083363533,0,10
23,0.07138901948928833,0.05928339436650276,0,10
24,0.07219228148460388,0.04443052411079407,0,10
25,0.07144517451524734,0.05256485939025879,0,10
26,0.0722508504986763,0.05106446146965027,0,10
27,0.07189119607210159,0.03829338774085045,0,10
28,0.0723142996430397,0.047055549919605255,0,10
29,0.07131503522396088,0.05007743835449219,0,10
30,0.0721660852432251,0.053215742111206055,0,10
31,0.07249586284160614,0.046078313142061234,0,10
32,0.07200808078050613,0.04324084520339966,0,10
33,0.07193256169557571,0.06315110623836517,0,10
34,0.07117879390716553,0.05226530134677887,0,10
35,0.07240797579288483,0.04428410157561302,0,10
36,0.07199879735708237,0.03316635638475418,0,10
37,0.07175885140895844,0.0496918223798275,0,10
38,0.07214292138814926,0.0314059816300869,0,10
39,0.07214172184467316,0.05856288969516754,0,10
40,0.07238645851612091,0.044183045625686646,0,10
41,0.07114416360855103,0.040234439074993134,0,10
42,0.07222632318735123,0.0600355863571167,0,10
43,0.07129652798175812,0.049059558659791946,0,10
44,0.07256960868835449,0.04845181107521057,0,10
45,0.07154656946659088,0.05816499516367912,0,10
46,0.07117115706205368,0.048609375953674316,0,10
47,0.07131598889827728,0.04393329098820686,0,10
48,0.07179088145494461,0.05376603081822395,0,10
49,0.07156582176685333,0.045469850301742554,0,10
50,0.0714396983385086,0.05591995641589165,0,10
51,0.07236989587545395,0.06029803678393364,0,10
52,0.07168477773666382,0.04748379811644554,0,10
53,0.07192924618721008,0.05987299606204033,0,10
54,0.0721486434340477,0.04796884208917618,0,10
55,0.07150884717702866,0.035373665392398834,0,10
56,0.07117826491594315,0.04769319295883179,0,10
57,0.0716928094625473,0.06125762313604355,0,10
58,0.07159855961799622,0.05667489022016525,0,10
59,0.07170885801315308,0.049374960362911224,0,10
60,0.07141821831464767,0.054734133183956146,0,10
61,0.0723329484462738,0.04354888200759888,0,10
62,0.07188060879707336,0.03526559844613075,0,10
63,0.07201052457094193,0.027002165094017982,0,10
0,0.07087655365467072,0.07087656110525131,0,10
1,0.07156771421432495,0.07156771421432495,0,10
2,0.0721515491604805,0.04966813325881958,0,10
3,0.07137075811624527,0.04709877818822861,0,10
4,0.07215551286935806,0.04752829670906067,0,10
5,0.0717138797044754,0.03469019755721092,0,10
6,0.07174631208181381,0.052842315286397934,0,10
7,0.07252150028944016,0.04469824582338333,0,10
8,0.07140593230724335,0.047587040811777115,0,10
9,0.07160797715187073,0.04410501569509506,0,10
10,0.07139238715171814,0.051781415939331055,0,10
11,0.07135571539402008,0.04541737213730812,0,10
12,0.0714070051908493,0.03559105843305588,0,10
13,0.07218773663043976,0.03860074654221535,0,10
14,0.07190166413784027,0.04296546429395676,0,10
15,0.07198639959096909,0.05562756210565567,0,10
16,0.07133832573890686,0.03675480931997299,0,10
17,0.07227872312068939,0.0640874132514,0,10
18,0.07155158370733261,0.046341702342033386,0,10
19,0.07235746085643768,0.05331854894757271,0,10
20,0.07215187698602676,0.058127064257860184,0,10
21,0.07237949222326279,0.04061239957809448,0,10
22,0.07199887186288834,0.04714663699269295,0,10
23,0.07138901948928833,0.05179378390312195,0,10
24,0.07219228148460388,0.05662155523896217,0,10
25,0.07144517451524734,0.045510292053222656,0,10
26,0.0722508504986763,0.061581872403621674,0,10
27,0.07189119607210159,0.05566725507378578,0,10
28,0.0723142996430397,0.04838874936103821,0,10
29,0.07131503522396088,0.049719322472810745,0,10
30,0.0721660852432251,0.06758654862642288,0,10
31,0.07249586284160614,0.04918112978339195,0,10
32,0.07200808078050613,0.045228611677885056,0,10
33,0.07193256169557571,0.04918810352683067,0,10
34,0.07117879390716553,0.05230891704559326,0,10
35,0.07240797579288483,0.04312129318714142,0,10
36,0.07199879735708237,0.044334668666124344,0,10
37,0.07175885140895844,0.060723677277565,0,10
38,0.07214292138814926,0.05805610865354538,0,10
39,0.07214172184467316,0.0534902885556221,0,10
40,0.07238645851612091,0.058505862951278687,0,10
41,0.07114416360855103,0.04138841852545738,0,10
42,0.07222632318735123,0.049845173954963684,0,10
43,0.07129652798175812,0.04751026630401611,0,10
44,0.07256960868835449,0.04365595802664757,0,10
45,0.07154656946659088,0.06058037281036377,0,10
46,0.07117115706205368,0.04501253366470337,0,10
47,0.07131598889827728,0.03251350671052933,0,10
48,0.07179088145494461,0.055636413395404816,0,10
49,0.07156582176685333,0.04951844364404678,0,10
50,0.0714396983385086,0.0561501644551754,0,10
51,0.07236989587545395,0.04286390542984009,0,10
52,0.07168477773666382,0.03996598720550537,0,10
53,0.07192924618721008,0.05240301415324211,0,10
54,0.0721486434340477,0.052044112235307693,0,10
55,0.07150884717702866,0.030652277171611786,0,10
56,0.07117826491594315,0.05623510479927063,0,10
57,0.0716928094625473,0.05098932981491089,0,10
58,0.07159855961799622,0.0616891123354435,0,10
59,0.07170885801315308,0.04597580432891846,0,10
60,0.07141821831464767,0.04676414653658867,0,10
61,0.0723329484462738,0.0553930439054966,0,10
62,0.07188060879707336,0.04814837872982025,0,10
63,0.07201052457094193,0.06490488350391388,0,10
64,0.07255185395479202,0.02957681007683277,0,10
0,0.07087655365467072,0.0708765760064125,0,10
1,0.07156771421432495,0.07156771421432495,0,10
2,0.0721515491604805,0.0323512889444828,0,10
3,0.07137075811624527,0.030600471422076225,0,10
4,0.07215551286935806,0.04750502109527588,0,10
5,0.0717138797044754,0.02599135972559452,0,10
6,0.07174631208181381,0.028581799939274788,0,10
7,0.07252150028944016,0.05764712393283844,0,10
8,0.07140593230724335,0.049568261951208115,0,10
9,0.07160797715187073,0.03609825670719147,0,10
10,0.07139238715171814,0.04466758668422699,0,10
11,0.07135571539402008,0.06151774898171425,0,10
12,0.0714070051908493,0.05135168135166168,0,10
13,0.07218773663043976,0.06515379995107651,0,10
14,0.07190166413784027,0.05190157890319824,0,10
15,0.07198639959096909,0.06661923229694366,0,10
16,0.07133832573890686,0.05732109397649765,0,10
17,0.07227872312068939,0.036015164107084274,0,10
18,0.07155158370733261,0.05061597377061844,0,10
19,0.07235746085643768,0.05603878200054169,0,10
20,0.07215187698602676,0.031891655176877975,0,10
21,0.07237949222326279,0.05130136013031006,0,10
22,0.07199887186288834,0.04374079406261444,0,10
23,0.07138901948928833,0.050665438175201416,0,10
24,0.07219228148460388,0.0511200912296772,0,10
25,0.07144517451524734,0.056838274002075195,0,10
26,0.0722508504986763,0.0541502870619297,0,10
27,0.07189119607210159,0.060931503772735596,0,10
28,0.0723142996430397,0.04354584589600563,0,10
29,0.07131503522396088,0.05226348713040352,0,10
30,0.0721660852432251,0.06129519268870354,0,10
31,0.07249586284160614,0.037968892604112625,0,10
32,0.07200808078050613,0.03462972864508629,0,10
33,0.07193256169557571,0.04740700125694275,0,10
34,0.07117879390716553,0.0647163838148117,0,10
35,0.07240797579288483,0.047243792563676834,0,10
36,0.07199879735708237,0.05052078887820244,0,10
37,0.07175885140895844,0.05271703004837036,0,10
38,0.07214292138814926,0.04749661311507225,0,10
39,0.07214172184467316,0.05174130201339722,0,10
40,0.07238645851612091,0.05174608528614044,0,10
41,0.07114416360855103,0.05317329242825508,0,10
42,0.07222632318735123,0.05514374002814293,0,10
43,0.07129652798175812,0.0399574376642704,0,10
44,0.07256960868835449,0.0593702532351017,0,10
45,0.07154656946659088,0.05500740185379982,0,10
46,0.07117115706205368,0.055952586233615875,0,10
47,0.07131598889827728,0.05107766389846802,0,10
48,0.07179088145494461,0.05630813539028168,0,10
49,0.07156582176685333,0.05410860478878021,0,10
50,0.0714396983385086,0.05674147605895996,0,10
51,0.07236989587545395,0.059200532734394073,0,10
52,0.07168477773666382,0.04787127673625946,0,10
53,0.07192924618721008,0.04726523533463478,0,10
54,0.0721486434340477,0.048871565610170364,0,10
55,0.07150884717702866,0.059033092111349106,0,10
56,0.07117826491594315,0.05512971058487892,0,10
57,0.0716928094625473,0.051595091819763184,0,10
58,0.07159855961799622,0.05054742470383644,0,10
59,0.07170885801315308,0.03926987200975418,0,10
60,0.07141821831464767,0.05876782163977623,0,10
61,0.0723329484462738,0.0354771725833416,0,10
62,0.07188060879707336,0.05004121735692024,0,10
63,0.07201052457094193,0.05599973350763321,0,10
64,0.07255185395479202,0.03827669098973274,0,10
65,0.07255510240793228,0.057205796241760254,0,10
0,0.07087655365467072,0.07087656855583191,0,10
1,0.07156771421432495,0.07156771421432495,0,10
2,0.0721515491604805,0.04081246629357338,0,10
3,0.07137075811624527,0.05094531551003456,0,10
4,0.07215551286935806,0.06410659849643707,0,10
5,0.0717138797044754,0.06227387487888336,0,10
6,0.07174631208181381,0.05496823042631149,0,10
7,0.07252150028944016,0.044510580599308014,0,10
8,0.07140593230724335,0.04410684108734131,0,10
9,0.07160797715187073,0.05979590117931366,0,10
10,0.07139238715171814,0.039603229612112045,0,10
11,0.07135571539402008,0.06344447284936905,0,10
12,0.0714070051908493,0.06184839829802513,0,10
13,0.07218773663043976,0.046475790441036224,0,10
14,0.07190166413784027,0.03453107178211212,0,10
15,0.07198639959096909,0.05609983578324318,0,10
16,0.07133832573890686,0.053300708532333374,0,10
17,0.07227872312068939,0.051795121282339096,0,10
18,0.07155158370733261,0.057755112648010254,0,10
19,0.07235746085643768,0.05085693299770355,0,10
20,0.07215187698602676,0.03554271161556244,0,10
21,0.07237949222326279,0.06128266826272011,0,10
22,0.07199887186288834,0.05862675979733467,0,10
23,0.07138901948928833,0.05125391483306885,0,10
24,0.07219228148460388,0.05697737634181976,0,10
25,0.07144517451524734,0.060582470148801804,0,10
26,0.0722508504986763,0.04193950071930885,0,10
27,0.07189119607210159,0.055633705109357834,0,10
28,0.0723142996430397,0.05830777809023857,0,10
29,0.07131503522396088,0.05316871404647827,0,10
30,0.0721660852432251,0.04907645657658577,0,10
31,0.07249586284160614,0.06579414010047913,0,10
32,0.07200808078050613,0.05188089609146118,0,10
33,0.07193256169557571,0.04930683970451355,0,10
34,0.07117879390716553,0.03799361363053322,0,10
35,0.07240797579288483,0.05139569565653801,0,10
36,0.07199879735708237,0.03458186984062195,0,10
37,0.07175885140895844,0.0533602200448513,0,10
38,0.07214292138814926,0.05457884073257446,0,10
39,0.07214172184467316,0.049839675426483154,0,10
40,0.07238645851612091,0.04406282305717468,0,10
41,0.07114416360855103,0.05546462535858154,0,10
42,0.07222632318735123,0.048257529735565186,0,10
43,0.07129652798175812,0.04664403945207596,0,10
44,0.07256960868835449,0.03412054106593132,0,10
45,0.07154656946659088,0.058949101716279984,0,10
46,0.07117115706205368,0.03985249251127243,0,10
47,0.07131598889827728,0.039923518896102905,0,10
48,0.07179088145494461,0.03251568600535393,0,10
49,0.07156582176685333,0.04960143566131592,0,10
50,0.0714396983385086,0.05075494945049286,0,10
51,0.07236989587545395,0.029495585709810257,0,10
52,0.07168477773666382,0.05714065209031105,0,10
53,0.07192924618721008,0.05663524195551872,0,10
54,0.0721486434340477,0.03613228350877762,0,10
55,0.07150884717702866,0.04885953664779663,0,10
56,0.07117826491594315,0.04895138740539551,0,10
57,0.0716928094625473,0.05685311555862427,0,10
58,0.07159855961799622,0.033996812999248505,0,10
59,0.07170885801315308,0.048724640160799026,0,10
60,0.07141821831464767,0.03825295716524124,0,10
61,0.0723329484462738,0.05645110458135605,0,10
62,0.07188060879707336,0.04882315546274185,0,10
63,0.07201052457094193,0.05015953257679939,0,10
64,0.07255185395479202,0.05202537775039673,0,10
65,0.07255510240793228,0.051954999566078186,0,10
66,0.07117289304733276,0.061772268265485764,0,10
0,0.07087655365467072,0.07087656855583191,0,10
1,0.07156771421432495,0.07156771421432495,0,10
2,0.0721515491604805,0.05483050271868706,0,10
3,0.07137075811624527,0.04641750082373619,0,10
4,0.07215551286935806,0.04706427454948425,0,10
5,0.0717138797044754,0.05562963709235191,0,10
6,0.07174631208181381,0.04663233086466789,0,10
7,0.07252150028944016,0.03748607635498047,0,10
8,0.07140593230724335,0.05199545621871948,0,10
9,0.07160797715187073,0.03897517919540405,0,10
10,0.07139238715171814,0.054368697106838226,0,10
11,0.07135571539402008,0.0632031261920929,0,10
12,0.0714070051908493,0.06182891130447388,0,10
13,0.07218773663043976,0.05603398010134697,0,10
14,0.07190166413784027,0.0628833994269371,0,10
15,0.07198639959096909,0.06439587473869324,0,10
16,0.07133832573890686,0.06174420192837715,0,10
17,0.07227872312068939,0.05108048766851425,0,10
18,0.07155158370733261,0.0589526891708374,0,10
19,0.07235746085643768,0.0554276704788208,0,10
20,0.07215187698602676,0.03742382675409317,0,10
21,0.07237949222326279,0.0453028678894043,0,10
22,0.07199887186288834,0.05120014026761055,0,10
23,0.07138901948928833,0.03770296275615692,0,10
24,0.07219228148460388,0.0307516660541296,0,10
25,0.07144517451524734,0.046193528920412064,0,10
26,0.0722508504986763,0.05994085595011711,0,10
27,0.07189119607210159,0.04358011484146118,0,10
28,0.0723142996430397,0.05337125062942505,0,10
29,0.07131503522396088,0.05288314446806908,0,10
30,0.0721660852432251,0.060267768800258636,0,10
31,0.07249586284160614,0.06531903147697449,0,10
32,0.07200808078050613,0.04615462198853493,0,10
33,0.07193256169557571,0.05556899681687355,0,10
34,0.07117879390716553,0.03683009371161461,0,10
35,0.07240797579288483,0.041791222989559174,0,10
36,0.07199879735708237,0.053060512989759445,0,10
37,0.07175885140895844,0.053815338760614395,0,10
38,0.07214292138814926,0.04961857572197914,0,10
39,0.07214172184467316,0.04221024364233017,0,10
40,0.07238645851612091,0.062294572591781616,0,10
41,0.07114416360855103,0.04217086732387543,0,10
42,0.07222632318735123,0.046861615031957626,0,10
43,0.07129652798175812,0.049014728516340256,0,10
44,0.07256960868835449,0.050672393292188644,0,10
45,0.07154656946659088,0.055691707879304886,0,10
46,0.07117115706205368,0.047139812260866165,0,10
47,0.07131598889827728,0.04526364803314209,0,10
48,0.07179088145494461,0.03550324961543083,0,10
49,0.07156582176685333,0.03535563498735428,0,10
50,0.0714396983385086,0.048456285148859024,0,10
51,0.07236989587545395,0.05543696880340576,0,10
52,0.07168477773666382,0.04724420607089996,0,10
53,0.07192924618721008,0.06333304196596146,0,10
54,0.0721486434340477,0.062003932893276215,0,10
55,0.07150884717702866,0.05284455791115761,0,10
56,0.07117826491594315,0.04884720966219902,0,10
57,0.0716928094625473,0.049510810524225235,0,10
58,0.07159855961799622,0.04843853786587715,0,10
59,0.07170885801315308,0.04862939938902855,0,10
60,0.07141821831464767,0.04211390018463135,0,10
61,0.0723329484462738,0.05410193279385567,0,10
62,0.07188060879707336,0.055571094155311584,0,10
63,0.07201052457094193,0.04842991381883621,0,10
64,0.07255185395479202,0.04688575118780136,0,10
65,0.07255510240793228,0.06333839893341064,0,10
66,0.07117289304733276,0.05454704165458679,0,10
67,0.07238081842660904,0.04563761129975319,0,10
0,0.07087655365467072,0.07087656110525131,0,10
1,0.07156771421432495,0.07156771421432495,0,10
2,0.0721515491604805,0.061169568449258804,0,10
3,0.07137075811624527,0.059958286583423615,0,10
4,0.07215551286935806,0.052017975598573685,0,10
5,0.0717138797044754,0.05105122551321983,0,10
6,0.07174631208181381,0.053344208747148514,0,10
7,0.07252150028944016,0.052235137671232224,0,10
8,0.07140593230724335,0.036705128848552704,0,10
9,0.07160797715187073,0.05093522369861603,0,10
10,0.07139238715171814,0.06325913965702057,0,10
11,0.07135571539402008,0.04251912981271744,0,10
12,0.0714070051908493,0.05119340494275093,0,10
13,0.07218773663043976,0.06461633741855621,0,10
14,0.07190166413784027,0.050066474825143814,0,10
15,0.07198639959096909,0.06014921888709068,0,10
16,0.07133832573890686,0.04905122518539429,0,10
17,0.07227872312068939,0.0642867386341095,0,10
18,0.07155158370733261,0.04685753583908081,0,10
19,0.07235746085643768,0.04560905694961548,0,10
20,0.07215187698602676,0.04250985383987427,0,10
21,0.07237949222326279,0.06477317214012146,0,10
22,0.07199887186288834,0.03003750368952751,0,10
23,0.07138901948928833,0.058196865022182465,0,10
24,0.07219228148460388,0.062312714755535126,0,10
25,0.07144517451524734,0.061720110476017,0,10
26,0.0722508504986763,0.041677217930555344,0,10
27,0.07189119607210159,0.05135396495461464,0,10
28,0.0723142996430397,0.051832497119903564,0,10
29,0.07131503522396088,0.051474761217832565,0,10
30,0.0721660852432251,0.05776750296354294,0,10
31,0.07249586284160614,0.05587439611554146,0,10
32,0.07200808078050613,0.03966274484992027,0,10
33,0.07193256169557571,0.06177762150764465,0,10
34,0.07117879390716553,0.04218459129333496,0,10
35,0.07240797579288483,0.03598124161362648,0,10
36,0.07199879735708237,0.058980073779821396,0,10
37,0.07175885140895844,0.03738579526543617,0,10
38,0.07214292138814926,0.05947745963931084,0,10
39,0.07214172184467316,0.052605271339416504,0,10
40,0.07238645851612091,0.054376278072595596,0,10
41,0.07114416360855103,0.039765845984220505,0,10
42,0.07222632318735123,0.06274260580539703,0,10
43,0.07129652798175812,0.058144211769104004,0,10
44,0.07256960868835449,0.06382443755865097,0,10
45,0.07154656946659088,0.04293446242809296,0,10
46,0.07117115706205368,0.06365587562322617,0,10
47,0.07131598889827728,0.03138427436351776,0,10
48,0.07179088145494461,0.041101690381765366,0,10
49,0.07156582176685333,0.033897265791893005,0,10
50,0.0714396983385086,0.04547411948442459,0,10
51,0.07236989587545395,0.03540884703397751,0,10
52,0.07168477773666382,0.053201984614133835,0,10
53,0.07192924618721008,0.05335468798875809,0,10
54,0.0721486434340477,0.05005040392279625,0,10
55,0.07150884717702866,0.06342492252588272,0,10
56,0.07117826491594315,0.053855542093515396,0,10
57,0.0716928094625473,0.06447197496891022,0,10
58,0.07159855961799622,0.042838260531425476,0,10
59,0.07170885801315308,0.05323287844657898,0,10
60,0.07141821831464767,0.0577307753264904,0,10
61,0.0723329484462738,0.06381888687610626,0,10
62,0.07188060879707336,0.04517778381705284,0,10
63,0.07201052457094193,0.0428248755633831,0,10
64,0.07255185395479202,0.04844287782907486,0,10
65,0.07255510240793228,0.04155925661325455,0,10
66,0.07117289304733276,0.04137496277689934,0,10
67,0.07238081842660904,0.04061506688594818,0,10
68,0.07150222361087799,0.061232831329107285,0,10
0,0.07087655365467072,0.07087656855583191,0,10
1,0.07156771421432495,0.07156771421432495,0,10
2,0.0721515491604805,0.048920437693595886,0,10
3,0.07137075811624527,0.041538137942552567,0,10
4,0.07215551286935806,0.05912803113460541,0,10
5,0.0717138797044754,0.04970204830169678,0,10
6,0.07174631208181381,0.06211194768548012,0,10
7,0.07252150028944016,0.04706926643848419,0,10
8,0.07140593230724335,0.04853932932019234,0,10
9,0.07160797715187073,0.05749228969216347,0,10
10,0.07139238715171814,0.032397251576185226,0,10
11,0.07135571539402008,0.04928430914878845,0,10
12,0.0714070051908493,0.04393181949853897,0,10
13,0.07218773663043976,0.04234405234456062,0,10
14,0.07190166413784027,0.03894319012761116,0,10
15,0.07198639959096909,0.05296120047569275,0,10
16,0.07133832573890686,0.05680809170007706,0,10
17,0.07227872312068939,0.03943062573671341,0,10
18,0.07155158370733261,0.053943146020174026,0,10
19,0.07235746085643768,0.04829871654510498,0,10
20,0.07215187698602676,0.05498676747083664,0,10
21,0.07237949222326279,0.048789381980895996,0,10
22,0.07199887186288834,0.05122934654355049,0,10
23,0.07138901948928833,0.04859444126486778,0,10
24,0.07219228148460388,0.059218667447566986,0,10
25,0.07144517451524734,0.053317394107580185,0,10
26,0.0722508504986763,0.03781894966959953,0,10
27,0.07189119607210159,0.04782542958855629,0,10
28,0.0723142996430397,0.03342639282345772,0,10
29,0.07131503522396088,0.06256265938282013,0,10
30,0.0721660852432251,0.048516351729631424,0,10
31,0.07249586284160614,0.05470031499862671,0,10
32,0.07200808078050613,0.035815030336380005,0,10
33,0.07193256169557571,0.06321379542350769,0,10
34,0.07117879390716553,0.04895438626408577,0,10
35,0.07240797579288483,0.031262222677469254,0,10
36,0.07199879735708237,0.058920953422784805,0,10
37,0.07175885140895844,0.029849937185645103,0,10
38,0.07214292138814926,0.048194289207458496,0,10
39,0.07214172184467316,0.05042374134063721,0,10
40,0.07238645851612091,0.04782858118414879,0,10
41,0.07114416360855103,0.04597508907318115,0,10
42,0.07222632318735123,0.04758318141102791,0,10
43,0.07129652798175812,0.05959714949131012,0,10
44,0.07256960868835449,0.0608188733458519,0,10
45,0.07154656946659088,0.05794266238808632,0,10
46,0.07117115706205368,0.05287393182516098,0,10
47,0.07131598889827728,0.04650735855102539,0,10
48,0.07179088145494461,0.0528438538312912,0,10
49,0.07156582176685333,0.03422429785132408,0,10
50,0.0714396983385086,0.05113513022661209,0,10
51,0.07236989587545395,0.05132851377129555,0,10
52,0.07168477773666382,0.05341346934437752,0,10
53,0.07192924618721008,0.04712572693824768,0,10
54,0.0721486434340477,0.0572439506649971,0,10
55,0.07150884717702866,0.05589115619659424,0,10
56,0.07117826491594315,0.04132039099931717,0,10
57,0.0716928094625473,0.05474463477730751,0,10
58,0.07159855961799622,0.05116817727684975,0,10
59,0.07170885801315308,0.05270913615822792,0,10
60,0.07141821831464767,0.05754506215453148,0,10
61,0.0723329484462738,0.0638783648610115,0,10
62,0.07188060879707336,0.05922132357954979,0,10
63,0.07201052457094193,0.05662323534488678,0,10
64,0.07255185395479202,0.05903813987970352,0,10
65,0.07255510240793228,0.054500460624694824,0,10
66,0.07117289304733276,0.06452687084674835,0,10
67,0.07238081842660904,0.05598026514053345,0,10
68,0.07150222361087799,0.04067932069301605,0,10
69,0.07118786126375198,0.03680574893951416,0,10
0,0.07087655365467072,0.07087656110525131,0,10
1,0.07156771421432495,0.07156771421432495,0,10
2,0.0721515491604805,0.0581340529024601,0,10
3,0.07137075811624527,0.049087267369031906,0,10
4,0.07215551286935806,0.06608248502016068,0,10
5,0.0717138797044754,0.06300893425941467,0,10
6,0.07174631208181381,0.05301624536514282,0,10
7,0.07252150028944016,0.063660629093647,0,10
8,0.07140593230724335,0.04984591156244278,0,10
9,0.07160797715187073,0.06216128170490265,0,10
10,0.07139238715171814,0.04496222734451294,0,10
11,0.07135571539402008,0.05877794325351715,0,10
12,0.0714070051908493,0.046073757112026215,0,10
13,0.07218773663043976,0.056517425924539566,0,10
14,0.07190166413784027,0.05187101289629936,0,10
15,0.07198639959096909,0.05195273831486702,0,10
16,0.07133832573890686,0.04989385977387428,0,10
17,0.07227872312068939,0.05230148881673813,0,10
18,0.07155158370733261,0.06735161691904068,0,10
19,0.07235746085643768,0.06304816901683807,0,10
20,0.07215187698602676,0.06024833768606186,0,10
21,0.07237949222326279,0.06235188618302345,0,10
22,0.07199887186288834,0.03686536103487015,0,10
23,0.07138901948928833,0.05047217011451721,0,10
24,0.07219228148460388,0.04222174361348152,0,10
25,0.07144517451524734,0.05617302656173706,0,10
26,0.0722508504986763,0.05245264992117882,0,10
27,0.07189119607210159,0.041013460606336594,0,10
28,0.0723142996430397,0.04804704338312149,0,10
29,0.07131503522396088,0.04473885893821716,0,10
30,0.0721660852432251,0.046651050448417664,0,10
31,0.07249586284160614,0.05026383325457573,0,10
32,0.07200808078050613,0.04583810269832611,0,10
33,0.07193256169557571,0.05241870880126953,0,10
34,0.07117879390716553,0.041969723999500275,0,10
35,0.07240797579288483,0.044759057462215424,0,10
36,0.07199879735708237,0.04529435560107231,0,10
37,0.07175885140895844,0.04119594767689705,0,10
38,0.07214292138814926,0.03931934013962746,0,10
39,0.07214172184467316,0.05852013826370239,0,10
40,0.07238645851612091,0.05353345721960068,0,10
41,0.07114416360855103,0.05826269090175629,0,10
42,0.07222632318735123,0.04580292850732803,0,10
43,0.07129652798175812,0.05896667391061783,0,10
44,0.07256960868835449,0.06153687462210655,0,10
45,0.07154656946659088,0.04849785193800926,0,10
46,0.07117115706205368,0.06653106212615967,0,10
47,0.07131598889827728,0.060510989278554916,0,10
48,0.07179088145494461,0.03486905246973038,0,10
49,0.07156582176685333,0.04794794321060181,0,10
50,0.0714396983385086,0.05696515738964081,0,10
51,0.07236989587545395,0.05333820357918739,0,10
52,0.07168477773666382,0.03741923347115517,0,10
53,0.07192924618721008,0.0499848946928978,0,10
54,0.0721486434340477,0.03534823656082153,0,10
55,0.07150884717702866,0.055232059210538864,0,10
56,0.07117826491594315,0.04018869251012802,0,10
57,0.0716928094625473,0.05447244644165039,0,10
58,0.07159855961799622,0.06284736096858978,0,10
59,0.07170885801315308,0.04754846915602684,0,10
60,0.07141821831464767,0.03868653625249863,0,10
61,0.0723329484462738,0.04779604822397232,0,10
62,0.07188060879707336,0.05670639127492905,0,10
63,0.07201052457094193,0.05570553243160248,0,10
64,0.07255185395479202,0.04811590537428856,0,10
65,0.07255510240793228,0.05765891820192337,0,10
66,0.07117289304733276,0.057865045964717865,0,10
67,0.07238081842660904,0.053961921483278275,0,10
68,0.07150222361087799,0.05857645720243454,0,10
69,0.07118786126375198,0.050316233187913895,0,10
70,0.07167679816484451,0.05477944016456604,0,10
0,0.07087655365467072,0.07087656110525131,0,10
1,0.07156771421432495,0.07156771421432495,0,10
2,0.0721515491604805,0.035452280193567276,0,10
3,0.07137075811624527,0.05274062603712082,0,10
4,0.07215551286935806,0.04822278395295143,0,10
5,0.0717138797044754,0.0554235503077507,0,10
6,0.07174631208181381,0.042805254459381104,0,10
7,0.07252150028944016,0.05475744232535362,0,10
8,0.07140593230724335,0.060546133667230606,0,10
9,0.07160797715187073,0.0633302554488182,0,10
10,0.07139238715171814,0.035482779145240784,0,10
11,0.07135571539402008,0.057916805148124695,0,10
12,0.0714070051908493,0.056106407195329666,0,10
13,0.07218773663043976,0.03388872370123863,0,10
14,0.07190166413784027,0.06169155240058899,0,10
15,0.07198639959096909,0.037115372717380524,0,10
16,0.07133832573890686,0.05631396919488907,0,10
17,0.07227872312068939,0.04617515578866005,0,10
18,0.07155158370733261,0.05318593978881836,0,10
19,0.07235746085643768,0.051197659224271774,0,10
20,0.07215187698602676,0.0644223541021347,0,10
21,0.07237949222326279,0.049540579319000244,0,10
22,0.07199887186288834,0.061822619289159775,0,10
23,0.07138901948928833,0.05437153950333595,0,10
24,0.07219228148460388,0.033280953764915466,0,10
25,0.07144517451524734,0.05245816707611084,0,10
26,0.0722508504986763,0.05089830979704857,0,10
27,0.07189119607210159,0.05021470785140991,0,10
28,0.0723142996430397,0.048026442527770996,0,10
29,0.07131503522396088,0.045267023146152496,0,10
30,0.0721660852432251,0.035450927913188934,0,10
31,0.07249586284160614,0.050900090485811234,0,10
32,0.07200808078050613,0.027132462710142136,0,10
33,0.07193256169557571,0.053342074155807495,0,10
34,0.07117879390716553,0.053000543266534805,0,10
35,0.07240797579288483,0.0571463443338871,0,10
36,0.07199879735708237,0.052788011729717255,0,10
37,0.07175885140895844,0.03489549085497856,0,10
38,0.07214292138814926,0.060218144208192825,0,10
39,0.07214172184467316,0.04286491125822067,0,10
40,0.07238645851612091,0.05741672217845917,0,10
41,0.07114416360855103,0.044485386461019516,0,10
42,0.07222632318735123,0.0358022004365921,0,10
43,0.07129652798175812,0.05528360977768898,0,10
44,0.07256960868835449,0.04458010941743851,0,10
45,0.07154656946659088,0.05338329076766968,0,10
46,0.07117115706205368,0.061641011387109756,0,10
47,0.07131598889827728,0.06335201114416122,0,10
48,0.07179088145494461,0.06508923321962357,0,10
49,0.07156582176685333,0.050717584788799286,0,10
50,0.0714396983385086,0.04425384849309921,0,10
51,0.07236989587545395,0.056888289749622345,0,10
52,0.07168477773666382,0.04572618007659912,0,10
53,0.07192924618721008,0.04094621166586876,0,10
54,0.0721486434340477,0.05239392817020416,0,10
55,0.07150884717702866,0.0615449994802475,0,10
56,0.07117826491594315,0.05406716465950012,0,10
57,0.0716928094625473,0.050906240940093994,0,10
58,0.07159855961799622,0.05753551051020622,0,10
59,0.07170885801315308,0.03473931550979614,0,10
60,0.07141821831464767,0.06523753702640533,0,10
61,0.0723329484462738,0.04322577267885208,0,10
62,0.07188060879707336,0.05459960177540779,0,10
63,0.07201052457094193,0.044885557144880295,0,10
64,0.07255185395479202,0.050487350672483444,0,10
65,0.07255510240793228,0.0635802149772644,0,10
66,0.07117289304733276,0.0441555418074131,0,10
67,0.07238081842660904,0.06554384529590607,0,10
68,0.07150222361087799,0.03857014700770378,0,10
69,0.07118786126375198,0.03726628050208092,0,10
70,0.07167679816484451,0.03689412772655487,0,10
71,0.07225785404443741,0.054431237280368805,0,10
0,0.07087655365467072,0.07087655365467072,0,10
1,0.07156771421432495,0.07156771421432495,0,10
2,0.0721515491604805,0.06443189084529877,0,10
3,0.07137075811624527,0.05416090041399002,0,10
4,0.07215551286935806,0.03637215122580528,0,10
5,0.0717138797044754,0.04506288841366768,0,10
6,0.07174631208181381,0.0413019061088562,0,10
7,0.07252150028944016,0.05595758184790611,0,10
8,0.07140593230724335,0.0507272407412529,0,10
9,0.07160797715187073,0.05386091768741608,0,10
10,0.07139238715171814,0.05840418115258217,0,10
11,0.07135571539402008,0.03634095937013626,0,10
12,0.0714070051908493,0.04194800555706024,0,10
13,0.07218773663043976,0.06260119378566742,0,10
14,0.07190166413784027,0.05275953561067581,0,10
15,0.07198639959096909,0.05229029059410095,0,10
16,0.07133832573890686,0.051184654235839844,0,10
17,0.07227872312068939,0.050540655851364136,0,10
18,0.07155158370733261,0.05177193880081177,0,10
19,0.07235746085643768,0.06360528618097305,0,10
20,0.07215187698602676,0.04563811793923378,0,10
21,0.07237949222326279,0.06186327710747719,0,10
22,0.07199887186288834,0.05283411219716072,0,10
23,0.07138901948928833,0.035896409302949905,0,10
24,0.07219228148460388,0.04757991433143616,0,10
25,0.07144517451524734,0.0659710168838501,0,10
26,0.0722508504986763,0.04721832275390625,0,10
27,0.07189119607210159,0.05260663479566574,0,10
28,0.0723142996430397,0.062178291380405426,0,10
29,0.07131503522396088,0.05326433479785919,0,10
30,0.0721660852432251,0.0370248444378376,0,10
31,0.07249586284160614,0.05583719536662102,0,10
32,0.07200808078050613,0.051644958555698395,0,10
33,0.07193256169557571,0.05679699778556824,0,10
34,0.07117879390716553,0.05220106616616249,0,10
35,0.07240797579288483,0.05086416006088257,0,10
36,0.07199879735708237,0.04783499613404274,0,10
37,0.07175885140895844,0.05291706323623657,0,10
38,0.07214292138814926,0.05359533056616783,0,10
39,0.07214172184467316,0.049795567989349365,0,10
40,0.07238645851612091,0.04993535205721855,0,10
41,0.07114416360855103,0.05513858422636986,0,10
42,0.07222632318735123,0.04087670147418976,0,10
43,0.07129652798175812,0.05156287923455238,0,10
44,0.07256960868835449,0.051311373710632324,0,10
45,0.07154656946659088,0.04645286127924919,0,10
46,0.07117115706205368,0.051730841398239136,0,10
47,0.07131598889827728,0.05968565121293068,0,10
48,0.07179088145494461,0.055086370557546616,0,10
49,0.07156582176685333,0.04597358778119087,0,10
50,0.0714396983385086,0.03867387771606445,0,10
51,0.07236989587545395,0.048541005700826645,0,10
52,0.07168477773666382,0.043409671634435654,0,10
53,0.07192924618721008,0.05707385018467903,0,10
54,0.0721486434340477,0.056961845606565475,0,10
55,0.07150884717702866,0.03715107962489128,0,10
56,0.07117826491594315,0.05245952308177948,0,10
57,0.0716928094625473,0.06112690269947052,0,10
58,0.07159855961799622,0.053569283336400986,0,10
59,0.07170885801315308,0.05435679852962494,0,10
60,0.07141821831464767,0.05043673515319824,0,10
61,0.0723329484462738,0.048069458454847336,0,10
62,0.07188060879707336,0.031241772696375847,0,10
63,0.07201052457094193,0.035403814166784286,0,10
64,0.07255185395479202,0.054170843213796616,0,10
65,0.07255510240793228,0.050193727016448975,0,10
66,0.07117289304733276,0.054275915026664734,0,10
67,0.07238081842660904,0.040148258209228516,0,10
68,0.07150222361087799,0.04799823462963104,0,10
69,0.07118786126375198,0.04948898404836655,0,10
70,0.07167679816484451,0.053133536130189896,0,10
71,0.07225785404443741,0.06073284521698952,0,10
72,0.07234013825654984,0.035487543791532516,0,10
0,0.07087655365467072,0.07087656855583191,0,10
1,0.07156771421432495,0.07156771421432495,0,10
2,0.0721515491604805,0.03889342024922371,0,10
3,0.07137075811624527,0.06194005161523819,0,10
4,0.07215551286935806,0.03786826133728027,0,10
5,0.0717138797044754,0.055694300681352615,0,10
6,0.07174631208181381,0.056518640369176865,0,10
7,0.07252150028944016,0.035096462815999985,0,10
8,0.07140593230724335,0.03338638320565224,0,10
9,0.07160797715187073,0.04248905926942825,0,10
10,0.07139238715171814,0.05617896839976311,0,10
11,0.07135571539402008,0.05448222532868385,0,10
12,0.0714070051908493,0.05103820934891701,0,10
13,0.07218773663043976,0.04960248991847038,0,10
14,0.07190166413784027,0.04599502682685852,0,10
15,0.07198639959096909,0.05677900090813637,0,10
16,0.07133832573890686,0.028050636872649193,0,10
17,0.07227872312068939,0.027105556800961494,0,10
18,0.07155158370733261,0.04607534408569336,0,10
19,0.07235746085643768,0.05861314386129379,0,10
20,0.07215187698602676,0.06416069716215134,0,10
21,0.07237949222326279,0.037701405584812164,0,10
22,0.07199887186288834,0.05375555530190468,0,10
23,0.07138901948928833,0.05472447723150253,0,10
24,0.07219228148460388,0.056379787623882294,0,10
25,0.07144517451524734,0.0664580911397934,0,10
26,0.0722508504986763,0.04548418149352074,0,10
27,0.07189119607210159,0.05244511365890503,0,10
28,0.0723142996430397,0.03581766039133072,0,10
29,0.07131503522396088,0.04696155712008476,0,10
30,0.0721660852432251,0.04074724018573761,0,10
31,0.07249586284160614,0.05137481167912483,0,10
32,0.07200808078050613,0.05261807143688202,0,10
33,0.07193256169557571,0.06755992770195007,0,10
34,0.07117879390716553,0.03355526551604271,0,10
35,0.07240797579288483,0.04148193076252937,0,10
36,0.07199879735708237,0.043629396706819534,0,10
37,0.07175885140895844,0.04330530762672424,0,10
38,0.07214292138814926,0.05607197433710098,0,10
39,0.07214172184467316,0.0617772713303566,0,10
40,0.07238645851612091,0.06486467272043228,0,10
41,0.07114416360855103,0.04666861891746521,0,10
42,0.07222632318735123,0.05453624948859215,0,10
43,0.07129652798175812,0.026950089260935783,0,10
44,0.07256960868835449,0.06063379719853401,0,10
45,0.07154656946659088,0.054188866168260574,0,10
46,0.07117115706205368,0.05875211954116821,0,10
47,0.07131598889827728,0.03808853030204773,0,10
48,0.07179088145494461,0.0490536093711853,0,10
49,0.07156582176685333,0.04259674251079559,0,10
50,0.0714396983385086,0.048583585768938065,0,10
51,0.07236989587545395,0.03420668840408325,0,10
52,0.07168477773666382,0.04911286011338234,0,10
53,0.07192924618721008,0.05782980099320412,0,10
54,0.0721486434340477,0.05974514037370682,0,10
55,0.07150884717702866,0.03266938775777817,0,10
56,0.07117826491594315,0.041260529309511185,0,10
57,0.0716928094625473,0.04712879657745361,0,10
58,0.07159855961799622,0.05439596623182297,0,10
59,0.07170885801315308,0.06497050821781158,0,10
60,0.07141821831464767,0.0564303994178772,0,10
61,0.0723329484462738,0.04916568845510483,0,10
62,0.07188060879707336,0.048182517290115356,0,10
63,0.07201052457094193,0.052925415337085724,0,10
64,0.07255185395479202,0.055882155895233154,0,10
65,0.07255510240793228,0.05767057090997696,0,10
66,0.07117289304733276,0.05087915435433388,0,10
67,0.07238081842660904,0.044662535190582275,0,10
68,0.07150222361087799,0.03833968937397003,0,10
69,0.07118786126375198,0.04979488253593445,0,10
70,0.07167679816484451,0.04707907512784004,0,10
71,0.07225785404443741,0.059783030301332474,0,10
72,0.07234013825654984,0.04865294694900513,0,10
73,0.07170980423688889,0.053453683853149414,0,10
0,0.07087655365467072,0.07087656110525131,0,10
1,0.07156771421432495,0.07156771421432495,0,10
2,0.0721515491604805,0.04795163497328758,0,10
3,0.07137075811624527,0.03975972160696983,0,10
4,0.07215551286935806,0.045964714139699936,0,10
5,0.0717138797044754,0.052350133657455444,0,10
6,0.07174631208181381,0.05211144685745239,0,10
7,0.07252150028944016,0.028548061847686768,0,10
8,0.07140593230724335,0.028839832171797752,0,10
9,0.07160797715187073,0.049473974853754044,0,10
10,0.07139238715171814,0.05399197340011597,0,10
11,0.07135571539402008,0.032572027295827866,0,10
12,0.0714070051908493,0.051393453031778336,0,10
13,0.07218773663043976,0.05439591035246849,0,10
14,0.07190166413784027,0.05407428368926048,0,10
15,0.07198639959096909,0.053512513637542725,0,10
16,0.07133832573890686,0.0521693229675293,0,10
17,0.07227872312068939,0.0261407308280468,0,10
18,0.07155158370733261,0.04842747002840042,0,10
19,0.07235746085643768,0.03908665105700493,0,10
20,0.07215187698602676,0.05538368225097656,0,10
21,0.07237949222326279,0.04278820753097534,0,10
22,0.07199887186288834,0.04299353063106537,0,10
23,0.07138901948928833,0.05590832605957985,0,10
24,0.07219228148460388,0.06426024436950684,0,10
25,0.07144517451524734,0.05387812852859497,0,10
26,0.0722508504986763,0.04102307930588722,0,10
27,0.07189119607210159,0.0381925106048584,0,10
28,0.0723142996430397,0.04551494121551514,0,10
29,0.07131503522396088,0.043286945670843124,0,10
30,0.0721660852432251,0.05028356611728668,0,10
31,0.07249586284160614,0.05510267615318298,0,10
32,0.07200808078050613,0.0568954236805439,0,10
33,0.07193256169557571,0.050780028104782104,0,10
34,0.07117879390716553,0.04371722787618637,0,10
35,0.07240797579288483,0.05656823143362999,0,10
36,0.07199879735708237,0.03419081121683121,0,10
37,0.07175885140895844,0.051740556955337524,0,10
38,0.07214292138814926,0.053322624415159225,0,10
39,0.07214172184467316,0.035349927842617035,0,10
40,0.07238645851612091,0.046386826783418655,0,10
41,0.07114416360855103,0.06051883101463318,0,10
42,0.07222632318735123,0.045526258647441864,0,10
43,0.07129652798175812,0.05557471886277199,0,10
44,0.07256960868835449,0.04305826127529144,0,10
45,0.07154656946659088,0.05549514293670654,0,10
46,0.07117115706205368,0.05493173003196716,0,10
47,0.07131598889827728,0.048931002616882324,0,10
48,0.07179088145494461,0.046724338084459305,0,10
49,0.07156582176685333,0.057329848408699036,0,10
50,0.0714396983385086,0.045905593782663345,0,10
51,0.07236989587545395,0.04804912582039833,0,10
52,0.07168477773666382,0.04797710105776787,0,10
53,0.07192924618721008,0.045154210180044174,0,10
54,0.0721486434340477,0.03377155214548111,0,10
55,0.07150884717702866,0.06166745722293854,0,10
56,0.07117826491594315,0.04239334166049957,0,10
57,0.0716928094625473,0.050831139087677,0,10
58,0.07159855961799622,0.059201404452323914,0,10
59,0.07170885801315308,0.05600655451416969,0,10
60,0.07141821831464767,0.055255815386772156,0,10
61,0.0723329484462738,0.030303137376904488,0,10
62,0.07188060879707336,0.052270129323005676,0,10
63,0.07201052457094193,0.05447613447904587,0,10
64,0.07255185395479202,0.059484660625457764,0,10
65,0.07255510240793228,0.04119082912802696,0,10
66,0.07117289304733276,0.02666844055056572,0,10
67,0.07238081842660904,0.056320670992136,0,10
68,0.07150222361087799,0.03332245722413063,0,10
69,0.07118786126375198,0.057184211909770966,0,10
70,0.07167679816484451,0.03565821051597595,0,10
71,0.07225785404443741,0.04482460021972656,0,10
72,0.07234013825654984,0.049817461520433426,0,10
73,0.07170980423688889,0.06715169548988342,0,10
74,0.07170436531305313,0.05815578252077103,0,10
0,0.07087655365467072,0.07087656110525131,0,10
1,0.07156771421432495,0.07156771421432495,0,10
2,0.0721515491604805,0.048701006919145584,0,10
3,0.07137075811624527,0.03666176646947861,0,10
4,0.07215551286935806,0.03666529431939125,0,10
5,0.0717138797044754,0.04885491728782654,0,10
6,0.07174631208181381,0.03093073144555092,0,10
7,0.07252150028944016,0.03858114033937454,0,10
8,0.07140593230724335,0.037217579782009125,0,10
9,0.07160797715187073,0.05266707390546799,0,10
10,0.07139238715171814,0.050075940787792206,0,10
11,0.07135571539402008,0.0440804697573185,0,10
12,0.0714070051908493,0.06121382862329483,0,10
13,0.07218773663043976,0.03780879080295563,0,10
14,0.07190166413784027,0.05505770444869995,0,10
15,0.07198639959096909,0.03384013846516609,0,10
16,0.07133832573890686,0.060279686003923416,0,10
17,0.07227872312068939,0.03710854426026344,0,10
18,0.07155158370733261,0.0470501184463501,0,10
19,0.07235746085643768,0.05735006928443909,0,10
20,0.07215187698602676,0.04860426113009453,0,10
21,0.07237949222326279,0.0544053390622139,0,10
22,0.07199887186288834,0.052782539278268814,0,10
23,0.07138901948928833,0.04360982030630112,0,10
24,0.07219228148460388,0.06576566398143768,0,10
25,0.07144517451524734,0.040290575474500656,0,10
26,0.0722508504986763,0.06626450270414352,0,10
27,0.07189119607210159,0.027719644829630852,0,10
28,0.0723142996430397,0.031377486884593964,0,10
29,0.07131503522396088,0.057779133319854736,0,10
30,0.0721660852432251,0.06445469707250595,0,10
31,0.07249586284160614,0.051978547126054764,0,10
32,0.07200808078050613,0.05850842222571373,0,10
33,0.07193256169557571,0.05394396185874939,0,10
34,0.07117879390716553,0.06138895824551582,0,10
35,0.07240797579288483,0.06253131479024887,0,10
36,0.07199879735708237,0.052549201995134354,0,10
37,0.07175885140895844,0.05393701791763306,0,10
38,0.07214292138814926,0.05338089540600777,0,10
39,0.07214172184467316,0.051669180393218994,0,10
40,0.07238645851612091,0.05795181170105934,0,10
41,0.07114416360855103,0.03496810421347618,0,10
42,0.07222632318735123,0.05530600622296333,0,10
43,0.07129652798175812,0.03588492050766945,0,10
44,0.07256960868835449,0.04900706559419632,0,10
45,0.07154656946659088,0.05066584423184395,0,10
46,0.07117115706205368,0.045603301376104355,0,10
47,0.07131598889827728,0.04863343760371208,0,10
48,0.07179088145494461,0.05137720704078674,0,10
49,0.07156582176685333,0.049006737768650055,0,10
50,0.0714396983385086,0.043425749987363815,0,10
51,0.07236989587545395,0.056168798357248306,0,10
52,0.07168477773666382,0.06443524360656738,0,10
53,0.07192924618721008,0.04636656492948532,0,10
54,0.0721486434340477,0.05052302032709122,0,10
55,0.07150884717702866,0.053250666707754135,0,10
56,0.07117826491594315,0.04025677591562271,0,10
57,0.0716928094625473,0.04639451578259468,0,10
58,0.07159855961799622,0.041889339685440063,0,10
59,0.07170885801315308,0.05747458338737488,0,10
60,0.07141821831464767,0.048045992851257324,0,10
61,0.0723329484462738,0.059524886310100555,0,10
62,0.07188060879707336,0.05544815585017204,0,10
63,0.07201052457094193,0.06003004312515259,0,10
64,0.07255185395479202,0.06720060855150223,0,10
65,0.07255510240793228,0.05637429282069206,0,10
66,0.07117289304733276,0.04945031926035881,0,10
67,0.07238081842660904,0.052900321781635284,0,10
68,0.07150222361087799,0.053167156875133514,0,10
69,0.07118786126375198,0.04421541467308998,0,10
70,0.07167679816484451,0.05118768289685249,0,10
71,0.07225785404443741,0.06491310149431229,0,10
72,0.07234013825654984,0.05881994962692261,0,10
73,0.07170980423688889,0.05293487384915352,0,10
74,0.07170436531305313,0.03605516254901886,0,10
75,0.0712113082408905,0.05049372464418411,0,10
0,0.07087655365467072,0.07087656855583191,0,10
1,0.07156771421432495,0.07156771421432495,0,10
2,0.0721515491604805,0.05313718318939209,0,10
3,0.07137075811624527,0.04977162182331085,0,10
4,0.07215551286935806,0.044369325041770935,0,10
5,0.0717138797044754,0.04623326286673546,0,10
6,0.07174631208181381,0.05307680368423462,0,10
7,0.07252150028944016,0.05309247225522995,0,10
8,0.07140593230724335,0.06008560582995415,0,10
9,0.07160797715187073,0.043468721210956573,0,10
10,0.07139238715171814,0.05413272604346275,0,10
11,0.07135571539402008,0.047854356467723846,0,10
12,0.0714070051908493,0.05556251481175423,0,10
13,0.07218773663043976,0.04864977300167084,0,10
14,0.07190166413784027,0.050900496542453766,0,10
15,0.07198639959096909,0.060128916054964066,0,10
16,0.07133832573890686,0.035409115254879,0,10
17,0.07227872312068939,0.06315755844116211,0,10
18,0.07155158370733261,0.06247368082404137,0,10
19,0.07235746085643768,0.05924360826611519,0,10
20,0.07215187698602676,0.05363810434937477,0,10
21,0.07237949222326279,0.06129723787307739,0,10
22,0.07199887186288834,0.05972142145037651,0,10
23,0.07138901948928833,0.05018644407391548,0,10
24,0.07219228148460388,0.05307526886463165,0,10
25,0.07144517451524734,0.05883669853210449,0,10
26,0.0722508504986763,0.052351731806993484,0,10
27,0.07189119607210159,0.05945393815636635,0,10
28,0.0723142996430397,0.030638301745057106,0,10
29,0.07131503522396088,0.03801150247454643,0,10
30,0.0721660852432251,0.0368778221309185,0,10
31,0.07249586284160614,0.06367406994104385,0,10
32,0.07200808078050613,0.051909856498241425,0,10
33,0.07193256169557571,0.044610872864723206,0,10
34,0.07117879390716553,0.044496145099401474,0,10
35,0.07240797579288483,0.040409862995147705,0,10
36,0.07199879735708237,0.05994265154004097,0,10
37,0.07175885140895844,0.05689717456698418,0,10
38,0.07214292138814926,0.060729555785655975,0,10
39,0.07214172184467316,0.046771109104156494,0,10
40,0.07238645851612091,0.03385615348815918,0,10
41,0.07114416360855103,0.03141248598694801,0,10
42,0.07222632318735123,0.04778255894780159,0,10
43,0.07129652798175812,0.047723617404699326,0,10
44,0.07256960868835449,0.05367821082472801,0,10
45,0.07154656946659088,0.06509370356798172,0,10
46,0.07117115706205368,0.035663824528455734,0,10
47,0.07131598889827728,0.029298366978764534,0,10
48,0.07179088145494461,0.055318206548690796,0,10
49,0.07156582176685333,0.029393309727311134,0,10
50,0.0714396983385086,0.045143287628889084,0,10
51,0.07236989587545395,0.04677433893084526,0,10
52,0.07168477773666382,0.037592027336359024,0,10
53,0.07192924618721008,0.05334630236029625,0,10
54,0.0721486434340477,0.05322542041540146,0,10
55,0.07150884717702866,0.04114239662885666,0,10
56,0.07117826491594315,0.052518051117658615,0,10
57,0.0716928094625473,0.04795175418257713,0,10
58,0.07159855961799622,0.049453265964984894,0,10
59,0.07170885801315308,0.05874171853065491,0,10
60,0.07141821831464767,0.04912245273590088,0,10
61,0.0723329484462738,0.05490848049521446,0,10
62,0.07188060879707336,0.045192573219537735,0,10
63,0.07201052457094193,0.04961441829800606,0,10
64,0.07255185395479202,0.06530512124300003,0,10
65,0.07255510240793228,0.06342381238937378,0,10
66,0.07117289304733276,0.051818035542964935,0,10
67,0.07238081842660904,0.052953481674194336,0,10
68,0.07150222361087799,0.04614553600549698,0,10
69,0.07118786126375198,0.04801319167017937,0,10
70,0.07167679816484451,0.04149765521287918,0,10
71,0.07225785404443741,0.053611934185028076,0,10
72,0.07234013825654984,0.04147869348526001,0,10
73,0.07170980423688889,0.046614691615104675,0,10
74,0.07170436531305313,0.04402633011341095,0,10
75,0.0712113082408905,0.04082351550459862,0,10
76,0.0717068612575531,0.05347782000899315,0,10
0,0.07087655365467072,0.07087656110525131,0,10
1,0.07156771421432495,0.07156771421432495,0,10
2,0.0721515491604805,0.05358642339706421,0,10
3,0.07137075811624527,0.061432331800460815,0,10
4,0.07215551286935806,0.046485383063554764,0,10
5,0.0717138797044754,0.03897520527243614,0,10
6,0.07174631208181381,0.05989426001906395,0,10
7,0.07252150028944016,0.04423040896654129,0,10
8,0.07140593230724335,0.046306412667036057,0,10
9,0.07160797715187073,0.06337215006351471,0,10
10,0.07139238715171814,0.0494232140481472,0,10
11,0.07135571539402008,0.04685661569237709,0,10
12,0.0714070051908493,0.05077078938484192,0,10
13,0.07218773663043976,0.053228847682476044,0,10
14,0.07190166413784027,0.05460108816623688,0,10
15,0.07198639959096909,0.05627677962183952,0,10
16,0.07133832573890686,0.06547518819570541,0,10
17,0.07227872312068939,0.04060662165284157,0,10
18,0.07155158370733261,0.05896185338497162,0,10
19,0.07235746085643768,0.0421687588095665,0,10
20,0.07215187698602676,0.053828246891498566,0,10
21,0.07237949222326279,0.03883446380496025,0,10
22,0.07199887186288834,0.06394834816455841,0,10
23,0.07138901948928833,0.04516863822937012,0,10
24,0.07219228148460388,0.052265845239162445,0,10
25,0.07144517451524734,0.04825007915496826,0,10
26,0.0722508504986763,0.051435284316539764,0,10
27,0.07189119607210159,0.025406604632735252,0,10
28,0.0723142996430397,0.035748425871133804,0,10
29,0.07131503522396088,0.03269973397254944,0,10
30,0.0721660852432251,0.05108126625418663,0,10
31,0.07249586284160614,0.04358183592557907,0,10
32,0.07200808078050613,0.04428356885910034,0,10
33,0.07193256169557571,0.054171569645404816,0,10
34,0.07117879390716553,0.06063522398471832,0,10
35,0.07240797579288483,0.054791707545518875,0,10
36,0.07199879735708237,0.05303587764501572,0,10
37,0.07175885140895844,0.033471833914518356,0,10
38,0.07214292138814926,0.046452879905700684,0,10
39,0.07214172184467316,0.05512261390686035,0,10
40,0.07238645851612091,0.03751349449157715,0,10
41,0.07114416360855103,0.04716353118419647,0,10
42,0.07222632318735123,0.04694628715515137,0,10
43,0.07129652798175812,0.055663902312517166,0,10
44,0.07256960868835449,0.06514162570238113,0,10
45,0.07154656946659088,0.028908660635352135,0,10
46,0.07117115706205368,0.052905019372701645,0,10
47,0.07131598889827728,0.0507892370223999,0,10
48,0.07179088145494461,0.0515628419816494,0,10
49,0.07156582176685333,0.041349589824676514,0,10
50,0.0714396983385086,0.04296528548002243,0,10
51,0.07236989587545395,0.042819440364837646,0,10
52,0.07168477773666382,0.04529678821563721,0,10
53,0.07192924618721008,0.05306055024266243,0,10
54,0.0721486434340477,0.032389357686042786,0,10
55,0.07150884717702866,0.039973050355911255,0,10
56,0.07117826491594315,0.05886794999241829,0,10
57,0.0716928094625473,0.05291116237640381,0,10
58,0.07159855961799622,0.05920075997710228,0,10
59,0.07170885801315308,0.05170923471450806,0,10
60,0.07141821831464767,0.049431607127189636,0,10
61,0.0723329484462738,0.04706871137022972,0,10
62,0.07188060879707336,0.03499064967036247,0,10
63,0.07201052457094193,0.04791898652911186,0,10
64,0.07255185395479202,0.05578885227441788,0,10
65,0.07255510240793228,0.06787335872650146,0,10
66,0.07117289304733276,0.05932501330971718,0,10
67,0.07238081842660904,0.061618249863386154,0,10
68,0.07150222361087799,0.05541124939918518,0,10
69,0.07118786126375198,0.049985483288764954,0,10
70,0.07167679816484451,0.05271627753973007,0,10
71,0.07225785404443741,0.057036615908145905,0,10
72,0.07234013825654984,0.0529053695499897,0,10
73,0.07170980423688889,0.055008191615343094,0,10
74,0.07170436531305313,0.05014689639210701,0,10
75,0.0712113082408905,0.05277405306696892,0,10
76,0.0717068612575531,0.03654935210943222,0,10
77,0.07153330743312836,0.0533689484000206,0,10
0,0.07087655365467072,0.07087656110525131,0,10
1,0.07156771421432495,0.07156771421432495,0,10
2,0.0721515491604805,0.037259459495544434,0,10
3,0.07137075811624527,0.05625111237168312,0,10
4,0.07215551286935806,0.062271952629089355,0,10
5,0.0717138797044754,0.06206415966153145,0,10
6,0.07174631208181381,0.03968600556254387,0,10
7,0.07252150028944016,0.055376458913087845,0,10
8,0.07140593230724335,0.06601931899785995,0,10
9,0.07160797715187073,0.0418570339679718,0,10
10,0.07139238715171814,0.03188881278038025,0,10
11,0.07135571539402008,0.049497589468955994,0,10
12,0.0714070051908493,0.06167030707001686,0,10
13,0.07218773663043976,0.049518972635269165,0,10
14,0.07190166413784027,0.06243973970413208,0,10
15,0.07198639959096909,0.040807854384183884,0,10
16,0.07133832573890686,0.05045055225491524,0,10
17,0.07227872312068939,0.05250978469848633,0,10
18,0.07155158370733261,0.05053864046931267,0,10
19,0.07235746085643768,0.05259173363447189,0,10
20,0.07215187698602676,0.05456532910466194,0,10
21,0.07237949222326279,0.049732185900211334,0,10
22,0.07199887186288834,0.05185030400753021,0,10
23,0.07138901948928833,0.04838573932647705,0,10
24,0.07219228148460388,0.04797043278813362,0,10
25,0.07144517451524734,0.055977582931518555,0,10
26,0.0722508504986763,0.05940720811486244,0,10
27,0.07189119607210159,0.058017536997795105,0,10
28,0.0723142996430397,0.04621843621134758,0,10
29,0.07131503522396088,0.03308308124542236,0,10
30,0.0721660852432251,0.0550217442214489,0,10
31,0.07249586284160614,0.027587441727519035,0,10
32,0.07200808078050613,0.04051358625292778,0,10
33,0.07193256169557571,0.05540304258465767,0,10
34,0.07117879390716553,0.05369490385055542,0,10
35,0.07240797579288483,0.05298216640949249,0,10
36,0.07199879735708237,0.061149947345256805,0,10
37,0.07175885140895844,0.036866445094347,0,10
38,0.07214292138814926,0.04164549708366394,0,10
39,0.07214172184467316,0.038941316306591034,0,10
40,0.07238645851612091,0.05542143061757088,0,10
41,0.07114416360855103,0.056006018072366714,0,10
42,0.07222632318735123,0.06527258455753326,0,10
43,0.07129652798175812,0.05546685308218002,0,10
44,0.07256960868835449,0.050737202167510986,0,10
45,0.07154656946659088,0.031872332096099854,0,10
46,0.07117115706205368,0.046513982117176056,0,10
47,0.07131598889827728,0.050626933574676514,0,10
48,0.07179088145494461,0.03853843733668327,0,10
49,0.07156582176685333,0.03349410369992256,0,10
50,0.0714396983385086,0.03275037556886673,0,10
51,0.07236989587545395,0.04911983013153076,0,10
52,0.07168477773666382,0.038763996213674545,0,10
53,0.07192924618721008,0.03052665665745735,0,10
54,0.0721486434340477,0.06140579283237457,0,10
55,0.07150884717702866,0.040825583040714264,0,10
56,0.07117826491594315,0.04456028714776039,0,10
57,0.0716928094625473,0.04898694530129433,0,10
58,0.07159855961799622,0.052094899117946625,0,10
59,0.07170885801315308,0.052229009568691254,0,10
60,0.07141821831464767,0.045997027307748795,0,10
61,0.0723329484462738,0.036824554204940796,0,10
62,0.07188060879707336,0.04490010440349579,0,10
63,0.07201052457094193,0.058014877140522,0,10
64,0.07255185395479202,0.05533008277416229,0,10
65,0.07255510240793228,0.06717461347579956,0,10
66,0.07117289304733276,0.03047548420727253,0,10
67,0.07238081842660904,0.04619842767715454,0,10
68,0.07150222361087799,0.04563424363732338,0,10
69,0.07118786126375198,0.05423920601606369,0,10
70,0.07167679816484451,0.0461096428334713,0,10
71,0.07225785404443741,0.04034121334552765,0,10
72,0.07234013825654984,0.05382097512483597,0,10
73,0.07170980423688889,0.03610069677233696,0,10
74,0.07170436531305313,0.05702364817261696,0,10
75,0.0712113082408905,0.05361722409725189,0,10
76,0.0717068612575531,0.052015528082847595,0,10
77,0.07153330743312836,0.057018086314201355,0,10
78,0.07120933383703232,0.04955066740512848,0,10
0,0.07087655365467072,0.07087656855583191,0,10
1,0.07156771421432495,0.07156771421432495,0,10
2,0.0721515491604805,0.053769782185554504,0,10
3,0.07137075811624527,0.04969599097967148,0,10
4,0.07215551286935806,0.03950446844100952,0,10
5,0.0717138797044754,0.05140182748436928,0,10
6,0.07174631208181381,0.05134202539920807,0,10
7,0.07252150028944016,0.024293361231684685,0,10
8,0.07140593230724335,0.033769674599170685,0,10
9,0.07160797715187073,0.04879619926214218,0,10
10,0.07139238715171814,0.03391604498028755,0,10
11,0.07135571539402008,0.0490979440510273,0,10
12,0.0714070051908493,0.0492955781519413,0,10
13,0.07218773663043976,0.03493180498480797,0,10
14,0.07190166413784027,0.047632455825805664,0,10
15,0.07198639959096909,0.04004921764135361,0,10
16,0.07133832573890686,0.04730438068509102,0,10
17,0.07227872312068939,0.0360138826072216,0,10
18,0.07155158370733261,0.05827677249908447,0,10
19,0.07235746085643768,0.059086620807647705,0,10
20,0.07215187698602676,0.06420200318098068,0,10
21,0.07237949222326279,0.052546799182891846,0,10
22,0.07199887186288834,0.05458219349384308,0,10
23,0.07138901948928833,0.047126058489084244,0,10
24,0.07219228148460388,0.0514441654086113,0,10
25,0.07144517451524734,0.04989403486251831,0,10
26,0.0722508504986763,0.05202179774641991,0,10
27,0.07189119607210159,0.050217777490615845,0,10
28,0.0723142996430397,0.0490732304751873,0,10
29,0.07131503522396088,0.04634551703929901,0,10
30,0.0721660852432251,0.054981134831905365,0,10
31,0.07249586284160614,0.05197107046842575,0,10
32,0.07200808078050613,0.05815635249018669,0,10
33,0.07193256169557571,0.046971503645181656,0,10
34,0.07117879390716553,0.041576288640499115,0,10
35,0.07240797579288483,0.036760032176971436,0,10
36,0.07199879735708237,0.05780980736017227,0,10
37,0.07175885140895844,0.04354039952158928,0,10
38,0.07214292138814926,0.05168968066573143,0,10
39,0.07214172184467316,0.06401968002319336,0,10
40,0.07238645851612091,0.03395723178982735,0,10
41,0.07114416360855103,0.04761442914605141,0,10
42,0.07222632318735123,0.053506217896938324,0,10
43,0.07129652798175812,0.06041693687438965,0,10
44,0.07256960868835449,0.06193064525723457,0,10
45,0.07154656946659088,0.0477919802069664,0,10
46,0.07117115706205368,0.05380506440997124,0,10
47,0.07131598889827728,0.05361940339207649,0,10
48,0.07179088145494461,0.056393809616565704,0,10
49,0.07156582176685333,0.05424356460571289,0,10
50,0.0714396983385086,0.06289630383253098,0,10
51,0.07236989587545395,0.0574987456202507,0,10
52,0.07168477773666382,0.043895263224840164,0,10
53,0.07192924618721008,0.042224545031785965,0,10
54,0.0721486434340477,0.06734584271907806,0,10
55,0.07150884717702866,0.03912096470594406,0,10
56,0.07117826491594315,0.048930875957012177,0,10
57,0.0716928094625473,0.062361642718315125,0,10
58,0.07159855961799622,0.05552120879292488,0,10
59,0.07170885801315308,0.03457827493548393,0,10
60,0.07141821831464767,0.04349759221076965,0,10
61,0.0723329484462738,0.06250640004873276,0,10
62,0.07188060879707336,0.04811832308769226,0,10
63,0.07201052457094193,0.044737063348293304,0,10
64,0.07255185395479202,0.051063649356365204,0,10
65,0.07255510240793228,0.058652233332395554,0,10
66,0.07117289304733276,0.0403115339577198,0,10
67,0.07238081842660904,0.05033928155899048,0,10
68,0.07150222361087799,0.05829458311200142,0,10
69,0.07118786126375198,0.05200692638754845,0,10
70,0.07167679816484451,0.06282204389572144,0,10
71,0.07225785404443741,0.05003920570015907,0,10
72,0.07234013825654984,0.04642169177532196,0,10
73,0.07170980423688889,0.0435505174100399,0,10
74,0.07170436531305313,0.0507001057267189,0,10
75,0.0712113082408905,0.05358284339308739,0,10
76,0.0717068612575531,0.06079256907105446,0,10
77,0.07153330743312836,0.0520176962018013,0,10
78,0.07120933383703232,0.04749465733766556,0,10
79,0.07250256091356277,0.058621399104595184,0,10
0,0.07087655365467072,0.0708765834569931,0,10
1,0.07156771421432495,0.07156771421432495,0,10
2,0.0721515491604805,0.05171355977654457,0,10
3,0.07137075811624527,0.027434293180704117,0,10
4,0.07215551286935806,0.038342103362083435,0,10
5,0.0717138797044754,0.059541311115026474,0,10
6,0.07174631208181381,0.0534370094537735,0,10
7,0.07252150028944016,0.06439106166362762,0,10
8,0.07140593230724335,0.05100932717323303,0,10
9,0.07160797715187073,0.04475182294845581,0,10
10,0.07139238715171814,0.05323411524295807,0,10
11,0.07135571539402008,0.054221585392951965,0,10
12,0.0714070051908493,0.04922952130436897,0,10
13,0.07218773663043976,0.05176198482513428,0,10
14,0.07190166413784027,0.05475088953971863,0,10
15,0.07198639959096909,0.052110135555267334,0,10
16,0.07133832573890686,0.03786958381533623,0,10
17,0.07227872312068939,0.04229217767715454,0,10
18,0.07155158370733261,0.056090231984853745,0,10
19,0.07235746085643768,0.05349258705973625,0,10
20,0.07215187698602676,0.061547793447971344,0,10
21,0.07237949222326279,0.05775272846221924,0,10
22,0.07199887186288834,0.031392019242048264,0,10
23,0.07138901948928833,0.052720725536346436,0,10
24,0.07219228148460388,0.046840179711580276,0,10
25,0.07144517451524734,0.04953283071517944,0,10
26,0.0722508504986763,0.05252867937088013,0,10
27,0.07189119607210159,0.04062601923942566,0,10
28,0.0723142996430397,0.042251646518707275,0,10
29,0.07131503522396088,0.04691145941615105,0,10
30,0.0721660852432251,0.03886883705854416,0,10
31,0.07249586284160614,0.03812278434634209,0,10
32,0.07200808078050613,0.03793880715966225,0,10
33,0.07193256169557571,0.052174247801303864,0,10
34,0.07117879390716553,0.0445997416973114,0,10
35,0.07240797579288483,0.059275854378938675,0,10
36,0.07199879735708237,0.04671498388051987,0,10
37,0.07175885140895844,0.04518234729766846,0,10
38,0.07214292138814926,0.046888288110494614,0,10
39,0.07214172184467316,0.04877179116010666,0,10
40,0.07238645851612091,0.05340766906738281,0,10
41,0.07114416360855103,0.051204562187194824,0,10
42,0.07222632318735123,0.03638081252574921,0,10
43,0.07129652798175812,0.05181596055626869,0,10
44,0.07256960868835449,0.06176874786615372,0,10
45,0.07154656946659088,0.04979357868432999,0,10
46,0.07117115706205368,0.05563175678253174,0,10
47,0.07131598889827728,0.04998146742582321,0,10
48,0.07179088145494461,0.05369245633482933,0,10
49,0.07156582176685333,0.051756054162979126,0,10
50,0.0714396983385086,0.06617175787687302,0,10
51,0.07236989587545395,0.04822598025202751,0,10
52,0.07168477773666382,0.05539790913462639,0,10
53,0.07192924618721008,0.05068953335285187,0,10
54,0.0721486434340477,0.05351705104112625,0,10
55,0.07150884717702866,0.05295244976878166,0,10
56,0.07117826491594315,0.05308511108160019,0,10
57,0.0716928094625473,0.04578500986099243,0,10
58,0.07159855961799622,0.05055392533540726,0,10
59,0.07170885801315308,0.05020551010966301,0,10
60,0.07141821831464767,0.04251378774642944,0,10
61,0.0723329484462738,0.057164959609508514,0,10
62,0.07188060879707336,0.04754455387592316,0,10
63,0.07201052457094193,0.04378268122673035,0,10
64,0.07255185395479202,0.04969341680407524,0,10
65,0.07255510240793228,0.0652586817741394,0,10
66,0.07117289304733276,0.05499575287103653,0,10
67,0.07238081842660904,0.04094409942626953,0,10
68,0.07150222361087799,0.036590371280908585,0,10
69,0.07118786126375198,0.04099225997924805,0,10
70,0.07167679816484451,0.043507762253284454,0,10
71,0.07225785404443741,0.03551938012242317,0,10
72,0.07234013825654984,0.047335293143987656,0,10
73,0.07170980423688889,0.05160873383283615,0,10
74,0.07170436531305313,0.03172155097126961,0,10
75,0.0712113082408905,0.05262443795800209,0,10
76,0.0717068612575531,0.03515436500310898,0,10
77,0.07153330743312836,0.05433880537748337,0,10
78,0.07120933383703232,0.05372946709394455,0,10
79,0.07250256091356277,0.04848480224609375,0,10
80,0.0724988728761673,0.04591837897896767,0,10
0,0.07087655365467072,0.07087656855583191,0,10
1,0.07156771421432495,0.07156771421432495,0,10
2,0.0721515491604805,0.04210154712200165,0,10
3,0.07137075811624527,0.06512898206710815,0,10
4,0.07215551286935806,0.03575986623764038,0,10
5,0.0717138797044754,0.042112842202186584,0,10
6,0.07174631208181381,0.04458419606089592,0,10
7,0.07252150028944016,0.03926718607544899,0,10
8,0.07140593230724335,0.03806746006011963,0,10
9,0.07160797715187073,0.04257708042860031,0,10
10,0.07139238715171814,0.04341830685734749,0,10
11,0.07135571539402008,0.059595875442028046,0,10
12,0.0714070051908493,0.053665339946746826,0,10
13,0.07218773663043976,0.06107369065284729,0,10
14,0.07190166413784027,0.05514322593808174,0,10
15,0.07198639959096909,0.046772558242082596,0,10
16,0.07133832573890686,0.053919121623039246,0,10
17,0.07227872312068939,0.040984343737363815,0,10
18,0.07155158370733261,0.05523473024368286,0,10
19,0.07235746085643768,0.04789161682128906,0,10
20,0.07215187698602676,0.05371084064245224,0,10
21,0.07237949222326279,0.050885677337646484,0,10
22,0.07199887186288834,0.04668530449271202,0,10
23,0.07138901948928833,0.05355966091156006,0,10
24,0.07219228148460388,0.05719606950879097,0,10
25,0.07144517451524734,0.05774153769016266,0,10
26,0.0722508504986763,0.058224666863679886,0,10
27,0.07189119607210159,0.03479225933551788,0,10
28,0.0723142996430397,0.041243620216846466,0,10
29,0.07131503522396088,0.052335623651742935,0,10
30,0.0721660852432251,0.04758552461862564,0,10
31,0.07249586284160614,0.05429500713944435,0,10
32,0.07200808078050613,0.058130715042352676,0,10
33,0.07193256169557571,0.04335501417517662,0,10
34,0.07117879390716553,0.04999896138906479,0,10
35,0.07240797579288483,0.04643012955784798,0,10
36,0.07199879735708237,0.04274061322212219,0,10
37,0.07175885140895844,0.05291981250047684,0,10
38,0.07214292138814926,0.04948394373059273,0,10
39,0.07214172184467316,0.051809608936309814,0,10
40,0.07238645851612091,0.05187872797250748,0,10
41,0.07114416360855103,0.05412079021334648,0,10
42,0.07222632318735123,0.054594166576862335,0,10
43,0.07129652798175812,0.0442950464785099,0,10
44,0.07256960868835449,0.061664730310440063,0,10
45,0.07154656946659088,0.03261644393205643,0,10
46,0.07117115706205368,0.05499111860990524,0,10
47,0.07131598889827728,0.05600522831082344,0,10
48,0.07179088145494461,0.06256991624832153,0,10
49,0.07156582176685333,0.05530557781457901,0,10
50,0.0714396983385086,0.06030763313174248,0,10
51,0.07236989587545395,0.04014051333069801,0,10
52,0.07168477773666382,0.03797755017876625,0,10
53,0.07192924618721008,0.03875899314880371,0,10
54,0.0721486434340477,0.046852607280015945,0,10
55,0.07150884717702866,0.05322536453604698,0,10
56,0.07117826491594315,0.059702105820178986,0,10
57,0.0716928094625473,0.044924817979335785,0,10
58,0.07159855961799622,0.057063061743974686,0,10
59,0.07170885801315308,0.03436648100614548,0,10
60,0.07141821831464767,0.04837651550769806,0,10
61,0.0723329484462738,0.042387936264276505,0,10
62,0.07188060879707336,0.04645739495754242,0,10
63,0.07201052457094193,0.03391013294458389,0,10
64,0.07255185395479202,0.061801787465810776,0,10
65,0.07255510240793228,0.0656132698059082,0,10
66,0.07117289304733276,0.06751785427331924,0,10
67,0.07238081842660904,0.056440114974975586,0,10
68,0.07150222361087799,0.04223254323005676,0,10
69,0.07118786126375198,0.05293703079223633,0,10
70,0.07167679816484451,0.057654231786727905,0,10
71,0.07225785404443741,0.06194569543004036,0,10
72,0.07234013825654984,0.06530717015266418,0,10
73,0.07170980423688889,0.062090013176202774,0,10
74,0.07170436531305313,0.04835543408989906,0,10
75,0.0712113082408905,0.054534465074539185,0,10
76,0.0717068612575531,0.05803179740905762,0,10
77,0.07153330743312836,0.04906982183456421,0,10
78,0.07120933383703232,0.055633459240198135,0,10
79,0.07250256091356277,0.05135929584503174,0,10
80,0.0724988728761673,0.05177602544426918,0,10
81,0.07120867818593979,0.048814836889505386,0,10
0,0.07087655365467072,0.07087656110525131,0,10
1,0.07156771421432495,0.07156771421432495,0,10
2,0.0721515491604805,0.03283722698688507,0,10
3,0.07137075811624527,0.04741206392645836,0,10
4,0.07215551286935806,0.05643666163086891,0,10
5,0.0717138797044754,0.04080772399902344,0,10
6,0.07174631208181381,0.03966320678591728,0,10
7,0.07252150028944016,0.05676725506782532,0,10
8,0.07140593230724335,0.052297502756118774,0,10
9,0.07160797715187073,0.0493391752243042,0,10
10,0.07139238715171814,0.060368143022060394,0,10
11,0.07135571539402008,0.060967545956373215,0,10
12,0.0714070051908493,0.05815386399626732,0,10
13,0.07218773663043976,0.04723631218075752,0,10
14,0.07190166413784027,0.0451304130256176,0,10
15,0.07198639959096909,0.034400440752506256,0,10
16,0.07133832573890686,0.04493687301874161,0,10
17,0.07227872312068939,0.05540372058749199,0,10
18,0.07155158370733261,0.06430435925722122,0,10
19,0.07235746085643768,0.06203041970729828,0,10
20,0.07215187698602676,0.05723729357123375,0,10
21,0.07237949222326279,0.06552616506814957,0,10
22,0.07199887186288834,0.05163881182670593,0,10
23,0.07138901948928833,0.0566750168800354,0,10
24,0.07219228148460388,0.058985501527786255,0,10
25,0.07144517451524734,0.051673054695129395,0,10
26,0.0722508504986763,0.03466092795133591,0,10
27,0.07189119607210159,0.06232799217104912,0,10
28,0.0723142996430397,0.051903724670410156,0,10
29,0.07131503522396088,0.04027164727449417,0,10
30,0.0721660852432251,0.044647544622421265,0,10
31,0.07249586284160614,0.04237109422683716,0,10
32,0.07200808078050613,0.05799175798892975,0,10
33,0.07193256169557571,0.06315585970878601,0,10
34,0.07117879390716553,0.055962834507226944,0,10
35,0.07240797579288483,0.03599453717470169,0,10
36,0.07199879735708237,0.05176737159490585,0,10
37,0.07175885140895844,0.04834778979420662,0,10
38,0.07214292138814926,0.05392909795045853,0,10
39,0.07214172184467316,0.05447655916213989,0,10
40,0.07238645851612091,0.04644232988357544,0,10
41,0.07114416360855103,0.05497264489531517,0,10
42,0.07222632318735123,0.06117074564099312,0,10
43,0.07129652798175812,0.04508380964398384,0,10
44,0.07256960868835449,0.04870879650115967,0,10
45,0.07154656946659088,0.040502361953258514,0,10
46,0.07117115706205368,0.04759304225444794,0,10
47,0.07131598889827728,0.05402575060725212,0,10
48,0.07179088145494461,0.0519338995218277,0,10
49,0.07156582176685333,0.03454079478979111,0,10
50,0.0714396983385086,0.04663264751434326,0,10
51,0.07236989587545395,0.06658591330051422,0,10
52,0.07168477773666382,0.03836017847061157,0,10
53,0.07192924618721008,0.0507393404841423,0,10
54,0.0721486434340477,0.04548538476228714,0,10
55,0.07150884717702866,0.05535931885242462,0,10
56,0.07117826491594315,0.0450095534324646,0,10
57,0.0716928094625473,0.03468725457787514,0,10
58,0.07159855961799622,0.04486311227083206,0,10
59,0.07170885801315308,0.04563645273447037,0,10
60,0.07141821831464767,0.030916690826416016,0,10
61,0.0723329484462738,0.04366336390376091,0,10
62,0.07188060879707336,0.05320657789707184,0,10
63,0.07201052457094193,0.06625416874885559,0,10
64,0.07255185395479202,0.04835335910320282,0,10
65,0.07255510240793228,0.048429541289806366,0,10
66,0.07117289304733276,0.045460477471351624,0,10
67,0.07238081842660904,0.045245230197906494,0,10
68,0.07150222361087799,0.055787213146686554,0,10
69,0.07118786126375198,0.057570502161979675,0,10
70,0.07167679816484451,0.03720192611217499,0,10
71,0.07225785404443741,0.04350029677152634,0,10
72,0.07234013825654984,0.05568481981754303,0,10
73,0.07170980423688889,0.04033907875418663,0,10
74,0.07170436531305313,0.056495945900678635,0,10
75,0.0712113082408905,0.0449640229344368,0,10
76,0.0717068612575531,0.03765535354614258,0,10
77,0.07153330743312836,0.04263470321893692,0,10
78,0.07120933383703232,0.05989925563335419,0,10
79,0.07250256091356277,0.052161991596221924,0,10
80,0.0724988728761673,0.030525412410497665,0,10
81,0.07120867818593979,0.0509602427482605,0,10
82,0.07175038009881973,0.0433654747903347,0,10
0,0.07087655365467072,0.07087656110525131,0,10
1,0.07156771421432495,0.07156771421432495,0,10
2,0.0721515491604805,0.034759271889925,0,10
3,0.07137075811624527,0.04370129108428955,0,10
4,0.07215551286935806,0.052593011409044266,0,10
5,0.0717138797044754,0.04051763936877251,0,10
6,0.07174631208181381,0.059787288308143616,0,10
7,0.07252150028944016,0.06617201119661331,0,10
8,0.07140593230724335,0.05490988865494728,0,10
9,0.07160797715187073,0.05235230177640915,0,10
10,0.07139238715171814,0.05143008753657341,0,10
11,0.07135571539402008,0.03782302886247635,0,10
12,0.0714070051908493,0.05670452117919922,0,10
13,0.07218773663043976,0.0499693863093853,0,10
14,0.07190166413784027,0.047460734844207764,0,10
15,0.07198639959096909,0.05447937548160553,0,10
16,0.07133832573890686,0.043587129563093185,0,10
17,0.07227872312068939,0.0408644862473011,0,10
18,0.07155158370733261,0.046244118362665176,0,10
19,0.07235746085643768,0.05655628442764282,0,10
20,0.07215187698602676,0.026965178549289703,0,10
21,0.07237949222326279,0.042291998863220215,0,10
22,0.07199887186288834,0.051092442125082016,0,10
23,0.07138901948928833,0.06119176000356674,0,10
24,0.07219228148460388,0.05710592493414879,0,10
25,0.07144517451524734,0.046819012612104416,0,10
26,0.0722508504986763,0.0554594062268734,0,10
27,0.07189119607210159,0.046401966363191605,0,10
28,0.0723142996430397,0.0453697070479393,0,10
29,0.07131503522396088,0.05410213768482208,0,10
30,0.0721660852432251,0.0616743378341198,0,10
31,0.07249586284160614,0.05742538720369339,0,10
32,0.07200808078050613,0.05000859871506691,0,10
33,0.07193256169557571,0.04483279958367348,0,10
34,0.07117879390716553,0.048076678067445755,0,10
35,0.07240797579288483,0.039754468947649,0,10
36,0.07199879735708237,0.05784323439002037,0,10
37,0.07175885140895844,0.05034760385751724,0,10
38,0.07214292138814926,0.053921110928058624,0,10
39,0.07214172184467316,0.06589138507843018,0,10
40,0.07238645851612091,0.06048978865146637,0,10
41,0.07114416360855103,0.05916224792599678,0,10
42,0.07222632318735123,0.0401136614382267,0,10
43,0.07129652798175812,0.055636193603277206,0,10
44,0.07256960868835449,0.05995994806289673,0,10
45,0.07154656946659088,0.0473787784576416,0,10
46,0.07117115706205368,0.0577683262526989,0,10
47,0.07131598889827728,0.051294900476932526,0,10
48,0.07179088145494461,0.049929987639188766,0,10
49,0.07156582176685333,0.05491761863231659,0,10
50,0.0714396983385086,0.044254157692193985,0,10
51,0.07236989587545395,0.054759085178375244,0,10
52,0.07168477773666382,0.04574925824999809,0,10
53,0.07192924618721008,0.03794354200363159,0,10
54,0.0721486434340477,0.05018573999404907,0,10
55,0.07150884717702866,0.04483754187822342,0,10
56,0.07117826491594315,0.039160292595624924,0,10
57,0.0716928094625473,0.05260145291686058,0,10
58,0.07159855961799622,0.039986319839954376,0,10
59,0.07170885801315308,0.05294729769229889,0,10
60,0.07141821831464767,0.042361557483673096,0,10
61,0.0723329484462738,0.049996837973594666,0,10
62,0.07188060879707336,0.04102572426199913,0,10
63,0.07201052457094193,0.05069921165704727,0,10
64,0.07255185395479202,0.05100938305258751,0,10
65,0.07255510240793228,0.054420292377471924,0,10
66,0.07117289304733276,0.04851963743567467,0,10
67,0.07238081842660904,0.0613461397588253,0,10
68,0.07150222361087799,0.05137786641716957,0,10
69,0.07118786126375198,0.06172589212656021,0,10
70,0.07167679816484451,0.05225956067442894,0,10
71,0.07225785404443741,0.04509808123111725,0,10
72,0.07234013825654984,0.04777006432414055,0,10
73,0.07170980423688889,0.052681565284729004,0,10
74,0.07170436531305313,0.06283918023109436,0,10
75,0.0712113082408905,0.05205819755792618,0,10
76,0.0717068612575531,0.03704943507909775,0,10
77,0.07153330743312836,0.04965629056096077,0,10
78,0.07120933383703232,0.04215765371918678,0,10
79,0.07250256091356277,0.05204664543271065,0,10
80,0.0724988728761673,0.04728536307811737,0,10
81,0.07120867818593979,0.031186742708086967,0,10
82,0.07175038009881973,0.03950439766049385,0,10
83,0.07241001725196838,0.04587250202894211,0,10
0,0.07087655365467072,0.0708765760064125,0,10
1,0.07156771421432495,0.07156771421432495,0,10
2,0.0721515491604805,0.04037882387638092,0,10
3,0.07137075811624527,0.06241805478930473,0,10
4,0.07215551286935806,0.037267301231622696,0,10
5,0.0717138797044754,0.036338333040475845,0,10
6,0.07174631208181381,0.05168138071894646,0,10
7,0.07252150028944016,0.03276795148849487,0,10
8,0.07140593230724335,0.029693445190787315,0,10
9,0.07160797715187073,0.04937489703297615,0,10
10,0.07139238715171814,0.054980069398880005,0,10
11,0.07135571539402008,0.05114388465881348,0,10
12,0.0714070051908493,0.04414962977170944,0,10
13,0.07218773663043976,0.05032689496874809,0,10
14,0.07190166413784027,0.0556485652923584,0,10
15,0.07198639959096909,0.0346202626824379,0,10
16,0.07133832573890686,0.04338150471448898,0,10
17,0.07227872312068939,0.060348641127347946,0,10
18,0.07155158370733261,0.047059595584869385,0,10
19,0.07235746085643768,0.05632520467042923,0,10
20,0.07215187698602676,0.05237346515059471,0,10
21,0.07237949222326279,0.05382716655731201,0,10
22,0.07199887186288834,0.04569888487458229,0,10
23,0.07138901948928833,0.036850571632385254,0,10
24,0.07219228148460388,0.04326285049319267,0,10
25,0.07144517451524734,0.0494067557156086,0,10
26,0.0722508504986763,0.03870279714465141,0,10
27,0.07189119607210159,0.04775002971291542,0,10
28,0.0723142996430397,0.052761971950531006,0,10
29,0.07131503522396088,0.047044478356838226,0,10
30,0.0721660852432251,0.04671028256416321,0,10
31,0.07249586284160614,0.05657224357128143,0,10
32,0.07200808078050613,0.060041606426239014,0,10
33,0.07193256169557571,0.052153199911117554,0,10
34,0.07117879390716553,0.05220874026417732,0,10
35,0.07240797579288483,0.05110004544258118,0,10
36,0.07199879735708237,0.0528278686106205,0,10
37,0.07175885140895844,0.0495452918112278,0,10
38,0.07214292138814926,0.05687076598405838,0,10
39,0.07214172184467316,0.0650421679019928,0,10
40,0.07238645851612091,0.05941053107380867,0,10
41,0.07114416360855103,0.05931256338953972,0,10
42,0.07222632318735123,0.05686775967478752,0,10
43,0.07129652798175812,0.05896191671490669,0,10
44,0.07256960868835449,0.05658010020852089,0,10
45,0.07154656946659088,0.04202643781900406,0,10
46,0.07117115706205368,0.055778685957193375,0,10
47,0.07131598889827728,0.04868016391992569,0,10
48,0.07179088145494461,0.029916968196630478,0,10
49,0.07156582176685333,0.04051196575164795,0,10
50,0.0714396983385086,0.04864494875073433,0,10
51,0.07236989587545395,0.051631148904561996,0,10
52,0.07168477773666382,0.04421120882034302,0,10
53,0.07192924618721008,0.05475034937262535,0,10
54,0.0721486434340477,0.05716456100344658,0,10
55,0.07150884717702866,0.045897226780653,0,10
56,0.07117826491594315,0.05258261412382126,0,10
57,0.0716928094625473,0.04419642686843872,0,10
58,0.07159855961799622,0.054415732622146606,0,10
59,0.07170885801315308,0.039992805570364,0,10
60,0.07141821831464767,0.05995665118098259,0,10
61,0.0723329484462738,0.04032775014638901,0,10
62,0.07188060879707336,0.04924080893397331,0,10
63,0.07201052457094193,0.03911435604095459,0,10
64,0.07255185395479202,0.0626692846417427,0,10
65,0.07255510240793228,0.048089444637298584,0,10
66,0.07117289304733276,0.05462333559989929,0,10
67,0.07238081842660904,0.04207342863082886,0,10
68,0.07150222361087799,0.046415265649557114,0,10
69,0.07118786126375198,0.05001472309231758,0,10
70,0.07167679816484451,0.043040938675403595,0,10
71,0.07225785404443741,0.06527646631002426,0,10
72,0.07234013825654984,0.04949629306793213,0,10
73,0.07170980423688889,0.06511744856834412,0,10
74,0.07170436531305313,0.04017312452197075,0,10
75,0.0712113082408905,0.05529056861996651,0,10
76,0.0717068612575531,0.050588350743055344,0,10
77,0.07153330743312836,0.03653639554977417,0,10
78,0.07120933383703232,0.05486615374684334,0,10
79,0.07250256091356277,0.05603194236755371,0,10
80,0.0724988728761673,0.05425518378615379,0,10
81,0.07120867818593979,0.03951217234134674,0,10
82,0.07175038009881973,0.049367014318704605,0,10
83,0.07241001725196838,0.05273495614528656,0,10
84,0.07194143533706665,0.04001079872250557,0,10
0,0.07087655365467072,0.07087656110525131,0,10
1,0.07156771421432495,0.07156771421432495,0,10
2,0.0721515491604805,0.04001663625240326,0,10
3,0.07137075811624527,0.053674936294555664,0,10
4,0.07215551286935806,0.045402657240629196,0,10
5,0.0717138797044754,0.04614022746682167,0,10
6,0.07174631208181381,0.03515978902578354,0,10
7,0.07252150028944016,0.06360054016113281,0,10
8,0.07140593230724335,0.042238738387823105,0,10
9,0.07160797715187073,0.06458289921283722,0,10
10,0.07139238715171814,0.05193972587585449,0,10
11,0.07135571539402008,0.044475868344306946,0,10
12,0.0714070051908493,0.0540713407099247,0,10
13,0.07218773663043976,0.050117138773202896,0,10
14,0.07190166413784027,0.061786457896232605,0,10
15,0.07198639959096909,0.055912189185619354,0,10
16,0.07133832573890686,0.05524708330631256,0,10
17,0.07227872312068939,0.04664219543337822,0,10
18,0.07155158370733261,0.041698891669511795,0,10
19,0.07235746085643768,0.05173981189727783,0,10
20,0.07215187698602676,0.031479258090257645,0,10
21,0.07237949222326279,0.052246008068323135,0,10
22,0.07199887186288834,0.054845839738845825,0,10
23,0.07138901948928833,0.041269149631261826,0,10
24,0.07219228148460388,0.03680477291345596,0,10
25,0.07144517451524734,0.04998296499252319,0,10
26,0.0722508504986763,0.049151428043842316,0,10
27,0.07189119607210159,0.04472922161221504,0,10
28,0.0723142996430397,0.053685642778873444,0,10
29,0.07131503522396088,0.057059574872255325,0,10
30,0.0721660852432251,0.047560691833496094,0,10
31,0.07249586284160614,0.055126726627349854,0,10
32,0.07200808078050613,0.06871706992387772,0,10
33,0.07193256169557571,0.05588087439537048,0,10
34,0.07117879390716553,0.053468503057956696,0,10
35,0.07240797579288483,0.05062900111079216,0,10
36,0.07199879735708237,0.05260759964585304,0,10
37,0.07175885140895844,0.055932823568582535,0,10
38,0.07214292138814926,0.05251555144786835,0,10
39,0.07214172184467316,0.048314038664102554,0,10
40,0.07238645851612091,0.02846449613571167,0,10
41,0.07114416360855103,0.04010432958602905,0,10
42,0.07222632318735123,0.062136027961969376,0,10
43,0.07129652798175812,0.041445184499025345,0,10
44,0.07256960868835449,0.056131310760974884,0,10
45,0.07154656946659088,0.05362117663025856,0,10
46,0.07117115706205368,0.06476493179798126,0,10
47,0.07131598889827728,0.05253082141280174,0,10
48,0.07179088145494461,0.0473126620054245,0,10
49,0.07156582176685333,0.05222288519144058,0,10
50,0.0714396983385086,0.04179725423455238,0,10
51,0.07236989587545395,0.05566096678376198,0,10
52,0.07168477773666382,0.04595659300684929,0,10
53,0.07192924618721008,0.046181194484233856,0,10
54,0.0721486434340477,0.025297807529568672,0,10
55,0.07150884717702866,0.04061044007539749,0,10
56,0.07117826491594315,0.03782130405306816,0,10
57,0.0716928094625473,0.050691962242126465,0,10
58,0.07159855961799622,0.045031189918518066,0,10
59,0.07170885801315308,0.05540020763874054,0,10
60,0.07141821831464767,0.04883589595556259,0,10
61,0.0723329484462738,0.05045060068368912,0,10
62,0.07188060879707336,0.06575395166873932,0,10
63,0.07201052457094193,0.05660902336239815,0,10
64,0.07255185395479202,0.05523814260959625,0,10
65,0.07255510240793228,0.06665778160095215,0,10
66,0.07117289304733276,0.04495706781744957,0,10
67,0.07238081842660904,0.05622526630759239,0,10
68,0.07150222361087799,0.04963719844818115,0,10
69,0.07118786126375198,0.04617757350206375,0,10
70,0.07167679816484451,0.05174218863248825,0,10
71,0.07225785404443741,0.04998737946152687,0,10
72,0.07234013825654984,0.04701286554336548,0,10
73,0.07170980423688889,0.05021623149514198,0,10
74,0.07170436531305313,0.06118060275912285,0,10
75,0.0712113082408905,0.051424868404865265,0,10
76,0.0717068612575531,0.03869875147938728,0,10
77,0.07153330743312836,0.04510597884654999,0,10
78,0.07120933383703232,0.042201679199934006,0,10
79,0.07250256091356277,0.06082228943705559,0,10
80,0.0724988728761673,0.06442133337259293,0,10
81,0.07120867818593979,0.0458444282412529,0,10
82,0.07175038009881973,0.055072419345378876,0,10
83,0.07241001725196838,0.03129366412758827,0,10
84,0.07194143533706665,0.03433224931359291,0,10
85,0.07238242030143738,0.05649409070611,0,10
0,0.07087655365467072,0.07087656855583191,0,10
1,0.07156771421432495,0.07156771421432495,0,10
2,0.0721515491604805,0.0632169097661972,0,10
3,0.07137075811624527,0.054838839918375015,0,10
4,0.07215551286935806,0.03697364404797554,0,10
5,0.0717138797044754,0.060429126024246216,0,10
6,0.07174631208181381,0.05213157460093498,0,10
7,0.07252150028944016,0.05534975975751877,0,10
8,0.07140593230724335,0.06073374301195145,0,10
9,0.07160797715187073,0.03929096460342407,0,10
10,0.07139238715171814,0.05695829913020134,0,10
11,0.07135571539402008,0.044429074972867966,0,10
12,0.0714070051908493,0.056748248636722565,0,10
13,0.07218773663043976,0.04864359274506569,0,10
14,0.07190166413784027,0.0480680949985981,0,10
15,0.07198639959096909,0.05302366241812706,0,10
16,0.07133832573890686,0.04979593679308891,0,10
17,0.07227872312068939,0.03930789604783058,0,10
18,0.07155158370733261,0.05545365810394287,0,10
19,0.07235746085643768,0.06092999503016472,0,10
20,0.07215187698602676,0.03398819640278816,0,10
21,0.07237949222326279,0.04266035556793213,0,10
22,0.07199887186288834,0.06111568957567215,0,10
23,0.07138901948928833,0.05282144993543625,0,10
24,0.07219228148460388,0.058377705514431,0,10
25,0.07144517451524734,0.04669315740466118,0,10
26,0.0722508504986763,0.03596429154276848,0,10
27,0.07189119607210159,0.06313829869031906,0,10
28,0.0723142996430397,0.050191693007946014,0,10
29,0.07131503522396088,0.046502139419317245,0,10
30,0.0721660852432251,0.03397786617279053,0,10
31,0.07249586284160614,0.05338793992996216,0,10
32,0.07200808078050613,0.055051468312740326,0,10
33,0.07193256169557571,0.04490620270371437,0,10
34,0.07117879390716553,0.045257922261953354,0,10
35,0.07240797579288483,0.0644950270652771,0,10
36,0.07199879735708237,0.03924648091197014,0,10
37,0.07175885140895844,0.04212319850921631,0,10
38,0.07214292138814926,0.0338805727660656,0,10
39,0.07214172184467316,0.06339938938617706,0,10
40,0.07238645851612091,0.046833135187625885,0,10
41,0.07114416360855103,0.05987697094678879,0,10
42,0.07222632318735123,0.04475918784737587,0,10
43,0.07129652798175812,0.06145036220550537,0,10
44,0.07256960868835449,0.05074341967701912,0,10
45,0.07154656946659088,0.049685630947351456,0,10
46,0.07117115706205368,0.03622806817293167,0,10
47,0.07131598889827728,0.05542948842048645,0,10
48,0.07179088145494461,0.02744058147072792,0,10
49,0.07156582176685333,0.0467207096517086,0,10
50,0.0714396983385086,0.03949660435318947,0,10
51,0.07236989587545395,0.04461085423827171,0,10
52,0.07168477773666382,0.057108405977487564,0,10
53,0.07192924618721008,0.04681239649653435,0,10
54,0.0721486434340477,0.05431072413921356,0,10
55,0.07150884717702866,0.0427933931350708,0,10
56,0.07117826491594315,0.04835059866309166,0,10
57,0.0716928094625473,0.056048452854156494,0,10
58,0.07159855961799622,0.04668372869491577,0,10
59,0.07170885801315308,0.04999568685889244,0,10
60,0.07141821831464767,0.05410532280802727,0,10
61,0.0723329484462738,0.05679415538907051,0,10
62,0.07188060879707336,0.050925519317388535,0,10
63,0.07201052457094193,0.0385994017124176,0,10
64,0.07255185395479202,0.062165699899196625,0,10
65,0.07255510240793228,0.052669018507003784,0,10
66,0.07117289304733276,0.04644371196627617,0,10
67,0.07238081842660904,0.04848293215036392,0,10
68,0.07150222361087799,0.0417603962123394,0,10
69,0.07118786126375198,0.057729847729206085,0,10
70,0.07167679816484451,0.05467686429619789,0,10
71,0.07225785404443741,0.054132021963596344,0,10
72,0.07234013825654984,0.04208958521485329,0,10
73,0.07170980423688889,0.045643143355846405,0,10
74,0.07170436531305313,0.0411546528339386,0,10
75,0.0712113082408905,0.05360953509807587,0,10
76,0.0717068612575531,0.05270976945757866,0,10
77,0.07153330743312836,0.039744820445775986,0,10
78,0.07120933383703232,0.05420947074890137,0,10
79,0.07250256091356277,0.05905427411198616,0,10
80,0.0724988728761673,0.0370311364531517,0,10
81,0.07120867818593979,0.05148245021700859,0,10
82,0.07175038009881973,0.047664254903793335,0,10
83,0.07241001725196838,0.051592327654361725,0,10
84,0.07194143533706665,0.061099566519260406,0,10
85,0.07238242030143738,0.055630024522542953,0,10
86,0.07223887741565704,0.05178225040435791,0,10
0,0.07087655365467072,0.07087656110525131,0,10
1,0.07156771421432495,0.07156771421432495,0,10
2,0.0721515491604805,0.0438024178147316,0,10
3,0.07137075811624527,0.05729063227772713,0,10
4,0.07215551286935806,0.05520286038517952,0,10
5,0.0717138797044754,0.05259975790977478,0,10
6,0.07174631208181381,0.06637293845415115,0,10
7,0.07252150028944016,0.033777765929698944,0,10
8,0.07140593230724335,0.03643559291958809,0,10
9,0.07160797715187073,0.03604583814740181,0,10
10,0.07139238715171814,0.04785121604800224,0,10
11,0.07135571539402008,0.04638761281967163,0,10
12,0.0714070051908493,0.047574374824762344,0,10
13,0.07218773663043976,0.058789435774087906,0,10
14,0.07190166413784027,0.05101317539811134,0,10
15,0.07198639959096909,0.0477432943880558,0,10
16,0.07133832573890686,0.04946865886449814,0,10
17,0.07227872312068939,0.05104456841945648,0,10
18,0.07155158370733261,0.06210932508111,0,10
19,0.07235746085643768,0.05048614740371704,0,10
20,0.07215187698602676,0.04779547452926636,0,10
21,0.07237949222326279,0.05292603000998497,0,10
22,0.07199887186288834,0.04631071165204048,0,10
23,0.07138901948928833,0.052872657775878906,0,10
24,0.07219228148460388,0.05516420677304268,0,10
25,0.07144517451524734,0.056630078703165054,0,10
26,0.0722508504986763,0.048591602593660355,0,10
27,0.07189119607210159,0.058999449014663696,0,10
28,0.0723142996430397,0.03730468824505806,0,10
29,0.07131503522396088,0.050124406814575195,0,10
30,0.0721660852432251,0.037823501974344254,0,10
31,0.07249586284160614,0.036716606467962265,0,10
32,0.07200808078050613,0.04397670179605484,0,10
33,0.07193256169557571,0.05524292588233948,0,10
34,0.07117879390716553,0.05387195199728012,0,10
35,0.07240797579288483,0.0277823805809021,0,10
36,0.07199879735708237,0.04696615785360336,0,10
37,0.07175885140895844,0.046896785497665405,0,10
38,0.07214292138814926,0.04794323071837425,0,10
39,0.07214172184467316,0.05874454602599144,0,10
40,0.07238645851612091,0.05546138063073158,0,10
41,0.07114416360855103,0.038188640028238297,0,10
42,0.07222632318735123,0.03272020444273949,0,10
43,0.07129652798175812,0.053668294101953506,0,10
44,0.07256960868835449,0.03635720536112785,0,10
45,0.07154656946659088,0.04779181629419327,0,10
46,0.07117115706205368,0.05446317046880722,0,10
47,0.07131598889827728,0.05214351415634155,0,10
48,0.07179088145494461,0.054339468479156494,0,10
49,0.07156582176685333,0.048540081828832626,0,10
50,0.0714396983385086,0.036750514060258865,0,10
51,0.07236989587545395,0.049254417419433594,0,10
52,0.07168477773666382,0.047470152378082275,0,10
53,0.07192924618721008,0.06162859871983528,0,10
54,0.0721486434340477,0.043615587055683136,0,10
55,0.07150884717702866,0.05109340697526932,0,10
56,0.07117826491594315,0.04077926278114319,0,10
57,0.0716928094625473,0.054803404957056046,0,10
58,0.07159855961799622,0.05751859024167061,0,10
59,0.07170885801315308,0.052230335772037506,0,10
60,0.07141821831464767,0.0502764955163002,0,10
61,0.0723329484462738,0.06284649670124054,0,10
62,0.07188060879707336,0.0542416051030159,0,10
63,0.07201052457094193,0.049030601978302,0,10
64,0.07255185395479202,0.05689448118209839,0,10
65,0.07255510240793228,0.0693555474281311,0,10
66,0.07117289304733276,0.03263527527451515,0,10
67,0.07238081842660904,0.043977126479148865,0,10
68,0.07150222361087799,0.05133352801203728,0,10
69,0.07118786126375198,0.038887228816747665,0,10
70,0.07167679816484451,0.048433829098939896,0,10
71,0.07225785404443741,0.06336314976215363,0,10
72,0.07234013825654984,0.0460725873708725,0,10
73,0.07170980423688889,0.0501733161509037,0,10
74,0.07170436531305313,0.0433189682662487,0,10
75,0.0712113082408905,0.06563590466976166,0,10
76,0.0717068612575531,0.04624178260564804,0,10
77,0.07153330743312836,0.05613585561513901,0,10
78,0.07120933383703232,0.03840046748518944,0,10
79,0.07250256091356277,0.03957380726933479,0,10
80,0.0724988728761673,0.03643345087766647,0,10
81,0.07120867818593979,0.04038447141647339,0,10
82,0.07175038009881973,0.04014500230550766,0,10
83,0.07241001725196838,0.05223724991083145,0,10
84,0.07194143533706665,0.03710556402802467,0,10
85,0.07238242030143738,0.026622503995895386,0,10
86,0.07223887741565704,0.050534605979919434,0,10
87,0.07168992608785629,0.051306430250406265,0,10
0,0.07087655365467072,0.07087656855583191,0,10
1,0.07156771421432495,0.07156771421432495,0,10
2,0.0721515491604805,0.047176335006952286,0,10
3,0.07137075811624527,0.03854399546980858,0,10
4,0.07215551286935806,0.05384182557463646,0,10
5,0.0717138797044754,0.05730195343494415,0,10
6,0.07174631208181381,0.05420085787773132,0,10
7,0.07252150028944016,0.04254845529794693,0,10
8,0.07140593230724335,0.06310626119375229,0,10
9,0.07160797715187073,0.05570530891418457,0,10
10,0.07139238715171814,0.05369313061237335,0,10
11,0.07135571539402008,0.055987365543842316,0,10
12,0.0714070051908493,0.04169952869415283,0,10
13,0.07218773663043976,0.04972090572118759,0,10
14,0.07190166413784027,0.043324217200279236,0,10
15,0.07198639959096909,0.04934830218553543,0,10
16,0.07133832573890686,0.05225958302617073,0,10
17,0.07227872312068939,0.05226431041955948,0,10
18,0.07155158370733261,0.049028005450963974,0,10
19,0.07235746085643768,0.049283552914857864,0,10
20,0.07215187698602676,0.046650294214487076,0,10
21,0.07237949222326279,0.058759186416864395,0,10
22,0.07199887186288834,0.04950353503227234,0,10
23,0.07138901948928833,0.046036481857299805,0,10
24,0.07219228148460388,0.045077431946992874,0,10
25,0.07144517451524734,0.05242186784744263,0,10
26,0.0722508504986763,0.0542149655520916,0,10
27,0.07189119607210159,0.04541053995490074,0,10
28,0.0723142996430397,0.06145128607749939,0,10
29,0.07131503522396088,0.04426998645067215,0,10
30,0.0721660852432251,0.031801991164684296,0,10
31,0.07249586284160614,0.026142142713069916,0,10
32,0.07200808078050613,0.04853135347366333,0,10
33,0.07193256169557571,0.04586860537528992,0,10
34,0.07117879390716553,0.05394241586327553,0,10
35,0.07240797579288483,0.059683557599782944,0,10
36,0.07199879735708237,0.05113864317536354,0,10
37,0.07175885140895844,0.06173161417245865,0,10
38,0.07214292138814926,0.04835745692253113,0,10
39,0.07214172184467316,0.05364614725112915,0,10
40,0.07238645851612091,0.029528891667723656,0,10
41,0.07114416360855103,0.05275967717170715,0,10
42,0.07222632318735123,0.036493562161922455,0,10
43,0.07129652798175812,0.0516902357339859,0,10
44,0.07256960868835449,0.047308146953582764,0,10
45,0.07154656946659088,0.04115331172943115,0,10
46,0.07117115706205368,0.052937690168619156,0,10
47,0.07131598889827728,0.05326235294342041,0,10
48,0.07179088145494461,0.04818810150027275,0,10
49,0.07156582176685333,0.05179188400506973,0,10
50,0.0714396983385086,0.05493173748254776,0,10
51,0.07236989587545395,0.05059504508972168,0,10
52,0.07168477773666382,0.0421450212597847,0,10
53,0.07192924618721008,0.04543823376297951,0,10
54,0.0721486434340477,0.04485500603914261,0,10
55,0.07150884717702866,0.05785646662116051,0,10
56,0.07117826491594315,0.041503071784973145,0,10
57,0.0716928094625473,0.06579000502824783,0,10
58,0.07159855961799622,0.03706100955605507,0,10
59,0.07170885801315308,0.036030497401952744,0,10
60,0.07141821831464767,0.04430566355586052,0,10
61,0.0723329484462738,0.04752655327320099,0,10
62,0.07188060879707336,0.049917228519916534,0,10
63,0.07201052457094193,0.046025991439819336,0,10
64,0.07255185395479202,0.05649840459227562,0,10
65,0.07255510240793228,0.04716980457305908,0,10
66,0.07117289304733276,0.037630002945661545,0,10
67,0.07238081842660904,0.048380427062511444,0,10
68,0.07150222361087799,0.024488212540745735,0,10
69,0.07118786126375198,0.04628492146730423,0,10
70,0.07167679816484451,0.03668253496289253,0,10
71,0.07225785404443741,0.0513700395822525,0,10
72,0.07234013825654984,0.05610603466629982,0,10
73,0.07170980423688889,0.04305914416909218,0,10
74,0.07170436531305313,0.04050767421722412,0,10
75,0.0712113082408905,0.049558911472558975,0,10
76,0.0717068612575531,0.05106965824961662,0,10
77,0.07153330743312836,0.031185761094093323,0,10
78,0.07120933383703232,0.050391990691423416,0,10
79,0.07250256091356277,0.03818126395344734,0,10
80,0.0724988728761673,0.0558001846075058,0,10
81,0.07120867818593979,0.049762215465307236,0,10
82,0.07175038009881973,0.03139865770936012,0,10
83,0.07241001725196838,0.03490212932229042,0,10
84,0.07194143533706665,0.05083375424146652,0,10
85,0.07238242030143738,0.05144130811095238,0,10
86,0.07223887741565704,0.06387092173099518,0,10
87,0.07168992608785629,0.03730024769902229,0,10
88,0.07128997147083282,0.0598214752972126,0,10
0,0.07087655365467072,0.07087656855583191,0,10
1,0.07156771421432495,0.07156771421432495,0,10
2,0.0721515491604805,0.047850798815488815,0,10
3,0.07137075811624527,0.039806753396987915,0,10
4,0.07215551286935806,0.05377465486526489,0,10
5,0.0717138797044754,0.04519742727279663,0,10
6,0.07174631208181381,0.0562712624669075,0,10
7,0.07252150028944016,0.058700304478406906,0,10
8,0.07140593230724335,0.061541978269815445,0,10
9,0.07160797715187073,0.04687080159783363,0,10
10,0.07139238715171814,0.06458017975091934,0,10
11,0.07135571539402008,0.03337257727980614,0,10
12,0.0714070051908493,0.03160756453871727,0,10
13,0.07218773663043976,0.05613069608807564,0,10
14,0.07190166413784027,0.02951478213071823,0,10
15,0.07198639959096909,0.055698297917842865,0,10
16,0.07133832573890686,0.05334996059536934,0,10
17,0.07227872312068939,0.05403175950050354,0,10
18,0.07155158370733261,0.04340583086013794,0,10
19,0.07235746085643768,0.039600491523742676,0,10
20,0.07215187698602676,0.06214894354343414,0,10
21,0.07237949222326279,0.04618173837661743,0,10
22,0.07199887186288834,0.03875426948070526,0,10
23,0.07138901948928833,0.037880007177591324,0,10
24,0.07219228148460388,0.049551185220479965,0,10
25,0.07144517451524734,0.055996593087911606,0,10
26,0.0722508504986763,0.054587334394454956,0,10
27,0.07189119607210159,0.03512775897979736,0,10
28,0.0723142996430397,0.04890698194503784,0,10
29,0.07131503522396088,0.04820406809449196,0,10
30,0.0721660852432251,0.03604479506611824,0,10
31,0.07249586284160614,0.06564543396234512,0,10
32,0.07200808078050613,0.06041492521762848,0,10
33,0.07193256169557571,0.03940645605325699,0,10
34,0.07117879390716553,0.04729272425174713,0,10
35,0.07240797579288483,0.05549733340740204,0,10
36,0.07199879735708237,0.052867770195007324,0,10
37,0.07175885140895844,0.05085226893424988,0,10
38,0.07214292138814926,0.0422637052834034,0,10
39,0.07214172184467316,0.03861819580197334,0,10
40,0.07238645851612091,0.04509803280234337,0,10
41,0.07114416360855103,0.05704301595687866,0,10
42,0.07222632318735123,0.03610575944185257,0,10
43,0.07129652798175812,0.051823124289512634,0,10
44,0.07256960868835449,0.03712666407227516,0,10
45,0.07154656946659088,0.045691587030887604,0,10
46,0.07117115706205368,0.044516611844301224,0,10
47,0.07131598889827728,0.05237934738397598,0,10
48,0.07179088145494461,0.04603515937924385,0,10
49,0.07156582176685333,0.032368287444114685,0,10
50,0.0714396983385086,0.05463658273220062,0,10
51,0.07236989587545395,0.050713296979665756,0,10
52,0.07168477773666382,0.048614501953125,0,10
53,0.07192924618721008,0.05880861356854439,0,10
54,0.0721486434340477,0.06694824248552322,0,10
55,0.07150884717702866,0.05820664018392563,0,10
56,0.07117826491594315,0.04221941530704498,0,10
57,0.0716928094625473,0.05130678415298462,0,10
58,0.07159855961799622,0.05220913141965866,0,10
59,0.07170885801315308,0.06534773856401443,0,10
60,0.07141821831464767,0.0632469654083252,0,10
61,0.0723329484462738,0.05977760627865791,0,10
62,0.07188060879707336,0.0577906034886837,0,10
63,0.07201052457094193,0.03949170187115669,0,10
64,0.07255185395479202,0.05546198785305023,0,10
65,0.07255510240793228,0.05649381875991821,0,10
66,0.07117289304733276,0.05502692237496376,0,10
67,0.07238081842660904,0.05528378486633301,0,10
68,0.07150222361087799,0.0355820432305336,0,10
69,0.07118786126375198,0.06728649139404297,0,10
70,0.07167679816484451,0.06428679078817368,0,10
71,0.07225785404443741,0.049003008753061295,0,10
72,0.07234013825654984,0.05136917904019356,0,10
73,0.07170980423688889,0.0538833923637867,0,10
74,0.07170436531305313,0.03182748332619667,0,10
75,0.0712113082408905,0.05826466158032417,0,10
76,0.0717068612575531,0.0435514822602272,0,10
77,0.07153330743312836,0.042655594646930695,0,10
78,0.07120933383703232,0.03481341153383255,0,10
79,0.07250256091356277,0.032439205795526505,0,10
80,0.0724988728761673,0.03965780884027481,0,10
81,0.07120867818593979,0.046229179948568344,0,10
82,0.07175038009881973,0.043707963079214096,0,10
83,0.07241001725196838,0.045782819390296936,0,10
84,0.07194143533706665,0.05678793415427208,0,10
85,0.07238242030143738,0.0664023756980896,0,10
86,0.07223887741565704,0.05412962660193443,0,10
87,0.07168992608785629,0.036397628486156464,0,10
88,0.07128997147083282,0.04503338783979416,0,10
89,0.07244046777486801,0.048658788204193115,0,10
0,0.07087655365467072,0.0708765834569931,0,10
1,0.07156771421432495,0.07156771421432495,0,10
2,0.0721515491604805,0.05264239385724068,0,10
3,0.07137075811624527,0.044881485402584076,0,10
4,0.07215551286935806,0.05801355466246605,0,10
5,0.0717138797044754,0.052124857902526855,0,10
6,0.07174631208181381,0.055440325289964676,0,10
7,0.07252150028944016,0.03585037216544151,0,10
8,0.07140593230724335,0.057340435683727264,0,10
9,0.07160797715187073,0.06411956250667572,0,10
10,0.07139238715171814,0.050575077533721924,0,10
11,0.07135571539402008,0.03698694705963135,0,10
12,0.0714070051908493,0.0629347562789917,0,10
13,0.07218773663043976,0.050653036683797836,0,10
14,0.07190166413784027,0.06405261158943176,0,10
15,0.07198639959096909,0.04556799307465553,0,10
16,0.07133832573890686,0.033387165516614914,0,10
17,0.07227872312068939,0.04911397397518158,0,10
18,0.07155158370733261,0.0528872013092041,0,10
19,0.07235746085643768,0.044831532984972,0,10
20,0.07215187698602676,0.057391759008169174,0,10
21,0.07237949222326279,0.06163053959608078,0,10
22,0.07199887186288834,0.0407496839761734,0,10
23,0.07138901948928833,0.038750745356082916,0,10
24,0.07219228148460388,0.04244145750999451,0,10
25,0.07144517451524734,0.044552747160196304,0,10
26,0.0722508504986763,0.04153326898813248,0,10
27,0.07189119607210159,0.04026389122009277,0,10
28,0.0723142996430397,0.05114716291427612,0,10
29,0.07131503522396088,0.04910485818982124,0,10
30,0.0721660852432251,0.042021244764328,0,10
31,0.07249586284160614,0.06316639482975006,0,10
32,0.07200808078050613,0.06579446792602539,0,10
33,0.07193256169557571,0.059326380491256714,0,10
34,0.07117879390716553,0.03570516034960747,0,10
35,0.07240797579288483,0.06184273213148117,0,10
36,0.07199879735708237,0.04651537537574768,0,10
37,0.07175885140895844,0.0371352881193161,0,10
38,0.07214292138814926,0.0658942386507988,0,10
39,0.07214172184467316,0.056088149547576904,0,10
40,0.07238645851612091,0.05334469676017761,0,10
41,0.07114416360855103,0.04491230100393295,0,10
42,0.07222632318735123,0.04987292364239693,0,10
43,0.07129652798175812,0.03457314521074295,0,10
44,0.07256960868835449,0.05009893700480461,0,10
45,0.07154656946659088,0.04169711470603943,0,10
46,0.07117115706205368,0.05617013946175575,0,10
47,0.07131598889827728,0.04897651448845863,0,10
48,0.07179088145494461,0.05261129140853882,0,10
49,0.07156582176685333,0.06474827229976654,0,10
50,0.0714396983385086,0.05420483276247978,0,10
51,0.07236989587545395,0.05489635467529297,0,10
52,0.07168477773666382,0.043152451515197754,0,10
53,0.07192924618721008,0.04049547016620636,0,10
54,0.0721486434340477,0.03766369819641113,0,10
55,0.07150884717702866,0.038546398282051086,0,10
56,0.07117826491594315,0.04409535229206085,0,10
57,0.0716928094625473,0.05279926955699921,0,10
58,0.07159855961799622,0.052396394312381744,0,10
59,0.07170885801315308,0.04466981813311577,0,10
60,0.07141821831464767,0.05392824858427048,0,10
61,0.0723329484462738,0.05333152040839195,0,10
62,0.07188060879707336,0.06089674308896065,0,10
63,0.07201052457094193,0.03828760236501694,0,10
64,0.07255185395479202,0.05461812764406204,0,10
65,0.07255510240793228,0.05616186931729317,0,10
66,0.07117289304733276,0.059469208121299744,0,10
67,0.07238081842660904,0.061076853424310684,0,10
68,0.07150222361087799,0.0456729531288147,0,10
69,0.07118786126375198,0.054214298725128174,0,10
70,0.07167679816484451,0.05367889627814293,0,10
71,0.07225785404443741,0.03715896233916283,0,10
72,0.07234013825654984,0.040901947766542435,0,10
73,0.07170980423688889,0.05356084927916527,0,10
74,0.07170436531305313,0.027856294065713882,0,10
75,0.0712113082408905,0.03132633492350578,0,10
76,0.0717068612575531,0.05494082719087601,0,10
77,0.07153330743312836,0.059522632509469986,0,10
78,0.07120933383703232,0.04566351696848869,0,10
79,0.07250256091356277,0.04941690340638161,0,10
80,0.0724988728761673,0.05270860716700554,0,10
81,0.07120867818593979,0.06218727305531502,0,10
82,0.07175038009881973,0.03976074233651161,0,10
83,0.07241001725196838,0.05340180918574333,0,10
84,0.07194143533706665,0.05716326832771301,0,10
85,0.07238242030143738,0.05131473019719124,0,10
86,0.07223887741565704,0.04834461212158203,0,10
87,0.07168992608785629,0.03499865531921387,0,10
88,0.07128997147083282,0.04889875650405884,0,10
89,0.07244046777486801,0.054608434438705444,0,10
90,0.07135213911533356,0.046156466007232666,0,10
0,0.07087655365467072,0.07087656855583191,0,10
1,0.07156771421432495,0.07156771421432495,0,10
2,0.0721515491604805,0.050974730402231216,0,10
3,0.07137075811624527,0.05117395147681236,0,10
4,0.07215551286935806,0.06055555120110512,0,10
5,0.0717138797044754,0.060137681663036346,0,10
6,0.07174631208181381,0.045987337827682495,0,10
7,0.07252150028944016,0.06069795787334442,0,10
8,0.07140593230724335,0.050783805549144745,0,10
9,0.07160797715187073,0.040954530239105225,0,10
10,0.07139238715171814,0.05095893144607544,0,10
11,0.07135571539402008,0.051742006093263626,0,10
12,0.0714070051908493,0.037646517157554626,0,10
13,0.07218773663043976,0.04514794424176216,0,10
14,0.07190166413784027,0.049143970012664795,0,10
15,0.07198639959096909,0.05848761647939682,0,10
16,0.07133832573890686,0.03377377986907959,0,10
17,0.07227872312068939,0.044122930616140366,0,10
18,0.07155158370733261,0.04736403003334999,0,10
19,0.07235746085643768,0.05313833802938461,0,10
20,0.07215187698602676,0.05186730623245239,0,10
21,0.07237949222326279,0.04504609853029251,0,10
22,0.07199887186288834,0.05056409537792206,0,10
23,0.07138901948928833,0.044867709279060364,0,10
24,0.07219228148460388,0.05436724051833153,0,10
25,0.07144517451524734,0.05097013711929321,0,10
26,0.0722508504986763,0.04736912250518799,0,10
27,0.07189119607210159,0.05462551489472389,0,10
28,0.0723142996430397,0.051342546939849854,0,10
29,0.07131503522396088,0.03674553707242012,0,10
30,0.0721660852432251,0.02830921672284603,0,10
31,0.07249586284160614,0.052078843116760254,0,10
32,0.07200808078050613,0.048906926065683365,0,10
33,0.07193256169557571,0.05803099274635315,0,10
34,0.07117879390716553,0.05121148005127907,0,10
35,0.07240797579288483,0.050812363624572754,0,10
36,0.07199879735708237,0.06117111071944237,0,10
37,0.07175885140895844,0.04929430037736893,0,10
38,0.07214292138814926,0.05251331254839897,0,10
39,0.07214172184467316,0.062342047691345215,0,10
40,0.07238645851612091,0.060266729444265366,0,10
41,0.07114416360855103,0.05225672945380211,0,10
42,0.07222632318735123,0.023414188995957375,0,10
43,0.07129652798175812,0.06162486597895622,0,10
44,0.07256960868835449,0.05016373470425606,0,10
45,0.07154656946659088,0.05607346445322037,0,10
46,0.07117115706205368,0.036058198660612106,0,10
47,0.07131598889827728,0.06524056196212769,0,10
48,0.07179088145494461,0.052524447441101074,0,10
49,0.07156582176685333,0.03768831863999367,0,10
50,0.0714396983385086,0.0415840744972229,0,10
51,0.07236989587545395,0.040001414716243744,0,10
52,0.07168477773666382,0.05032128095626831,0,10
53,0.07192924618721008,0.06614404171705246,0,10
54,0.0721486434340477,0.048643808811903,0,10
55,0.07150884717702866,0.0438217967748642,0,10
56,0.07117826491594315,0.040512945502996445,0,10
57,0.0716928094625473,0.05673950910568237,0,10
58,0.07159855961799622,0.05171126499772072,0,10
59,0.07170885801315308,0.04555714130401611,0,10
60,0.07141821831464767,0.05592784658074379,0,10
61,0.0723329484462738,0.06457524001598358,0,10
62,0.07188060879707336,0.050706762820482254,0,10
63,0.07201052457094193,0.029254764318466187,0,10
64,0.07255185395479202,0.05892251431941986,0,10
65,0.07255510240793228,0.04749104753136635,0,10
66,0.07117289304733276,0.06334945559501648,0,10
67,0.07238081842660904,0.04473134130239487,0,10
68,0.07150222361087799,0.053259313106536865,0,10
69,0.07118786126375198,0.05378514528274536,0,10
70,0.07167679816484451,0.052242837846279144,0,10
71,0.07225785404443741,0.05738658085465431,0,10
72,0.07234013825654984,0.06560062617063522,0,10
73,0.07170980423688889,0.05396553874015808,0,10
74,0.07170436531305313,0.05348334088921547,0,10
75,0.0712113082408905,0.049551352858543396,0,10
76,0.0717068612575531,0.03332584351301193,0,10
77,0.07153330743312836,0.050501517951488495,0,10
78,0.07120933383703232,0.037519849836826324,0,10
79,0.07250256091356277,0.045357584953308105,0,10
80,0.0724988728761673,0.05423594266176224,0,10
81,0.07120867818593979,0.047807447612285614,0,10
82,0.07175038009881973,0.036276888102293015,0,10
83,0.07241001725196838,0.04715593531727791,0,10
84,0.07194143533706665,0.05162425711750984,0,10
85,0.07238242030143738,0.058635272085666656,0,10
86,0.07223887741565704,0.04811498150229454,0,10
87,0.07168992608785629,0.03035874478518963,0,10
88,0.07128997147083282,0.04229538515210152,0,10
89,0.07244046777486801,0.04578082635998726,0,10
90,0.07135213911533356,0.04391619563102722,0,10
91,0.07135114073753357,0.05429188534617424,0,10
0,0.07087655365467072,0.07087656110525131,0,10
1,0.07156771421432495,0.07156771421432495,0,10
2,0.0721515491604805,0.052496135234832764,0,10
3,0.07137075811624527,0.05205410346388817,0,10
4,0.07215551286935806,0.05465231090784073,0,10
5,0.0717138797044754,0.04321606829762459,0,10
6,0.07174631208181381,0.062133144587278366,0,10
7,0.07252150028944016,0.06347060203552246,0,10
8,0.07140593230724335,0.02901017665863037,0,10
9,0.07160797715187073,0.04814688488841057,0,10
10,0.07139238715171814,0.047599051147699356,0,10
11,0.07135571539402008,0.05566300451755524,0,10
12,0.0714070051908493,0.04889724776148796,0,10
13,0.07218773663043976,0.03876690939068794,0,10
14,0.07190166413784027,0.05640336871147156,0,10
15,0.07198639959096909,0.0474432036280632,0,10
16,0.07133832573890686,0.054778650403022766,0,10
17,0.07227872312068939,0.05125231295824051,0,10
18,0.07155158370733261,0.05777692794799805,0,10
19,0.07235746085643768,0.058992478996515274,0,10
20,0.07215187698602676,0.03453577309846878,0,10
21,0.07237949222326279,0.044912517070770264,0,10
22,0.07199887186288834,0.057596538215875626,0,10
23,0.07138901948928833,0.04659350588917732,0,10
24,0.07219228148460388,0.05282634496688843,0,10
25,0.07144517451524734,0.052706487476825714,0,10
26,0.0722508504986763,0.03832600638270378,0,10
27,0.07189119607210159,0.03382590413093567,0,10
28,0.0723142996430397,0.060920458287000656,0,10
29,0.07131503522396088,0.0467790849506855,0,10
30,0.0721660852432251,0.05328172817826271,0,10
31,0.07249586284160614,0.03338122367858887,0,10
32,0.07200808078050613,0.040096085518598557,0,10
33,0.07193256169557571,0.06879612803459167,0,10
34,0.07117879390716553,0.05453747883439064,0,10
35,0.07240797579288483,0.052776895463466644,0,10
36,0.07199879735708237,0.041450135409832,0,10
37,0.07175885140895844,0.06537733972072601,0,10
38,0.07214292138814926,0.05155132710933685,0,10
39,0.07214172184467316,0.05020955204963684,0,10
40,0.07238645851612091,0.0287006925791502,0,10
41,0.07114416360855103,0.06482935696840286,0,10
42,0.07222632318735123,0.032439786940813065,0,10
43,0.07129652798175812,0.057706501334905624,0,10
44,0.07256960868835449,0.06489552557468414,0,10
45,0.07154656946659088,0.05474734678864479,0,10
46,0.07117115706205368,0.037650302052497864,0,10
47,0.07131598889827728,0.04753180220723152,0,10
48,0.07179088145494461,0.047035474330186844,0,10
49,0.07156582176685333,0.04444344341754913,0,10
50,0.0714396983385086,0.052815310657024384,0,10
51,0.07236989587545395,0.056029267609119415,0,10
52,0.07168477773666382,0.052764322608709335,0,10
53,0.07192924618721008,0.05580313876271248,0,10
54,0.0721486434340477,0.05356958881020546,0,10
55,0.07150884717702866,0.03921402618288994,0,10
56,0.07117826491594315,0.05872401222586632,0,10
57,0.0716928094625473,0.0631934404373169,0,10
58,0.07159855961799622,0.04693698510527611,0,10
59,0.07170885801315308,0.043941617012023926,0,10
60,0.07141821831464767,0.042123373597860336,0,10
61,0.0723329484462738,0.055209945887327194,0,10
62,0.07188060879707336,0.05328810214996338,0,10
63,0.07201052457094193,0.05584917590022087,0,10
64,0.07255185395479202,0.05625196918845177,0,10
65,0.07255510240793228,0.06334900856018066,0,10
66,0.07117289304733276,0.05366720259189606,0,10
67,0.07238081842660904,0.04783046245574951,0,10
68,0.07150222361087799,0.05184450000524521,0,10
69,0.07118786126375198,0.06331589818000793,0,10
70,0.07167679816484451,0.05079801753163338,0,10
71,0.07225785404443741,0.04438384994864464,0,10
72,0.07234013825654984,0.05569368600845337,0,10
73,0.07170980423688889,0.05128071829676628,0,10
74,0.07170436531305313,0.04605989530682564,0,10
75,0.0712113082408905,0.04334975779056549,0,10
76,0.0717068612575531,0.0425439327955246,0,10
77,0.07153330743312836,0.04366624355316162,0,10
78,0.07120933383703232,0.049613695591688156,0,10
79,0.07250256091356277,0.03767896071076393,0,10
80,0.0724988728761673,0.04518909007310867,0,10
81,0.07120867818593979,0.04874309524893761,0,10
82,0.07175038009881973,0.0332568995654583,0,10
83,0.07241001725196838,0.05191701650619507,0,10
84,0.07194143533706665,0.05283886194229126,0,10
85,0.07238242030143738,0.0389951728284359,0,10
86,0.07223887741565704,0.037857335060834885,0,10
87,0.07168992608785629,0.049035701900720596,0,10
88,0.07128997147083282,0.05215096473693848,0,10
89,0.07244046777486801,0.03013743832707405,0,10
90,0.07135213911533356,0.05287165939807892,0,10
91,0.07135114073753357,0.049161240458488464,0,10
92,0.0714399665594101,0.05575340986251831,0,10
0,0.07087655365467072,0.07087656855583191,0,10
1,0.07156771421432495,0.07156771421432495,0,10
2,0.0721515491604805,0.05809757485985756,0,10
3,0.07137075811624527,0.04950881004333496,0,10
4,0.07215551286935806,0.03882315754890442,0,10
5,0.0717138797044754,0.06300891190767288,0,10
6,0.07174631208181381,0.04591280221939087,0,10
7,0.07252150028944016,0.049691617488861084,0,10
8,0.07140593230724335,0.048467185348272324,0,10
9,0.07160797715187073,0.05502906069159508,0,10
10,0.07139238715171814,0.05476726219058037,0,10
11,0.07135571539402008,0.05893714353442192,0,10
12,0.0714070051908493,0.05934175103902817,0,10
13,0.07218773663043976,0.06248260289430618,0,10
14,0.07190166413784027,0.03283081576228142,0,10
15,0.07198639959096909,0.05914425104856491,0,10
16,0.07133832573890686,0.04067648947238922,0,10
17,0.07227872312068939,0.04805653169751167,0,10
18,0.07155158370733261,0.038601379841566086,0,10
19,0.07235746085643768,0.035688579082489014,0,10
20,0.07215187698602676,0.062217168509960175,0,10
21,0.07237949222326279,0.05028214678168297,0,10
22,0.07199887186288834,0.04941527172923088,0,10
23,0.07138901948928833,0.05478012561798096,0,10
24,0.07219228148460388,0.0508405901491642,0,10
25,0.07144517451524734,0.052863240242004395,0,10
26,0.0722508504986763,0.05394991114735603,0,10
27,0.07189119607210159,0.05932900309562683,0,10
28,0.0723142996430397,0.04927387833595276,0,10
29,0.07131503522396088,0.0439479686319828,0,10
30,0.0721660852432251,0.05402413755655289,0,10
31,0.07249586284160614,0.041908442974090576,0,10
32,0.07200808078050613,0.0487518273293972,0,10
33,0.07193256169557571,0.05132477357983589,0,10
34,0.07117879390716553,0.04369578883051872,0,10
35,0.07240797579288483,0.042762454599142075,0,10
36,0.07199879735708237,0.048026248812675476,0,10
37,0.07175885140895844,0.05430511012673378,0,10
38,0.07214292138814926,0.05834956467151642,0,10
39,0.07214172184467316,0.05558931827545166,0,10
40,0.07238645851612091,0.04191365838050842,0,10
41,0.07114416360855103,0.05409194529056549,0,10
42,0.07222632318735123,0.04722269997000694,0,10
43,0.07129652798175812,0.04071187227964401,0,10
44,0.07256960868835449,0.038629721850156784,0,10
45,0.07154656946659088,0.031101958826184273,0,10
46,0.07117115706205368,0.06004633754491806,0,10
47,0.07131598889827728,0.054566845297813416,0,10
48,0.07179088145494461,0.03585434332489967,0,10
49,0.07156582176685333,0.058737147599458694,0,10
50,0.0714396983385086,0.04548249766230583,0,10
51,0.07236989587545395,0.05814033001661301,0,10
52,0.07168477773666382,0.04500967636704445,0,10
53,0.07192924618721008,0.039521634578704834,0,10
54,0.0721486434340477,0.03831864520907402,0,10
55,0.07150884717702866,0.0339997373521328,0,10
56,0.07117826491594315,0.05209309980273247,0,10
57,0.0716928094625473,0.05964620038866997,0,10
58,0.07159855961799622,0.05576755106449127,0,10
59,0.07170885801315308,0.045514415949583054,0,10
60,0.07141821831464767,0.03334242105484009,0,10
61,0.0723329484462738,0.050239961594343185,0,10
62,0.07188060879707336,0.05208027362823486,0,10
63,0.07201052457094193,0.05976158753037453,0,10
64,0.07255185395479202,0.051449816673994064,0,10
65,0.07255510240793228,0.04729072004556656,0,10
66,0.07117289304733276,0.06024358794093132,0,10
67,0.07238081842660904,0.05081087350845337,0,10
68,0.07150222361087799,0.03500235825777054,0,10
69,0.07118786126375198,0.0605582557618618,0,10
70,0.07167679816484451,0.0385102741420269,0,10
71,0.07225785404443741,0.050869204103946686,0,10
72,0.07234013825654984,0.038672707974910736,0,10
73,0.07170980423688889,0.043322376906871796,0,10
74,0.07170436531305313,0.056452471762895584,0,10
75,0.0712113082408905,0.05127054452896118,0,10
76,0.0717068612575531,0.05290426313877106,0,10
77,0.07153330743312836,0.05438210070133209,0,10
78,0.07120933383703232,0.0498005710542202,0,10
79,0.07250256091356277,0.04165768623352051,0,10
80,0.0724988728761673,0.05531088635325432,0,10
81,0.07120867818593979,0.03261249139904976,0,10
82,0.07175038009881973,0.04612436518073082,0,10
83,0.07241001725196838,0.05643370747566223,0,10
84,0.07194143533706665,0.04613303020596504,0,10
85,0.07238242030143738,0.05582265928387642,0,10
86,0.07223887741565704,0.05578038841485977,0,10
87,0.07168992608785629,0.035889625549316406,0,10
88,0.07128997147083282,0.057102642953395844,0,10
89,0.07244046777486801,0.05617526173591614,0,10
90,0.07135213911533356,0.046171244233846664,0,10
91,0.07135114073753357,0.04551089182496071,0,10
92,0.0714399665594101,0.05345207452774048,0,10
93,0.07143357396125793,0.055161960422992706,0,10
0,0.07087655365467072,0.07087656110525131,0,10
1,0.07156771421432495,0.07156771421432495,0,10
2,0.0721515491604805,0.06500715017318726,0,10
3,0.07137075811624527,0.05123449116945267,0,10
4,0.07215551286935806,0.054434970021247864,0,10
5,0.0717138797044754,0.03212744742631912,0,10
6,0.07174631208181381,0.056203316897153854,0,10
7,0.07252150028944016,0.04722910374403,0,10
8,0.07140593230724335,0.04515214264392853,0,10
9,0.07160797715187073,0.05052968114614487,0,10
10,0.07139238715171814,0.037519264966249466,0,10
11,0.07135571539402008,0.04917329549789429,0,10
12,0.0714070051908493,0.06403122842311859,0,10
13,0.07218773663043976,0.05509325861930847,0,10
14,0.07190166413784027,0.046827420592308044,0,10
15,0.07198639959096909,0.04989824816584587,0,10
16,0.07133832573890686,0.04017510265111923,0,10
17,0.07227872312068939,0.06669881939888,0,10
18,0.07155158370733261,0.05309981107711792,0,10
19,0.07235746085643768,0.040158361196517944,0,10
20,0.07215187698602676,0.05370321497321129,0,10
21,0.07237949222326279,0.04737672954797745,0,10
22,0.07199887186288834,0.04742836952209473,0,10
23,0.07138901948928833,0.03486043959856033,0,10
24,0.07219228148460388,0.046195220202207565,0,10
25,0.07144517451524734,0.050618529319763184,0,10
26,0.0722508504986763,0.054251279681921005,0,10
27,0.07189119607210159,0.03168439492583275,0,10
28,0.0723142996430397,0.048680901527404785,0,10
29,0.07131503522396088,0.03406213968992233,0,10
30,0.0721660852432251,0.054761242121458054,0,10
31,0.07249586284160614,0.049219440668821335,0,10
32,0.07200808078050613,0.042656611651182175,0,10
33,0.07193256169557571,0.050231367349624634,0,10
34,0.07117879390716553,0.0611204095184803,0,10
35,0.07240797579288483,0.05741865560412407,0,10
36,0.07199879735708237,0.03801275044679642,0,10
37,0.07175885140895844,0.04155451059341431,0,10
38,0.07214292138814926,0.05819843336939812,0,10
39,0.07214172184467316,0.052810072898864746,0,10
40,0.07238645851612091,0.026073094457387924,0,10
41,0.07114416360855103,0.054966170340776443,0,10
42,0.07222632318735123,0.04882495850324631,0,10
43,0.07129652798175812,0.03853867948055267,0,10
44,0.07256960868835449,0.061955273151397705,0,10
45,0.07154656946659088,0.030931906774640083,0,10
46,0.07117115706205368,0.060106340795755386,0,10
47,0.07131598889827728,0.05591881647706032,0,10
48,0.07179088145494461,0.04840896651148796,0,10
49,0.07156582176685333,0.03847687691450119,0,10
50,0.0714396983385086,0.04915595054626465,0,10
51,0.07236989587545395,0.05083608627319336,0,10
52,0.07168477773666382,0.05060915648937225,0,10
53,0.07192924618721008,0.061622560024261475,0,10
54,0.0721486434340477,0.05185564234852791,0,10
55,0.07150884717702866,0.052161216735839844,0,10
56,0.07117826491594315,0.05555672571063042,0,10
57,0.0716928094625473,0.046655792742967606,0,10
58,0.07159855961799622,0.044234927743673325,0,10
59,0.07170885801315308,0.04295187443494797,0,10
60,0.07141821831464767,0.04467195272445679,0,10
61,0.0723329484462738,0.05409371107816696,0,10
62,0.07188060879707336,0.05516938865184784,0,10
63,0.07201052457094193,0.058470770716667175,0,10
64,0.07255185395479202,0.04155707359313965,0,10
65,0.07255510240793228,0.04394906386733055,0,10
66,0.07117289304733276,0.04866879805922508,0,10
67,0.07238081842660904,0.03627431392669678,0,10
68,0.07150222361087799,0.051151856780052185,0,10
69,0.07118786126375198,0.04968785494565964,0,10
70,0.07167679816484451,0.056830741465091705,0,10
71,0.07225785404443741,0.04650699347257614,0,10
72,0.07234013825654984,0.029740333557128906,0,10
73,0.07170980423688889,0.02895721234381199,0,10
74,0.07170436531305313,0.04934338480234146,0,10
75,0.0712113082408905,0.04423188045620918,0,10
76,0.0717068612575531,0.055070921778678894,0,10
77,0.07153330743312836,0.04350712522864342,0,10
78,0.07120933383703232,0.04869234561920166,0,10
79,0.07250256091356277,0.03642197698354721,0,10
80,0.0724988728761673,0.0489184595644474,0,10
81,0.07120867818593979,0.05363142490386963,0,10
82,0.07175038009881973,0.04339013993740082,0,10
83,0.07241001725196838,0.056344401091337204,0,10
84,0.07194143533706665,0.054960403591394424,0,10
85,0.07238242030143738,0.03922261297702789,0,10
86,0.07223887741565704,0.05540120601654053,0,10
87,0.07168992608785629,0.034408845007419586,0,10
88,0.07128997147083282,0.05983223393559456,0,10
89,0.07244046777486801,0.05652893707156181,0,10
90,0.07135213911533356,0.05063904821872711,0,10
91,0.07135114073753357,0.04945679381489754,0,10
92,0.0714399665594101,0.05574803426861763,0,10
93,0.07143357396125793,0.047212157398462296,0,10
94,0.07189401984214783,0.058997709304094315,0,10
0,0.07087655365467072,0.07087656855583191,0,10
1,0.07156771421432495,0.07156771421432495,0,10
2,0.0721515491604805,0.05552736297249794,0,10
3,0.07137075811624527,0.03719082474708557,0,10
4,0.07215551286935806,0.06492307037115097,0,10
5,0.0717138797044754,0.065510094165802,0,10
6,0.07174631208181381,0.04947352409362793,0,10
7,0.07252150028944016,0.04037078469991684,0,10
8,0.07140593230724335,0.05665438622236252,0,10
9,0.07160797715187073,0.06268392503261566,0,10
10,0.07139238715171814,0.04161781072616577,0,10
11,0.07135571539402008,0.04104699194431305,0,10
12,0.0714070051908493,0.04250309243798256,0,10
13,0.07218773663043976,0.05155761539936066,0,10
14,0.07190166413784027,0.055732592940330505,0,10
15,0.07198639959096909,0.043328870087862015,0,10
16,0.07133832573890686,0.05328536033630371,0,10
17,0.07227872312068939,0.05426574498414993,0,10
18,0.07155158370733261,0.05100315809249878,0,10
19,0.07235746085643768,0.06127145513892174,0,10
20,0.07215187698602676,0.05834434553980827,0,10
21,0.07237949222326279,0.047081444412469864,0,10
22,0.07199887186288834,0.055128421634435654,0,10
23,0.07138901948928833,0.04742032289505005,0,10
24,0.07219228148460388,0.05332067236304283,0,10
25,0.07144517451524734,0.04547373205423355,0,10
26,0.0722508504986763,0.05426526814699173,0,10
27,0.07189119607210159,0.03076172061264515,0,10
28,0.0723142996430397,0.04865712672472,0,10
29,0.07131503522396088,0.03368794173002243,0,10
30,0.0721660852432251,0.050185807049274445,0,10
31,0.07249586284160614,0.06171606481075287,0,10
32,0.07200808078050613,0.04889035224914551,0,10
33,0.07193256169557571,0.0527748167514801,0,10
34,0.07117879390716553,0.04214770346879959,0,10
35,0.07240797579288483,0.06561187654733658,0,10
36,0.07199879735708237,0.042221520096063614,0,10
37,0.07175885140895844,0.04917415976524353,0,10
38,0.07214292138814926,0.05426996946334839,0,10
39,0.07214172184467316,0.062415897846221924,0,10
40,0.07238645851612091,0.05491076037287712,0,10
41,0.07114416360855103,0.04909970983862877,0,10
42,0.07222632318735123,0.059790659695863724,0,10
43,0.07129652798175812,0.05806133523583412,0,10
44,0.07256960868835449,0.04882783070206642,0,10
45,0.07154656946659088,0.05735745280981064,0,10
46,0.07117115706205368,0.055468373000621796,0,10
47,0.07131598889827728,0.04900655895471573,0,10
48,0.07179088145494461,0.045954380184412,0,10
49,0.07156582176685333,0.05223358795046806,0,10
50,0.0714396983385086,0.05406482517719269,0,10
51,0.07236989587545395,0.03276707977056503,0,10
52,0.07168477773666382,0.047740545123815536,0,10
53,0.07192924618721008,0.04635266587138176,0,10
54,0.0721486434340477,0.048369135707616806,0,10
55,0.07150884717702866,0.05572938174009323,0,10
56,0.07117826491594315,0.04396343231201172,0,10
57,0.0716928094625473,0.0613439679145813,0,10
58,0.07159855961799622,0.06042936071753502,0,10
59,0.07170885801315308,0.05533624067902565,0,10
60,0.07141821831464767,0.06107199564576149,0,10
61,0.0723329484462738,0.031181197613477707,0,10
62,0.07188060879707336,0.06421249359846115,0,10
63,0.07201052457094193,0.04594322666525841,0,10
64,0.07255185395479202,0.0567009299993515,0,10
65,0.07255510240793228,0.04907612502574921,0,10
66,0.07117289304733276,0.05281183868646622,0,10
67,0.07238081842660904,0.04455775022506714,0,10
68,0.07150222361087799,0.04552597552537918,0,10
69,0.07118786126375198,0.052061714231967926,0,10
70,0.07167679816484451,0.049849238246679306,0,10
71,0.07225785404443741,0.0654456838965416,0,10
72,0.07234013825654984,0.039189741015434265,0,10
73,0.07170980423688889,0.052127718925476074,0,10
74,0.07170436531305313,0.0407695472240448,0,10
75,0.0712113082408905,0.06272508949041367,0,10
76,0.0717068612575531,0.04664776474237442,0,10
77,0.07153330743312836,0.04469539597630501,0,10
78,0.07120933383703232,0.047547969967126846,0,10
79,0.07250256091356277,0.04298439621925354,0,10
80,0.0724988728761673,0.05519040673971176,0,10
81,0.07120867818593979,0.05065227672457695,0,10
82,0.07175038009881973,0.035706259310245514,0,10
83,0.07241001725196838,0.049512699246406555,0,10
84,0.07194143533706665,0.06175987049937248,0,10
85,0.07238242030143738,0.054665569216012955,0,10
86,0.07223887741565704,0.056624483317136765,0,10
87,0.07168992608785629,0.04510420560836792,0,10
88,0.07128997147083282,0.056469760835170746,0,10
89,0.07244046777486801,0.04983364790678024,0,10
90,0.07135213911533356,0.062028106302022934,0,10
91,0.07135114073753357,0.05098358914256096,0,10
92,0.0714399665594101,0.05220258608460426,0,10
93,0.07143357396125793,0.05937468260526657,0,10
94,0.07189401984214783,0.05313029885292053,0,10
95,0.0713348537683487,0.045912861824035645,0,10
0,0.07087655365467072,0.07087656110525131,0,10
1,0.07156771421432495,0.07156771421432495,0,10
2,0.0721515491604805,0.05248789116740227,0,10
3,0.07137075811624527,0.06492030620574951,0,10
4,0.07215551286935806,0.0473979115486145,0,10
5,0.0717138797044754,0.0481715202331543,0,10
6,0.07174631208181381,0.03295958787202835,0,10
7,0.07252150028944016,0.04062759131193161,0,10
8,0.07140593230724335,0.06470227241516113,0,10
9,0.07160797715187073,0.04763439670205116,0,10
10,0.07139238715171814,0.05686744675040245,0,10
11,0.07135571539402008,0.042416177690029144,0,10
12,0.0714070051908493,0.0446493923664093,0,10
13,0.07218773663043976,0.05133802816271782,0,10
14,0.07190166413784027,0.054949454963207245,0,10
15,0.07198639959096909,0.036654651165008545,0,10
16,0.07133832573890686,0.04855508357286453,0,10
17,0.07227872312068939,0.05750952661037445,0,10
18,0.07155158370733261,0.056400276720523834,0,10
19,0.07235746085643768,0.055221449583768845,0,10
20,0.07215187698602676,0.055696189403533936,0,10
21,0.07237949222326279,0.039998915046453476,0,10
22,0.07199887186288834,0.03924783319234848,0,10
23,0.07138901948928833,0.05426904931664467,0,10
24,0.07219228148460388,0.06346746534109116,0,10
25,0.07144517451524734,0.0617680549621582,0,10
26,0.0722508504986763,0.038652453571558,0,10
27,0.07189119607210159,0.04223700240254402,0,10
28,0.0723142996430397,0.053563084453344345,0,10
29,0.07131503522396088,0.02932850830256939,0,10
30,0.0721660852432251,0.059368547052145004,0,10
31,0.07249586284160614,0.03731713816523552,0,10
32,0.07200808078050613,0.041456177830696106,0,10
33,0.07193256169557571,0.06383863091468811,0,10
34,0.07117879390716553,0.051965098828077316,0,10
35,0.07240797579288483,0.04710938408970833,0,10
36,0.07199879735708237,0.04126916453242302,0,10
37,0.07175885140895844,0.038857411593198776,0,10
38,0.07214292138814926,0.04888981580734253,0,10
39,0.07214172184467316,0.05247163772583008,0,10
40,0.07238645851612091,0.04905141890048981,0,10
41,0.07114416360855103,0.05145338177680969,0,10
42,0.07222632318735123,0.04768865555524826,0,10
43,0.07129652798175812,0.04639410972595215,0,10
44,0.07256960868835449,0.05995073541998863,0,10
45,0.07154656946659088,0.05190149322152138,0,10
46,0.07117115706205368,0.044215645641088486,0,10
47,0.07131598889827728,0.05826592072844505,0,10
48,0.07179088145494461,0.0470878966152668,0,10
49,0.07156582176685333,0.046985991299152374,0,10
50,0.0714396983385086,0.056359414011240005,0,10
51,0.07236989587545395,0.048393309116363525,0,10
52,0.07168477773666382,0.04866278916597366,0,10
53,0.07192924618721008,0.03764406591653824,0,10
54,0.0721486434340477,0.03492166846990585,0,10
55,0.07150884717702866,0.039967913180589676,0,10
56,0.07117826491594315,0.056638289242982864,0,10
57,0.0716928094625473,0.04051612690091133,0,10
58,0.07159855961799622,0.06068630516529083,0,10
59,0.07170885801315308,0.04022340849041939,0,10
60,0.07141821831464767,0.05235651135444641,0,10
61,0.0723329484462738,0.047061238437891006,0,10
62,0.07188060879707336,0.055757541209459305,0,10
63,0.07201052457094193,0.03066147305071354,0,10
64,0.07255185395479202,0.03592800721526146,0,10
65,0.07255510240793228,0.054606638848781586,0,10
66,0.07117289304733276,0.03547545522451401,0,10
67,0.07238081842660904,0.06051937863230705,0,10
68,0.07150222361087799,0.05094600096344948,0,10
69,0.07118786126375198,0.05311444774270058,0,10
70,0.07167679816484451,0.04690609499812126,0,10
71,0.07225785404443741,0.04838907718658447,0,10
72,0.07234013825654984,0.05066528171300888,0,10
73,0.07170980423688889,0.056496575474739075,0,10
74,0.07170436531305313,0.037060003727674484,0,10
75,0.0712113082408905,0.05455225706100464,0,10
76,0.0717068612575531,0.04932795464992523,0,10
77,0.07153330743312836,0.04689978063106537,0,10
78,0.07120933383703232,0.04076223820447922,0,10
79,0.07250256091356277,0.04743289202451706,0,10
80,0.0724988728761673,0.058255162090063095,0,10
81,0.07120867818593979,0.0606580451130867,0,10
82,0.07175038009881973,0.062251489609479904,0,10
83,0.07241001725196838,0.06265866011381149,0,10
84,0.07194143533706665,0.048789702355861664,0,10
85,0.07238242030143738,0.03517013415694237,0,10
86,0.07223887741565704,0.05655334144830704,0,10
87,0.07168992608785629,0.05381908267736435,0,10
88,0.07128997147083282,0.04260500892996788,0,10
89,0.07244046777486801,0.03379391133785248,0,10
90,0.07135213911533356,0.0267250407487154,0,10
91,0.07135114073753357,0.04714164137840271,0,10
92,0.0714399665594101,0.03027787245810032,0,10
93,0.07143357396125793,0.048632994294166565,0,10
94,0.07189401984214783,0.06069891154766083,0,10
95,0.0713348537683487,0.042825400829315186,0,10
96,0.07141335308551788,0.052904266864061356,0,10
0,0.07087655365467072,0.07087656855583191,0,10
1,0.07156771421432495,0.07156771421432495,0,10
2,0.0721515491604805,0.0540594682097435,0,10
3,0.07137075811624527,0.0263962522149086,0,10
4,0.07215551286935806,0.0423937663435936,0,10
5,0.0717138797044754,0.04898674413561821,0,10
6,0.07174631208181381,0.054790012538433075,0,10
7,0.07252150028944016,0.05472224950790405,0,10
8,0.07140593230724335,0.05901709944009781,0,10
9,0.07160797715187073,0.04181474447250366,0,10
10,0.07139238715171814,0.0531296581029892,0,10
11,0.07135571539402008,0.03940185159444809,0,10
12,0.0714070051908493,0.05471301078796387,0,10
13,0.07218773663043976,0.05775941163301468,0,10
14,0.07190166413784027,0.05503350868821144,0,10
15,0.07198639959096909,0.045874107629060745,0,10
16,0.07133832573890686,0.039514027535915375,0,10
17,0.07227872312068939,0.05851224809885025,0,10
18,0.07155158370733261,0.053106509149074554,0,10
19,0.07235746085643768,0.06021074205636978,0,10
20,0.07215187698602676,0.06537069380283356,0,10
21,0.07237949222326279,0.05509538948535919,0,10
22,0.07199887186288834,0.0470428429543972,0,10
23,0.07138901948928833,0.05230424180626869,0,10
24,0.07219228148460388,0.054613079875707626,0,10
25,0.07144517451524734,0.05237245559692383,0,10
26,0.0722508504986763,0.05437132343649864,0,10
27,0.07189119607210159,0.05409746244549751,0,10
28,0.0723142996430397,0.04466567188501358,0,10
29,0.07131503522396088,0.05590777099132538,0,10
30,0.0721660852432251,0.054070714861154556,0,10
31,0.07249586284160614,0.035453327000141144,0,10
32,0.07200808078050613,0.05981448292732239,0,10
33,0.07193256169557571,0.04874304682016373,0,10
34,0.07117879390716553,0.061598554253578186,0,10
35,0.07240797579288483,0.060689277946949005,0,10
36,0.07199879735708237,0.0434795618057251,0,10
37,0.07175885140895844,0.0643661618232727,0,10
38,0.07214292138814926,0.056666288524866104,0,10
39,0.07214172184467316,0.05038130283355713,0,10
40,0.07238645851612091,0.032647036015987396,0,10
41,0.07114416360855103,0.052923619747161865,0,10
42,0.07222632318735123,0.05307381972670555,0,10
43,0.07129652798175812,0.062151189893484116,0,10
44,0.07256960868835449,0.0501534678041935,0,10
45,0.07154656946659088,0.052419282495975494,0,10
46,0.07117115706205368,0.05429012328386307,0,10
47,0.07131598889827728,0.029959747567772865,0,10
48,0.07179088145494461,0.051381420344114304,0,10
49,0.07156582176685333,0.05065833777189255,0,10
50,0.0714396983385086,0.05038509890437126,0,10
51,0.07236989587545395,0.04658890515565872,0,10
52,0.07168477773666382,0.04120677709579468,0,10
53,0.07192924618721008,0.03759847581386566,0,10
54,0.0721486434340477,0.06003353372216225,0,10
55,0.07150884717702866,0.04796457663178444,0,10
56,0.07117826491594315,0.06585945934057236,0,10
57,0.0716928094625473,0.06264686584472656,0,10
58,0.07159855961799622,0.05437589809298515,0,10
59,0.07170885801315308,0.06400196999311447,0,10
60,0.07141821831464767,0.04585254192352295,0,10
61,0.0723329484462738,0.05574849620461464,0,10
62,0.07188060879707336,0.05997396633028984,0,10
63,0.07201052457094193,0.042945295572280884,0,10
64,0.07255185395479202,0.05411386489868164,0,10
65,0.07255510240793228,0.05801957845687866,0,10
66,0.07117289304733276,0.054563820362091064,0,10
67,0.07238081842660904,0.05008983612060547,0,10
68,0.07150222361087799,0.04970273748040199,0,10
69,0.07118786126375198,0.046295296400785446,0,10
70,0.07167679816484451,0.038811687380075455,0,10
71,0.07225785404443741,0.03487996384501457,0,10
72,0.07234013825654984,0.06070486456155777,0,10
73,0.07170980423688889,0.05454564094543457,0,10
74,0.07170436531305313,0.04114502668380737,0,10
75,0.0712113082408905,0.05112339183688164,0,10
76,0.0717068612575531,0.03340178728103638,0,10
77,0.07153330743312836,0.06166452541947365,0,10
78,0.07120933383703232,0.025873076170682907,0,10
79,0.07250256091356277,0.054464228451251984,0,10
80,0.0724988728761673,0.04883463680744171,0,10
81,0.07120867818593979,0.044149018824100494,0,10
82,0.07175038009881973,0.040631845593452454,0,10
83,0.07241001725196838,0.04410028085112572,0,10
84,0.07194143533706665,0.051372285932302475,0,10
85,0.07238242030143738,0.040156710892915726,0,10
86,0.07223887741565704,0.0636073425412178,0,10
87,0.07168992608785629,0.03656582534313202,0,10
88,0.07128997147083282,0.056234799325466156,0,10
89,0.07244046777486801,0.054146990180015564,0,10
90,0.07135213911533356,0.0537862665951252,0,10
91,0.07135114073753357,0.040410157293081284,0,10
92,0.0714399665594101,0.05258425325155258,0,10
93,0.07143357396125793,0.05621645972132683,0,10
94,0.07189401984214783,0.050827138125896454,0,10
95,0.0713348537683487,0.050052180886268616,0,10
96,0.07141335308551788,0.05119501054286957,0,10
97,0.07163076102733612,0.046580880880355835,0,10
0,0.07087655365467072,0.07087656855583191,0,10
1,0.07156771421432495,0.07156771421432495,0,10
2,0.0721515491604805,0.05182857811450958,0,10
3,0.07137075811624527,0.053620755672454834,0,10
4,0.07215551286935806,0.03936011344194412,0,10
5,0.0717138797044754,0.05189577490091324,0,10
6,0.07174631208181381,0.030554670840501785,0,10
7,0.07252150028944016,0.06508420407772064,0,10
8,0.07140593230724335,0.06477770954370499,0,10
9,0.07160797715187073,0.05290636047720909,0,10
10,0.07139238715171814,0.03111933544278145,0,10
11,0.07135571539402008,0.03660176321864128,0,10
12,0.0714070051908493,0.05586704984307289,0,10
13,0.07218773663043976,0.047344107180833817,0,10
14,0.07190166413784027,0.05460212752223015,0,10
15,0.07198639959096909,0.04466153308749199,0,10
16,0.07133832573890686,0.0461338609457016,0,10
17,0.07227872312068939,0.06371709704399109,0,10
18,0.07155158370733261,0.057793907821178436,0,10
19,0.07235746085643768,0.052007563412189484,0,10
20,0.07215187698602676,0.04850511625409126,0,10
21,0.07237949222326279,0.05352240428328514,0,10
22,0.07199887186288834,0.05243958160281181,0,10
23,0.07138901948928833,0.056598883122205734,0,10
24,0.07219228148460388,0.05513932183384895,0,10
25,0.07144517451524734,0.04171506315469742,0,10
26,0.0722508504986763,0.05342649295926094,0,10
27,0.07189119607210159,0.04735080152750015,0,10
28,0.0723142996430397,0.05509566888213158,0,10
29,0.07131503522396088,0.04682570695877075,0,10
30,0.0721660852432251,0.05764191225171089,0,10
31,0.07249586284160614,0.05374954268336296,0,10
32,0.07200808078050613,0.04579513147473335,0,10
33,0.07193256169557571,0.061783820390701294,0,10
34,0.07117879390716553,0.03408939391374588,0,10
35,0.07240797579288483,0.04841236397624016,0,10
36,0.07199879735708237,0.06265565752983093,0,10
37,0.07175885140895844,0.05242130905389786,0,10
38,0.07214292138814926,0.053249895572662354,0,10
39,0.07214172184467316,0.06002006307244301,0,10
40,0.07238645851612091,0.05445590242743492,0,10
41,0.07114416360855103,0.0590636320412159,0,10
42,0.07222632318735123,0.04881983622908592,0,10
43,0.07129652798175812,0.048861145973205566,0,10
44,0.07256960868835449,0.033057983964681625,0,10
45,0.07154656946659088,0.055554863065481186,0,10
46,0.07117115706205368,0.05433974415063858,0,10
47,0.07131598889827728,0.056563764810562134,0,10
48,0.07179088145494461,0.03630003705620766,0,10
49,0.07156582176685333,0.043978504836559296,0,10
50,0.0714396983385086,0.03776683285832405,0,10
51,0.07236989587545395,0.059712521731853485,0,10
52,0.07168477773666382,0.04700573906302452,0,10
53,0.07192924618721008,0.04477422311902046,0,10
54,0.0721486434340477,0.055783744901418686,0,10
55,0.07150884717702866,0.06430897861719131,0,10
56,0.07117826491594315,0.0480276495218277,0,10
57,0.0716928094625473,0.05978071689605713,0,10
58,0.07159855961799622,0.055408500134944916,0,10
59,0.07170885801315308,0.05620685592293739,0,10
60,0.07141821831464767,0.05149674415588379,0,10
61,0.0723329484462738,0.05024612322449684,0,10
62,0.07188060879707336,0.03522811084985733,0,10
63,0.07201052457094193,0.050291407853364944,0,10
64,0.07255185395479202,0.05521668493747711,0,10
65,0.07255510240793228,0.06837481260299683,0,10
66,0.07117289304733276,0.03403862938284874,0,10
67,0.07238081842660904,0.04883820563554764,0,10
68,0.07150222361087799,0.034168366342782974,0,10
69,0.07118786126375198,0.03853723034262657,0,10
70,0.07167679816484451,0.04407300055027008,0,10
71,0.07225785404443741,0.059309642761945724,0,10
72,0.07234013825654984,0.0573979988694191,0,10
73,0.07170980423688889,0.05362391471862793,0,10
74,0.07170436531305313,0.04366179555654526,0,10
75,0.0712113082408905,0.04915165156126022,0,10
76,0.0717068612575531,0.04271324723958969,0,10
77,0.07153330743312836,0.0363827720284462,0,10
78,0.07120933383703232,0.0427682138979435,0,10
79,0.07250256091356277,0.03690904751420021,0,10
80,0.0724988728761673,0.06350435316562653,0,10
81,0.07120867818593979,0.05279022455215454,0,10
82,0.07175038009881973,0.04958035424351692,0,10
83,0.07241001725196838,0.04480509087443352,0,10
84,0.07194143533706665,0.043498218059539795,0,10
85,0.07238242030143738,0.04733554646372795,0,10
86,0.07223887741565704,0.04360276460647583,0,10
87,0.07168992608785629,0.0575149804353714,0,10
88,0.07128997147083282,0.05963798239827156,0,10
89,0.07244046777486801,0.048189569264650345,0,10
90,0.07135213911533356,0.03785467520356178,0,10
91,0.07135114073753357,0.059500765055418015,0,10
92,0.0714399665594101,0.058252595365047455,0,10
93,0.07143357396125793,0.04135293513536453,0,10
94,0.07189401984214783,0.02458048239350319,0,10
95,0.0713348537683487,0.04568619653582573,0,10
96,0.07141335308551788,0.03927484154701233,0,10
97,0.07163076102733612,0.047081828117370605,0,10
98,0.0720827728509903,0.05904838442802429,0,10
0,0.07087655365467072,0.0708765760064125,0,10
1,0.07156771421432495,0.07156771421432495,0,10
2,0.0721515491604805,0.057019591331481934,0,10
3,0.07137075811624527,0.04451628029346466,0,10
4,0.07215551286935806,0.03751416876912117,0,10
5,0.0717138797044754,0.03971799835562706,0,10
6,0.07174631208181381,0.059146590530872345,0,10
7,0.07252150028944016,0.03926920145750046,0,10
8,0.07140593230724335,0.053516462445259094,0,10
9,0.07160797715187073,0.04866153001785278,0,10
10,0.07139238715171814,0.05111703276634216,0,10
11,0.07135571539402008,0.0545327290892601,0,10
12,0.0714070051908493,0.06234300881624222,0,10
13,0.07218773663043976,0.037495579570531845,0,10
14,0.07190166413784027,0.033738985657691956,0,10
15,0.07198639959096909,0.037466153502464294,0,10
16,0.07133832573890686,0.053571298718452454,0,10
17,0.07227872312068939,0.04701869189739227,0,10
18,0.07155158370733261,0.049477458000183105,0,10
19,0.07235746085643768,0.046516142785549164,0,10
20,0.07215187698602676,0.04644235223531723,0,10
21,0.07237949222326279,0.06032988056540489,0,10
22,0.07199887186288834,0.04678096994757652,0,10
23,0.07138901948928833,0.054825883358716965,0,10
24,0.07219228148460388,0.049625154584646225,0,10
25,0.07144517451524734,0.0575404167175293,0,10
26,0.0722508504986763,0.06538090109825134,0,10
27,0.07189119607210159,0.03467920795083046,0,10
28,0.0723142996430397,0.05158152058720589,0,10
29,0.07131503522396088,0.05688415467739105,0,10
30,0.0721660852432251,0.051706958562135696,0,10
31,0.07249586284160614,0.05390619486570358,0,10
32,0.07200808078050613,0.037470024079084396,0,10
33,0.07193256169557571,0.0408179871737957,0,10
34,0.07117879390716553,0.038042835891246796,0,10
35,0.07240797579288483,0.05407926067709923,0,10
36,0.07199879735708237,0.05050095543265343,0,10
37,0.07175885140895844,0.06089349836111069,0,10
38,0.07214292138814926,0.038859833031892776,0,10
39,0.07214172184467316,0.05304068326950073,0,10
40,0.07238645851612091,0.035598866641521454,0,10
41,0.07114416360855103,0.04799079895019531,0,10
42,0.07222632318735123,0.02941889502108097,0,10
43,0.07129652798175812,0.035604026168584824,0,10
44,0.07256960868835449,0.05456143617630005,0,10
45,0.07154656946659088,0.0461859256029129,0,10
46,0.07117115706205368,0.0314389131963253,0,10
47,0.07131598889827728,0.06672508269548416,0,10
48,0.07179088145494461,0.04116244241595268,0,10
49,0.07156582176685333,0.0378025621175766,0,10
50,0.0714396983385086,0.05577273294329643,0,10
51,0.07236989587545395,0.0676657184958458,0,10
52,0.07168477773666382,0.04464701935648918,0,10
53,0.07192924618721008,0.048710666596889496,0,10
54,0.0721486434340477,0.04808472841978073,0,10
55,0.07150884717702866,0.04380875453352928,0,10
56,0.07117826491594315,0.054392021149396896,0,10
57,0.0716928094625473,0.04687982052564621,0,10
58,0.07159855961799622,0.02782878279685974,0,10
59,0.07170885801315308,0.04603463411331177,0,10
60,0.07141821831464767,0.04548284411430359,0,10
61,0.0723329484462738,0.0549405999481678,0,10
62,0.07188060879707336,0.05056291073560715,0,10
63,0.07201052457094193,0.041512370109558105,0,10
64,0.07255185395479202,0.05023032799363136,0,10
65,0.07255510240793228,0.05206799507141113,0,10
66,0.07117289304733276,0.06470636278390884,0,10
67,0.07238081842660904,0.05110100284218788,0,10
68,0.07150222361087799,0.03848031163215637,0,10
69,0.07118786126375198,0.053367991000413895,0,10
70,0.07167679816484451,0.03742527589201927,0,10
71,0.07225785404443741,0.049836695194244385,0,10
72,0.07234013825654984,0.04347752407193184,0,10
73,0.07170980423688889,0.040598053485155106,0,10
74,0.07170436531305313,0.0354817695915699,0,10
75,0.0712113082408905,0.05321705341339111,0,10
76,0.0717068612575531,0.0474298819899559,0,10
77,0.07153330743312836,0.058160826563835144,0,10
78,0.07120933383703232,0.04006170853972435,0,10
79,0.07250256091356277,0.05126982554793358,0,10
80,0.0724988728761673,0.03698142617940903,0,10
81,0.07120867818593979,0.04880005121231079,0,10
82,0.07175038009881973,0.06107311323285103,0,10
83,0.07241001725196838,0.053017258644104004,0,10
84,0.07194143533706665,0.055071406066417694,0,10
85,0.07238242030143738,0.050086259841918945,0,10
86,0.07223887741565704,0.04913310706615448,0,10
87,0.07168992608785629,0.05406862497329712,0,10
88,0.07128997147083282,0.04044842720031738,0,10
89,0.07244046777486801,0.038026098161935806,0,10
90,0.07135213911533356,0.05422781780362129,0,10
91,0.07135114073753357,0.045189082622528076,0,10
92,0.0714399665594101,0.05116115137934685,0,10
93,0.07143357396125793,0.054621778428554535,0,10
94,0.07189401984214783,0.04678986594080925,0,10
95,0.0713348537683487,0.06491056084632874,0,10
96,0.07141335308551788,0.03573386371135712,0,10
97,0.07163076102733612,0.04900383949279785,0,10
98,0.0720827728509903,0.035593412816524506,0,10
99,0.07185804098844528,0.05155400559306145,0,10
