anchor_idx,radius,max_dist,n_escaped,n_total
0,0.023432791233062744,0.023432811722159386,0,10
0,0.023432791233062744,0.023432819172739983,0,10
1,0.02355147711932659,0.02355150505900383,0,10
0,0.023432791233062744,0.02343280427157879,0,10
1,0.02355147711932659,0.023551486432552338,0,10
2,0.025795258581638336,0.02579526975750923,0,10
0,0.023432791233062744,0.023432807996869087,0,10
1,0.02355147711932659,0.023551497608423233,0,10
2,0.025795258581638336,0.02579527534544468,0,10
3,0.023014824837446213,0.02301485277712345,0,10
0,0.023432791233062744,0.02343279868364334,0,10
1,0.02355147711932659,0.02355148270726204,0,10
2,0.025795258581638336,0.025795292109251022,0,10
3,0.023014824837446213,0.0230148583650589,0,10
4,0.024790985509753227,0.02479102648794651,0,10
0,0.023432791233062744,0.023432806134223938,0,10
1,0.02355147711932659,0.023551488295197487,0,10
2,0.025795258581638336,0.025795290246605873,0,10
3,0.023014824837446213,0.023014862090349197,0,10
4,0.024790985509753227,0.02479102462530136,0,10
5,0.0205237939953804,0.020523805171251297,0,10
0,0.023432791233062744,0.023432817310094833,0,10
1,0.02355147711932659,0.023551492020487785,0,10
2,0.025795258581638336,0.025795310735702515,0,10
3,0.023014824837446213,0.023014862090349197,0,10
4,0.024790985509753227,0.024791020900011063,0,10
5,0.0205237939953804,0.020523833110928535,0,10
6,0.021776847541332245,0.02177688106894493,0,10
0,0.023432791233062744,0.023432817310094833,0,10
1,0.02355147711932659,0.02355150133371353,0,10
2,0.025795258581638336,0.025795284658670425,0,10
3,0.023014824837446213,0.023014849051833153,0,10
4,0.024790985509753227,0.02479103021323681,0,10
5,0.0205237939953804,0.02052384428679943,0,10
6,0.021776847541332245,0.021776871755719185,0,10
7,0.01836153119802475,0.018361561000347137,0,10
0,0.023432791233062744,0.023432809859514236,0,10
1,0.02355147711932659,0.02355150319635868,0,10
2,0.025795258581638336,0.025795284658670425,0,10
3,0.023014824837446213,0.023014841601252556,0,10
4,0.024790985509753227,0.024791009724140167,0,10
5,0.0205237939953804,0.02052384242415428,0,10
6,0.021776847541332245,0.021776901558041573,0,10
7,0.01836153119802475,0.018361559137701988,0,10
8,0.01747378334403038,0.017473801970481873,0,10
0,0.023432791233062744,0.02343282289803028,0,10
1,0.02355147711932659,0.023551499471068382,0,10
2,0.025795258581638336,0.025795307010412216,0,10
3,0.023014824837446213,0.023014863952994347,0,10
4,0.024790985509753227,0.02479100413620472,0,10
5,0.0205237939953804,0.02052384614944458,0,10
6,0.021776847541332245,0.021776877343654633,0,10
7,0.01836153119802475,0.018361566588282585,0,10
8,0.01747378334403038,0.017473826184868813,0,10
9,0.015041273087263107,0.015041292645037174,0,10
0,0.023432791233062744,0.02343282476067543,0,10
1,0.02355147711932659,0.023551495745778084,0,10
2,0.025795258581638336,0.025795282796025276,0,10
3,0.023014824837446213,0.023014875128865242,0,10
4,0.024790985509753227,0.02479102462530136,0,10
5,0.0205237939953804,0.020523834973573685,0,10
6,0.021776847541332245,0.02177688665688038,0,10
7,0.01836153119802475,0.018361564725637436,0,10
8,0.01747378334403038,0.017473800107836723,0,10
9,0.015041273087263107,0.015041300095617771,0,10
10,0.012590384110808372,0.012590417638421059,0,10
0,0.023432791233062744,0.023432815447449684,0,10
1,0.02355147711932659,0.023551495745778084,0,10
2,0.025795258581638336,0.025795290246605873,0,10
3,0.023014824837446213,0.0230148546397686,0,10
4,0.024790985509753227,0.024790996685624123,0,10
5,0.0205237939953804,0.02052384242415428,0,10
6,0.021776847541332245,0.02177688293159008,0,10
7,0.01836153119802475,0.018361572176218033,0,10
8,0.01747378334403038,0.017473813146352768,0,10
9,0.015041273087263107,0.0150412917137146,0,10
10,0.012590384110808372,0.012590412050485611,0,10
11,0.012282788753509521,0.012282810173928738,0,10
0,0.023432791233062744,0.02343280054628849,0,10
1,0.02355147711932659,0.023551519960165024,0,10
2,0.025795258581638336,0.02579529583454132,0,10
3,0.023014824837446213,0.023014849051833153,0,10
4,0.024790985509753227,0.024791009724140167,0,10
5,0.0205237939953804,0.02052382379770279,0,10
6,0.021776847541332245,0.02177688106894493,0,10
7,0.01836153119802475,0.018361566588282585,0,10
8,0.01747378334403038,0.017473790794610977,0,10
9,0.015041273087263107,0.015041294507682323,0,10
10,0.012590384110808372,0.012590420432388783,0,10
11,0.012282788753509521,0.01228281483054161,0,10
12,0.012342938221991062,0.012342957779765129,0,10
0,0.023432791233062744,0.023432821035385132,0,10
1,0.02355147711932659,0.023551495745778084,0,10
2,0.025795258581638336,0.025795279070734978,0,10
3,0.023014824837446213,0.023014841601252556,0,10
4,0.024790985509753227,0.024791007861495018,0,10
5,0.0205237939953804,0.02052382193505764,0,10
6,0.021776847541332245,0.021776875481009483,0,10
7,0.01836153119802475,0.018361561000347137,0,10
8,0.01747378334403038,0.017473826184868813,0,10
9,0.015041273087263107,0.015041304752230644,0,10
10,0.012590384110808372,0.012590412050485611,0,10
11,0.012282788753509521,0.012282812036573887,0,10
12,0.012342938221991062,0.012342952191829681,0,10
13,0.009139756672084332,0.00913978274911642,0,10
0,0.023432791233062744,0.023432811722159386,0,10
1,0.02355147711932659,0.023551512509584427,0,10
2,0.025795258581638336,0.025795303285121918,0,10
3,0.023014824837446213,0.0230148583650589,0,10
4,0.024790985509753227,0.02479103021323681,0,10
5,0.0205237939953804,0.020523805171251297,0,10
6,0.021776847541332245,0.02177688665688038,0,10
7,0.01836153119802475,0.018361561000347137,0,10
8,0.01747378334403038,0.01747380755841732,0,10
9,0.015041273087263107,0.015041297301650047,0,10
10,0.012590384110808372,0.012590414844453335,0,10
11,0.012282788753509521,0.01228280644863844,0,10
12,0.012342938221991062,0.012342964299023151,0,10
13,0.009139756672084332,0.009139789268374443,0,10
14,0.009216871112585068,0.00921690370887518,0,10
0,0.023432791233062744,0.023432807996869087,0,10
1,0.02355147711932659,0.023551497608423233,0,10
2,0.025795258581638336,0.025795284658670425,0,10
3,0.023014824837446213,0.023014847189188004,0,10
4,0.024790985509753227,0.024791013449430466,0,10
5,0.0205237939953804,0.020523827522993088,0,10
6,0.021776847541332245,0.02177685685455799,0,10
7,0.01836153119802475,0.018361536785960197,0,10
8,0.01747378334403038,0.017473818734288216,0,10
9,0.015041273087263107,0.015041309408843517,0,10
10,0.012590384110808372,0.012590418569743633,0,10
11,0.012282788753509521,0.01228281669318676,0,10
12,0.012342938221991062,0.012342964299023151,0,10
13,0.009139756672084332,0.009139781817793846,0,10
14,0.009216871112585068,0.009216886945068836,0,10
15,0.006318878382444382,0.006318904459476471,0,10
0,0.023432791233062744,0.023432815447449684,0,10
1,0.02355147711932659,0.023551510646939278,0,10
2,0.025795258581638336,0.025795310735702515,0,10
3,0.023014824837446213,0.0230148546397686,0,10
4,0.024790985509753227,0.024791017174720764,0,10
5,0.0205237939953804,0.02052382566034794,0,10
6,0.021776847541332245,0.02177688106894493,0,10
7,0.01836153119802475,0.018361570313572884,0,10
8,0.01747378334403038,0.017473818734288216,0,10
9,0.015041273087263107,0.01504131406545639,0,10
10,0.012590384110808372,0.01259041391313076,0,10
11,0.012282788753509521,0.012282795272767544,0,10
12,0.012342938221991062,0.012342951260507107,0,10
13,0.009139756672084332,0.009139793924987316,0,10
14,0.009216871112585068,0.009216908365488052,0,10
15,0.006318878382444382,0.0063189174979925156,0,10
16,0.005956373643130064,0.005956393200904131,0,10
0,0.023432791233062744,0.023432813584804535,0,10
1,0.02355147711932659,0.023551488295197487,0,10
2,0.025795258581638336,0.02579529955983162,0,10
3,0.023014824837446213,0.023014860227704048,0,10
4,0.024790985509753227,0.02479100599884987,0,10
5,0.0205237939953804,0.02052382566034794,0,10
6,0.021776847541332245,0.021776871755719185,0,10
7,0.01836153119802475,0.01836155541241169,0,10
8,0.01747378334403038,0.01747380755841732,0,10
9,0.015041273087263107,0.015041302889585495,0,10
10,0.012590384110808372,0.012590408325195312,0,10
11,0.012282788753509521,0.012282810173928738,0,10
12,0.012342938221991062,0.012342972680926323,0,10
13,0.009139756672084332,0.009139778092503548,0,10
14,0.009216871112585068,0.009216904640197754,0,10
15,0.006318878382444382,0.0063189067877829075,0,10
16,0.005956373643130064,0.005956392735242844,0,10
17,0.005344710778445005,0.005344730336219072,0,10
0,0.023432791233062744,0.023432809859514236,0,10
1,0.02355147711932659,0.023551486432552338,0,10
2,0.025795258581638336,0.02579529397189617,0,10
3,0.023014824837446213,0.023014873266220093,0,10
4,0.024790985509753227,0.02479102462530136,0,10
5,0.0205237939953804,0.02052384428679943,0,10
6,0.021776847541332245,0.021776894107460976,0,10
7,0.01836153119802475,0.01836157590150833,0,10
8,0.01747378334403038,0.017473788931965828,0,10
9,0.015041273087263107,0.015041297301650047,0,10
10,0.012590384110808372,0.012590416707098484,0,10
11,0.012282788753509521,0.012282823212444782,0,10
12,0.012342938221991062,0.012342959642410278,0,10
13,0.009139756672084332,0.009139765053987503,0,10
14,0.009216871112585068,0.00921689998358488,0,10
15,0.006318878382444382,0.00631890119984746,0,10
16,0.005956373643130064,0.005956405308097601,0,10
17,0.005344710778445005,0.005344725679606199,0,10
18,0.006591928191483021,0.006591967307031155,0,10
0,0.023432791233062744,0.023432819172739983,0,10
1,0.02355147711932659,0.023551497608423233,0,10
2,0.025795258581638336,0.025795290246605873,0,10
3,0.023014824837446213,0.023014873266220093,0,10
4,0.024790985509753227,0.024791017174720764,0,10
5,0.0205237939953804,0.020523810759186745,0,10
6,0.021776847541332245,0.021776901558041573,0,10
7,0.01836153119802475,0.018361546099185944,0,10
8,0.01747378334403038,0.017473801970481873,0,10
9,0.015041273087263107,0.0150412917137146,0,10
10,0.012590384110808372,0.012590412050485611,0,10
11,0.012282788753509521,0.012282821349799633,0,10
12,0.012342938221991062,0.012342964299023151,0,10
13,0.009139756672084332,0.009139787405729294,0,10
14,0.009216871112585068,0.00921687576919794,0,10
15,0.006318878382444382,0.006318897940218449,0,10
16,0.005956373643130064,0.005956410430371761,0,10
17,0.005344710778445005,0.005344736389815807,0,10
18,0.006591928191483021,0.006591953802853823,0,10
19,0.004630675073713064,0.004630706273019314,0,10
0,0.023432791233062744,0.02343280427157879,0,10
1,0.02355147711932659,0.023551499471068382,0,10
2,0.025795258581638336,0.025795303285121918,0,10
3,0.023014824837446213,0.023014865815639496,0,10
4,0.024790985509753227,0.024791045114398003,0,10
5,0.0205237939953804,0.020523834973573685,0,10
6,0.021776847541332245,0.021776866167783737,0,10
7,0.01836153119802475,0.018361570313572884,0,10
8,0.01747378334403038,0.017473801970481873,0,10
9,0.015041273087263107,0.01504130195826292,0,10
10,0.012590384110808372,0.012590416707098484,0,10
11,0.012282788753509521,0.01228281855583191,0,10
12,0.012342938221991062,0.012342953123152256,0,10
13,0.009139756672084332,0.009139791131019592,0,10
14,0.009216871112585068,0.009216906502842903,0,10
15,0.006318878382444382,0.00631891330704093,0,10
16,0.005956373643130064,0.005956391338258982,0,10
17,0.005344710778445005,0.005344740115106106,0,10
18,0.006591928191483021,0.006591963116079569,0,10
19,0.004630675073713064,0.0046306937001645565,0,10
20,0.0038726278580725193,0.0038726567290723324,0,10
0,0.023432791233062744,0.023432813584804535,0,10
1,0.02355147711932659,0.023551495745778084,0,10
2,0.025795258581638336,0.025795308873057365,0,10
3,0.023014824837446213,0.0230148583650589,0,10
4,0.024790985509753227,0.024791009724140167,0,10
5,0.0205237939953804,0.020523812621831894,0,10
6,0.021776847541332245,0.021776871755719185,0,10
7,0.01836153119802475,0.018361566588282585,0,10
8,0.01747378334403038,0.01747380569577217,0,10
9,0.015041273087263107,0.015041304752230644,0,10
10,0.012590384110808372,0.012590408325195312,0,10
11,0.012282788753509521,0.01228281669318676,0,10
12,0.012342938221991062,0.012342959642410278,0,10
13,0.009139756672084332,0.009139787405729294,0,10
14,0.009216871112585068,0.009216910228133202,0,10
15,0.006318878382444382,0.006318903528153896,0,10
16,0.005956373643130064,0.005956409033387899,0,10
17,0.005344710778445005,0.005344737786799669,0,10
18,0.006591928191483021,0.006591953802853823,0,10
19,0.004630675073713064,0.004630690906196833,0,10
20,0.0038726278580725193,0.003872655564919114,0,10
21,0.005049681290984154,0.005049709230661392,0,10
0,0.023432791233062744,0.02343282476067543,0,10
1,0.02355147711932659,0.023551493883132935,0,10
2,0.025795258581638336,0.02579529397189617,0,10
3,0.023014824837446213,0.023014860227704048,0,10
4,0.024790985509753227,0.024791007861495018,0,10
5,0.0205237939953804,0.020523790270090103,0,10
6,0.021776847541332245,0.02177688479423523,0,10
7,0.01836153119802475,0.018361568450927734,0,10
8,0.01747378334403038,0.017473826184868813,0,10
9,0.015041273087263107,0.01504130195826292,0,10
10,0.012590384110808372,0.012590408325195312,0,10
11,0.012282788753509521,0.012282795272767544,0,10
12,0.012342938221991062,0.012342977337539196,0,10
13,0.009139756672084332,0.009139776229858398,0,10
14,0.009216871112585068,0.009216897189617157,0,10
15,0.006318878382444382,0.0063189067877829075,0,10
16,0.005956373643130064,0.005956404376775026,0,10
17,0.005344710778445005,0.005344725213944912,0,10
18,0.006591928191483021,0.006591955199837685,0,10
19,0.004630675073713064,0.0046306997537612915,0,10
20,0.0038726278580725193,0.0038726578932255507,0,10
21,0.005049681290984154,0.005049715284258127,0,10
22,0.003983789589256048,0.003983808681368828,0,10
0,0.023432791233062744,0.023432806134223938,0,10
1,0.02355147711932659,0.023551516234874725,0,10
2,0.025795258581638336,0.025795316323637962,0,10
3,0.023014824837446213,0.0230148546397686,0,10
4,0.024790985509753227,0.024791009724140167,0,10
5,0.0205237939953804,0.020523831248283386,0,10
6,0.021776847541332245,0.021776877343654633,0,10
7,0.01836153119802475,0.01836155354976654,0,10
8,0.01747378334403038,0.01747382991015911,0,10
9,0.015041273087263107,0.015041300095617771,0,10
10,0.012590384110808372,0.01259041391313076,0,10
11,0.012282788753509521,0.012282808311283588,0,10
12,0.012342938221991062,0.012342968955636024,0,10
13,0.009139756672084332,0.00913978647440672,0,10
14,0.009216871112585068,0.009216907434165478,0,10
15,0.006318878382444382,0.0063189053907990456,0,10
16,0.005956373643130064,0.005956392269581556,0,10
17,0.005344710778445005,0.005344745237380266,0,10
18,0.006591928191483021,0.006591950077563524,0,10
19,0.004630675073713064,0.004630698822438717,0,10
20,0.0038726278580725193,0.0038726532366126776,0,10
21,0.005049681290984154,0.005049705505371094,0,10
22,0.003983789589256048,0.003983811009675264,0,10
23,0.004295590799301863,0.004295619670301676,0,10
0,0.023432791233062744,0.023432811722159386,0,10
1,0.02355147711932659,0.02355150319635868,0,10
2,0.025795258581638336,0.025795312598347664,0,10
3,0.023014824837446213,0.023014862090349197,0,10
4,0.024790985509753227,0.02479102462530136,0,10
5,0.0205237939953804,0.020523805171251297,0,10
6,0.021776847541332245,0.021776871755719185,0,10
7,0.01836153119802475,0.018361572176218033,0,10
8,0.01747378334403038,0.01747380942106247,0,10
9,0.015041273087263107,0.015041296370327473,0,10
10,0.012590384110808372,0.012590421363711357,0,10
11,0.012282788753509521,0.012282811105251312,0,10
12,0.012342938221991062,0.01234295405447483,0,10
13,0.009139756672084332,0.009139791131019592,0,10
14,0.009216871112585068,0.009216899052262306,0,10
15,0.006318878382444382,0.00631890632212162,0,10
16,0.005956373643130064,0.005956394597887993,0,10
17,0.005344710778445005,0.005344739183783531,0,10
18,0.006591928191483021,0.00659194914624095,0,10
19,0.004630675073713064,0.004630689974874258,0,10
20,0.0038726278580725193,0.0038726574275642633,0,10
21,0.005049681290984154,0.005049705505371094,0,10
22,0.003983789589256048,0.003983809147030115,0,10
23,0.004295590799301863,0.004295632243156433,0,10
24,0.003490214701741934,0.003490228671580553,0,10
0,0.023432791233062744,0.023432813584804535,0,10
1,0.02355147711932659,0.02355150133371353,0,10
2,0.025795258581638336,0.025795284658670425,0,10
3,0.023014824837446213,0.023014865815639496,0,10
4,0.024790985509753227,0.02479102462530136,0,10
5,0.0205237939953804,0.020523840561509132,0,10
6,0.021776847541332245,0.021776868030428886,0,10
7,0.01836153119802475,0.018361562862992287,0,10
8,0.01747378334403038,0.01747381128370762,0,10
9,0.015041273087263107,0.01504130195826292,0,10
10,0.012590384110808372,0.012590408325195312,0,10
11,0.012282788753509521,0.01228280644863844,0,10
12,0.012342938221991062,0.012342979200184345,0,10
13,0.009139756672084332,0.009139785543084145,0,10
14,0.009216871112585068,0.009216894395649433,0,10
15,0.006318878382444382,0.006318901665508747,0,10
16,0.005956373643130064,0.005956403911113739,0,10
17,0.005344710778445005,0.005344740580767393,0,10
18,0.006591928191483021,0.006591946817934513,0,10
19,0.004630675073713064,0.004630701616406441,0,10
20,0.0038726278580725193,0.0038726453203707933,0,10
21,0.005049681290984154,0.005049705505371094,0,10
22,0.003983789589256048,0.003983831964433193,0,10
23,0.004295590799301863,0.0042956224642694,0,10
24,0.003490214701741934,0.0034902337938547134,0,10
25,0.002789389109238982,0.0027894112281501293,0,10
0,0.023432791233062744,0.02343282662332058,0,10
1,0.02355147711932659,0.023551497608423233,0,10
2,0.025795258581638336,0.02579529583454132,0,10
3,0.023014824837446213,0.023014873266220093,0,10
4,0.024790985509753227,0.024791009724140167,0,10
5,0.0205237939953804,0.020523829385638237,0,10
6,0.021776847541332245,0.02177686057984829,0,10
7,0.01836153119802475,0.018361544236540794,0,10
8,0.01747378334403038,0.017473792657256126,0,10
9,0.015041273087263107,0.0150412917137146,0,10
10,0.012590384110808372,0.012590412050485611,0,10
11,0.012282788753509521,0.012282801792025566,0,10
12,0.012342938221991062,0.012342974543571472,0,10
13,0.009139756672084332,0.009139781817793846,0,10
14,0.009216871112585068,0.00921688973903656,0,10
15,0.006318878382444382,0.0063189174979925156,0,10
16,0.005956373643130064,0.0059564062394201756,0,10
17,0.005344710778445005,0.005344733130186796,0,10
18,0.006591928191483021,0.006591958925127983,0,10
19,0.004630675073713064,0.004630689043551683,0,10
20,0.0038726278580725193,0.0038726553320884705,0,10
21,0.005049681290984154,0.005049713421612978,0,10
22,0.003983789589256048,0.003983813337981701,0,10
23,0.004295590799301863,0.0042956131510436535,0,10
24,0.003490214701741934,0.003490227274596691,0,10
25,0.002789389109238982,0.0027894063387066126,0,10
26,0.003294756170362234,0.003294767579063773,0,10
0,0.023432791233062744,0.023432821035385132,0,10
1,0.02355147711932659,0.023551512509584427,0,10
2,0.025795258581638336,0.025795286521315575,0,10
3,0.023014824837446213,0.023014845326542854,0,10
4,0.024790985509753227,0.02479100413620472,0,10
5,0.0205237939953804,0.020523829385638237,0,10
6,0.021776847541332245,0.02177688665688038,0,10
7,0.01836153119802475,0.018361542373895645,0,10
8,0.01747378334403038,0.017473820596933365,0,10
9,0.015041273087263107,0.015041297301650047,0,10
10,0.012590384110808372,0.012590408325195312,0,10
11,0.012282788753509521,0.012282817624509335,0,10
12,0.012342938221991062,0.012342953123152256,0,10
13,0.009139756672084332,0.009139779023826122,0,10
14,0.009216871112585068,0.00921689160168171,0,10
15,0.006318878382444382,0.006318897940218449,0,10
16,0.005956373643130064,0.005956409033387899,0,10
17,0.005344710778445005,0.005344732198864222,0,10
18,0.006591928191483021,0.006591971963644028,0,10
19,0.004630675073713064,0.004630684852600098,0,10
20,0.0038726278580725193,0.003872648114338517,0,10
21,0.005049681290984154,0.005049707368016243,0,10
22,0.003983789589256048,0.0039838021621108055,0,10
23,0.004295590799301863,0.0042956238612532616,0,10
24,0.003490214701741934,0.003490242874249816,0,10
25,0.002789389109238982,0.002789420308545232,0,10
26,0.003294756170362234,0.0032947827130556107,0,10
27,0.002239852910861373,0.0022398727014660835,0,10
0,0.023432791233062744,0.023432817310094833,0,10
1,0.02355147711932659,0.02355150692164898,0,10
2,0.025795258581638336,0.02579529397189617,0,10
3,0.023014824837446213,0.023014836013317108,0,10
4,0.024790985509753227,0.024791020900011063,0,10
5,0.0205237939953804,0.020523834973573685,0,10
6,0.021776847541332245,0.021776877343654633,0,10
7,0.01836153119802475,0.01836155168712139,0,10
8,0.01747378334403038,0.01747382991015911,0,10
9,0.015041273087263107,0.01504130382090807,0,10
10,0.012590384110808372,0.012590420432388783,0,10
11,0.012282788753509521,0.012282808311283588,0,10
12,0.012342938221991062,0.012342959642410278,0,10
13,0.009139756672084332,0.009139779023826122,0,10
14,0.009216871112585068,0.009216904640197754,0,10
15,0.006318878382444382,0.006318908184766769,0,10
16,0.005956373643130064,0.005956385284662247,0,10
17,0.005344710778445005,0.005344740580767393,0,10
18,0.006591928191483021,0.0065919565968215466,0,10
19,0.004630675073713064,0.004630699288100004,0,10
20,0.0038726278580725193,0.003872653702273965,0,10
21,0.005049681290984154,0.005049710627645254,0,10
22,0.003983789589256048,0.003983800765126944,0,10
23,0.004295590799301863,0.004295598715543747,0,10
24,0.003490214701741934,0.0034902284387499094,0,10
25,0.002789389109238982,0.002789412159472704,0,10
26,0.003294756170362234,0.0032947794534265995,0,10
27,0.002239852910861373,0.0022398720029741526,0,10
28,0.0027910976205021143,0.002791106700897217,0,10
0,0.023432791233062744,0.023432811722159386,0,10
1,0.02355147711932659,0.02355153113603592,0,10
2,0.025795258581638336,0.025795307010412216,0,10
3,0.023014824837446213,0.023014865815639496,0,10
4,0.024790985509753227,0.024790998548269272,0,10
5,0.0205237939953804,0.02052382566034794,0,10
6,0.021776847541332245,0.021776873618364334,0,10
7,0.01836153119802475,0.01836155541241169,0,10
8,0.01747378334403038,0.017473828047513962,0,10
9,0.015041273087263107,0.0150412917137146,0,10
10,0.012590384110808372,0.012590416707098484,0,10
11,0.012282788753509521,0.012282815761864185,0,10
12,0.012342938221991062,0.01234295591711998,0,10
13,0.009139756672084332,0.009139795787632465,0,10
14,0.009216871112585068,0.009216897189617157,0,10
15,0.006318878382444382,0.006318897008895874,0,10
16,0.005956373643130064,0.0059564015828073025,0,10
17,0.005344710778445005,0.005344740115106106,0,10
18,0.006591928191483021,0.006591952871531248,0,10
19,0.004630675073713064,0.004630698822438717,0,10
20,0.0038726278580725193,0.003872655564919114,0,10
21,0.005049681290984154,0.005049711558967829,0,10
22,0.003983789589256048,0.0039838035590946674,0,10
23,0.004295590799301863,0.004295616876333952,0,10
24,0.003490214701741934,0.0034902419429272413,0,10
25,0.002789389109238982,0.002789389807730913,0,10
26,0.003294756170362234,0.0032947745639830828,0,10
27,0.002239852910861373,0.002239865716546774,0,10
28,0.0027910976205021143,0.002791116014122963,0,10
29,0.0026098585221916437,0.0026098701637238264,0,10
0,0.023432791233062744,0.023432807996869087,0,10
1,0.02355147711932659,0.023551516234874725,0,10
2,0.025795258581638336,0.02579529955983162,0,10
3,0.023014824837446213,0.02301487885415554,0,10
4,0.024790985509753227,0.024791011586785316,0,10
5,0.0205237939953804,0.020523816347122192,0,10
6,0.021776847541332245,0.021776866167783737,0,10
7,0.01836153119802475,0.01836157776415348,0,10
8,0.01747378334403038,0.01747380942106247,0,10
9,0.015041273087263107,0.015041299164295197,0,10
10,0.012590384110808372,0.012590429745614529,0,10
11,0.012282788753509521,0.01228281855583191,0,10
12,0.012342938221991062,0.012342974543571472,0,10
13,0.009139756672084332,0.009139789268374443,0,10
14,0.009216871112585068,0.009216888807713985,0,10
15,0.006318878382444382,0.006318901665508747,0,10
16,0.005956373643130064,0.0059563955292105675,0,10
17,0.005344710778445005,0.005344737321138382,0,10
18,0.006591928191483021,0.006591953802853823,0,10
19,0.004630675073713064,0.004630694631487131,0,10
20,0.0038726278580725193,0.0038726597558707,0,10
21,0.005049681290984154,0.005049704108387232,0,10
22,0.003983789589256048,0.003983824048191309,0,10
23,0.004295590799301863,0.004295609425753355,0,10
24,0.003490214701741934,0.0034902398474514484,0,10
25,0.002789389109238982,0.002789404708892107,0,10
26,0.003294756170362234,0.0032947659492492676,0,10
27,0.002239852910861373,0.0022398389410227537,0,10
28,0.0027910976205021143,0.002791106700897217,0,10
29,0.0026098585221916437,0.0026098638772964478,0,10
30,0.0023879078216850758,0.0023879315704107285,0,10
0,0.023432791233062744,0.023432806134223938,0,10
1,0.02355147711932659,0.02355148456990719,0,10
2,0.025795258581638336,0.025795292109251022,0,10
3,0.023014824837446213,0.02301485650241375,0,10
4,0.024790985509753227,0.024791015312075615,0,10
5,0.0205237939953804,0.020523827522993088,0,10
6,0.021776847541332245,0.021776877343654633,0,10
7,0.01836153119802475,0.018361572176218033,0,10
8,0.01747378334403038,0.017473824322223663,0,10
9,0.015041273087263107,0.015041306614875793,0,10
10,0.012590384110808372,0.01259041577577591,0,10
11,0.012282788753509521,0.012282812967896461,0,10
12,0.012342938221991062,0.012342973612248898,0,10
13,0.009139756672084332,0.009139779023826122,0,10
14,0.009216871112585068,0.009216911159455776,0,10
15,0.006318878382444382,0.0063189067877829075,0,10
16,0.005956373643130064,0.00595639506354928,0,10
17,0.005344710778445005,0.00534473592415452,0,10
18,0.006591928191483021,0.006591953337192535,0,10
19,0.004630675073713064,0.004630696028470993,0,10
20,0.0038726278580725193,0.0038726471830159426,0,10
21,0.005049681290984154,0.005049704574048519,0,10
22,0.003983789589256048,0.003983819391578436,0,10
23,0.004295590799301863,0.0042956224642694,0,10
24,0.003490214701741934,0.003490232862532139,0,10
25,0.002789389109238982,0.0027893895749002695,0,10
26,0.003294756170362234,0.003294783877208829,0,10
27,0.002239852910861373,0.0022398647852241993,0,10
28,0.0027910976205021143,0.0027911150828003883,0,10
29,0.0026098585221916437,0.002609848976135254,0,10
30,0.0023879078216850758,0.0023879336658865213,0,10
31,0.0010118880309164524,0.0010119080543518066,0,10
0,0.023432791233062744,0.02343280427157879,0,10
1,0.02355147711932659,0.023551495745778084,0,10
2,0.025795258581638336,0.025795307010412216,0,10
3,0.023014824837446213,0.023014862090349197,0,10
4,0.024790985509753227,0.024791020900011063,0,10
5,0.0205237939953804,0.020523836836218834,0,10
6,0.021776847541332245,0.021776879206299782,0,10
7,0.01836153119802475,0.018361562862992287,0,10
8,0.01747378334403038,0.017473796382546425,0,10
9,0.015041273087263107,0.015041299164295197,0,10
10,0.012590384110808372,0.012590408325195312,0,10
11,0.012282788753509521,0.012282819487154484,0,10
12,0.012342938221991062,0.012342974543571472,0,10
13,0.009139756672084332,0.009139776229858398,0,10
14,0.009216871112585068,0.009216908365488052,0,10
15,0.006318878382444382,0.006318916566669941,0,10
16,0.005956373643130064,0.005956409033387899,0,10
17,0.005344710778445005,0.005344735458493233,0,10
18,0.006591928191483021,0.006591957062482834,0,10
19,0.004630675073713064,0.004630703944712877,0,10
20,0.0038726278580725193,0.0038726439233869314,0,10
21,0.005049681290984154,0.0050497096963226795,0,10
22,0.003983789589256048,0.0039838217198848724,0,10
23,0.004295590799301863,0.004295604769140482,0,10
24,0.003490214701741934,0.0034902438055723906,0,10
25,0.002789389109238982,0.0027894163504242897,0,10
26,0.003294756170362234,0.0032947943545877934,0,10
27,0.002239852910861373,0.0022398740984499454,0,10
28,0.0027910976205021143,0.002791122067719698,0,10
29,0.0026098585221916437,0.00260987994261086,0,10
30,0.0023879078216850758,0.0023879290092736483,0,10
31,0.0010118880309164524,0.0010119080543518066,0,10
32,0.0012533760163933039,0.0012533749686554074,0,10
0,0.023432791233062744,0.023432806134223938,0,10
1,0.02355147711932659,0.02355150878429413,0,10
2,0.025795258581638336,0.025795262306928635,0,10
3,0.023014824837446213,0.023014845326542854,0,10
4,0.024790985509753227,0.02479102648794651,0,10
5,0.0205237939953804,0.02052382007241249,0,10
6,0.021776847541332245,0.021776875481009483,0,10
7,0.01836153119802475,0.018361561000347137,0,10
8,0.01747378334403038,0.01747380942106247,0,10
9,0.015041273087263107,0.01504130382090807,0,10
10,0.012590384110808372,0.012590408325195312,0,10
11,0.012282788753509521,0.01228281669318676,0,10
12,0.012342938221991062,0.012342977337539196,0,10
13,0.009139756672084332,0.009139777161180973,0,10
14,0.009216871112585068,0.009216883219778538,0,10
15,0.006318878382444382,0.0063188886269927025,0,10
16,0.005956373643130064,0.005956393200904131,0,10
17,0.005344710778445005,0.005344750825315714,0,10
18,0.006591928191483021,0.006591950077563524,0,10
19,0.004630675073713064,0.00463069835677743,0,10
20,0.0038726278580725193,0.0038726474158465862,0,10
21,0.005049681290984154,0.005049705505371094,0,10
22,0.003983789589256048,0.003983807750046253,0,10
23,0.004295590799301863,0.004295615013688803,0,10
24,0.003490214701741934,0.003490244271233678,0,10
25,0.002789389109238982,0.0027894105296581984,0,10
26,0.003294756170362234,0.003294791094958782,0,10
27,0.002239852910861373,0.0022398659493774176,0,10
28,0.0027910976205021143,0.0027911157812923193,0,10
29,0.0026098585221916437,0.002609853632748127,0,10
30,0.0023879078216850758,0.0023878964129835367,0,10
31,0.0010118880309164524,0.0010119080543518066,0,10
32,0.0012533760163933039,0.001253366470336914,0,10
33,0.001154366647824645,0.0011543631553649902,0,10
0,0.023432791233062744,0.023432821035385132,0,10
1,0.02355147711932659,0.02355150692164898,0,10
2,0.025795258581638336,0.02579530142247677,0,10
3,0.023014824837446213,0.023014867678284645,0,10
4,0.024790985509753227,0.02479100413620472,0,10
5,0.0205237939953804,0.020523831248283386,0,10
6,0.021776847541332245,0.021776873618364334,0,10
7,0.01836153119802475,0.01836155541241169,0,10
8,0.01747378334403038,0.017473801970481873,0,10
9,0.015041273087263107,0.01504130382090807,0,10
10,0.012590384110808372,0.01259041391313076,0,10
11,0.012282788753509521,0.012282800860702991,0,10
12,0.012342938221991062,0.0123429661616683,0,10
13,0.009139756672084332,0.009139787405729294,0,10
14,0.009216871112585068,0.009216908365488052,0,10
15,0.006318878382444382,0.00631891330704093,0,10
16,0.005956373643130064,0.005956396926194429,0,10
17,0.005344710778445005,0.005344736855477095,0,10
18,0.006591928191483021,0.006591951008886099,0,10
19,0.004630675073713064,0.004630710929632187,0,10
20,0.0038726278580725193,0.003872641595080495,0,10
21,0.005049681290984154,0.005049705505371094,0,10
22,0.003983789589256048,0.003983809147030115,0,10
23,0.004295590799301863,0.004295611288398504,0,10
24,0.003490214701741934,0.0034902337938547134,0,10
25,0.002789389109238982,0.0027893944643437862,0,10
26,0.003294756170362234,0.0032947829458862543,0,10
27,0.002239852910861373,0.0022398733999580145,0,10
28,0.0027910976205021143,0.002791106700897217,0,10
29,0.0026098585221916437,0.002609852235764265,0,10
30,0.0023879078216850758,0.0023879152722656727,0,10
31,0.0010118880309164524,0.0010119080543518066,0,10
32,0.0012533760163933039,0.001253366470336914,0,10
33,0.001154366647824645,0.0011543631553649902,0,10
34,0.0019197830697521567,0.0019198060035705566,0,10
0,0.023432791233062744,0.023432811722159386,0,10
1,0.02355147711932659,0.023551488295197487,0,10
2,0.025795258581638336,0.02579529397189617,0,10
3,0.023014824837446213,0.023014849051833153,0,10
4,0.024790985509753227,0.024791020900011063,0,10
5,0.0205237939953804,0.020523833110928535,0,10
6,0.021776847541332245,0.02177688479423523,0,10
7,0.01836153119802475,0.018361549824476242,0,10
8,0.01747378334403038,0.017473822459578514,0,10
9,0.015041273087263107,0.01504130382090807,0,10
10,0.012590384110808372,0.01259041391313076,0,10
11,0.012282788753509521,0.01228281855583191,0,10
12,0.012342938221991062,0.012342957779765129,0,10
13,0.009139756672084332,0.009139776229858398,0,10
14,0.009216871112585068,0.009216911159455776,0,10
15,0.006318878382444382,0.00631890632212162,0,10
16,0.005956373643130064,0.005956403911113739,0,10
17,0.005344710778445005,0.005344731733202934,0,10
18,0.006591928191483021,0.00659193703904748,0,10
19,0.004630675073713064,0.004630704410374165,0,10
20,0.0038726278580725193,0.003872654400765896,0,10
21,0.005049681290984154,0.005049705505371094,0,10
22,0.003983789589256048,0.003983816131949425,0,10
23,0.004295590799301863,0.004295621067285538,0,10
24,0.003490214701741934,0.003490241477265954,0,10
25,0.002789389109238982,0.0027894049417227507,0,10
26,0.003294756170362234,0.003294786438345909,0,10
27,0.002239852910861373,0.0022398268338292837,0,10
28,0.0027910976205021143,0.002791106700897217,0,10
29,0.0026098585221916437,0.0026098648086190224,0,10
30,0.0023879078216850758,0.0023879262153059244,0,10
31,0.0010118880309164524,0.0010119080543518066,0,10
32,0.0012533760163933039,0.0012533793924376369,0,10
33,0.001154366647824645,0.001154382131062448,0,10
34,0.0019197830697521567,0.0019198060035705566,0,10
35,0.0008302289061248302,0.0008302481146529317,0,10
0,0.023432791233062744,0.02343280240893364,0,10
1,0.02355147711932659,0.023551510646939278,0,10
2,0.025795258581638336,0.025795288383960724,0,10
3,0.023014824837446213,0.02301485650241375,0,10
4,0.024790985509753227,0.02479100227355957,0,10
5,0.0205237939953804,0.02052384614944458,0,10
6,0.021776847541332245,0.02177685871720314,0,10
7,0.01836153119802475,0.018361559137701988,0,10
8,0.01747378334403038,0.017473826184868813,0,10
9,0.015041273087263107,0.015041308477520943,0,10
10,0.012590384110808372,0.012590411119163036,0,10
11,0.012282788753509521,0.012282812036573887,0,10
12,0.012342938221991062,0.012342970818281174,0,10
13,0.009139756672084332,0.00913977064192295,0,10
14,0.009216871112585068,0.009216897189617157,0,10
15,0.006318878382444382,0.006318915169686079,0,10
16,0.005956373643130064,0.005956368986517191,0,10
17,0.005344710778445005,0.005344735458493233,0,10
18,0.006591928191483021,0.00659195426851511,0,10
19,0.004630675073713064,0.004630705341696739,0,10
20,0.0038726278580725193,0.0038726329803466797,0,10
21,0.005049681290984154,0.005049705505371094,0,10
22,0.003983789589256048,0.003983812872320414,0,10
23,0.004295590799301863,0.004295604769140482,0,10
24,0.003490214701741934,0.003490242874249816,0,10
25,0.002789389109238982,0.0027894037775695324,0,10
26,0.003294756170362234,0.0032947922591120005,0,10
27,0.002239852910861373,0.002239823341369629,0,10
28,0.0027910976205021143,0.002791122766211629,0,10
29,0.0026098585221916437,0.0026098645757883787,0,10
30,0.0023879078216850758,0.0023879166692495346,0,10
31,0.0010118880309164524,0.0010119080543518066,0,10
32,0.0012533760163933039,0.001253366470336914,0,10
33,0.001154366647824645,0.0011543631553649902,0,10
34,0.0019197830697521567,0.0019198060035705566,0,10
35,0.0008302289061248302,0.000830233097076416,0,10
36,-0.0004592716577462852,0.00045926644816063344,10,10
0,0.023432791233062744,0.023432793095707893,0,10
1,0.02355147711932659,0.02355150133371353,0,10
2,0.025795258581638336,0.02579529583454132,0,10
3,0.023014824837446213,0.02301488071680069,0,10
4,0.024790985509753227,0.024791017174720764,0,10
5,0.0205237939953804,0.02052381820976734,0,10
6,0.021776847541332245,0.021776854991912842,0,10
7,0.01836153119802475,0.018361538648605347,0,10
8,0.01747378334403038,0.017473824322223663,0,10
9,0.015041273087263107,0.015041294507682323,0,10
10,0.012590384110808372,0.012590402737259865,0,10
11,0.012282788753509521,0.012282809242606163,0,10
12,0.012342938221991062,0.012342970818281174,0,10
13,0.009139756672084332,0.00913978461176157,0,10
14,0.009216871112585068,0.009216888807713985,0,10
15,0.006318878382444382,0.006318909116089344,0,10
16,0.005956373643130064,0.0059564015828073025,0,10
17,0.005344710778445005,0.005344745237380266,0,10
18,0.006591928191483021,0.0065919626504182816,0,10
19,0.004630675073713064,0.004630700219422579,0,10
20,0.0038726278580725193,0.0038726329803466797,0,10
21,0.005049681290984154,0.005049705505371094,0,10
22,0.003983789589256048,0.003983816131949425,0,10
23,0.004295590799301863,0.004295624326914549,0,10
24,0.003490214701741934,0.0034902477636933327,0,10
25,0.002789389109238982,0.0027894051745533943,0,10
26,0.003294756170362234,0.0032947713043540716,0,10
27,0.002239852910861373,0.002239823341369629,0,10
28,0.0027910976205021143,0.0027911169454455376,0,10
29,0.0026098585221916437,0.002609886461868882,0,10
30,0.0023879078216850758,0.0023879394866526127,0,10
31,0.0010118880309164524,0.0010119080543518066,0,10
32,0.0012533760163933039,0.001253366470336914,0,10
33,0.001154366647824645,0.0011543631553649902,0,10
34,0.0019197830697521567,0.0019198060035705566,0,10
35,0.0008302289061248302,0.000830233097076416,0,10
36,-0.0004592716577462852,0.000459250935819,10,10
37,-0.00011617572454269975,0.00011617669224506244,10,10
0,0.023432791233062744,0.023432815447449684,0,10
1,0.02355147711932659,0.023551519960165024,0,10
2,0.025795258581638336,0.025795312598347664,0,10
3,0.023014824837446213,0.0230148583650589,0,10
4,0.024790985509753227,0.024791017174720764,0,10
5,0.0205237939953804,0.020523812621831894,0,10
6,0.021776847541332245,0.021776892244815826,0,10
7,0.01836153119802475,0.018361572176218033,0,10
8,0.01747378334403038,0.01747381128370762,0,10
9,0.015041273087263107,0.015041292645037174,0,10
10,0.012590384110808372,0.01259040366858244,0,10
11,0.012282788753509521,0.01228281855583191,0,10
12,0.012342938221991062,0.01234296802431345,0,10
13,0.009139756672084332,0.009139790199697018,0,10
14,0.009216871112585068,0.009216884151101112,0,10
15,0.006318878382444382,0.006318904459476471,0,10
16,0.005956373643130064,0.005956394597887993,0,10
17,0.005344710778445005,0.005344744771718979,0,10
18,0.006591928191483021,0.0065919626504182816,0,10
19,0.004630675073713064,0.004630703944712877,0,10
20,0.0038726278580725193,0.003872654400765896,0,10
21,0.005049681290984154,0.005049706436693668,0,10
22,0.003983789589256048,0.003983810544013977,0,10
23,0.004295590799301863,0.004295625723898411,0,10
24,0.003490214701741934,0.003490244736894965,0,10
25,0.002789389109238982,0.002789414022117853,0,10
26,0.003294756170362234,0.0032947883009910583,0,10
27,0.002239852910861373,0.0022398559376597404,0,10
28,0.0027910976205021143,0.002791116014122963,0,10
29,0.0026098585221916437,0.0026098829694092274,0,10
30,0.0023879078216850758,0.002387925051152706,0,10
31,0.0010118880309164524,0.0010119080543518066,0,10
32,0.0012533760163933039,0.0012533809058368206,0,10
33,0.001154366647824645,0.0011543631553649902,0,10
34,0.0019197830697521567,0.0019198060035705566,0,10
35,0.0008302289061248302,0.0008302389760501683,0,10
36,-0.0004592716577462852,0.00045928172767162323,10,10
37,-0.00011617572454269975,0.00011617864220170304,10,10
38,0.0004896398168057203,0.0004896580358035862,0,10
0,0.023432791233062744,0.023432815447449684,0,10
1,0.02355147711932659,0.023551495745778084,0,10
2,0.025795258581638336,0.025795310735702515,0,10
3,0.023014824837446213,0.023014865815639496,0,10
4,0.024790985509753227,0.024791039526462555,0,10
5,0.0205237939953804,0.02052381820976734,0,10
6,0.021776847541332245,0.021776869893074036,0,10
7,0.01836153119802475,0.018361572176218033,0,10
8,0.01747378334403038,0.01747380569577217,0,10
9,0.015041273087263107,0.01504130382090807,0,10
10,0.012590384110808372,0.012590411119163036,0,10
11,0.012282788753509521,0.012282815761864185,0,10
12,0.012342938221991062,0.012342961505055428,0,10
13,0.009139756672084332,0.009139773435890675,0,10
14,0.009216871112585068,0.009216892533004284,0,10
15,0.006318878382444382,0.006318897940218449,0,10
16,0.005956373643130064,0.005956399720162153,0,10
17,0.005344710778445005,0.00534473592415452,0,10
18,0.006591928191483021,0.006591953337192535,0,10
19,0.004630675073713064,0.004630694631487131,0,10
20,0.0038726278580725193,0.0038726499769836664,0,10
21,0.005049681290984154,0.005049706902354956,0,10
22,0.003983789589256048,0.003983812406659126,0,10
23,0.004295590799301863,0.00429561035707593,0,10
24,0.003490214701741934,0.0034902433399111032,0,10
25,0.002789389109238982,0.0027894098311662674,0,10
26,0.003294756170362234,0.0032947876024991274,0,10
27,0.002239852910861373,0.002239836845546961,0,10
28,0.0027910976205021143,0.0027911243960261345,0,10
29,0.0026098585221916437,0.0026098790112882853,0,10
30,0.0023879078216850758,0.0023878812789916992,0,10
31,0.0010118880309164524,0.0010119080543518066,0,10
32,0.0012533760163933039,0.0012533949920907617,0,10
33,0.001154366647824645,0.0011543631553649902,0,10
34,0.0019197830697521567,0.0019198060035705566,0,10
35,0.0008302289061248302,0.000830233097076416,0,10
36,-0.0004592716577462852,0.00045928978943265975,10,10
37,-0.00011617572454269975,0.00011500663094921038,10,10
38,0.0004896398168057203,0.000489652156829834,0,10
39,0.0007318095886148512,0.0007318258285522461,0,10
0,0.023432791233062744,0.02343282289803028,0,10
1,0.02355147711932659,0.02355150878429413,0,10
2,0.025795258581638336,0.025795280933380127,0,10
3,0.023014824837446213,0.023014841601252556,0,10
4,0.024790985509753227,0.02479100599884987,0,10
5,0.0205237939953804,0.02052381820976734,0,10
6,0.021776847541332245,0.021776869893074036,0,10
7,0.01836153119802475,0.01836155354976654,0,10
8,0.01747378334403038,0.01747380942106247,0,10
9,0.015041273087263107,0.0150412917137146,0,10
10,0.012590384110808372,0.012590408325195312,0,10
11,0.012282788753509521,0.012282823212444782,0,10
12,0.012342938221991062,0.012342957779765129,0,10
13,0.009139756672084332,0.009139779023826122,0,10
14,0.009216871112585068,0.009216896258294582,0,10
15,0.006318878382444382,0.006318914238363504,0,10
16,0.005956373643130064,0.005956399720162153,0,10
17,0.005344710778445005,0.005344748962670565,0,10
18,0.006591928191483021,0.006591957528144121,0,10
19,0.004630675073713064,0.004630698822438717,0,10
20,0.0038726278580725193,0.0038726474158465862,0,10
21,0.005049681290984154,0.0050497096963226795,0,10
22,0.003983789589256048,0.003983823582530022,0,10
23,0.004295590799301863,0.004295604303479195,0,10
24,0.003490214701741934,0.0034902312327176332,0,10
25,0.002789389109238982,0.0027894123923033476,0,10
26,0.003294756170362234,0.0032947659492492676,0,10
27,0.002239852910861373,0.0022398761939257383,0,10
28,0.0027910976205021143,0.002791106700897217,0,10
29,0.0026098585221916437,0.0026098776143044233,0,10
30,0.0023879078216850758,0.0023878812789916992,0,10
31,0.0010118880309164524,0.0010119080543518066,0,10
32,0.0012533760163933039,0.0012533713597804308,0,10
33,0.001154366647824645,0.0011543631553649902,0,10
34,0.0019197830697521567,0.0019198060035705566,0,10
35,0.0008302289061248302,0.000830233097076416,0,10
36,-0.0004592716577462852,0.00045929496991448104,10,10
37,-0.00011617572454269975,0.00011619928409345448,10,10
38,0.0004896398168057203,0.000489652156829834,0,10
39,0.0007318095886148512,0.0007318258285522461,0,10
40,0.0013041258789598942,0.0013041496276855469,0,10
0,0.023432791233062744,0.02343282662332058,0,10
1,0.02355147711932659,0.02355150505900383,0,10
2,0.025795258581638336,0.025795310735702515,0,10
3,0.023014824837446213,0.023014865815639496,0,10
4,0.024790985509753227,0.024791009724140167,0,10
5,0.0205237939953804,0.020523838698863983,0,10
6,0.021776847541332245,0.02177686244249344,0,10
7,0.01836153119802475,0.018361549824476242,0,10
8,0.01747378334403038,0.01747378148138523,0,10
9,0.015041273087263107,0.015041299164295197,0,10
10,0.012590384110808372,0.01259041577577591,0,10
11,0.012282788753509521,0.012282817624509335,0,10
12,0.012342938221991062,0.012342973612248898,0,10
13,0.009139756672084332,0.009139776229858398,0,10
14,0.009216871112585068,0.009216894395649433,0,10
15,0.006318878382444382,0.006318907719105482,0,10
16,0.005956373643130064,0.00595640204846859,0,10
17,0.005344710778445005,0.005344725213944912,0,10
18,0.006591928191483021,0.006591949611902237,0,10
19,0.004630675073713064,0.0046306937001645565,0,10
20,0.0038726278580725193,0.003872660454362631,0,10
21,0.005049681290984154,0.005049718078225851,0,10
22,0.003983789589256048,0.003983805887401104,0,10
23,0.004295590799301863,0.00429561035707593,0,10
24,0.003490214701741934,0.0034902251791208982,0,10
25,0.002789389109238982,0.0027893781661987305,0,10
26,0.003294756170362234,0.003294776426628232,0,10
27,0.002239852910861373,0.0022398673463612795,0,10
28,0.0027910976205021143,0.002791106700897217,0,10
29,0.0026098585221916437,0.002609850140288472,0,10
30,0.0023879078216850758,0.0023878987412899733,0,10
31,0.0010118880309164524,0.0010119080543518066,0,10
32,0.0012533760163933039,0.001253366470336914,0,10
33,0.001154366647824645,0.0011543948203325272,0,10
34,0.0019197830697521567,0.0019198060035705566,0,10
35,0.0008302289061248302,0.000830233097076416,0,10
36,-0.0004592716577462852,0.0004592831537593156,10,10
37,-0.00011617572454269975,0.00011619627912295982,10,10
38,0.0004896398168057203,0.0004896579775959253,0,10
39,0.0007318095886148512,0.0007318258285522461,0,10
40,0.0013041258789598942,0.0012990832328796387,0,10
41,-0.0004914933233521879,0.0004915205645374954,10,10
0,0.023432791233062744,0.023432813584804535,0,10
1,0.02355147711932659,0.02355148270726204,0,10
2,0.025795258581638336,0.02579529955983162,0,10
3,0.023014824837446213,0.0230148546397686,0,10
4,0.024790985509753227,0.024791035801172256,0,10
5,0.0205237939953804,0.020523831248283386,0,10
6,0.021776847541332245,0.021776868030428886,0,10
7,0.01836153119802475,0.018361564725637436,0,10
8,0.01747378334403038,0.017473801970481873,0,10
9,0.015041273087263107,0.0150412917137146,0,10
10,0.012590384110808372,0.012590410187840462,0,10
11,0.012282788753509521,0.01228281483054161,0,10
12,0.012342938221991062,0.012342962436378002,0,10
13,0.009139756672084332,0.009139785543084145,0,10
14,0.009216871112585068,0.009216899052262306,0,10
15,0.006318878382444382,0.0063189128413796425,0,10
16,0.005956373643130064,0.00595639506354928,0,10
17,0.005344710778445005,0.005344746168702841,0,10
18,0.006591928191483021,0.00659193517640233,0,10
19,0.004630675073713064,0.004630706738680601,0,10
20,0.0038726278580725193,0.00387263554148376,0,10
21,0.005049681290984154,0.005049705505371094,0,10
22,0.003983789589256048,0.00398381007835269,0,10
23,0.004295590799301863,0.004295605234801769,0,10
24,0.003490214701741934,0.003490225411951542,0,10
25,0.002789389109238982,0.002789407502859831,0,10
26,0.003294756170362234,0.0032947720028460026,0,10
27,0.002239852910861373,0.002239849651232362,0,10
28,0.0027910976205021143,0.002791106700897217,0,10
29,0.0026098585221916437,0.002609848976135254,0,10
30,0.0023879078216850758,0.002387892222031951,0,10
31,0.0010118880309164524,0.0010119080543518066,0,10
32,0.0012533760163933039,0.0012533733388409019,0,10
33,0.001154366647824645,0.0011543778236955404,0,10
34,0.0019197830697521567,0.0019198060035705566,0,10
35,0.0008302289061248302,0.000830233097076416,0,10
36,-0.0004592716577462852,0.00045929226325824857,10,10
37,-0.00011617572454269975,0.00011618388816714287,10,10
38,0.0004896398168057203,0.000489652156829834,0,10
39,0.0007318095886148512,0.0007318258285522461,0,10
40,0.0013041258789598942,0.0013041496276855469,0,10
41,-0.0004914933233521879,0.00045837435754947364,10,10
42,0.0008827746496535838,0.0008828043937683105,0,10
0,0.023432791233062744,0.023432809859514236,0,10
1,0.02355147711932659,0.023551514372229576,0,10
2,0.025795258581638336,0.025795312598347664,0,10
3,0.023014824837446213,0.023014865815639496,0,10
4,0.024790985509753227,0.02479100413620472,0,10
5,0.0205237939953804,0.02052382566034794,0,10
6,0.021776847541332245,0.02177688293159008,0,10
7,0.01836153119802475,0.018361570313572884,0,10
8,0.01747378334403038,0.017473820596933365,0,10
9,0.015041273087263107,0.0150412917137146,0,10
10,0.012590384110808372,0.012590410187840462,0,10
11,0.012282788753509521,0.012282822281122208,0,10
12,0.012342938221991062,0.012342975474894047,0,10
13,0.009139756672084332,0.009139781817793846,0,10
14,0.009216871112585068,0.00921690184623003,0,10
15,0.006318878382444382,0.006318891420960426,0,10
16,0.005956373643130064,0.005956396926194429,0,10
17,0.005344710778445005,0.005344743840396404,0,10
18,0.006591928191483021,0.006591956131160259,0,10
19,0.004630675073713064,0.004630689974874258,0,10
20,0.0038726278580725193,0.0038726497441530228,0,10
21,0.005049681290984154,0.005049718078225851,0,10
22,0.003983789589256048,0.003983795642852783,0,10
23,0.004295590799301863,0.004295624326914549,0,10
24,0.003490214701741934,0.003490230068564415,0,10
25,0.002789389109238982,0.0027894112281501293,0,10
26,0.003294756170362234,0.0032947808504104614,0,10
27,0.002239852910861373,0.0022398666478693485,0,10
28,0.0027910976205021143,0.002791106700897217,0,10
29,0.0026098585221916437,0.002609892515465617,0,10
30,0.0023879078216850758,0.0023879047948867083,0,10
31,0.0010118880309164524,0.0010119080543518066,0,10
32,0.0012533760163933039,0.001253366470336914,0,10
33,0.001154366647824645,0.0011543631553649902,0,10
34,0.0019197830697521567,0.0019198060035705566,0,10
35,0.0008302289061248302,0.0008302396745420992,0,10
36,-0.0004592716577462852,0.00045927162864245474,10,10
37,-0.00011617572454269975,0.000116170005640015,10,10
38,0.0004896398168057203,0.000489652156829834,0,10
39,0.0007318095886148512,0.000722050666809082,0,10
40,0.0013041258789598942,0.0013041496276855469,0,10
41,-0.0004914933233521879,0.0004915203899145126,10,10
42,0.0008827746496535838,0.0008828043937683105,0,10
43,0.0008242800831794739,0.0008242672774940729,0,10
0,0.023432791233062744,0.02343282289803028,0,10
1,0.02355147711932659,0.023551510646939278,0,10
2,0.025795258581638336,0.02579529955983162,0,10
3,0.023014824837446213,0.02301485277712345,0,10
4,0.024790985509753227,0.024791017174720764,0,10
5,0.0205237939953804,0.02052382007241249,0,10
6,0.021776847541332245,0.021776864305138588,0,10
7,0.01836153119802475,0.018361574038863182,0,10
8,0.01747378334403038,0.01747380942106247,0,10
9,0.015041273087263107,0.015041305683553219,0,10
10,0.012590384110808372,0.012590412981808186,0,10
11,0.012282788753509521,0.012282827869057655,0,10
12,0.012342938221991062,0.01234297826886177,0,10
13,0.009139756672084332,0.009139776229858398,0,10
14,0.009216871112585068,0.009216911159455776,0,10
15,0.006318878382444382,0.006318904459476471,0,10
16,0.005956373643130064,0.0059563955292105675,0,10
17,0.005344710778445005,0.005344741977751255,0,10
18,0.006591928191483021,0.0065919565968215466,0,10
19,0.004630675073713064,0.004630692768841982,0,10
20,0.0038726278580725193,0.0038726567290723324,0,10
21,0.005049681290984154,0.005049705505371094,0,10
22,0.003983789589256048,0.003983826842159033,0,10
23,0.004295590799301863,0.004295608028769493,0,10
24,0.003490214701741934,0.0034902365878224373,0,10
25,0.002789389109238982,0.0027894116938114166,0,10
26,0.003294756170362234,0.003294779220595956,0,10
27,0.002239852910861373,0.0022398720029741526,0,10
28,0.0027910976205021143,0.0027911216020584106,0,10
29,0.0026098585221916437,0.002609873889014125,0,10
30,0.0023879078216850758,0.0023879026994109154,0,10
31,0.0010118880309164524,0.0010119080543518066,0,10
32,0.0012533760163933039,0.0012533909175544977,0,10
33,0.001154366647824645,0.0011385679244995117,0,10
34,0.0019197830697521567,0.0019198060035705566,0,10
35,0.0008302289061248302,0.000830233097076416,0,10
36,-0.0004592716577462852,0.00045927727478556335,10,10
37,-0.00011617572454269975,0.00011616767005762085,10,10
38,0.0004896398168057203,0.000489652156829834,0,10
39,0.0007318095886148512,0.0007318258285522461,0,10
40,0.0013041258789598942,0.0013041496276855469,0,10
41,-0.0004914933233521879,0.0004915016470476985,10,10
42,0.0008827746496535838,0.0008828043937683105,0,10
43,0.0008242800831794739,0.000824272632598877,0,10
44,0.00045371538726612926,0.00045371055603027344,0,10
0,0.023432791233062744,0.02343280427157879,0,10
1,0.02355147711932659,0.02355150505900383,0,10
2,0.025795258581638336,0.025795303285121918,0,10
3,0.023014824837446213,0.02301485277712345,0,10
4,0.024790985509753227,0.024791022762656212,0,10
5,0.0205237939953804,0.02052382193505764,0,10
6,0.021776847541332245,0.021776875481009483,0,10
7,0.01836153119802475,0.018361561000347137,0,10
8,0.01747378334403038,0.01747381128370762,0,10
9,0.015041273087263107,0.015041294507682323,0,10
10,0.012590384110808372,0.012590414844453335,0,10
11,0.012282788753509521,0.012282826006412506,0,10
12,0.012342938221991062,0.012342959642410278,0,10
13,0.009139756672084332,0.009139787405729294,0,10
14,0.009216871112585068,0.009216906502842903,0,10
15,0.006318878382444382,0.006318895146250725,0,10
16,0.005956373643130064,0.005956405773758888,0,10
17,0.005344710778445005,0.00534471683204174,0,10
18,0.006591928191483021,0.006591965444386005,0,10
19,0.004630675073713064,0.004630699288100004,0,10
20,0.0038726278580725193,0.0038726588245481253,0,10
21,0.005049681290984154,0.005049705505371094,0,10
22,0.003983789589256048,0.00398382218554616,0,10
23,0.004295590799301863,0.004295611288398504,0,10
24,0.003490214701741934,0.003490245435386896,0,10
25,0.002789389109238982,0.0027894084341824055,0,10
26,0.003294756170362234,0.0032947813160717487,0,10
27,0.002239852910861373,0.002239872934296727,0,10
28,0.0027910976205021143,0.002791106700897217,0,10
29,0.0026098585221916437,0.002609855029731989,0,10
30,0.0023879078216850758,0.002387898974120617,0,10
31,0.0010118880309164524,0.0010119080543518066,0,10
32,0.0012533760163933039,0.0012533803237602115,0,10
33,0.001154366647824645,0.0011543631553649902,0,10
34,0.0019197830697521567,0.0019198060035705566,0,10
35,0.0008302289061248302,0.000830233097076416,0,10
36,-0.0004592716577462852,0.0004592604818753898,10,10
37,-0.00011617572454269975,0.00011618818098213524,10,10
38,0.0004896398168057203,0.0004896626342087984,0,10
39,0.0007318095886148512,0.0007318258285522461,0,10
40,0.0013041258789598942,0.0013041496276855469,0,10
41,-0.0004914933233521879,0.000491470389533788,10,10
42,0.0008827746496535838,0.0008828043937683105,0,10
43,0.0008242800831794739,0.0008242700132541358,0,10
44,0.00045371538726612926,0.00045371055603027344,0,10
45,-0.00010560073133092374,0.00010561930685071275,10,10
0,0.023432791233062744,0.023432830348610878,0,10
1,0.02355147711932659,0.02355150878429413,0,10
2,0.025795258581638336,0.02579529583454132,0,10
3,0.023014824837446213,0.023014847189188004,0,10
4,0.024790985509753227,0.024791009724140167,0,10
5,0.0205237939953804,0.02052382007241249,0,10
6,0.021776847541332245,0.02177688479423523,0,10
7,0.01836153119802475,0.01836155168712139,0,10
8,0.01747378334403038,0.017473818734288216,0,10
9,0.015041273087263107,0.015041301026940346,0,10
10,0.012590384110808372,0.012590417638421059,0,10
11,0.012282788753509521,0.012282813899219036,0,10
12,0.012342938221991062,0.01234295405447483,0,10
13,0.009139756672084332,0.009139780886471272,0,10
14,0.009216871112585068,0.009216899052262306,0,10
15,0.006318878382444382,0.006318913772702217,0,10
16,0.005956373643130064,0.005956385750323534,0,10
17,0.005344710778445005,0.00534473592415452,0,10
18,0.006591928191483021,0.006591947749257088,0,10
19,0.004630675073713064,0.004630688577890396,0,10
20,0.0038726278580725193,0.0038726599887013435,0,10
21,0.005049681290984154,0.005049705505371094,0,10
22,0.003983789589256048,0.003983817528933287,0,10
23,0.004295590799301863,0.004295628517866135,0,10
24,0.003490214701741934,0.0034902323968708515,0,10
25,0.002789389109238982,0.00278941891156137,0,10
26,0.003294756170362234,0.0032947873696684837,0,10
27,0.002239852910861373,0.0022398768924176693,0,10
28,0.0027910976205021143,0.002791106700897217,0,10
29,0.0026098585221916437,0.0026098822709172964,0,10
30,0.0023879078216850758,0.0023878812789916992,0,10
31,0.0010118880309164524,0.0010119080543518066,0,10
32,0.0012533760163933039,0.0012533830013126135,0,10
33,0.001154366647824645,0.0011543631553649902,0,10
34,0.0019197830697521567,0.0019198108930140734,0,10
35,0.0008302289061248302,0.000830233097076416,0,10
36,-0.0004592716577462852,0.0004592959303408861,10,10
37,-0.00011617572454269975,0.00011617249401751906,10,10
38,0.0004896398168057203,0.000489652156829834,0,10
39,0.0007318095886148512,0.0007318258285522461,0,10
40,0.0013041258789598942,0.0013041496276855469,0,10
41,-0.0004914933233521879,0.0004915038007311523,10,10
42,0.0008827746496535838,0.0008827993297018111,0,10
43,0.0008242800831794739,0.000824272632598877,0,10
44,0.00045371538726612926,0.00045371055603027344,0,10
45,-0.00010560073133092374,0.00010563495015958324,10,10
46,-0.00014147019828669727,0.00014148537593428046,10,10
0,0.023432791233062744,0.023432813584804535,0,10
1,0.02355147711932659,0.02355150505900383,0,10
2,0.025795258581638336,0.02579531818628311,0,10
3,0.023014824837446213,0.023014841601252556,0,10
4,0.024790985509753227,0.024791019037365913,0,10
5,0.0205237939953804,0.020523814484477043,0,10
6,0.021776847541332245,0.021776877343654633,0,10
7,0.01836153119802475,0.018361566588282585,0,10
8,0.01747378334403038,0.017473800107836723,0,10
9,0.015041273087263107,0.015041310340166092,0,10
10,0.012590384110808372,0.012590419501066208,0,10
11,0.012282788753509521,0.012282812967896461,0,10
12,0.012342938221991062,0.012342968955636024,0,10
13,0.009139756672084332,0.009139778092503548,0,10
14,0.009216871112585068,0.00921687576919794,0,10
15,0.006318878382444382,0.006318917963653803,0,10
16,0.005956373643130064,0.00595640204846859,0,10
17,0.005344710778445005,0.005344741512089968,0,10
18,0.006591928191483021,0.006591961719095707,0,10
19,0.004630675073713064,0.004630689509212971,0,10
20,0.0038726278580725193,0.0038726518396288157,0,10
21,0.005049681290984154,0.005049712024629116,0,10
22,0.003983789589256048,0.003983817528933287,0,10
23,0.004295590799301863,0.004295619670301676,0,10
24,0.003490214701741934,0.003490237519145012,0,10
25,0.002789389109238982,0.0027894049417227507,0,10
26,0.003294756170362234,0.003294782480224967,0,10
27,0.002239852910861373,0.002239853609353304,0,10
28,0.0027910976205021143,0.002791106700897217,0,10
29,0.0026098585221916437,0.0026098708622157574,0,10
30,0.0023879078216850758,0.002387905027717352,0,10
31,0.0010118880309164524,0.0010119080543518066,0,10
32,0.0012533760163933039,0.001253366470336914,0,10
33,0.001154366647824645,0.0011543501168489456,0,10
34,0.0019197830697521567,0.0019198060035705566,0,10
35,0.0008302289061248302,0.0008302144706249237,0,10
36,-0.0004592716577462852,0.00045928367762826383,10,10
37,-0.00011617572454269975,0.00011617060226853937,10,10
38,0.0004896398168057203,0.0004896586760878563,0,10
39,0.0007318095886148512,0.0007318258285522461,0,10
40,0.0013041258789598942,0.0013041496276855469,0,10
41,-0.0004914933233521879,0.0004915096797049046,10,10
42,0.0008827746496535838,0.0008828043937683105,0,10
43,0.0008242800831794739,0.0008243086049333215,0,10
44,0.00045371538726612926,0.00045371055603027344,0,10
45,-0.00010560073133092374,0.00010562514944467694,10,10
46,-0.00014147019828669727,0.0001414894504705444,10,10
47,0.0003230376751162112,0.0003230571746826172,0,10
0,0.023432791233062744,0.023432819172739983,0,10
1,0.02355147711932659,0.023551499471068382,0,10
2,0.025795258581638336,0.02579529955983162,0,10
3,0.023014824837446213,0.023014862090349197,0,10
4,0.024790985509753227,0.024790996685624123,0,10
5,0.0205237939953804,0.02052382379770279,0,10
6,0.021776847541332245,0.02177688106894493,0,10
7,0.01836153119802475,0.018361570313572884,0,10
8,0.01747378334403038,0.017473794519901276,0,10
9,0.015041273087263107,0.015041296370327473,0,10
10,0.012590384110808372,0.012590408325195312,0,10
11,0.012282788753509521,0.01228281669318676,0,10
12,0.012342938221991062,0.01234296802431345,0,10
13,0.009139756672084332,0.009139788337051868,0,10
14,0.009216871112585068,0.009216882288455963,0,10
15,0.006318878382444382,0.0063188993372023106,0,10
16,0.005956373643130064,0.005956401117146015,0,10
17,0.005344710778445005,0.005344732664525509,0,10
18,0.006591928191483021,0.006591955199837685,0,10
19,0.004630675073713064,0.004630700219422579,0,10
20,0.0038726278580725193,0.0038726329803466797,0,10
21,0.005049681290984154,0.005049709230661392,0,10
22,0.003983789589256048,0.0039838142693042755,0,10
23,0.004295590799301863,0.004295629914849997,0,10
24,0.003490214701741934,0.003490242874249816,0,10
25,0.002789389109238982,0.002789413556456566,0,10
26,0.003294756170362234,0.003294779686257243,0,10
27,0.002239852910861373,0.002239846158772707,0,10
28,0.0027910976205021143,0.0027911087963730097,0,10
29,0.0026098585221916437,0.002609892748296261,0,10
30,0.0023879078216850758,0.00238790619187057,0,10
31,0.0010118880309164524,0.001011877553537488,0,10
32,0.0012533760163933039,0.001253366470336914,0,10
33,0.001154366647824645,0.0011543631553649902,0,10
34,0.0019197830697521567,0.0019198060035705566,0,10
35,0.0008302289061248302,0.0008302305359393358,0,10
36,-0.0004592716577462852,0.00045928030158393085,10,10
37,-0.00011617572454269975,0.00011618479038588703,10,10
38,0.0004896398168057203,0.0004896558821201324,0,10
39,0.0007318095886148512,0.0007318258285522461,0,10
40,0.0013041258789598942,0.0013041496276855469,0,10
41,-0.0004914933233521879,0.000491465674713254,10,10
42,0.0008827746496535838,0.0008828043937683105,0,10
43,0.0008242800831794739,0.0008242693729698658,0,10
44,0.00045371538726612926,0.00045371055603027344,0,10
45,-0.00010560073133092374,0.0001056174878613092,10,10
46,-0.00014147019828669727,0.00014147974434308708,10,10
47,0.0003230376751162112,0.000323064043186605,0,10
48,-0.0006389215122908354,0.0006389310583472252,10,10
0,0.023432791233062744,0.023432821035385132,0,10
1,0.02355147711932659,0.023551519960165024,0,10
2,0.025795258581638336,0.02579532004892826,0,10
3,0.023014824837446213,0.02301485277712345,0,10
4,0.024790985509753227,0.024791015312075615,0,10
5,0.0205237939953804,0.020523831248283386,0,10
6,0.021776847541332245,0.021776875481009483,0,10
7,0.01836153119802475,0.018361544236540794,0,10
8,0.01747378334403038,0.017473818734288216,0,10
9,0.015041273087263107,0.015041307546198368,0,10
10,0.012590384110808372,0.012590414844453335,0,10
11,0.012282788753509521,0.012282821349799633,0,10
12,0.012342938221991062,0.0123429661616683,0,10
13,0.009139756672084332,0.009139776229858398,0,10
14,0.009216871112585068,0.009216914884746075,0,10
15,0.006318878382444382,0.006318921223282814,0,10
16,0.005956373643130064,0.005956398788839579,0,10
17,0.005344710778445005,0.0053447275422513485,0,10
18,0.006591928191483021,0.006591940298676491,0,10
19,0.004630675073713064,0.004630686715245247,0,10
20,0.0038726278580725193,0.003872653003782034,0,10
21,0.005049681290984154,0.00504969572648406,0,10
22,0.003983789589256048,0.003983824979513884,0,10
23,0.004295590799301863,0.004295624792575836,0,10
24,0.003490214701741934,0.003490219824016094,0,10
25,0.002789389109238982,0.002789410762488842,0,10
26,0.003294756170362234,0.00329478457570076,0,10
27,0.002239852910861373,0.0022398782894015312,0,10
28,0.0027910976205021143,0.00279112346470356,0,10
29,0.0026098585221916437,0.0026098687667399645,0,10
30,0.0023879078216850758,0.0023878812789916992,0,10
31,0.0010118880309164524,0.0010119080543518066,0,10
32,0.0012533760163933039,0.001253366470336914,0,10
33,0.001154366647824645,0.0011543631553649902,0,10
34,0.0019197830697521567,0.0019198060035705566,0,10
35,0.0008302289061248302,0.000830233097076416,0,10
36,-0.0004592716577462852,0.0004592537588905543,10,10
37,-0.00011617572454269975,0.0001161689797299914,10,10
38,0.0004896398168057203,0.000489652156829834,0,10
39,0.0007318095886148512,0.0007318258285522461,0,10
40,0.0013041258789598942,0.0013041496276855469,0,10
41,-0.0004914933233521879,0.0004915164317935705,10,10
42,0.0008827746496535838,0.0008827545680105686,0,10
43,0.0008242800831794739,0.0008243185584433377,0,10
44,0.00045371538726612926,0.00045371055603027344,0,10
45,-0.00010560073133092374,0.00010562020179349929,10,10
46,-0.00014147019828669727,0.00014148783520795405,10,10
47,0.0003230376751162112,0.0003230571746826172,0,10
48,-0.0006389215122908354,0.0006389374611899257,10,10
49,0.0008818329079076648,0.0008818507194519043,0,10
0,0.023432791233062744,0.023432809859514236,0,10
1,0.02355147711932659,0.023551495745778084,0,10
2,0.025795258581638336,0.02579529397189617,0,10
3,0.023014824837446213,0.023014862090349197,0,10
4,0.024790985509753227,0.02479103021323681,0,10
5,0.0205237939953804,0.020523827522993088,0,10
6,0.021776847541332245,0.02177688665688038,0,10
7,0.01836153119802475,0.01836155541241169,0,10
8,0.01747378334403038,0.017473822459578514,0,10
9,0.015041273087263107,0.015041307546198368,0,10
10,0.012590384110808372,0.012590418569743633,0,10
11,0.012282788753509521,0.012282815761864185,0,10
12,0.012342938221991062,0.0123429661616683,0,10
13,0.009139756672084332,0.009139791131019592,0,10
14,0.009216871112585068,0.009216906502842903,0,10
15,0.006318878382444382,0.006318908650428057,0,10
16,0.005956373643130064,0.005956397391855717,0,10
17,0.005344710778445005,0.00534472893923521,0,10
18,0.006591928191483021,0.006591960322111845,0,10
19,0.004630675073713064,0.004630689509212971,0,10
20,0.0038726278580725193,0.0038726506754755974,0,10
21,0.005049681290984154,0.005049710161983967,0,10
22,0.003983789589256048,0.0039838096126914024,0,10
23,0.004295590799301863,0.004295606631785631,0,10
24,0.003490214701741934,0.003490231931209564,0,10
25,0.002789389109238982,0.002789404010400176,0,10
26,0.003294756170362234,0.0032947659492492676,0,10
27,0.002239852910861373,0.002239880384877324,0,10
28,0.0027910976205021143,0.002791119972243905,0,10
29,0.0026098585221916437,0.002609854331240058,0,10
30,0.0023879078216850758,0.0023879341315478086,0,10
31,0.0010118880309164524,0.0010119080543518066,0,10
32,0.0012533760163933039,0.001253366470336914,0,10
33,0.001154366647824645,0.0011543652508407831,0,10
34,0.0019197830697521567,0.0019198061199858785,0,10
35,0.0008302289061248302,0.000830233097076416,0,10
36,-0.0004592716577462852,0.00045925055746920407,10,10
37,-0.00011617572454269975,0.00011618666030699387,10,10
38,0.0004896398168057203,0.0004896625760011375,0,10
39,0.0007318095886148512,0.0007318258285522461,0,10
40,0.0013041258789598942,0.0013041496276855469,0,10
41,-0.0004914933233521879,0.0004914785386063159,10,10
42,0.0008827746496535838,0.0008828043937683105,0,10
43,0.0008242800831794739,0.0008243106422014534,0,10
44,0.00045371538726612926,0.00045371055603027344,0,10
45,-0.00010560073133092374,0.00010562994430074468,10,10
46,-0.00014147019828669727,0.0001332544779870659,10,10
47,0.0003230376751162112,0.0003230571746826172,0,10
48,-0.0006389215122908354,0.000613057694863528,10,10
49,0.0008818329079076648,0.0008818507194519043,0,10
50,-0.00040436070412397385,0.0004043590452056378,10,10
0,0.023432791233062744,0.023432807996869087,0,10
1,0.02355147711932659,0.023551523685455322,0,10
2,0.025795258581638336,0.025795286521315575,0,10
3,0.023014824837446213,0.023014875128865242,0,10
4,0.024790985509753227,0.02479100041091442,0,10
5,0.0205237939953804,0.02052382007241249,0,10
6,0.021776847541332245,0.02177688479423523,0,10
7,0.01836153119802475,0.018361562862992287,0,10
8,0.01747378334403038,0.017473818734288216,0,10
9,0.015041273087263107,0.015041298232972622,0,10
10,0.012590384110808372,0.012590410187840462,0,10
11,0.012282788753509521,0.012282812967896461,0,10
12,0.012342938221991062,0.012342959642410278,0,10
13,0.009139756672084332,0.009139792062342167,0,10
14,0.009216871112585068,0.00921688973903656,0,10
15,0.006318878382444382,0.0063189053907990456,0,10
16,0.005956373643130064,0.005956398323178291,0,10
17,0.005344710778445005,0.005344738252460957,0,10
18,0.006591928191483021,0.006591946352273226,0,10
19,0.004630675073713064,0.004630688577890396,0,10
20,0.0038726278580725193,0.0038726693019270897,0,10
21,0.005049681290984154,0.005049705505371094,0,10
22,0.003983789589256048,0.003983824979513884,0,10
23,0.004295590799301863,0.00429560849443078,0,10
24,0.003490214701741934,0.0034902344923466444,0,10
25,0.002789389109238982,0.0027894042432308197,0,10
26,0.003294756170362234,0.0032947708386927843,0,10
27,0.002239852910861373,0.002239863621070981,0,10
28,0.0027910976205021143,0.0027911316137760878,0,10
29,0.0026098585221916437,0.002609855029731989,0,10
30,0.0023879078216850758,0.002387923886999488,0,10
31,0.0010118880309164524,0.0010119080543518066,0,10
32,0.0012533760163933039,0.001253366470336914,0,10
33,0.001154366647824645,0.0011543631553649902,0,10
34,0.0019197830697521567,0.0019198060035705566,0,10
35,0.0008302289061248302,0.000830233097076416,0,10
36,-0.0004592716577462852,0.00045925137237645686,10,10
37,-0.00011617572454269975,0.00011618380813160911,10,10
38,0.0004896398168057203,0.0004896334139630198,0,10
39,0.0007318095886148512,0.0007318258285522461,0,10
40,0.0013041258789598942,0.0013041496276855469,0,10
41,-0.0004914933233521879,0.0004914677701890469,10,10
42,0.0008827746496535838,0.0008828043937683105,0,10
43,0.0008242800831794739,0.0007581710815429688,0,10
44,0.00045371538726612926,0.00045372569002211094,0,10
45,-0.00010560073133092374,0.00010559216752881184,10,10
46,-0.00014147019828669727,0.0001414904254488647,10,10
47,0.0003230376751162112,0.0003230571746826172,0,10
48,-0.0006389215122908354,0.000638911034911871,10,10
49,0.0008818329079076648,0.0008818507194519043,0,10
50,-0.00040436070412397385,0.00040433142567053437,10,10
51,0.00021286409173626453,0.00021284818649291992,0,10
0,0.023432791233062744,0.02343282476067543,0,10
1,0.02355147711932659,0.02355150133371353,0,10
2,0.025795258581638336,0.025795312598347664,0,10
3,0.023014824837446213,0.023014841601252556,0,10
4,0.024790985509753227,0.024791022762656212,0,10
5,0.0205237939953804,0.020523808896541595,0,10
6,0.021776847541332245,0.021776890382170677,0,10
7,0.01836153119802475,0.01836155168712139,0,10
8,0.01747378334403038,0.01747380942106247,0,10
9,0.015041273087263107,0.015041292645037174,0,10
10,0.012590384110808372,0.012590416707098484,0,10
11,0.012282788753509521,0.012282801792025566,0,10
12,0.012342938221991062,0.012342962436378002,0,10
13,0.009139756672084332,0.009139778092503548,0,10
14,0.009216871112585068,0.009216897189617157,0,10
15,0.006318878382444382,0.006318922154605389,0,10
16,0.005956373643130064,0.005956404842436314,0,10
17,0.005344710778445005,0.005344748962670565,0,10
18,0.006591928191483021,0.00659196125343442,0,10
19,0.004630675073713064,0.004630702082067728,0,10
20,0.0038726278580725193,0.003872652305290103,0,10
21,0.005049681290984154,0.005049716215580702,0,10
22,0.003983789589256048,0.003983825910836458,0,10
23,0.004295590799301863,0.004295622929930687,0,10
24,0.003490214701741934,0.00349023868329823,0,10
25,0.002789389109238982,0.0027893823571503162,0,10
26,0.003294756170362234,0.0032947794534265995,0,10
27,0.002239852910861373,0.002239823341369629,0,10
28,0.0027910976205021143,0.002791106700897217,0,10
29,0.0026098585221916437,0.002609854331240058,0,10
30,0.0023879078216850758,0.002387913642451167,0,10
31,0.0010118880309164524,0.0010119080543518066,0,10
32,0.0012533760163933039,0.001253366470336914,0,10
33,0.001154366647824645,0.0011543789878487587,0,10
34,0.0019197830697521567,0.0019198060035705566,0,10
35,0.0008302289061248302,0.000830233097076416,0,10
36,-0.0004592716577462852,0.0004592949408106506,10,10
37,-0.00011617572454269975,0.0001161643594969064,10,10
38,0.0004896398168057203,0.0004896660684607923,0,10
39,0.0007318095886148512,0.0007318244897760451,0,10
40,0.0013041258789598942,0.0013041496276855469,0,10
41,-0.0004914933233521879,0.0004915153258480132,10,10
42,0.0008827746496535838,0.0008828043937683105,0,10
43,0.0008242800831794739,0.000824272632598877,0,10
44,0.00045371538726612926,0.00045372205204330385,0,10
45,-0.00010560073133092374,0.00010557832138147205,10,10
46,-0.00014147019828669727,0.00014145218301564455,10,10
47,0.0003230376751162112,0.0003230571746826172,0,10
48,-0.0006389215122908354,0.0006389328627847135,10,10
49,0.0008818329079076648,0.0008818450151011348,0,10
50,-0.00040436070412397385,0.0004043753142468631,10,10
51,0.00021286409173626453,0.00021284818649291992,0,10
52,-0.0010311937658116221,0.0010311921359971166,10,10
0,0.023432791233062744,0.02343282848596573,0,10
1,0.02355147711932659,0.02355150133371353,0,10
2,0.025795258581638336,0.02579530142247677,0,10
3,0.023014824837446213,0.023014869540929794,0,10
4,0.024790985509753227,0.024791019037365913,0,10
5,0.0205237939953804,0.020523836836218834,0,10
6,0.021776847541332245,0.021776877343654633,0,10
7,0.01836153119802475,0.018361549824476242,0,10
8,0.01747378334403038,0.017473796382546425,0,10
9,0.015041273087263107,0.015041300095617771,0,10
10,0.012590384110808372,0.012590412981808186,0,10
11,0.012282788753509521,0.012282817624509335,0,10
12,0.012342938221991062,0.012342975474894047,0,10
13,0.009139756672084332,0.009139776229858398,0,10
14,0.009216871112585068,0.00921690184623003,0,10
15,0.006318878382444382,0.006318904459476471,0,10
16,0.005956373643130064,0.005956408102065325,0,10
17,0.005344710778445005,0.005344741512089968,0,10
18,0.006591928191483021,0.006591950077563524,0,10
19,0.004630675073713064,0.004630700685083866,0,10
20,0.0038726278580725193,0.0038726567290723324,0,10
21,0.005049681290984154,0.005049705971032381,0,10
22,0.003983789589256048,0.003983804956078529,0,10
23,0.004295590799301863,0.004295608960092068,0,10
24,0.003490214701741934,0.003490232164040208,0,10
25,0.002789389109238982,0.002789410762488842,0,10
26,0.003294756170362234,0.0032947659492492676,0,10
27,0.002239852910861373,0.002239823341369629,0,10
28,0.0027910976205021143,0.002791117411106825,0,10
29,0.0026098585221916437,0.0026098606176674366,0,10
30,0.0023879078216850758,0.002387886866927147,0,10
31,0.0010118880309164524,0.0010119080543518066,0,10
32,0.0012533760163933039,0.001253366470336914,0,10
33,0.001154366647824645,0.0011543822474777699,0,10
34,0.0019197830697521567,0.0019198060035705566,0,10
35,0.0008302289061248302,0.000830233097076416,0,10
36,-0.0004592716577462852,0.0004592974728439003,10,10
37,-0.00011617572454269975,0.00011617237760219723,10,10
38,0.0004896398168057203,0.000489652156829834,0,10
39,0.0007318095886148512,0.0007318258285522461,0,10
40,0.0013041258789598942,0.0013041392667219043,0,10
41,-0.0004914933233521879,0.0004915049648843706,10,10
42,0.0008827746496535838,0.0008828043937683105,0,10
43,0.0008242800831794739,0.000824272632598877,0,10
44,0.00045371538726612926,0.00045371055603027344,0,10
45,-0.00010560073133092374,0.00010562261013546959,10,10
46,-0.00014147019828669727,0.00014150286733638495,10,10
47,0.0003230376751162112,0.00030744075775146484,0,10
48,-0.0006389215122908354,0.0005991062498651445,10,10
49,0.0008818329079076648,0.0008818507194519043,0,10
50,-0.00040436070412397385,0.00040436399285681546,10,10
51,0.00021286409173626453,0.00021284818649291992,0,10
52,-0.0010311937658116221,0.001031178398989141,10,10
53,0.0006124827777966857,0.0006124973297119141,0,10
0,0.023432791233062744,0.023432809859514236,0,10
1,0.02355147711932659,0.023551512509584427,0,10
2,0.025795258581638336,0.025795316323637962,0,10
3,0.023014824837446213,0.023014841601252556,0,10
4,0.024790985509753227,0.024791013449430466,0,10
5,0.0205237939953804,0.02052382007241249,0,10
6,0.021776847541332245,0.02177686057984829,0,10
7,0.01836153119802475,0.01836155541241169,0,10
8,0.01747378334403038,0.01747380942106247,0,10
9,0.015041273087263107,0.0150412917137146,0,10
10,0.012590384110808372,0.012590412981808186,0,10
11,0.012282788753509521,0.01228281855583191,0,10
12,0.012342938221991062,0.012342949397861958,0,10
13,0.009139756672084332,0.009139783680438995,0,10
14,0.009216871112585068,0.009216908365488052,0,10
15,0.006318878382444382,0.006318914704024792,0,10
16,0.005956373643130064,0.005956405308097601,0,10
17,0.005344710778445005,0.005344737321138382,0,10
18,0.006591928191483021,0.006591936573386192,0,10
19,0.004630675073713064,0.004630690906196833,0,10
20,0.0038726278580725193,0.003872656961902976,0,10
21,0.005049681290984154,0.005049705505371094,0,10
22,0.003983789589256048,0.003983813803642988,0,10
23,0.004295590799301863,0.00429559824988246,0,10
24,0.003490214701741934,0.0034902256447821856,0,10
25,0.002789389109238982,0.002789401449263096,0,10
26,0.003294756170362234,0.003294776426628232,0,10
27,0.002239852910861373,0.0022398720029741526,0,10
28,0.0027910976205021143,0.002791114617139101,0,10
29,0.0026098585221916437,0.002609848976135254,0,10
30,0.0023879078216850758,0.0023878812789916992,0,10
31,0.0010118880309164524,0.0010119080543518066,0,10
32,0.0012533760163933039,0.001253366470336914,0,10
33,0.001154366647824645,0.0011543631553649902,0,10
34,0.0019197830697521567,0.0019198060035705566,0,10
35,0.0008302289061248302,0.000830233097076416,0,10
36,-0.0004592716577462852,0.00045926799066364765,10,10
37,-0.00011617572454269975,0.00011617350537562743,10,10
38,0.0004896398168057203,0.000489652156829834,0,10
39,0.0007318095886148512,0.0007318258285522461,0,10
40,0.0013041258789598942,0.0013041496276855469,0,10
41,-0.0004914933233521879,0.0004914774326607585,10,10
42,0.0008827746496535838,0.0008828022400848567,0,10
43,0.0008242800831794739,0.0008242885232903063,0,10
44,0.00045371538726612926,0.00045371055603027344,0,10
45,-0.00010560073133092374,0.00010557917994447052,10,10
46,-0.00014147019828669727,0.000141489552333951,10,10
47,0.0003230376751162112,0.0003230571746826172,0,10
48,-0.0006389215122908354,0.0006389321060851216,10,10
49,0.0008818329079076648,0.0008818507194519043,0,10
50,-0.00040436070412397385,0.0004043846856802702,10,10
51,0.00021286409173626453,0.00021284818649291992,0,10
52,-0.0010311937658116221,0.0010312165832147002,10,10
53,0.0006124827777966857,0.0005672574043273926,0,10
54,-0.0016221789410337806,0.0016221996629610658,10,10
0,0.023432791233062744,0.023432809859514236,0,10
1,0.02355147711932659,0.02355152927339077,0,10
2,0.025795258581638336,0.025795279070734978,0,10
3,0.023014824837446213,0.0230148583650589,0,10
4,0.024790985509753227,0.024791009724140167,0,10
5,0.0205237939953804,0.020523814484477043,0,10
6,0.021776847541332245,0.021776864305138588,0,10
7,0.01836153119802475,0.01836155354976654,0,10
8,0.01747378334403038,0.01747380755841732,0,10
9,0.015041273087263107,0.015041309408843517,0,10
10,0.012590384110808372,0.012590408325195312,0,10
11,0.012282788753509521,0.012282819487154484,0,10
12,0.012342938221991062,0.0123429661616683,0,10
13,0.009139756672084332,0.009139790199697018,0,10
14,0.009216871112585068,0.009216904640197754,0,10
15,0.006318878382444382,0.00631890632212162,0,10
16,0.005956373643130064,0.005956399720162153,0,10
17,0.005344710778445005,0.00534472893923521,0,10
18,0.006591928191483021,0.006591946352273226,0,10
19,0.004630675073713064,0.00463068624958396,0,10
20,0.0038726278580725193,0.0038726571947336197,0,10
21,0.005049681290984154,0.005049705505371094,0,10
22,0.003983789589256048,0.003983818925917149,0,10
23,0.004295590799301863,0.004295610822737217,0,10
24,0.003490214701741934,0.0034902237821370363,0,10
25,0.002789389109238982,0.002789424266666174,0,10
26,0.003294756170362234,0.0032947787549346685,0,10
27,0.002239852910861373,0.0022398815490305424,0,10
28,0.0027910976205021143,0.0027911183424293995,0,10
29,0.0026098585221916437,0.002609883900731802,0,10
30,0.0023879078216850758,0.0023879380896687508,0,10
31,0.0010118880309164524,0.0010119068901985884,0,10
32,0.0012533760163933039,0.001253366470336914,0,10
33,0.001154366647824645,0.0011544061126187444,0,10
34,0.0019197830697521567,0.0019198060035705566,0,10
35,0.0008302289061248302,0.000830233097076416,0,10
36,-0.0004592716577462852,0.00045927264727652073,10,10
37,-0.00011617572454269975,0.00011617828567977995,10,10
38,0.0004896398168057203,0.000489652156829834,0,10
39,0.0007318095886148512,0.0007318258285522461,0,10
40,0.0013041258789598942,0.0013040902558714151,0,10
41,-0.0004914933233521879,0.0004914957098662853,10,10
42,0.0008827746496535838,0.0008827961282804608,0,10
43,0.0008242800831794739,0.000824272632598877,0,10
44,0.00045371538726612926,0.00045371055603027344,0,10
45,-0.00010560073133092374,0.0001055983011610806,10,10
46,-0.00014147019828669727,0.00014148716581985354,10,10
47,0.0003230376751162112,0.0003230571746826172,0,10
48,-0.0006389215122908354,0.0006389312329702079,10,10
49,0.0008818329079076648,0.0008818507194519043,0,10
50,-0.00040436070412397385,0.0004043872468173504,10,10
51,0.00021286409173626453,0.00021284818649291992,0,10
52,-0.0010311937658116221,0.0010311658261343837,10,10
53,0.0006124827777966857,0.0006124973297119141,0,10
54,-0.0016221789410337806,0.0016221969854086637,10,10
55,-0.0003510531969368458,0.00035105179995298386,10,10
0,0.023432791233062744,0.023432813584804535,0,10
1,0.02355147711932659,0.023551514372229576,0,10
2,0.025795258581638336,0.025795310735702515,0,10
3,0.023014824837446213,0.023014845326542854,0,10
4,0.024790985509753227,0.024791015312075615,0,10
5,0.0205237939953804,0.020523831248283386,0,10
6,0.021776847541332245,0.021776894107460976,0,10
7,0.01836153119802475,0.018361566588282585,0,10
8,0.01747378334403038,0.01747381128370762,0,10
9,0.015041273087263107,0.0150412917137146,0,10
10,0.012590384110808372,0.012590408325195312,0,10
11,0.012282788753509521,0.012282788753509521,0,10
12,0.012342938221991062,0.012342969886958599,0,10
13,0.009139756672084332,0.009139789268374443,0,10
14,0.009216871112585068,0.009216886013746262,0,10
15,0.006318878382444382,0.006318905856460333,0,10
16,0.005956373643130064,0.0059564015828073025,0,10
17,0.005344710778445005,0.005344739183783531,0,10
18,0.006591928191483021,0.006591960787773132,0,10
19,0.004630675073713064,0.004630706738680601,0,10
20,0.0038726278580725193,0.0038726506754755974,0,10
21,0.005049681290984154,0.005049705505371094,0,10
22,0.003983789589256048,0.003983816131949425,0,10
23,0.004295590799301863,0.00429561547935009,0,10
24,0.003490214701741934,0.003490243572741747,0,10
25,0.002789389109238982,0.002789419377222657,0,10
26,0.003294756170362234,0.0032947883009910583,0,10
27,0.002239852910861373,0.002239873865619302,0,10
28,0.0027910976205021143,0.002791129983961582,0,10
29,0.0026098585221916437,0.0026098836679011583,0,10
30,0.0023879078216850758,0.0023878859356045723,0,10
31,0.0010118880309164524,0.0010119080543518066,0,10
32,0.0012533760163933039,0.0012533951085060835,0,10
33,0.001154366647824645,0.0011543631553649902,0,10
34,0.0019197830697521567,0.001919813803397119,0,10
35,0.0008302289061248302,0.0008302446221932769,0,10
36,-0.0004592716577462852,0.00045929718180559576,10,10
37,-0.00011617572454269975,0.00011616801202762872,10,10
38,0.0004896398168057203,0.0004611991753336042,0,10
39,0.0007318095886148512,0.0007318258285522461,0,10
40,0.0013041258789598942,0.0013041496276855469,0,10
41,-0.0004914933233521879,0.0004915008321404457,10,10
42,0.0008827746496535838,0.0008828043937683105,0,10
43,0.0008242800831794739,0.0008243013289757073,0,10
44,0.00045371538726612926,0.00045371055603027344,0,10
45,-0.00010560073133092374,0.00010560643568169326,10,10
46,-0.00014147019828669727,0.00014149125490803272,10,10
47,0.0003230376751162112,0.0003181618230883032,0,10
48,-0.0006389215122908354,0.000638906960375607,10,10
49,0.0008818329079076648,0.0008818507194519043,0,10
50,-0.00040436070412397385,0.00040436963899992406,10,10
51,0.00021286409173626453,0.00021286177798174322,0,10
52,-0.0010311937658116221,0.0010311909718438983,10,10
53,0.0006124827777966857,0.0005804300308227539,0,10
54,-0.0016221789410337806,0.0016222071135416627,10,10
55,-0.0003510531969368458,0.0003510596579872072,10,10
56,-0.00015576797886751592,0.0001557639188831672,10,10
0,0.023432791233062744,0.02343282289803028,0,10
1,0.02355147711932659,0.023551497608423233,0,10
2,0.025795258581638336,0.025795264169573784,0,10
3,0.023014824837446213,0.023014867678284645,0,10
4,0.024790985509753227,0.02479100413620472,0,10
5,0.0205237939953804,0.020523836836218834,0,10
6,0.021776847541332245,0.02177688665688038,0,10
7,0.01836153119802475,0.01836155727505684,0,10
8,0.01747378334403038,0.01747378334403038,0,10
9,0.015041273087263107,0.015041307546198368,0,10
10,0.012590384110808372,0.012590425089001656,0,10
11,0.012282788753509521,0.012282812967896461,0,10
12,0.012342938221991062,0.01234295405447483,0,10
13,0.009139756672084332,0.00913979858160019,0,10
14,0.009216871112585068,0.009216906502842903,0,10
15,0.006318878382444382,0.006318910978734493,0,10
16,0.005956373643130064,0.005956397857517004,0,10
17,0.005344710778445005,0.0053447335958480835,0,10
18,0.006591928191483021,0.006591960787773132,0,10
19,0.004630675073713064,0.004630702547729015,0,10
20,0.0038726278580725193,0.00387266231700778,0,10
21,0.005049681290984154,0.005049705505371094,0,10
22,0.003983789589256048,0.0039838142693042755,0,10
23,0.004295590799301863,0.004295599181205034,0,10
24,0.003490214701741934,0.00349023868329823,0,10
25,0.002789389109238982,0.0027894186787307262,0,10
26,0.003294756170362234,0.003294771071523428,0,10
27,0.002239852910861373,0.0022398540750145912,0,10
28,0.0027910976205021143,0.002791129983961582,0,10
29,0.0026098585221916437,0.002609874354675412,0,10
30,0.0023879078216850758,0.0023878812789916992,0,10
31,0.0010118880309164524,0.0010119080543518066,0,10
32,0.0012533760163933039,0.0012533842818811536,0,10
33,0.001154366647824645,0.0011543631553649902,0,10
34,0.0019197830697521567,0.0019198060035705566,0,10
35,0.0008302289061248302,0.0007930327556096017,0,10
36,-0.0004592716577462852,0.00044103831169195473,10,10
37,-0.00011617572454269975,0.00011620297300396487,10,10
38,0.0004896398168057203,0.000489652156829834,0,10
39,0.0007318095886148512,0.0007318258285522461,0,10
40,0.0013041258789598942,0.0013041496276855469,0,10
41,-0.0004914933233521879,0.0004914860473945737,10,10
42,0.0008827746496535838,0.0008828043937683105,0,10
43,0.0008242800831794739,0.0008243059273809195,0,10
44,0.00045371538726612926,0.0004537112545222044,0,10
45,-0.00010560073133092374,0.00010559667862253264,10,10
46,-0.00014147019828669727,0.00014146849571261555,10,10
47,0.0003230376751162112,0.0003230571746826172,0,10
48,-0.0006389215122908354,0.0006389193586073816,10,10
49,0.0008818329079076648,0.0008818558417260647,0,10
50,-0.00040436070412397385,0.00040438727592118084,10,10
51,0.00021286409173626453,0.00021287945855874568,0,10
52,-0.0010311937658116221,0.0010311646619811654,10,10
53,0.0006124827777966857,0.0006124973297119141,0,10
54,-0.0016221789410337806,0.0016221889527514577,10,10
55,-0.0003510531969368458,0.0003510270034894347,10,10
56,-0.00015576797886751592,0.0001557647919980809,10,10
57,-0.0003558077441994101,0.0003557992458809167,10,10
0,0.023432791233062744,0.023432809859514236,0,10
1,0.02355147711932659,0.023551499471068382,0,10
2,0.025795258581638336,0.025795279070734978,0,10
3,0.023014824837446213,0.023014847189188004,0,10
4,0.024790985509753227,0.02479103021323681,0,10
5,0.0205237939953804,0.020523829385638237,0,10
6,0.021776847541332245,0.02177688665688038,0,10
7,0.01836153119802475,0.01836155168712139,0,10
8,0.01747378334403038,0.017473816871643066,0,10
9,0.015041273087263107,0.015041299164295197,0,10
10,0.012590384110808372,0.012590412981808186,0,10
11,0.012282788753509521,0.01228281855583191,0,10
12,0.012342938221991062,0.012342959642410278,0,10
13,0.009139756672084332,0.00913978647440672,0,10
14,0.009216871112585068,0.009216884151101112,0,10
15,0.006318878382444382,0.0063189067877829075,0,10
16,0.005956373643130064,0.005956394597887993,0,10
17,0.005344710778445005,0.005344740580767393,0,10
18,0.006591928191483021,0.006591960787773132,0,10
19,0.004630675073713064,0.004630709532648325,0,10
20,0.0038726278580725193,0.00387265020981431,0,10
21,0.005049681290984154,0.005049707368016243,0,10
22,0.003983789589256048,0.003983818460255861,0,10
23,0.004295590799301863,0.004295615013688803,0,10
24,0.003490214701741934,0.0034902296029031277,0,10
25,0.002789389109238982,0.0027893956284970045,0,10
26,0.003294756170362234,0.003294775728136301,0,10
27,0.002239852910861373,0.0022398822475224733,0,10
28,0.0027910976205021143,0.0027911255601793528,0,10
29,0.0026098585221916437,0.0026098948437720537,0,10
30,0.0023879078216850758,0.0023879443760961294,0,10
31,0.0010118880309164524,0.0010119018843397498,0,10
32,0.0012533760163933039,0.001253366470336914,0,10
33,0.001154366647824645,0.0011543717700988054,0,10
34,0.0019197830697521567,0.0019198072841390967,0,10
35,0.0008302289061248302,0.000830233097076416,0,10
36,-0.0004592716577462852,0.0004592801269609481,10,10
37,-0.00011617572454269975,0.00011619931319728494,10,10
38,0.0004896398168057203,0.0004896268364973366,0,10
39,0.0007318095886148512,0.0007318293210119009,0,10
40,0.0013041258789598942,0.0013041496276855469,0,10
41,-0.0004914933233521879,0.0004915001918561757,10,10
42,0.0008827746496535838,0.0008828043937683105,0,10
43,0.0008242800831794739,0.0008242849144153297,0,10
44,0.00045371538726612926,0.0004537271452136338,0,10
45,-0.00010560073133092374,0.00010561817180132493,10,10
46,-0.00014147019828669727,0.00014148812624625862,10,10
47,0.0003230376751162112,0.00032305880449712276,0,10
48,-0.0006389215122908354,0.0006388954934664071,10,10
49,0.0008818329079076648,0.0008818507194519043,0,10
50,-0.00040436070412397385,0.000404345482820645,10,10
51,0.00021286409173626453,0.00021284818649291992,0,10
52,-0.0010311937658116221,0.0010311729274690151,10,10
53,0.0006124827777966857,0.0006097555160522461,0,10
54,-0.0016221789410337806,0.001622151117771864,10,10
55,-0.0003510531969368458,0.0003510499664116651,10,10
56,-0.00015576797886751592,0.00015579292085021734,10,10
57,-0.0003558077441994101,0.000355820928234607,10,10
58,-0.0008373302989639342,0.0008373407181352377,10,10
0,0.023432791233062744,0.02343280240893364,0,10
1,0.02355147711932659,0.023551492020487785,0,10
2,0.025795258581638336,0.025795282796025276,0,10
3,0.023014824837446213,0.023014845326542854,0,10
4,0.024790985509753227,0.024791017174720764,0,10
5,0.0205237939953804,0.02052382379770279,0,10
6,0.021776847541332245,0.021776888519525528,0,10
7,0.01836153119802475,0.01836155541241169,0,10
8,0.01747378334403038,0.017473820596933365,0,10
9,0.015041273087263107,0.015041299164295197,0,10
10,0.012590384110808372,0.012590411119163036,0,10
11,0.012282788753509521,0.012282808311283588,0,10
12,0.012342938221991062,0.0123429661616683,0,10
13,0.009139756672084332,0.009139790199697018,0,10
14,0.009216871112585068,0.009216897189617157,0,10
15,0.006318878382444382,0.006318908650428057,0,10
16,0.005956373643130064,0.005956409033387899,0,10
17,0.005344710778445005,0.0053447335958480835,0,10
18,0.006591928191483021,0.006591954734176397,0,10
19,0.004630675073713064,0.004630697425454855,0,10
20,0.0038726278580725193,0.0038726513739675283,0,10
21,0.005049681290984154,0.005049705971032381,0,10
22,0.003983789589256048,0.003983818460255861,0,10
23,0.004295590799301863,0.004295612219721079,0,10
24,0.003490214701741934,0.003490238916128874,0,10
25,0.002789389109238982,0.0027894156519323587,0,10
26,0.003294756170362234,0.0032947876024991274,0,10
27,0.002239852910861373,0.0022398841101676226,0,10
28,0.0027910976205021143,0.0027911285869777203,0,10
29,0.0026098585221916437,0.002609881339594722,0,10
30,0.0023879078216850758,0.00238791829906404,0,10
31,0.0010118880309164524,0.0010119080543518066,0,10
32,0.0012533760163933039,0.0012533735716715455,0,10
33,0.001154366647824645,0.0011543631553649902,0,10
34,0.0019197830697521567,0.0019198060035705566,0,10
35,0.0008302289061248302,0.000830233097076416,0,10
36,-0.0004592716577462852,0.0004592855693772435,10,10
37,-0.00011617572454269975,0.00011619519500527531,10,10
38,0.0004896398168057203,0.0004896564059890807,0,10
39,0.0007318095886148512,0.0007318258285522461,0,10
40,0.0013041258789598942,0.0013041496276855469,0,10
41,-0.0004914933233521879,0.0004915139288641512,10,10
42,0.0008827746496535838,0.0008828043937683105,0,10
43,0.0008242800831794739,0.000824272632598877,0,10
44,0.00045371538726612926,0.00045371055603027344,0,10
45,-0.00010560073133092374,9.828827751334757e-05,10,10
46,-0.00014147019828669727,0.00014131845091469586,10,10
47,0.0003230376751162112,0.0003230571746826172,0,10
48,-0.0006389215122908354,0.0006389018963091075,10,10
49,0.0008818329079076648,0.0008818507194519043,0,10
50,-0.00040436070412397385,0.00037476481520570815,10,10
51,0.00021286409173626453,0.00019186735153198242,0,10
52,-0.0010311937658116221,0.0010312107624486089,10,10
53,0.0006124827777966857,0.0006124973297119141,0,10
54,-0.0016221789410337806,0.0016221641562879086,10,10
55,-0.0003510531969368458,0.00035106518771499395,10,10
56,-0.00015576797886751592,0.0001557903306093067,10,10
57,-0.0003558077441994101,0.00035581691190600395,10,10
58,-0.0008373302989639342,0.0008373245364055037,10,10
59,-3.5149409086443484e-05,3.516529977787286e-05,10,10
0,0.023432791233062744,0.023432809859514236,0,10
1,0.02355147711932659,0.02355150505900383,0,10
2,0.025795258581638336,0.025795280933380127,0,10
3,0.023014824837446213,0.023014867678284645,0,10
4,0.024790985509753227,0.024791007861495018,0,10
5,0.0205237939953804,0.020523831248283386,0,10
6,0.021776847541332245,0.021776871755719185,0,10
7,0.01836153119802475,0.018361549824476242,0,10
8,0.01747378334403038,0.01747380942106247,0,10
9,0.015041273087263107,0.015041294507682323,0,10
10,0.012590384110808372,0.012590408325195312,0,10
11,0.012282788753509521,0.01228281669318676,0,10
12,0.012342938221991062,0.012342976406216621,0,10
13,0.009139756672084332,0.009139776229858398,0,10
14,0.009216871112585068,0.00921688973903656,0,10
15,0.006318878382444382,0.006318919360637665,0,10
16,0.005956373643130064,0.005956405308097601,0,10
17,0.005344710778445005,0.005344729870557785,0,10
18,0.006591928191483021,0.0065919579938054085,0,10
19,0.004630675073713064,0.004630684852600098,0,10
20,0.0038726278580725193,0.003872661152854562,0,10
21,0.005049681290984154,0.005049705505371094,0,10
22,0.003983789589256048,0.003983817994594574,0,10
23,0.004295590799301863,0.00429561547935009,0,10
24,0.003490214701741934,0.0034902365878224373,0,10
25,0.002789389109238982,0.0027894226368516684,0,10
26,0.003294756170362234,0.0032947775907814503,0,10
27,0.002239852910861373,0.0022398761939257383,0,10
28,0.0027910976205021143,0.002791123930364847,0,10
29,0.0026098585221916437,0.002609848976135254,0,10
30,0.0023879078216850758,0.002387914340943098,0,10
31,0.0010118880309164524,0.0010118776699528098,0,10
32,0.0012533760163933039,0.001253366470336914,0,10
33,0.001154366647824645,0.0011543631553649902,0,10
34,0.0019197830697521567,0.0019198060035705566,0,10
35,0.0008302289061248302,0.000799715518951416,0,10
36,-0.0004592716577462852,0.0004592888872139156,10,10
37,-0.00011617572454269975,0.00011617748532444239,10,10
38,0.0004896398168057203,0.000489652156829834,0,10
39,0.0007318095886148512,0.0007318258285522461,0,10
40,0.0013041258789598942,0.0013041496276855469,0,10
41,-0.0004914933233521879,0.000491522194352001,10,10
42,0.0008827746496535838,0.0008828043937683105,0,10
43,0.0008242800831794739,0.0008243030752055347,0,10
44,0.00045371538726612926,0.00045371055603027344,0,10
45,-0.00010560073133092374,0.00010103036765940487,10,10
46,-0.00014147019828669727,0.00014150110655464232,10,10
47,0.0003230376751162112,0.0003230571746826172,0,10
48,-0.0006389215122908354,0.0006389463087543845,10,10
49,0.0008818329079076648,0.0008818507194519043,0,10
50,-0.00040436070412397385,0.0004043536027893424,10,10
51,0.00021286409173626453,0.00021284818649291992,0,10
52,-0.0010311937658116221,0.0010312043596059084,10,10
53,0.0006124827777966857,0.0005543231964111328,0,10
54,-0.0016221789410337806,0.0016221797559410334,10,10
55,-0.0003510531969368458,0.0003510773240122944,10,10
56,-0.00015576797886751592,0.00015579159662593156,10,10
57,-0.0003558077441994101,0.00035583655699156225,10,10
58,-0.0008373302989639342,0.0008373326272703707,10,10
59,-3.5149409086443484e-05,3.5163455322617665e-05,10,10
60,-0.0012041330337524414,0.0012041592271998525,10,10
0,0.023432791233062744,0.023432817310094833,0,10
1,0.02355147711932659,0.02355150133371353,0,10
2,0.025795258581638336,0.02579529397189617,0,10
3,0.023014824837446213,0.0230148583650589,0,10
4,0.024790985509753227,0.024791019037365913,0,10
5,0.0205237939953804,0.020523834973573685,0,10
6,0.021776847541332245,0.021776875481009483,0,10
7,0.01836153119802475,0.018361562862992287,0,10
8,0.01747378334403038,0.017473798245191574,0,10
9,0.015041273087263107,0.015041296370327473,0,10
10,0.012590384110808372,0.012590417638421059,0,10
11,0.012282788753509521,0.012282803654670715,0,10
12,0.012342938221991062,0.012342967092990875,0,10
13,0.009139756672084332,0.009139783680438995,0,10
14,0.009216871112585068,0.009216904640197754,0,10
15,0.006318878382444382,0.006318916566669941,0,10
16,0.005956373643130064,0.005956403445452452,0,10
17,0.005344710778445005,0.005344747100025415,0,10
18,0.006591928191483021,0.006591946817934513,0,10
19,0.004630675073713064,0.004630704410374165,0,10
20,0.0038726278580725193,0.003872639499604702,0,10
21,0.005049681290984154,0.005049705505371094,0,10
22,0.003983789589256048,0.003983812872320414,0,10
23,0.004295590799301863,0.004295609891414642,0,10
24,0.003490214701741934,0.003490233328193426,0,10
25,0.002789389109238982,0.002789410063996911,0,10
26,0.003294756170362234,0.003294780384749174,0,10
27,0.002239852910861373,0.0022398384753614664,0,10
28,0.0027910976205021143,0.0027911155484616756,0,10
29,0.0026098585221916437,0.0026098848320543766,0,10
30,0.0023879078216850758,0.002387911081314087,0,10
31,0.0010118880309164524,0.0010119080543518066,0,10
32,0.0012533760163933039,0.001253366470336914,0,10
33,0.001154366647824645,0.0011543631553649902,0,10
34,0.0019197830697521567,0.0019198085647076368,0,10
35,0.0008302289061248302,0.000830233097076416,0,10
36,-0.0004592716577462852,0.0004592863842844963,10,10
37,-0.00011617572454269975,0.00011619278666330501,10,10
38,0.0004896398168057203,0.000489652156829834,0,10
39,0.0007318095886148512,0.0007318258285522461,0,10
40,0.0013041258789598942,0.0013041496276855469,0,10
41,-0.0004914933233521879,0.0004915074678137898,10,10
42,0.0008827746496535838,0.0008574699750170112,0,10
43,0.0008242800831794739,0.0008242897456511855,0,10
44,0.00045371538726612926,0.00045371055603027344,0,10
45,-0.00010560073133092374,0.00010560466762399301,10,10
46,-0.00014147019828669727,0.00014144611486699432,10,10
47,0.0003230376751162112,0.0003122687339782715,0,10
48,-0.0006389215122908354,0.0006389334448613226,10,10
49,0.0008818329079076648,0.000881858286447823,0,10
50,-0.00040436070412397385,0.0004043696098960936,10,10
51,0.00021286409173626453,0.00021284818649291992,0,10
52,-0.0010311937658116221,0.0010311668738722801,10,10
53,0.0006124827777966857,0.0006124973297119141,0,10
54,-0.0016221789410337806,0.0016221929108723998,10,10
55,-0.0003510531969368458,0.00035104461130686104,10,10
56,-0.00015576797886751592,0.00015574975986965,10,10
57,-0.0003558077441994101,0.0003558081516530365,10,10
58,-0.0008373302989639342,0.000837358005810529,10,10
59,-3.5149409086443484e-05,3.5162192943971604e-05,10,10
60,-0.0012041330337524414,0.0011568290647119284,10,10
61,-0.0018203611252829432,0.0018203489016741514,10,10
0,0.023432791233062744,0.023432806134223938,0,10
1,0.02355147711932659,0.02355150505900383,0,10
2,0.025795258581638336,0.025795305147767067,0,10
3,0.023014824837446213,0.023014841601252556,0,10
4,0.024790985509753227,0.024791009724140167,0,10
5,0.0205237939953804,0.020523831248283386,0,10
6,0.021776847541332245,0.021776875481009483,0,10
7,0.01836153119802475,0.018361572176218033,0,10
8,0.01747378334403038,0.01747380942106247,0,10
9,0.015041273087263107,0.015041294507682323,0,10
10,0.012590384110808372,0.012590412050485611,0,10
11,0.012282788753509521,0.01228281669318676,0,10
12,0.012342938221991062,0.01234295591711998,0,10
13,0.009139756672084332,0.00913977436721325,0,10
14,0.009216871112585068,0.009216885082423687,0,10
15,0.006318878382444382,0.006318903528153896,0,10
16,0.005956373643130064,0.0059564001858234406,0,10
17,0.005344710778445005,0.005344738718122244,0,10
18,0.006591928191483021,0.006591958925127983,0,10
19,0.004630675073713064,0.004630711395293474,0,10
20,0.0038726278580725193,0.0038726464845240116,0,10
21,0.005049681290984154,0.0050497096963226795,0,10
22,0.003983789589256048,0.00398382730782032,0,10
23,0.004295590799301863,0.0042956192046403885,0,10
24,0.003490214701741934,0.0034902452025562525,0,10
25,0.002789389109238982,0.002789404010400176,0,10
26,0.003294756170362234,0.0032947747968137264,0,10
27,0.002239852910861373,0.0022398645523935556,0,10
28,0.0027910976205021143,0.0027911202050745487,0,10
29,0.0026098585221916437,0.002609848976135254,0,10
30,0.0023879078216850758,0.0023878812789916992,0,10
31,0.0010118880309164524,0.0010119080543518066,0,10
32,0.0012533760163933039,0.0012533809058368206,0,10
33,0.001154366647824645,0.0011543631553649902,0,10
34,0.0019197830697521567,0.0019198063528165221,0,10
35,0.0008302289061248302,0.0007913900772109628,0,10
36,-0.0004592716577462852,0.0004592882178258151,10,10
37,-0.00011617572454269975,0.00011620619625318795,10,10
38,0.0004896398168057203,0.000489652156829834,0,10
39,0.0007318095886148512,0.0007318258285522461,0,10
40,0.0013041258789598942,0.0013041496276855469,0,10
41,-0.0004914933233521879,0.0004914846504107118,10,10
42,0.0008827746496535838,0.0008828043937683105,0,10
43,0.0008242800831794739,0.000824272632598877,0,10
44,0.00045371538726612926,0.00045371055603027344,0,10
45,-0.00010560073133092374,0.00010561963426880538,10,10
46,-0.00014147019828669727,0.00014147786714602262,10,10
47,0.0003230376751162112,0.00031285587465390563,0,10
48,-0.0006389215122908354,0.000638935249298811,10,10
49,0.0008818329079076648,0.0008818507194519043,0,10
50,-0.00040436070412397385,0.0004009850963484496,10,10
51,0.00021286409173626453,0.00021285878028720617,0,10
52,-0.0010311937658116221,0.00103118852712214,10,10
53,0.0006124827777966857,0.0006124759092926979,0,10
54,-0.0016221789410337806,0.0016222064150497317,10,10
55,-0.0003510531969368458,0.00035105374990962446,10,10
56,-0.00015576797886751592,0.0001557927898829803,10,10
57,-0.0003558077441994101,0.00035580151597969234,10,10
58,-0.0008373302989639342,0.0008373573655262589,10,10
59,-3.5149409086443484e-05,3.514299532980658e-05,10,10
60,-0.0012041330337524414,0.001204148051328957,10,10
61,-0.0018203611252829432,0.0018203813815489411,10,10
62,-0.00022959790658205748,0.00022961955983191729,10,10
0,0.023432791233062744,0.023432817310094833,0,10
1,0.02355147711932659,0.023551536723971367,0,10
2,0.025795258581638336,0.025795310735702515,0,10
3,0.023014824837446213,0.023014873266220093,0,10
4,0.024790985509753227,0.024791022762656212,0,10
5,0.0205237939953804,0.020523816347122192,0,10
6,0.021776847541332245,0.021776871755719185,0,10
7,0.01836153119802475,0.01836155541241169,0,10
8,0.01747378334403038,0.017473826184868813,0,10
9,0.015041273087263107,0.015041299164295197,0,10
10,0.012590384110808372,0.012590408325195312,0,10
11,0.012282788753509521,0.012282811105251312,0,10
12,0.012342938221991062,0.012342960573732853,0,10
13,0.009139756672084332,0.00913979858160019,0,10
14,0.009216871112585068,0.00921690184623003,0,10
15,0.006318878382444382,0.006318912375718355,0,10
16,0.005956373643130064,0.0059564015828073025,0,10
17,0.005344710778445005,0.005344730336219072,0,10
18,0.006591928191483021,0.0065919565968215466,0,10
19,0.004630675073713064,0.004630695562809706,0,10
20,0.0038726278580725193,0.0038726504426449537,0,10
21,0.005049681290984154,0.005049712955951691,0,10
22,0.003983789589256048,0.003983824513852596,0,10
23,0.004295590799301863,0.004295620135962963,0,10
24,0.003490214701741934,0.0034902372863143682,0,10
25,0.002789389109238982,0.002789390506222844,0,10
26,0.003294756170362234,0.0032947775907814503,0,10
27,0.002239852910861373,0.0022398715373128653,0,10
28,0.0027910976205021143,0.002791116014122963,0,10
29,0.0026098585221916437,0.00260987039655447,0,10
30,0.0023879078216850758,0.0023879085201770067,0,10
31,0.0010118880309164524,0.0010119096841663122,0,10
32,0.0012533760163933039,0.001253366470336914,0,10
33,0.001154366647824645,0.0011543631553649902,0,10
34,0.0019197830697521567,0.0019198060035705566,0,10
35,0.0008302289061248302,0.0007656216621398926,0,10
36,-0.0004592716577462852,0.00045927721657790244,10,10
37,-0.00011617572454269975,0.00011618034477578476,10,10
38,0.0004896398168057203,0.000489652156829834,0,10
39,0.0007318095886148512,0.0007318258285522461,0,10
40,0.0013041258789598942,0.00130409502889961,0,10
41,-0.0004914933233521879,0.0004914940218441188,10,10
42,0.0008827746496535838,0.0008828043937683105,0,10
43,0.0008242800831794739,0.000824272632598877,0,10
44,0.00045371538726612926,0.00043575052404776216,0,10
45,-0.00010560073133092374,0.0001056295441230759,10,10
46,-0.00014147019828669727,0.00014149039634503424,10,10
47,0.0003230376751162112,0.0003230571746826172,0,10
48,-0.0006389215122908354,0.0006389312329702079,10,10
49,0.0008818329079076648,0.0008818507194519043,0,10
50,-0.00040436070412397385,0.000404334015911445,10,10
51,0.00021286409173626453,0.00019588643044698983,0,10
52,-0.0010311937658116221,0.0010312014492228627,10,10
53,0.0006124827777966857,0.0006124973297119141,0,10
54,-0.0016221789410337806,0.0016221815021708608,10,10
55,-0.0003510531969368458,0.00035107159055769444,10,10
56,-0.00015576797886751592,0.00015578871534671634,10,10
57,-0.0003558077441994101,0.0003558244789019227,10,10
58,-0.0008373302989639342,0.0008373152231797576,10,10
59,-3.5149409086443484e-05,3.5166984162060544e-05,10,10
60,-0.0012041330337524414,0.0012041437439620495,10,10
61,-0.0018203611252829432,0.0018203826621174812,10,10
62,-0.00022959790658205748,0.00022960780188441277,10,10
63,-0.0019084529485553503,0.0019084261730313301,10,10
0,0.023432791233062744,0.02343280240893364,0,10
1,0.02355147711932659,0.02355150692164898,0,10
2,0.025795258581638336,0.02579529769718647,0,10
3,0.023014824837446213,0.023014867678284645,0,10
4,0.024790985509753227,0.024791020900011063,0,10
5,0.0205237939953804,0.02052382379770279,0,10
6,0.021776847541332245,0.021776871755719185,0,10
7,0.01836153119802475,0.01836157590150833,0,10
8,0.01747378334403038,0.017473828047513962,0,10
9,0.015041273087263107,0.015041305683553219,0,10
10,0.012590384110808372,0.012590412050485611,0,10
11,0.012282788753509521,0.012282822281122208,0,10
12,0.012342938221991062,0.012342977337539196,0,10
13,0.009139756672084332,0.009139780886471272,0,10
14,0.009216871112585068,0.009216895326972008,0,10
15,0.006318878382444382,0.006318914238363504,0,10
16,0.005956373643130064,0.005956401117146015,0,10
17,0.005344710778445005,0.005344746168702841,0,10
18,0.006591928191483021,0.006591951474547386,0,10
19,0.004630675073713064,0.004630702547729015,0,10
20,0.0038726278580725193,0.003872642060741782,0,10
21,0.005049681290984154,0.005049705505371094,0,10
22,0.003983789589256048,0.003983811940997839,0,10
23,0.004295590799301863,0.004295634105801582,0,10
24,0.003490214701741934,0.003490237519145012,0,10
25,0.002789389109238982,0.0027894105296581984,0,10
26,0.003294756170362234,0.0032947768922895193,0,10
27,0.002239852910861373,0.002239823341369629,0,10
28,0.0027910976205021143,0.002791106700897217,0,10
29,0.0026098585221916437,0.002609848976135254,0,10
30,0.0023879078216850758,0.002387923188507557,0,10
31,0.0010118880309164524,0.0010119080543518066,0,10
32,0.0012533760163933039,0.001253366470336914,0,10
33,0.001154366647824645,0.0011116862297058105,0,10
34,0.0019197830697521567,0.0019198060035705566,0,10
35,0.0008302289061248302,0.000830233097076416,0,10
36,-0.0004592716577462852,0.00045925710583105683,10,10
37,-0.00011617572454269975,0.00011618639837251976,10,10
38,0.0004896398168057203,0.000489652156829834,0,10
39,0.0007318095886148512,0.0007318258285522461,0,10
40,0.0013041258789598942,0.0013041496276855469,0,10
41,-0.0004914933233521879,0.000491495244204998,10,10
42,0.0008827746496535838,0.0008347034454345703,0,10
43,0.0008242800831794739,0.000824272632598877,0,10
44,0.00045371538726612926,0.00045371055603027344,0,10
45,-0.00010560073133092374,0.00010562659736024216,10,10
46,-0.00014147019828669727,0.00014147040201351047,10,10
47,0.0003230376751162112,0.00032303165062330663,0,10
48,-0.0006389215122908354,0.0006389471818692982,10,10
49,0.0008818329079076648,0.0008818507194519043,0,10
50,-0.00040436070412397385,0.00040433910908177495,10,10
51,0.00021286409173626453,0.00021284818649291992,0,10
52,-0.0010311937658116221,0.0010311799123883247,10,10
53,0.0006124827777966857,0.0006124973297119141,0,10
54,-0.0016221789410337806,0.0016221937257796526,10,10
55,-0.0003510531969368458,0.0003510379756335169,10,10
56,-0.00015576797886751592,0.00015575460565742105,10,10
57,-0.0003558077441994101,0.0003558011376298964,10,10
58,-0.0008373302989639342,0.0008373254095204175,10,10
59,-3.5149409086443484e-05,3.515959542710334e-05,10,10
60,-0.0012041330337524414,0.0012041456066071987,10,10
61,-0.0018203611252829432,0.0017229062505066395,10,10
62,-0.00022959790658205748,0.0002296154125360772,10,10
63,-0.0019084529485553503,0.0019084552768617868,10,10
64,-0.0010094079189002514,0.0010094365570694208,10,10
0,0.023432791233062744,0.023432813584804535,0,10
1,0.02355147711932659,0.02355148456990719,0,10
2,0.025795258581638336,0.025795310735702515,0,10
3,0.023014824837446213,0.023014869540929794,0,10
4,0.024790985509753227,0.02479102648794651,0,10
5,0.0205237939953804,0.02052382193505764,0,10
6,0.021776847541332245,0.02177686244249344,0,10
7,0.01836153119802475,0.018361549824476242,0,10
8,0.01747378334403038,0.017473815008997917,0,10
9,0.015041273087263107,0.015041302889585495,0,10
10,0.012590384110808372,0.01259041391313076,0,10
11,0.012282788753509521,0.012282805517315865,0,10
12,0.012342938221991062,0.012342964299023151,0,10
13,0.009139756672084332,0.009139776229858398,0,10
14,0.009216871112585068,0.009216902777552605,0,10
15,0.006318878382444382,0.00631890632212162,0,10
16,0.005956373643130064,0.005956409964710474,0,10
17,0.005344710778445005,0.005344738718122244,0,10
18,0.006591928191483021,0.00659194914624095,0,10
19,0.004630675073713064,0.00463069835677743,0,10
20,0.0038726278580725193,0.003872655564919114,0,10
21,0.005049681290984154,0.005049705505371094,0,10
22,0.003983789589256048,0.003983798436820507,0,10
23,0.004295590799301863,0.004295616410672665,0,10
24,0.003490214701741934,0.003490239381790161,0,10
25,0.002789389109238982,0.0027894068043679,0,10
26,0.003294756170362234,0.0032947836443781853,0,10
27,0.002239852910861373,0.002239829394966364,0,10
28,0.0027910976205021143,0.002791106700897217,0,10
29,0.0026098585221916437,0.002609848976135254,0,10
30,0.0023879078216850758,0.0023878812789916992,0,10
31,0.0010118880309164524,0.0010119080543518066,0,10
32,0.0012533760163933039,0.001253366470336914,0,10
33,0.001154366647824645,0.0011543631553649902,0,10
34,0.0019197830697521567,0.0019198060035705566,0,10
35,0.0008302289061248302,0.000830233097076416,0,10
36,-0.0004592716577462852,0.00045930081978440285,10,10
37,-0.00011617572454269975,0.00011617375275818631,10,10
38,0.0004896398168057203,0.000489652156829834,0,10
39,0.0007318095886148512,0.0006809080950915813,0,10
40,0.0013041258789598942,0.0013041496276855469,0,10
41,-0.0004914933233521879,0.0004915003664791584,10,10
42,0.0008827746496535838,0.0008827581186778843,0,10
43,0.0008242800831794739,0.000824272632598877,0,10
44,0.00045371538726612926,0.00045371055603027344,0,10
45,-0.00010560073133092374,0.00010561085946392268,10,10
46,-0.00014147019828669727,0.0001414546131854877,10,10
47,0.0003230376751162112,0.000315248966217041,0,10
48,-0.0006389215122908354,0.0006389434565789998,10,10
49,0.0008818329079076648,0.0008818507194519043,0,10
50,-0.00040436070412397385,0.0004043709777761251,10,10
51,0.00021286409173626453,0.00021284818649291992,0,10
52,-0.0010311937658116221,0.0010312206577509642,10,10
53,0.0006124827777966857,0.0006124973297119141,0,10
54,-0.0016221789410337806,0.00162218208424747,10,10
55,-0.0003510531969368458,0.00035105604911223054,10,10
56,-0.00015576797886751592,0.00015576266741845757,10,10
57,-0.0003558077441994101,0.0003558035532478243,10,10
58,-0.0008373302989639342,0.0008373145246878266,10,10
59,-3.5149409086443484e-05,3.5139950341545045e-05,10,10
60,-0.0012041330337524414,0.0012041430454701185,10,10
61,-0.0018203611252829432,0.0018203506479039788,10,10
62,-0.00022959790658205748,0.00020777288591489196,10,10
63,-0.0019084529485553503,0.0019084707600995898,10,10
64,-0.0010094079189002514,0.000976540322881192,10,10
65,-0.0009389715269207954,0.0009389452752657235,10,10
0,0.023432791233062744,0.023432821035385132,0,10
1,0.02355147711932659,0.023551495745778084,0,10
2,0.025795258581638336,0.02579529955983162,0,10
3,0.023014824837446213,0.023014849051833153,0,10
4,0.024790985509753227,0.024791013449430466,0,10
5,0.0205237939953804,0.020523836836218834,0,10
6,0.021776847541332245,0.02177688479423523,0,10
7,0.01836153119802475,0.018361561000347137,0,10
8,0.01747378334403038,0.01747381128370762,0,10
9,0.015041273087263107,0.01504130195826292,0,10
10,0.012590384110808372,0.012590412050485611,0,10
11,0.012282788753509521,0.012282824143767357,0,10
12,0.012342938221991062,0.012342970818281174,0,10
13,0.009139756672084332,0.009139789268374443,0,10
14,0.009216871112585068,0.009216904640197754,0,10
15,0.006318878382444382,0.006318916101008654,0,10
16,0.005956373643130064,0.005956406705081463,0,10
17,0.005344710778445005,0.005344728007912636,0,10
18,0.006591928191483021,0.006591952871531248,0,10
19,0.004630675073713064,0.0046306997537612915,0,10
20,0.0038726278580725193,0.003872660920023918,0,10
21,0.005049681290984154,0.005049716215580702,0,10
22,0.003983789589256048,0.003983820788562298,0,10
23,0.004295590799301863,0.004295621067285538,0,10
24,0.003490214701741934,0.0034902463667094707,0,10
25,0.002789389109238982,0.0027893963269889355,0,10
26,0.003294756170362234,0.0032947715371847153,0,10
27,0.002239852910861373,0.0022398598957806826,0,10
28,0.0027910976205021143,0.00279112602584064,0,10
29,0.0026098585221916437,0.0026098783127963543,0,10
30,0.0023879078216850758,0.0023878812789916992,0,10
31,0.0010118880309164524,0.0010119080543518066,0,10
32,0.0012533760163933039,0.001253366470336914,0,10
33,0.001154366647824645,0.0011543930741026998,0,10
34,0.0019197830697521567,0.0019198060035705566,0,10
35,0.0008302289061248302,0.0008141994476318359,0,10
36,-0.0004592716577462852,0.00045927014434710145,10,10
37,-0.00011617572454269975,0.00011617332347668707,10,10
38,0.0004896398168057203,0.000489652156829834,0,10
39,0.0007318095886148512,0.0007318258285522461,0,10
40,0.0013041258789598942,0.0013041496276855469,0,10
41,-0.0004914933233521879,0.000491472368594259,10,10
42,0.0008827746496535838,0.0008828043937683105,0,10
43,0.0008242800831794739,0.0008242790936492383,0,10
44,0.00045371538726612926,0.00045371055603027344,0,10
45,-0.00010560073133092374,0.00010562906390987337,10,10
46,-0.00014147019828669727,0.0001414745202055201,10,10
47,0.0003230376751162112,0.0003230571746826172,0,10
48,-0.0006389215122908354,0.0006389066111296415,10,10
49,0.0008818329079076648,0.0008818507194519043,0,10
50,-0.00040436070412397385,0.0004043634107802063,10,10
51,0.00021286409173626453,0.00021284818649291992,0,10
52,-0.0010311937658116221,0.0010311838705092669,10,10
53,0.0006124827777966857,0.0006124973297119141,0,10
54,-0.0016221789410337806,0.0016222005942836404,10,10
55,-0.0003510531969368458,0.0003467180940788239,10,10
56,-0.00015576797886751592,0.00015579044702462852,10,10
57,-0.0003558077441994101,0.0003558252356015146,10,10
58,-0.0008373302989639342,0.0008373191813006997,10,10
59,-3.5149409086443484e-05,3.516800279612653e-05,10,10
60,-0.0012041330337524414,0.001204138738103211,10,10
61,-0.0018203611252829432,0.0018203743966296315,10,10
62,-0.00022959790658205748,0.00021190287952776998,10,10
63,-0.0019084529485553503,0.001908445032313466,10,10
64,-0.0010094079189002514,0.0010094158351421356,10,10
65,-0.0009389715269207954,0.0009389821789227426,10,10
66,-0.001450496376492083,0.0014505138387903571,10,10
0,0.023432791233062744,0.023432813584804535,0,10
1,0.02355147711932659,0.02355150319635868,0,10
2,0.025795258581638336,0.025795310735702515,0,10
3,0.023014824837446213,0.02301485650241375,0,10
4,0.024790985509753227,0.024791022762656212,0,10
5,0.0205237939953804,0.02052384428679943,0,10
6,0.021776847541332245,0.02177686244249344,0,10
7,0.01836153119802475,0.018361572176218033,0,10
8,0.01747378334403038,0.01747380942106247,0,10
9,0.015041273087263107,0.015041299164295197,0,10
10,0.012590384110808372,0.012590417638421059,0,10
11,0.012282788753509521,0.012282823212444782,0,10
12,0.012342938221991062,0.012342961505055428,0,10
13,0.009139756672084332,0.009139795787632465,0,10
14,0.009216871112585068,0.009216895326972008,0,10
15,0.006318878382444382,0.006318902596831322,0,10
16,0.005956373643130064,0.005956396460533142,0,10
17,0.005344710778445005,0.005344740115106106,0,10
18,0.006591928191483021,0.006591952871531248,0,10
19,0.004630675073713064,0.004630684852600098,0,10
20,0.0038726278580725193,0.0038726332131773233,0,10
21,0.005049681290984154,0.005049710627645254,0,10
22,0.003983789589256048,0.003983796574175358,0,10
23,0.004295590799301863,0.004295628052204847,0,10
24,0.003490214701741934,0.00349024566821754,0,10
25,0.002789389109238982,0.002789410063996911,0,10
26,0.003294756170362234,0.0032947815489023924,0,10
27,0.002239852910861373,0.0022398410364985466,0,10
28,0.0027910976205021143,0.002791106700897217,0,10
29,0.0026098585221916437,0.0026098627131432295,0,10
30,0.0023879078216850758,0.002387929242104292,0,10
31,0.0010118880309164524,0.0010119080543518066,0,10
32,0.0012533760163933039,0.0012534025590866804,0,10
33,0.001154366647824645,0.0011543631553649902,0,10
34,0.0019197830697521567,0.0019198060035705566,0,10
35,0.0008302289061248302,0.000830233097076416,0,10
36,-0.0004592716577462852,0.0004592781187966466,10,10
37,-0.00011617572454269975,0.00011615030962275341,10,10
38,0.0004896398168057203,0.0004896568134427071,0,10
39,0.0007318095886148512,0.0007318260613828897,0,10
40,0.0013041258789598942,0.0013041496276855469,0,10
41,-0.0004914933233521879,0.0004915223689749837,10,10
42,0.0008827746496535838,0.0008828043937683105,0,10
43,0.0008242800831794739,0.0008243020274676383,0,10
44,0.00045371538726612926,0.00045371055603027344,0,10
45,-0.00010560073133092374,0.00010562599345576018,10,10
46,-0.00014147019828669727,0.00014147046022117138,10,10
47,0.0003230376751162112,0.0003230571746826172,0,10
48,-0.0006389215122908354,0.0006389156333170831,10,10
49,0.0008818329079076648,0.0008818507194519043,0,10
50,-0.00040436070412397385,0.00040438261930830777,10,10
51,0.00021286409173626453,0.00021284818649291992,0,10
52,-0.0010311937658116221,0.0010312082013115287,10,10
53,0.0006124827777966857,0.0006124973297119141,0,10
54,-0.0016221789410337806,0.0016221767291426659,10,10
55,-0.0003510531969368458,0.0003510870737954974,10,10
56,-0.00015576797886751592,0.00015578872989863157,10,10
57,-0.0003558077441994101,0.0003558279713615775,10,10
58,-0.0008373302989639342,0.0007157190120778978,10,10
59,-3.5149409086443484e-05,3.516493597999215e-05,10,10
60,-0.0012041330337524414,0.0012041495647281408,10,10
61,-0.0018203611252829432,0.0018203649669885635,10,10
62,-0.00022959790658205748,0.00022957733017392457,10,10
63,-0.0019084529485553503,0.001908480073325336,10,10
64,-0.0010094079189002514,0.0010094085009768605,10,10
65,-0.0009389715269207954,0.0009389874758198857,10,10
66,-0.001450496376492083,0.0014504676219075918,10,10
67,-0.0017844074172899127,0.0017844332614913583,10,10
0,0.023432791233062744,0.023432830348610878,0,10
1,0.02355147711932659,0.023551499471068382,0,10
2,0.025795258581638336,0.02579529397189617,0,10
3,0.023014824837446213,0.023014845326542854,0,10
4,0.024790985509753227,0.02479100599884987,0,10
5,0.0205237939953804,0.020523834973573685,0,10
6,0.021776847541332245,0.021776888519525528,0,10
7,0.01836153119802475,0.018361561000347137,0,10
8,0.01747378334403038,0.017473818734288216,0,10
9,0.015041273087263107,0.015041287057101727,0,10
10,0.012590384110808372,0.012590412981808186,0,10
11,0.012282788753509521,0.012282808311283588,0,10
12,0.012342938221991062,0.012342971749603748,0,10
13,0.009139756672084332,0.009139779955148697,0,10
14,0.009216871112585068,0.009216892533004284,0,10
15,0.006318878382444382,0.006318910513073206,0,10
16,0.005956373643130064,0.0059564001858234406,0,10
17,0.005344710778445005,0.005344730336219072,0,10
18,0.006591928191483021,0.006591950077563524,0,10
19,0.004630675073713064,0.004630701150745153,0,10
20,0.0038726278580725193,0.0038726525381207466,0,10
21,0.005049681290984154,0.005049705505371094,0,10
22,0.003983789589256048,0.003983801230788231,0,10
23,0.004295590799301863,0.004295603837817907,0,10
24,0.003490214701741934,0.0034902472980320454,0,10
25,0.002789389109238982,0.0027894116938114166,0,10
26,0.003294756170362234,0.0032947699073702097,0,10
27,0.002239852910861373,0.002239883178845048,0,10
28,0.0027910976205021143,0.0027911143843084574,0,10
29,0.0026098585221916437,0.002609861083328724,0,10
30,0.0023879078216850758,0.0023879213258624077,0,10
31,0.0010118880309164524,0.0010119080543518066,0,10
32,0.0012533760163933039,0.001253366470336914,0,10
33,0.001154366647824645,0.0011543675791472197,0,10
34,0.0019197830697521567,0.0019198060035705566,0,10
35,0.0008302289061248302,0.0007892373832874,0,10
36,-0.0004592716577462852,0.00045927014434710145,10,10
37,-0.00011617572454269975,0.00011619156430242583,10,10
38,0.0004896398168057203,0.000489652156829834,0,10
39,0.0007318095886148512,0.0007318258285522461,0,10
40,0.0013041258789598942,0.0013041471829637885,0,10
41,-0.0004914933233521879,0.0004914680612273514,10,10
42,0.0008827746496535838,0.0008828043937683105,0,10
43,0.0008242800831794739,0.0008243072079494596,0,10
44,0.00045371538726612926,0.0004537334607448429,0,10
45,-0.00010560073133092374,0.00010561320959823206,10,10
46,-0.00014147019828669727,0.00014147091133054346,10,10
47,0.0003230376751162112,0.0003230571746826172,0,10
48,-0.0006389215122908354,0.0006389128975570202,10,10
49,0.0008818329079076648,0.0008818507194519043,0,10
50,-0.00040436070412397385,0.0003979287575930357,10,10
51,0.00021286409173626453,0.00021288120478857309,0,10
52,-0.0010311937658116221,0.0010312155354768038,10,10
53,0.0006124827777966857,0.0006124973297119141,0,10
54,-0.0016221789410337806,0.0016221861587837338,10,10
55,-0.0003510531969368458,0.00035105441929772496,10,10
56,-0.00015576797886751592,0.00015577333397231996,10,10
57,-0.0003558077441994101,0.0003558366734068841,10,10
58,-0.0008373302989639342,0.0008373336750082672,10,10
59,-3.5149409086443484e-05,3.448899951763451e-05,10,10
60,-0.0012041330337524414,0.0012041579466313124,10,10
61,-0.0018203611252829432,0.0018203390063717961,10,10
62,-0.00022959790658205748,0.0002296200837008655,10,10
63,-0.0019084529485553503,0.0019084736704826355,10,10
64,-0.0010094079189002514,0.0010094267781823874,10,10
65,-0.0009389715269207954,0.0009389566257596016,10,10
66,-0.001450496376492083,0.0014505268773064017,10,10
67,-0.0017844074172899127,0.00178443209733814,10,10
68,-0.0024521169252693653,0.0024521450977772474,10,10
0,0.023432791233062744,0.023432830348610878,0,10
1,0.02355147711932659,0.02355150133371353,0,10
2,0.025795258581638336,0.02579530142247677,0,10
3,0.023014824837446213,0.02301485650241375,0,10
4,0.024790985509753227,0.02479103021323681,0,10
5,0.0205237939953804,0.020523829385638237,0,10
6,0.021776847541332245,0.021776868030428886,0,10
7,0.01836153119802475,0.018361561000347137,0,10
8,0.01747378334403038,0.017473820596933365,0,10
9,0.015041273087263107,0.015041293576359749,0,10
10,0.012590384110808372,0.012590422295033932,0,10
11,0.012282788753509521,0.012282810173928738,0,10
12,0.012342938221991062,0.012342964299023151,0,10
13,0.009139756672084332,0.009139776229858398,0,10
14,0.009216871112585068,0.009216900914907455,0,10
15,0.006318878382444382,0.006318896543234587,0,10
16,0.005956373643130064,0.0059564001858234406,0,10
17,0.005344710778445005,0.005344724282622337,0,10
18,0.006591928191483021,0.006591953802853823,0,10
19,0.004630675073713064,0.004630707670003176,0,10
20,0.0038726278580725193,0.0038726557977497578,0,10
21,0.005049681290984154,0.0050497110933065414,0,10
22,0.003983789589256048,0.003983804956078529,0,10
23,0.004295590799301863,0.004295618738979101,0,10
24,0.003490214701741934,0.0034902095794677734,0,10
25,0.002789389109238982,0.0027894165832549334,0,10
26,0.003294756170362234,0.003294767579063773,0,10
27,0.002239852910861373,0.002239865716546774,0,10
28,0.0027910976205021143,0.002791106700897217,0,10
29,0.0026098585221916437,0.002609881339594722,0,10
30,0.0023879078216850758,0.0023878903593868017,0,10
31,0.0010118880309164524,0.0010119080543518066,0,10
32,0.0012533760163933039,0.001253366470336914,0,10
33,0.001154366647824645,0.0011543534928932786,0,10
34,0.0019197830697521567,0.001919768052175641,0,10
35,0.0008302289061248302,0.000830233097076416,0,10
36,-0.0004592716577462852,0.0004592731420416385,10,10
37,-0.00011617572454269975,0.00011617609561653808,10,10
38,0.0004896398168057203,0.000489652156829834,0,10
39,0.0007318095886148512,0.0007318258285522461,0,10
40,0.0013041258789598942,0.0013041316997259855,0,10
41,-0.0004914933233521879,0.0004915228928439319,10,10
42,0.0008827746496535838,0.0008828043937683105,0,10
43,0.0008242800831794739,0.0008242957410402596,0,10
44,0.00045371538726612926,0.00045371055603027344,0,10
45,-0.00010560073133092374,0.00010561403905740008,10,10
46,-0.00014147019828669727,0.0001414961734553799,10,10
47,0.0003230376751162112,0.0003230571746826172,0,10
48,-0.0006389215122908354,0.000621677259914577,10,10
49,0.0008818329079076648,0.0008818571222946048,0,10
50,-0.00040436070412397385,0.00040438666474074125,10,10
51,0.00021286409173626453,0.00021284818649291992,0,10
52,-0.0010311937658116221,0.0010312184458598495,10,10
53,0.0006124827777966857,0.0006124973297119141,0,10
54,-0.0016221789410337806,0.0016222011763602495,10,10
55,-0.0003510531969368458,0.00035104816197417676,10,10
56,-0.00015576797886751592,0.00015578314196318388,10,10
57,-0.0003558077441994101,0.00035583440330810845,10,10
58,-0.0008373302989639342,0.0008373360033147037,10,10
59,-3.5149409086443484e-05,3.516810465953313e-05,10,10
60,-0.0012041330337524414,0.0012041529407724738,10,10
61,-0.0018203611252829432,0.001820350531488657,10,10
62,-0.00022959790658205748,0.00022958354384172708,10,10
63,-0.0019084529485553503,0.0019084304803982377,10,10
64,-0.0010094079189002514,0.0010094188619405031,10,10
65,-0.0009389715269207954,0.000938953657168895,10,10
66,-0.001450496376492083,0.0014504864811897278,10,10
67,-0.0017844074172899127,0.0017843995010480285,10,10
68,-0.0024521169252693653,0.002452131826430559,10,10
69,-0.0013188994489610195,0.0013188831508159637,10,10
0,0.023432791233062744,0.02343280240893364,0,10
1,0.02355147711932659,0.02355148456990719,0,10
2,0.025795258581638336,0.025795292109251022,0,10
3,0.023014824837446213,0.023014865815639496,0,10
4,0.024790985509753227,0.024791007861495018,0,10
5,0.0205237939953804,0.020523836836218834,0,10
6,0.021776847541332245,0.021776888519525528,0,10
7,0.01836153119802475,0.01836155168712139,0,10
8,0.01747378334403038,0.017473824322223663,0,10
9,0.015041273087263107,0.015041294507682323,0,10
10,0.012590384110808372,0.012590419501066208,0,10
11,0.012282788753509521,0.012282805517315865,0,10
12,0.012342938221991062,0.012342971749603748,0,10
13,0.009139756672084332,0.009139795787632465,0,10
14,0.009216871112585068,0.009216904640197754,0,10
15,0.006318878382444382,0.006318914238363504,0,10
16,0.005956373643130064,0.005956387612968683,0,10
17,0.005344710778445005,0.0053447214886546135,0,10
18,0.006591928191483021,0.006591953802853823,0,10
19,0.004630675073713064,0.004630702082067728,0,10
20,0.0038726278580725193,0.0038726557977497578,0,10
21,0.005049681290984154,0.005049712024629116,0,10
22,0.003983789589256048,0.003983824513852596,0,10
23,0.004295590799301863,0.004295625723898411,0,10
24,0.003490214701741934,0.003490221220999956,0,10
25,0.002789389109238982,0.0027894035447388887,0,10
26,0.003294756170362234,0.003294773865491152,0,10
27,0.002239852910861373,0.0022398591972887516,0,10
28,0.0027910976205021143,0.002791115315631032,0,10
29,0.0026098585221916437,0.002609848976135254,0,10
30,0.0023879078216850758,0.002387889428064227,0,10
31,0.0010118880309164524,0.0010119080543518066,0,10
32,0.0012533760163933039,0.001253376598469913,0,10
33,0.001154366647824645,0.0011543631553649902,0,10
34,0.0019197830697521567,0.0019198060035705566,0,10
35,0.0008302289061248302,0.000830233097076416,0,10
36,-0.0004592716577462852,0.00045924645382910967,10,10
37,-0.00011617572454269975,0.00011615145194809884,10,10
38,0.0004896398168057203,0.000489652156829834,0,10
39,0.0007318095886148512,0.0007318258285522461,0,10
40,0.0013041258789598942,0.0013041496276855469,0,10
41,-0.0004914933233521879,0.000491504673846066,10,10
42,0.0008827746496535838,0.0008828043937683105,0,10
43,0.0008242800831794739,0.000824272632598877,0,10
44,0.00045371538726612926,0.00045371821033768356,0,10
45,-0.00010560073133092374,0.00010557397763477638,10,10
46,-0.00014147019828669727,0.00014147469482850283,10,10
47,0.0003230376751162112,0.00031379348365589976,0,10
48,-0.0006389215122908354,0.000638939964119345,10,10
49,0.0008818329079076648,0.0008818507194519043,0,10
50,-0.00040436070412397385,0.00040439036092720926,10,10
51,0.00021286409173626453,0.00021284818649291992,0,10
52,-0.0010311937658116221,0.0010311984224244952,10,10
53,0.0006124827777966857,0.0006124973297119141,0,10
54,-0.0016221789410337806,0.0016221918631345034,10,10
55,-0.0003510531969368458,0.00035106934956274927,10,10
56,-0.00015576797886751592,0.00015578481543343514,10,10
57,-0.0003558077441994101,0.0003558364405762404,10,10
58,-0.0008373302989639342,0.0008372983429580927,10,10
59,-3.5149409086443484e-05,3.5178014513803646e-05,10,10
60,-0.0012041330337524414,0.0012041444424539804,10,10
61,-0.0018203611252829432,0.001820367993786931,10,10
62,-0.00022959790658205748,0.0002295776503160596,10,10
63,-0.0019084529485553503,0.001908455858938396,10,10
64,-0.0010094079189002514,0.0010094064055010676,10,10
65,-0.0009389715269207954,0.0009389900369569659,10,10
66,-0.001450496376492083,0.0014504932332783937,10,10
67,-0.0017844074172899127,0.0017843813402578235,10,10
68,-0.0024521169252693653,0.0024521450977772474,10,10
69,-0.0013188994489610195,0.0013188892044126987,10,10
70,-0.0021799916867166758,0.0021799877285957336,10,10
0,0.023432791233062744,0.023432806134223938,0,10
1,0.02355147711932659,0.02355150505900383,0,10
2,0.025795258581638336,0.025795282796025276,0,10
3,0.023014824837446213,0.023014837875962257,0,10
4,0.024790985509753227,0.024791009724140167,0,10
5,0.0205237939953804,0.020523838698863983,0,10
6,0.021776847541332245,0.02177685871720314,0,10
7,0.01836153119802475,0.018361549824476242,0,10
8,0.01747378334403038,0.017473818734288216,0,10
9,0.015041273087263107,0.015041292645037174,0,10
10,0.012590384110808372,0.012590420432388783,0,10
11,0.012282788753509521,0.01228282693773508,0,10
12,0.012342938221991062,0.012342972680926323,0,10
13,0.009139756672084332,0.009139789268374443,0,10
14,0.009216871112585068,0.009216882288455963,0,10
15,0.006318878382444382,0.00631890632212162,0,10
16,0.005956373643130064,0.005956395994871855,0,10
17,0.005344710778445005,0.005344733130186796,0,10
18,0.006591928191483021,0.0065919626504182816,0,10
19,0.004630675073713064,0.004630689509212971,0,10
20,0.0038726278580725193,0.003872650908306241,0,10
21,0.005049681290984154,0.005049705505371094,0,10
22,0.003983789589256048,0.003983808681368828,0,10
23,0.004295590799301863,0.0042956252582371235,0,10
24,0.003490214701741934,0.003490231931209564,0,10
25,0.002789389109238982,0.0027894023805856705,0,10
26,0.003294756170362234,0.003294785972684622,0,10
27,0.002239852910861373,0.002239840803667903,0,10
28,0.0027910976205021143,0.002791130915284157,0,10
29,0.0026098585221916437,0.002609848976135254,0,10
30,0.0023879078216850758,0.002387886168435216,0,10
31,0.0010118880309164524,0.0010119080543518066,0,10
32,0.0012533760163933039,0.0012533493572846055,0,10
33,0.001154366647824645,0.0011543631553649902,0,10
34,0.0019197830697521567,0.0019198060035705566,0,10
35,0.0008302289061248302,0.000830233097076416,0,10
36,-0.0004592716577462852,0.0004593036137521267,10,10
37,-0.00011617572454269975,0.00011614494724199176,10,10
38,0.0004896398168057203,0.000489652156829834,0,10
39,0.0007318095886148512,0.0007318258285522461,0,10
40,0.0013041258789598942,0.0013041171478107572,0,10
41,-0.0004914933233521879,0.0004914854653179646,10,10
42,0.0008827746496535838,0.0008828043937683105,0,10
43,0.0008242800831794739,0.000824272632598877,0,10
44,0.00045371538726612926,0.00045371055603027344,0,10
45,-0.00010560073133092374,0.00010561226372374222,10,10
46,-0.00014147019828669727,0.00014147537876851857,10,10
47,0.0003230376751162112,0.0003230571746826172,0,10
48,-0.0006389215122908354,0.000638941302895546,10,10
49,0.0008818329079076648,0.0008653998374938965,0,10
50,-0.00040436070412397385,0.00040437624556943774,10,10
51,0.00021286409173626453,0.00021284818649291992,0,10
52,-0.0010311937658116221,0.001031172345392406,10,10
53,0.0006124827777966857,0.0006125132786110044,0,10
54,-0.0016221789410337806,0.0016221922123804688,10,10
55,-0.0003510531969368458,0.0003510868700686842,10,10
56,-0.00015576797886751592,0.0001557740179123357,10,10
57,-0.0003558077441994101,0.00035582162672653794,10,10
58,-0.0008373302989639342,0.0008373502059839666,10,10
59,-3.5149409086443484e-05,3.5171549825463444e-05,10,10
60,-0.0012041330337524414,0.0012041295412927866,10,10
61,-0.0018203611252829432,0.001820385456085205,10,10
62,-0.00022959790658205748,0.00022962588991504163,10,10
63,-0.0019084529485553503,0.001908457139506936,10,10
64,-0.0010094079189002514,0.0010093813762068748,10,10
65,-0.0009389715269207954,0.0009173920843750238,10,10
66,-0.001450496376492083,0.0014505281578749418,10,10
67,-0.0017844074172899127,0.0017844290705397725,10,10
68,-0.0024521169252693653,0.0024521395098417997,10,10
69,-0.0013188994489610195,0.0013189276214689016,10,10
70,-0.0021799916867166758,0.0021799984388053417,10,10
71,-0.00199572229757905,0.001995716942474246,10,10
0,0.023432791233062744,0.023432817310094833,0,10
1,0.02355147711932659,0.02355150133371353,0,10
2,0.025795258581638336,0.025795290246605873,0,10
3,0.023014824837446213,0.0230148583650589,0,10
4,0.024790985509753227,0.024791007861495018,0,10
5,0.0205237939953804,0.020523833110928535,0,10
6,0.021776847541332245,0.021776871755719185,0,10
7,0.01836153119802475,0.018361562862992287,0,10
8,0.01747378334403038,0.017473822459578514,0,10
9,0.015041273087263107,0.015041293576359749,0,10
10,0.012590384110808372,0.012590420432388783,0,10
11,0.012282788753509521,0.01228281483054161,0,10
12,0.012342938221991062,0.012342972680926323,0,10
13,0.009139756672084332,0.00913979671895504,0,10
14,0.009216871112585068,0.00921688973903656,0,10
15,0.006318878382444382,0.006318910978734493,0,10
16,0.005956373643130064,0.005956396926194429,0,10
17,0.005344710778445005,0.005344737321138382,0,10
18,0.006591928191483021,0.006591940298676491,0,10
19,0.004630675073713064,0.004630702547729015,0,10
20,0.0038726278580725193,0.003872656961902976,0,10
21,0.005049681290984154,0.005049710627645254,0,10
22,0.003983789589256048,0.003983810544013977,0,10
23,0.004295590799301863,0.004295620135962963,0,10
24,0.003490214701741934,0.003490227274596691,0,10
25,0.002789389109238982,0.002789422869682312,0,10
26,0.003294756170362234,0.0032947841100394726,0,10
27,0.002239852910861373,0.002239877823740244,0,10
28,0.0027910976205021143,0.002791117876768112,0,10
29,0.0026098585221916437,0.0026098780799657106,0,10
30,0.0023879078216850758,0.002387888031080365,0,10
31,0.0010118880309164524,0.0010119080543518066,0,10
32,0.0012533760163933039,0.001253366470336914,0,10
33,0.001154366647824645,0.0011543931905180216,0,10
34,0.0019197830697521567,0.0019198060035705566,0,10
35,0.0008302289061248302,0.000830233097076416,0,10
36,-0.0004592716577462852,0.0004592657496687025,10,10
37,-0.00011617572454269975,0.00011615370021900162,10,10
38,0.0004896398168057203,0.0004482865333557129,0,10
39,0.0007318095886148512,0.0007318258285522461,0,10
40,0.0013041258789598942,0.0013041496276855469,0,10
41,-0.0004914933233521879,0.0004914975143037736,10,10
42,0.0008827746496535838,0.0008828043937683105,0,10
43,0.0008242800831794739,0.000824272632598877,0,10
44,0.00045371538726612926,0.00045371055603027344,0,10
45,-0.00010560073133092374,0.00010561313683865592,10,10
46,-0.00014147019828669727,0.0001414670405210927,10,10
47,0.0003230376751162112,0.0003230571746826172,0,10
48,-0.0006389215122908354,0.0006389222107827663,10,10
49,0.0008818329079076648,0.0008818507194519043,0,10
50,-0.00040436070412397385,0.00040434024413116276,10,10
51,0.00021286409173626453,0.00021284818649291992,0,10
52,-0.0010311937658116221,0.0010312171652913094,10,10
53,0.0006124827777966857,0.0006124681676737964,0,10
54,-0.0016221789410337806,0.0016221768455579877,10,10
55,-0.0003510531969368458,0.0003209235437680036,10,10
56,-0.00015576797886751592,0.00015575592988170683,10,10
57,-0.0003558077441994101,0.0003558336466085166,10,10
58,-0.0008373302989639342,0.0008373208111152053,10,10
59,-3.5149409086443484e-05,3.5168359318049625e-05,10,10
60,-0.0012041330337524414,0.0012041525915265083,10,10
61,-0.0018203611252829432,0.0018203757936134934,10,10
62,-0.00022959790658205748,0.00022958064801059663,10,10
63,-0.0019084529485553503,0.0019084627274423838,10,10
64,-0.0010094079189002514,0.001009405474178493,10,10
65,-0.0009389715269207954,0.0009389542974531651,10,10
66,-0.001450496376492083,0.0014505176804959774,10,10
67,-0.0017844074172899127,0.0017844174290075898,10,10
68,-0.0024521169252693653,0.0024521208833903074,10,10
69,-0.0013188994489610195,0.0013188871089369059,10,10
70,-0.0021799916867166758,0.002180008217692375,10,10
71,-0.00199572229757905,0.0019957483746111393,10,10
72,-0.0036546082701534033,0.0036546019837260246,10,10
0,0.023432791233062744,0.023432815447449684,0,10
1,0.02355147711932659,0.02355150878429413,0,10
2,0.025795258581638336,0.025795288383960724,0,10
3,0.023014824837446213,0.023014845326542854,0,10
4,0.024790985509753227,0.024791019037365913,0,10
5,0.0205237939953804,0.020523829385638237,0,10
6,0.021776847541332245,0.021776854991912842,0,10
7,0.01836153119802475,0.018361540511250496,0,10
8,0.01747378334403038,0.01747381128370762,0,10
9,0.015041273087263107,0.0150412917137146,0,10
10,0.012590384110808372,0.012590422295033932,0,10
11,0.012282788753509521,0.012282815761864185,0,10
12,0.012342938221991062,0.012342962436378002,0,10
13,0.009139756672084332,0.009139792062342167,0,10
14,0.009216871112585068,0.009216902777552605,0,10
15,0.006318878382444382,0.0063189188949763775,0,10
16,0.005956373643130064,0.00595640717074275,0,10
17,0.005344710778445005,0.005344728007912636,0,10
18,0.006591928191483021,0.006591938901692629,0,10
19,0.004630675073713064,0.0046307058073580265,0,10
20,0.0038726278580725193,0.003872660221531987,0,10
21,0.005049681290984154,0.0050497096963226795,0,10
22,0.003983789589256048,0.003983806353062391,0,10
23,0.004295590799301863,0.004295629449188709,0,10
24,0.003490214701741934,0.00349022401496768,0,10
25,0.002789389109238982,0.0027893781661987305,0,10
26,0.003294756170362234,0.0032947659492492676,0,10
27,0.002239852910861373,0.002239877125248313,0,10
28,0.0027910976205021143,0.0027911332435905933,0,10
29,0.0026098585221916437,0.0026098880916833878,0,10
30,0.0023879078216850758,0.00238792528398335,0,10
31,0.0010118880309164524,0.0010119080543518066,0,10
32,0.0012533760163933039,0.0012533859116956592,0,10
33,0.001154366647824645,0.001154380850493908,0,10
34,0.0019197830697521567,0.0019198060035705566,0,10
35,0.0008302289061248302,0.000830233097076416,0,10
36,-0.0004592716577462852,0.0004592961922753602,10,10
37,-0.00011617572454269975,0.00011617425479926169,10,10
38,0.0004896398168057203,0.000489652156829834,0,10
39,0.0007318095886148512,0.0007318258285522461,0,10
40,0.0013041258789598942,0.0013041496276855469,0,10
41,-0.0004914933233521879,0.0004867740790359676,10,10
42,0.0008827746496535838,0.0008828043937683105,0,10
43,0.0008242800831794739,0.000824272632598877,0,10
44,0.00045371538726612926,0.00045371055603027344,0,10
45,-0.00010560073133092374,0.00010560500231804326,10,10
46,-0.00014147019828669727,0.0001414596918039024,10,10
47,0.0003230376751162112,0.0003230571746826172,0,10
48,-0.0006389215122908354,0.0006389381014741957,10,10
49,0.0008818329079076648,0.0008818218484520912,0,10
50,-0.00040436070412397385,0.00040436870767734945,10,10
51,0.00021286409173626453,0.00021284818649291992,0,10
52,-0.0010311937658116221,0.0010311916703358293,10,10
53,0.0006124827777966857,0.0006124989013187587,0,10
54,-0.0016221789410337806,0.0016221996629610658,10,10
55,-0.0003510531969368458,0.0003510771202854812,10,10
56,-0.00015576797886751592,0.00015579041792079806,10,10
57,-0.0003558077441994101,0.00032870788709260523,10,10
58,-0.0008373302989639342,0.0008373577729798853,10,10
59,-3.5149409086443484e-05,3.517190634738654e-05,10,10
60,-0.0012041330337524414,0.00120412721298635,10,10
61,-0.0018203611252829432,0.0018203484360128641,10,10
62,-0.00022959790658205748,0.00022961558715905994,10,10
63,-0.0019084529485553503,0.0019084612140432,10,10
64,-0.0010094079189002514,0.0010093830060213804,10,10
65,-0.0009389715269207954,0.0009389593615196645,10,10
66,-0.001450496376492083,0.0014504978898912668,10,10
67,-0.0017844074172899127,0.0017844259273260832,10,10
68,-0.0024521169252693653,0.0024521141313016415,10,10
69,-0.0013188994489610195,0.0013189142337068915,10,10
70,-0.0021799916867166758,0.0021799912210553885,10,10
71,-0.00199572229757905,0.0019669109024107456,10,10
72,-0.0036546082701534033,0.0036546264309436083,10,10
73,-0.0024448514450341463,0.0024448733311146498,10,10
0,0.023432791233062744,0.023432817310094833,0,10
1,0.02355147711932659,0.023551497608423233,0,10
2,0.025795258581638336,0.025795305147767067,0,10
3,0.023014824837446213,0.023014860227704048,0,10
4,0.024790985509753227,0.024791019037365913,0,10
5,0.0205237939953804,0.020523840561509132,0,10
6,0.021776847541332245,0.02177688479423523,0,10
7,0.01836153119802475,0.018361547961831093,0,10
8,0.01747378334403038,0.017473824322223663,0,10
9,0.015041273087263107,0.0150412917137146,0,10
10,0.012590384110808372,0.012590408325195312,0,10
11,0.012282788753509521,0.012282810173928738,0,10
12,0.012342938221991062,0.012342956848442554,0,10
13,0.009139756672084332,0.009139795787632465,0,10
14,0.009216871112585068,0.00921689998358488,0,10
15,0.006318878382444382,0.0063189128413796425,0,10
16,0.005956373643130064,0.005956396460533142,0,10
17,0.005344710778445005,0.005344734992831945,0,10
18,0.006591928191483021,0.006591953337192535,0,10
19,0.004630675073713064,0.004630709532648325,0,10
20,0.0038726278580725193,0.0038726595230400562,0,10
21,0.005049681290984154,0.005049713887274265,0,10
22,0.003983789589256048,0.003983795642852783,0,10
23,0.004295590799301863,0.00429562060162425,0,10
24,0.003490214701741934,0.003490230068564415,0,10
25,0.002789389109238982,0.002789416117593646,0,10
26,0.003294756170362234,0.0032947659492492676,0,10
27,0.002239852910861373,0.0022398505825549364,0,10
28,0.0027910976205021143,0.002791106700897217,0,10
29,0.0026098585221916437,0.0026098848320543766,0,10
30,0.0023879078216850758,0.0023879336658865213,0,10
31,0.0010118880309164524,0.0010119080543518066,0,10
32,0.0012533760163933039,0.001253366470336914,0,10
33,0.001154366647824645,0.00115433637984097,0,10
34,0.0019197830697521567,0.0019198060035705566,0,10
35,0.0008302289061248302,0.000830233097076416,0,10
36,-0.0004592716577462852,0.00045926502207294106,10,10
37,-0.00011617572454269975,0.00011614288814598694,10,10
38,0.0004896398168057203,0.000489652156829834,0,10
39,0.0007318095886148512,0.0007318113930523396,0,10
40,0.0013041258789598942,0.0013041496276855469,0,10
41,-0.0004914933233521879,0.0004915149183943868,10,10
42,0.0008827746496535838,0.0008828043937683105,0,10
43,0.0008242800831794739,0.000824272632598877,0,10
44,0.00045371538726612926,0.0004537265340331942,0,10
45,-0.00010560073133092374,0.00010562459647189826,10,10
46,-0.00014147019828669727,0.0001414562575519085,10,10
47,0.0003230376751162112,0.0003230571746826172,0,10
48,-0.0006389215122908354,0.0006389430491253734,10,10
49,0.0008818329079076648,0.000881852931343019,0,10
50,-0.00040436070412397385,0.00040437173447571695,10,10
51,0.00021286409173626453,0.00021284818649291992,0,10
52,-0.0010311937658116221,0.001031185849569738,10,10
53,0.0006124827777966857,0.0006124667706899345,0,10
54,-0.0016221789410337806,0.0016221606638282537,10,10
55,-0.0003510531969368458,0.000351030845195055,10,10
56,-0.00015576797886751592,0.00015577508020214736,10,10
57,-0.0003558077441994101,0.00035583259887062013,10,10
58,-0.0008373302989639342,0.0008373570744879544,10,10
59,-3.5149409086443484e-05,3.514116178848781e-05,10,10
60,-0.0012041330337524414,0.0012041345471516252,10,10
61,-0.0018203611252829432,0.0018203670624643564,10,10
62,-0.00022959790658205748,0.00022959821217227727,10,10
63,-0.0019084529485553503,0.0019084271043539047,10,10
64,-0.0010094079189002514,0.001009434461593628,10,10
65,-0.0009389715269207954,0.0009389537153765559,10,10
66,-0.001450496376492083,0.0014504690188914537,10,10
67,-0.0017844074172899127,0.0017843968234956264,10,10
68,-0.0024521169252693653,0.0024521483574062586,10,10
69,-0.0013188994489610195,0.0013188733719289303,10,10
70,-0.0021799916867166758,0.002179990755394101,10,10
71,-0.00199572229757905,0.001995733240619302,10,10
72,-0.0036546082701534033,0.0036546168848872185,10,10
73,-0.0024448514450341463,0.0024448626209050417,10,10
74,-0.0023771370761096478,0.0023771512787789106,10,10
0,0.023432791233062744,0.023432811722159386,0,10
1,0.02355147711932659,0.023551495745778084,0,10
2,0.025795258581638336,0.025795290246605873,0,10
3,0.023014824837446213,0.023014865815639496,0,10
4,0.024790985509753227,0.024791017174720764,0,10
5,0.0205237939953804,0.020523833110928535,0,10
6,0.021776847541332245,0.021776875481009483,0,10
7,0.01836153119802475,0.01836157590150833,0,10
8,0.01747378334403038,0.017473813146352768,0,10
9,0.015041273087263107,0.015041301026940346,0,10
10,0.012590384110808372,0.012590408325195312,0,10
11,0.012282788753509521,0.01228281483054161,0,10
12,0.012342938221991062,0.012342967092990875,0,10
13,0.009139756672084332,0.009139805100858212,0,10
14,0.009216871112585068,0.009216890670359135,0,10
15,0.006318878382444382,0.006318916566669941,0,10
16,0.005956373643130064,0.005956396460533142,0,10
17,0.005344710778445005,0.005344732664525509,0,10
18,0.006591928191483021,0.006591941695660353,0,10
19,0.004630675073713064,0.004630702082067728,0,10
20,0.0038726278580725193,0.0038726560305804014,0,10
21,0.005049681290984154,0.005049705505371094,0,10
22,0.003983789589256048,0.003983808681368828,0,10
23,0.004295590799301863,0.0042956192046403885,0,10
24,0.003490214701741934,0.0034902349580079317,0,10
25,0.002789389109238982,0.0027893786318600178,0,10
26,0.003294756170362234,0.0032947768922895193,0,10
27,0.002239852910861373,0.002239855704829097,0,10
28,0.0027910976205021143,0.00279111135751009,0,10
29,0.0026098585221916437,0.002609877148643136,0,10
30,0.0023879078216850758,0.0023879155050963163,0,10
31,0.0010118880309164524,0.0010119080543518066,0,10
32,0.0012533760163933039,0.0012533558765426278,0,10
33,0.001154366647824645,0.0011543631553649902,0,10
34,0.0019197830697521567,0.0019198060035705566,0,10
35,0.0008302289061248302,0.000830233097076416,0,10
36,-0.0004592716577462852,0.0004592951445374638,10,10
37,-0.00011617572454269975,0.00011616402480285615,10,10
38,0.0004896398168057203,0.000489652156829834,0,10
39,0.0007318095886148512,0.0007318258285522461,0,10
40,0.0013041258789598942,0.0013041496276855469,0,10
41,-0.0004914933233521879,0.0004914854071103036,10,10
42,0.0008827746496535838,0.0008828043937683105,0,10
43,0.0008242800831794739,0.0008242867770604789,0,10
44,0.00045371538726612926,0.00045372158638201654,0,10
45,-0.00010560073133092374,0.00010558468784438446,10,10
46,-0.00014147019828669727,0.00014145183376967907,10,10
47,0.0003230376751162112,0.0003230571746826172,0,10
48,-0.0006389215122908354,0.0006389228510670364,10,10
49,0.0008818329079076648,0.0008818507194519043,0,10
50,-0.00040436070412397385,0.00040435034316033125,10,10
51,0.00021286409173626453,0.00021284818649291992,0,10
52,-0.0010311937658116221,0.0010311909718438983,10,10
53,0.0006124827777966857,0.0006124973297119141,0,10
54,-0.0016221789410337806,0.0016222012927755713,10,10
55,-0.0003510531969368458,0.0003510665555950254,10,10
56,-0.00015576797886751592,0.00015576394798699766,10,10
57,-0.0003558077441994101,0.000355823285644874,10,10
58,-0.0008373302989639342,0.00083733513019979,10,10
59,-3.5149409086443484e-05,3.517314689815976e-05,10,10
60,-0.0012041330337524414,0.0012041308218613267,10,10
61,-0.0018203611252829432,0.0018203804502263665,10,10
62,-0.00022959790658205748,0.0002296009479323402,10,10
63,-0.0019084529485553503,0.0019084727391600609,10,10
64,-0.0010094079189002514,0.0010094133904203773,10,10
65,-0.0009389715269207954,0.0009389824699610472,10,10
66,-0.001450496376492083,0.0014442657120525837,10,10
67,-0.0017844074172899127,0.0017844371031969786,10,10
68,-0.0024521169252693653,0.002452138578519225,10,10
69,-0.0013188994489610195,0.0013188961893320084,10,10
70,-0.0021799916867166758,0.002180001698434353,10,10
71,-0.00199572229757905,0.0019957448821514845,10,10
72,-0.0036546082701534033,0.003654605709016323,10,10
73,-0.0024448514450341463,0.0024448512122035027,10,10
74,-0.0023771370761096478,0.002377154538407922,10,10
75,-0.003577880561351776,0.0035779038444161415,10,10
0,0.023432791233062744,0.023432819172739983,0,10
1,0.02355147711932659,0.023551516234874725,0,10
2,0.025795258581638336,0.02579529769718647,0,10
3,0.023014824837446213,0.023014862090349197,0,10
4,0.024790985509753227,0.02479100413620472,0,10
5,0.0205237939953804,0.02052382566034794,0,10
6,0.021776847541332245,0.021776875481009483,0,10
7,0.01836153119802475,0.018361549824476242,0,10
8,0.01747378334403038,0.017473815008997917,0,10
9,0.015041273087263107,0.015041292645037174,0,10
10,0.012590384110808372,0.012590408325195312,0,10
11,0.012282788753509521,0.01228281855583191,0,10
12,0.012342938221991062,0.012342959642410278,0,10
13,0.009139756672084332,0.009139795787632465,0,10
14,0.009216871112585068,0.00921689160168171,0,10
15,0.006318878382444382,0.006318912375718355,0,10
16,0.005956373643130064,0.0059563894756138325,0,10
17,0.005344710778445005,0.005344732664525509,0,10
18,0.006591928191483021,0.006591955665498972,0,10
19,0.004630675073713064,0.004630704876035452,0,10
20,0.0038726278580725193,0.003872650908306241,0,10
21,0.005049681290984154,0.005049712490290403,0,10
22,0.003983789589256048,0.003983817994594574,0,10
23,0.004295590799301863,0.004295610822737217,0,10
24,0.003490214701741934,0.003490221919491887,0,10
25,0.002789389109238982,0.002789408201351762,0,10
26,0.003294756170362234,0.003294774331152439,0,10
27,0.002239852910861373,0.002239881781861186,0,10
28,0.0027910976205021143,0.002791106700897217,0,10
29,0.0026098585221916437,0.0026098720263689756,0,10
30,0.0023879078216850758,0.0023879066575318575,0,10
31,0.0010118880309164524,0.0010119080543518066,0,10
32,0.0012533760163933039,0.0012533745029941201,0,10
33,0.001154366647824645,0.001154392841272056,0,10
34,0.0019197830697521567,0.0019198060035705566,0,10
35,0.0008302289061248302,0.0008302513160742819,0,10
36,-0.0004592716577462852,0.0004593025951180607,10,10
37,-0.00011617572454269975,0.00011618356802500784,10,10
38,0.0004896398168057203,0.000489652156829834,0,10
39,0.0007318095886148512,0.0007318258285522461,0,10
40,0.0013041258789598942,0.0013041496276855469,0,10
41,-0.0004914933233521879,0.0004914828459732234,10,10
42,0.0008827746496535838,0.0008827685960568488,0,10
43,0.0008242800831794739,0.0008243041229434311,0,10
44,0.00045371538726612926,0.00045371055603027344,0,10
45,-0.00010560073133092374,0.00010562608804320917,10,10
46,-0.00014147019828669727,0.00014145529712550342,10,10
47,0.0003230376751162112,0.0003230571746826172,0,10
48,-0.0006389215122908354,0.0006389424088411033,10,10
49,0.0008818329079076648,0.0008818507194519043,0,10
50,-0.00040436070412397385,0.0004043847438879311,10,10
51,0.00021286409173626453,0.00021284818649291992,0,10
52,-0.0010311937658116221,0.0010312044760212302,10,10
53,0.0006124827777966857,0.0006124973297119141,0,10
54,-0.0016221789410337806,0.001622161129489541,10,10
55,-0.0003510531969368458,0.0003510499373078346,10,10
56,-0.00015576797886751592,0.00015574481221847236,10,10
57,-0.0003558077441994101,0.0003558294556569308,10,10
58,-0.0008373302989639342,0.0008373390301130712,10,10
59,-3.5149409086443484e-05,3.517285222187638e-05,10,10
60,-0.0012041330337524414,0.0012041573645547032,10,10
61,-0.0018203611252829432,0.0018203741637989879,10,10
62,-0.00022959790658205748,0.00020864811085630208,10,10
63,-0.0019084529485553503,0.0019084799569100142,10,10
64,-0.0010094079189002514,0.001009428990073502,10,10
65,-0.0009389715269207954,0.0009389982442371547,10,10
66,-0.001450496376492083,0.0014505124418064952,10,10
67,-0.0017844074172899127,0.0017844227841123939,10,10
68,-0.0024521169252693653,0.0024521437007933855,10,10
69,-0.0013188994489610195,0.0013189163291826844,10,10
70,-0.0021799916867166758,0.0021799635142087936,10,10
71,-0.00199572229757905,0.001995692728087306,10,10
72,-0.0036546082701534033,0.0036546350456774235,10,10
73,-0.0024448514450341463,0.0024448696058243513,10,10
74,-0.0023771370761096478,0.0023771622218191624,10,10
75,-0.003577880561351776,0.003577880095690489,10,10
76,-0.004466542508453131,0.004466545768082142,10,10
0,0.023432791233062744,0.023432813584804535,0,10
1,0.02355147711932659,0.02355150505900383,0,10
2,0.025795258581638336,0.025795282796025276,0,10
3,0.023014824837446213,0.023014849051833153,0,10
4,0.024790985509753227,0.024791020900011063,0,10
5,0.0205237939953804,0.020523812621831894,0,10
6,0.021776847541332245,0.021776875481009483,0,10
7,0.01836153119802475,0.018361561000347137,0,10
8,0.01747378334403038,0.017473813146352768,0,10
9,0.015041273087263107,0.0150412917137146,0,10
10,0.012590384110808372,0.012590424157679081,0,10
11,0.012282788753509521,0.012282823212444782,0,10
12,0.012342938221991062,0.012342971749603748,0,10
13,0.009139756672084332,0.009139776229858398,0,10
14,0.009216871112585068,0.009216897189617157,0,10
15,0.006318878382444382,0.006318908650428057,0,10
16,0.005956373643130064,0.005956386681646109,0,10
17,0.005344710778445005,0.0053447517566382885,0,10
18,0.006591928191483021,0.00659195939078927,0,10
19,0.004630675073713064,0.004630690906196833,0,10
20,0.0038726278580725193,0.0038726592902094126,0,10
21,0.005049681290984154,0.005049705505371094,0,10
22,0.003983789589256048,0.003983802627772093,0,10
23,0.004295590799301863,0.004295608028769493,0,10
24,0.003490214701741934,0.0034902438055723906,0,10
25,0.002789389109238982,0.0027894112281501293,0,10
26,0.003294756170362234,0.003294781781733036,0,10
27,0.002239852910861373,0.002239823341369629,0,10
28,0.0027910976205021143,0.0027911211363971233,0,10
29,0.0026098585221916437,0.0026098566595464945,0,10
30,0.0023879078216850758,0.002387920394539833,0,10
31,0.0010118880309164524,0.0010119080543518066,0,10
32,0.0012533760163933039,0.0012533928966149688,0,10
33,0.001154366647824645,0.0011543631553649902,0,10
34,0.0019197830697521567,0.0019198060035705566,0,10
35,0.0008302289061248302,0.000830233097076416,0,10
36,-0.0004592716577462852,0.0004592817567754537,10,10
37,-0.00011617572454269975,0.00011616413394222036,10,10
38,0.0004896398168057203,0.000489652156829834,0,10
39,0.0007318095886148512,0.0007318258285522461,0,10
40,0.0013041258789598942,0.0013041496276855469,0,10
41,-0.0004914933233521879,0.0004915117169730365,10,10
42,0.0008827746496535838,0.0008828043937683105,0,10
43,0.0008242800831794739,0.000824272632598877,0,10
44,0.00045371538726612926,0.00045371055603027344,0,10
45,-0.00010560073133092374,9.060551383299753e-05,10,10
46,-0.00014147019828669727,0.00014145697059575468,10,10
47,0.0003230376751162112,0.0003230571746826172,0,10
48,-0.0006389215122908354,0.0006388963083736598,10,10
49,0.0008818329079076648,0.0008818507194519043,0,10
50,-0.00040436070412397385,0.00040437784628011286,10,10
51,0.00021286409173626453,0.0002128485357388854,0,10
52,-0.0010311937658116221,0.0010312226368114352,10,10
53,0.0006124827777966857,0.0006125105428509414,0,10
54,-0.0016221789410337806,0.0016221797559410334,10,10
55,-0.0003510531969368458,0.0003510514216031879,10,10
56,-0.00015576797886751592,0.00015577455633319914,10,10
57,-0.0003558077441994101,0.00035583419958129525,10,10
58,-0.0008373302989639342,0.0008373596938326955,10,10
59,-3.5149409086443484e-05,3.514122363412753e-05,10,10
60,-0.0012041330337524414,0.0012041284935548902,10,10
61,-0.0018203611252829432,0.001820374745875597,10,10
62,-0.00022959790658205748,0.00022958606132306159,10,10
63,-0.0019084529485553503,0.001908434322103858,10,10
64,-0.0010094079189002514,0.001009428990073502,10,10
65,-0.0009389715269207954,0.000938991317525506,10,10
66,-0.001450496376492083,0.0014504891587421298,10,10
67,-0.0017844074172899127,0.0017844118410721421,10,10
68,-0.0024521169252693653,0.0024521267041563988,10,10
69,-0.0013188994489610195,0.0013188765151426196,10,10
70,-0.0021799916867166758,0.00218001171015203,10,10
71,-0.00199572229757905,0.001995702972635627,10,10
72,-0.0036546082701534033,0.0036545863840729,10,10
73,-0.0024448514450341463,0.0024448600597679615,10,10
74,-0.0023771370761096478,0.0023771673440933228,10,10
75,-0.003577880561351776,0.0035778931342065334,10,10
76,-0.004466542508453131,0.004466558340936899,10,10
77,-0.004253488965332508,0.004178800620138645,10,10
0,0.023432791233062744,0.023432821035385132,0,10
1,0.02355147711932659,0.02355150692164898,0,10
2,0.025795258581638336,0.02579527348279953,0,10
3,0.023014824837446213,0.02301483415067196,0,10
4,0.024790985509753227,0.02479103021323681,0,10
5,0.0205237939953804,0.020523816347122192,0,10
6,0.021776847541332245,0.021776864305138588,0,10
7,0.01836153119802475,0.018361564725637436,0,10
8,0.01747378334403038,0.017473813146352768,0,10
9,0.015041273087263107,0.01504130195826292,0,10
10,0.012590384110808372,0.012590411119163036,0,10
11,0.012282788753509521,0.012282808311283588,0,10
12,0.012342938221991062,0.012342967092990875,0,10
13,0.009139756672084332,0.009139777161180973,0,10
14,0.009216871112585068,0.00921690370887518,0,10
15,0.006318878382444382,0.0063189053907990456,0,10
16,0.005956373643130064,0.005956393666565418,0,10
17,0.005344710778445005,0.005344735458493233,0,10
18,0.006591928191483021,0.006591951008886099,0,10
19,0.004630675073713064,0.004630697891116142,0,10
20,0.0038726278580725193,0.003872657660394907,0,10
21,0.005049681290984154,0.005049707368016243,0,10
22,0.003983789589256048,0.003983811009675264,0,10
23,0.004295590799301863,0.004295618273317814,0,10
24,0.003490214701741934,0.003490235423669219,0,10
25,0.002789389109238982,0.0027894102968275547,0,10
26,0.003294756170362234,0.003294769674539566,0,10
27,0.002239852910861373,0.002239825204014778,0,10
28,0.0027910976205021143,0.002791106700897217,0,10
29,0.0026098585221916437,0.002609892515465617,0,10
30,0.0023879078216850758,0.002387882210314274,0,10
31,0.0010118880309164524,0.0010119080543518066,0,10
32,0.0012533760163933039,0.001253366470336914,0,10
33,0.001154366647824645,0.0011543631553649902,0,10
34,0.0019197830697521567,0.0019198060035705566,0,10
35,0.0008302289061248302,0.000830233097076416,0,10
36,-0.0004592716577462852,0.0004592873447109014,10,10
37,-0.00011617572454269975,0.00011619618453551084,10,10
38,0.0004896398168057203,0.000489652156829834,0,10
39,0.0007318095886148512,0.0007318258285522461,0,10
40,0.0013041258789598942,0.0013040989870205522,0,10
41,-0.0004914933233521879,0.0004914746386930346,10,10
42,0.0008827746496535838,0.0008828043937683105,0,10
43,0.0008242800831794739,0.0008242985932156444,0,10
44,0.00045371538726612926,0.00045371055603027344,0,10
45,-0.00010560073133092374,0.00010560762166278437,10,10
46,-0.00014147019828669727,0.0001414442522218451,10,10
47,0.0003230376751162112,0.0003230571746826172,0,10
48,-0.0006389215122908354,0.0006389321642927825,10,10
49,0.0008818329079076648,0.0008818507194519043,0,10
50,-0.00040436070412397385,0.0004043454537168145,10,10
51,0.00021286409173626453,0.00021284818649291992,0,10
52,-0.0010311937658116221,0.0010312191443517804,10,10
53,0.0006124827777966857,0.0006124973297119141,0,10
54,-0.0016221789410337806,0.0016221647383645177,10,10
55,-0.0003510531969368458,0.0003510238020680845,10,10
56,-0.00015576797886751592,0.00015576339501421899,10,10
57,-0.0003558077441994101,0.00035582372220233083,10,10
58,-0.0008373302989639342,0.0008373442688025534,10,10
59,-3.5149409086443484e-05,3.514925992931239e-05,10,10
60,-0.0012041330337524414,0.0012041297741234303,10,10
61,-0.0018203611252829432,0.0018203806830570102,10,10
62,-0.00022959790658205748,0.0002296168968314305,10,10
63,-0.0019084529485553503,0.0019084640080109239,10,10
64,-0.0010094079189002514,0.0010094031458720565,10,10
65,-0.0009389715269207954,0.0009389562765136361,10,10
66,-0.001450496376492083,0.0014504846185445786,10,10
67,-0.0017844074172899127,0.0017844275571405888,10,10
68,-0.0024521169252693653,0.0024521099403500557,10,10
69,-0.0013188994489610195,0.0013189256424084306,10,10
70,-0.0021799916867166758,0.002180008450523019,10,10
71,-0.00199572229757905,0.001995733706280589,10,10
72,-0.0036546082701534033,0.0036545919720083475,10,10
73,-0.0024448514450341463,0.0024448649492114782,10,10
74,-0.0023771370761096478,0.002377111930400133,10,10
75,-0.003577880561351776,0.0035778761375695467,10,10
76,-0.004466542508453131,0.004466520622372627,10,10
77,-0.004253488965332508,0.004253497812896967,10,10
78,-0.0037432226818054914,0.0037432448007166386,10,10
0,0.023432791233062744,0.02343282848596573,0,10
1,0.02355147711932659,0.02355150878429413,0,10
2,0.025795258581638336,0.02579529583454132,0,10
3,0.023014824837446213,0.023014860227704048,0,10
4,0.024790985509753227,0.02479102648794651,0,10
5,0.0205237939953804,0.020523831248283386,0,10
6,0.021776847541332245,0.02177688665688038,0,10
7,0.01836153119802475,0.01836155541241169,0,10
8,0.01747378334403038,0.01747381128370762,0,10
9,0.015041273087263107,0.015041308477520943,0,10
10,0.012590384110808372,0.012590414844453335,0,10
11,0.012282788753509521,0.012282799929380417,0,10
12,0.012342938221991062,0.012342967092990875,0,10
13,0.009139756672084332,0.009139777161180973,0,10
14,0.009216871112585068,0.00921689998358488,0,10
15,0.006318878382444382,0.00631890119984746,0,10
16,0.005956373643130064,0.005956402979791164,0,10
17,0.005344710778445005,0.005344733130186796,0,10
18,0.006591928191483021,0.006591946352273226,0,10
19,0.004630675073713064,0.004630695097148418,0,10
20,0.0038726278580725193,0.00387263554148376,0,10
21,0.005049681290984154,0.005049707368016243,0,10
22,0.003983789589256048,0.0039838217198848724,0,10
23,0.004295590799301863,0.0042956131510436535,0,10
24,0.003490214701741934,0.0034902342595160007,0,10
25,0.002789389109238982,0.0027893967926502228,0,10
26,0.003294756170362234,0.0032947659492492676,0,10
27,0.002239852910861373,0.0022398713044822216,0,10
28,0.0027910976205021143,0.0027911076322197914,0,10
29,0.0026098585221916437,0.0026098836679011583,0,10
30,0.0023879078216850758,0.00238790106959641,0,10
31,0.0010118880309164524,0.0010119080543518066,0,10
32,0.0012533760163933039,0.001253366470336914,0,10
33,0.001154366647824645,0.0011543631553649902,0,10
34,0.0019197830697521567,0.0019198060035705566,0,10
35,0.0008302289061248302,0.000830233097076416,0,10
36,-0.0004592716577462852,0.00045926767052151263,10,10
37,-0.00011617572454269975,0.00011617627023952082,10,10
38,0.0004896398168057203,0.000489652156829834,0,10
39,0.0007318095886148512,0.0007318258285522461,0,10
40,0.0013041258789598942,0.0013041496276855469,0,10
41,-0.0004914933233521879,0.0004915171302855015,10,10
42,0.0008827746496535838,0.0008828043937683105,0,10
43,0.0008242800831794739,0.000824272632598877,0,10
44,0.00045371538726612926,0.0004536941705737263,0,10
45,-0.00010560073133092374,0.00010557410132605582,10,10
46,-0.00014147019828669727,0.0001414758007740602,10,10
47,0.0003230376751162112,0.0003230571746826172,0,10
48,-0.0006389215122908354,0.000638921745121479,10,10
49,0.0008818329079076648,0.0008818507194519043,0,10
50,-0.00040436070412397385,0.0004043724911753088,10,10
51,0.00021286409173626453,0.00021284818649291992,0,10
52,-0.0010311937658116221,0.001031183172017336,10,10
53,0.0006124827777966857,0.0006124973297119141,0,10
54,-0.0016221789410337806,0.0016222107224166393,10,10
55,-0.0003510531969368458,0.0003510573587846011,10,10
56,-0.00015576797886751592,0.00015575994621030986,10,10
57,-0.0003558077441994101,0.0003558329481165856,10,10
58,-0.0008373302989639342,0.0008373570162802935,10,10
59,-3.5149409086443484e-05,3.5182107239961624e-05,10,10
60,-0.0012041330337524414,0.001204153522849083,10,10
61,-0.0018203611252829432,0.001820387551560998,10,10
62,-0.00022959790658205748,0.0002296228485647589,10,10
63,-0.0019084529485553503,0.0019084340892732143,10,10
64,-0.0010094079189002514,0.001009430387057364,10,10
65,-0.0009389715269207954,0.0009389659971930087,10,10
66,-0.001450496376492083,0.0014504902064800262,10,10
67,-0.0017844074172899127,0.0017844176618382335,10,10
68,-0.0024521169252693653,0.0024521276354789734,10,10
69,-0.0013188994489610195,0.0013189084129408002,10,10
70,-0.0021799916867166758,0.0021799972746521235,10,10
71,-0.00199572229757905,0.00199569808319211,10,10
72,-0.0036546082701534033,0.003654640633612871,10,10
73,-0.0024448514450341463,0.0024448460899293423,10,10
74,-0.0023771370761096478,0.0023771370761096478,10,10
75,-0.003577880561351776,0.0035778905730694532,10,10
76,-0.004466542508453131,0.004466550890356302,10,10
77,-0.004253488965332508,0.0042534940876066685,10,10
78,-0.0037432226818054914,0.0037432315293699503,10,10
79,-0.003625415964052081,0.0036254399456083775,10,10
0,0.023432791233062744,0.02343282289803028,0,10
1,0.02355147711932659,0.023551495745778084,0,10
2,0.025795258581638336,0.025795267894864082,0,10
3,0.023014824837446213,0.023014845326542854,0,10
4,0.024790985509753227,0.024791009724140167,0,10
5,0.0205237939953804,0.020523840561509132,0,10
6,0.021776847541332245,0.021776868030428886,0,10
7,0.01836153119802475,0.018361570313572884,0,10
8,0.01747378334403038,0.01747381128370762,0,10
9,0.015041273087263107,0.015041293576359749,0,10
10,0.012590384110808372,0.012590412981808186,0,10
11,0.012282788753509521,0.01228279247879982,0,10
12,0.012342938221991062,0.012342962436378002,0,10
13,0.009139756672084332,0.009139783680438995,0,10
14,0.009216871112585068,0.00921690370887518,0,10
15,0.006318878382444382,0.006318911910057068,0,10
16,0.005956373643130064,0.005956392269581556,0,10
17,0.005344710778445005,0.005344734527170658,0,10
18,0.006591928191483021,0.0065919565968215466,0,10
19,0.004630675073713064,0.004630685318261385,0,10
20,0.0038726278580725193,0.0038726364728063345,0,10
21,0.005049681290984154,0.005049706436693668,0,10
22,0.003983789589256048,0.00398381520062685,0,10
23,0.004295590799301863,0.0042956117540597916,0,10
24,0.003490214701741934,0.003490227973088622,0,10
25,0.002789389109238982,0.0027894116938114166,0,10
26,0.003294756170362234,0.0032947862055152655,0,10
27,0.002239852910861373,0.0022398647852241993,0,10
28,0.0027910976205021143,0.002791106700897217,0,10
29,0.0026098585221916437,0.0026098608504980803,0,10
30,0.0023879078216850758,0.0023879273794591427,0,10
31,0.0010118880309164524,0.0010119080543518066,0,10
32,0.0012533760163933039,0.001253366470336914,0,10
33,0.001154366647824645,0.0011543631553649902,0,10
34,0.0019197830697521567,0.0019198060035705566,0,10
35,0.0008302289061248302,0.0008302475907839835,0,10
36,-0.0004592716577462852,0.00045929430052638054,10,10
37,-0.00011617572454269975,0.00011617794370977208,10,10
38,0.0004896398168057203,0.000489652156829834,0,10
39,0.0007318095886148512,0.0007318258285522461,0,10
40,0.0013041258789598942,0.0013041496276855469,0,10
41,-0.0004914933233521879,0.0004914951277896762,10,10
42,0.0008827746496535838,0.0008828043937683105,0,10
43,0.0008242800831794739,0.0008242795593105257,0,10
44,0.00045371538726612926,0.00045371055603027344,0,10
45,-0.00010560073133092374,0.00010077867773361504,10,10
46,-0.00014147019828669727,0.00014148454647511244,10,10
47,0.0003230376751162112,0.00032306459615938365,0,10
48,-0.0006389215122908354,0.0006389463087543845,10,10
49,0.0008818329079076648,0.0008098489488475025,0,10
50,-0.00040436070412397385,0.0003786554734688252,10,10
51,0.00021286409173626453,0.00021284818649291992,0,10
52,-0.0010311937658116221,0.0010312149534001946,10,10
53,0.0006124827777966857,0.0006124973297119141,0,10
54,-0.0016221789410337806,0.0016221613623201847,10,10
55,-0.0003510531969368458,0.00035106088034808636,10,10
56,-0.00015576797886751592,0.00015579682076349854,10,10
57,-0.0003558077441994101,0.00035577930975705385,10,10
58,-0.0008373302989639342,0.000837323721498251,10,10
59,-3.5149409086443484e-05,3.513508272590116e-05,10,10
60,-0.0012041330337524414,0.0012041454901918769,10,10
61,-0.0018203611252829432,0.0018203792860731483,10,10
62,-0.00022959790658205748,0.00022960944625083357,10,10
63,-0.0019084529485553503,0.0019084472442045808,10,10
64,-0.0010094079189002514,0.0010093802120536566,10,10
65,-0.0009389715269207954,0.0009389961487613618,10,10
66,-0.001450496376492083,0.0014505157014355063,10,10
67,-0.0017844074172899127,0.001784435473382473,10,10
68,-0.0024521169252693653,0.0024521357845515013,10,10
69,-0.0013188994489610195,0.0013189198216423392,10,10
70,-0.0021799916867166758,0.0021800026297569275,10,10
71,-0.00199572229757905,0.0019957516342401505,10,10
72,-0.0036546082701534033,0.0036546215415000916,10,10
73,-0.0024448514450341463,0.002444843528792262,10,10
74,-0.0023771370761096478,0.0023771459236741066,10,10
75,-0.003577880561351776,0.0035778998862951994,10,10
76,-0.004466542508453131,0.004466574173420668,10,10
77,-0.004253488965332508,0.004253489430993795,10,10
78,-0.0037432226818054914,0.003743231063708663,10,10
79,-0.003625415964052081,0.0036254082806408405,10,10
80,-0.0046573663130402565,0.004657376557588577,10,10
0,0.023432791233062744,0.023432796820998192,0,10
1,0.02355147711932659,0.023551490157842636,0,10
2,0.025795258581638336,0.02579530142247677,0,10
3,0.023014824837446213,0.02301485277712345,0,10
4,0.024790985509753227,0.024791015312075615,0,10
5,0.0205237939953804,0.02052381820976734,0,10
6,0.021776847541332245,0.02177688665688038,0,10
7,0.01836153119802475,0.01836155727505684,0,10
8,0.01747378334403038,0.017473826184868813,0,10
9,0.015041273087263107,0.0150412917137146,0,10
10,0.012590384110808372,0.012590416707098484,0,10
11,0.012282788753509521,0.012282810173928738,0,10
12,0.012342938221991062,0.012342969886958599,0,10
13,0.009139756672084332,0.009139777161180973,0,10
14,0.009216871112585068,0.009216895326972008,0,10
15,0.006318878382444382,0.006318890489637852,0,10
16,0.005956373643130064,0.0059564015828073025,0,10
17,0.005344710778445005,0.005344732664525509,0,10
18,0.006591928191483021,0.006591960322111845,0,10
19,0.004630675073713064,0.004630702547729015,0,10
20,0.0038726278580725193,0.0038726578932255507,0,10
21,0.005049681290984154,0.005049705505371094,0,10
22,0.003983789589256048,0.0039838096126914024,0,10
23,0.004295590799301863,0.004295604769140482,0,10
24,0.003490214701741934,0.003490230068564415,0,10
25,0.002789389109238982,0.002789414022117853,0,10
26,0.003294756170362234,0.0032947873696684837,0,10
27,0.002239852910861373,0.0022398633882403374,0,10
28,0.0027910976205021143,0.0027911176439374685,0,10
29,0.0026098585221916437,0.002609848976135254,0,10
30,0.0023879078216850758,0.0023878812789916992,0,10
31,0.0010118880309164524,0.0010119080543518066,0,10
32,0.0012533760163933039,0.0012533948756754398,0,10
33,0.001154366647824645,0.0011543631553649902,0,10
34,0.0019197830697521567,0.0019198060035705566,0,10
35,0.0008302289061248302,0.000830233097076416,0,10
36,-0.0004592716577462852,0.0004592898767441511,10,10
37,-0.00011617572454269975,0.00011618243297562003,10,10
38,0.0004896398168057203,0.0004896596074104309,0,10
39,0.0007318095886148512,0.0007318258285522461,0,10
40,0.0013041258789598942,0.001304126693867147,0,10
41,-0.0004914933233521879,0.0004915072931908071,10,10
42,0.0008827746496535838,0.0008827927522361279,0,10
43,0.0008242800831794739,0.000824272632598877,0,10
44,0.00045371538726612926,0.00045371672604233027,0,10
45,-0.00010560073133092374,0.00010559051588643342,10,10
46,-0.00014147019828669727,0.0001415015576640144,10,10
47,0.0003230376751162112,0.0003230571746826172,0,10
48,-0.0006389215122908354,0.000638905621599406,10,10
49,0.0008818329079076648,0.0008818507194519043,0,10
50,-0.00040436070412397385,0.00040436649578623474,10,10
51,0.00021286409173626453,0.0002128545893356204,0,10
52,-0.0010311937658116221,0.0010311960941180587,10,10
53,0.0006124827777966857,0.0005818009376525879,0,10
54,-0.0016221789410337806,0.001622181385755539,10,10
55,-0.0003510531969368458,0.00035106553696095943,10,10
56,-0.00015576797886751592,0.00015578974853269756,10,10
57,-0.0003558077441994101,0.0003558101016096771,10,10
58,-0.0008373302989639342,0.0008373497985303402,10,10
59,-3.5149409086443484e-05,3.5146193113178015e-05,10,10
60,-0.0012041330337524414,0.0012041570153087378,10,10
61,-0.0018203611252829432,0.0018203830113634467,10,10
62,-0.00022959790658205748,0.00022960928617976606,10,10
63,-0.0019084529485553503,0.0019084743689745665,10,10
64,-0.0010094079189002514,0.0010093925520777702,10,10
65,-0.0009389715269207954,0.0009389614569954574,10,10
66,-0.001450496376492083,0.0014505075523629785,10,10
67,-0.0017844074172899127,0.0017844311660155654,10,10
68,-0.0024521169252693653,0.0024521066807210445,10,10
69,-0.0013188994489610195,0.0013189194723963737,10,10
70,-0.0021799916867166758,0.002180014504119754,10,10
71,-0.00199572229757905,0.0019957497715950012,10,10
72,-0.0036546082701534033,0.003654614556580782,10,10
73,-0.0024448514450341463,0.0024448379408568144,10,10
74,-0.0023771370761096478,0.002377152442932129,10,10
75,-0.003577880561351776,0.0035778891760855913,10,10
76,-0.004466542508453131,0.0044665648601949215,10,10
77,-0.004253488965332508,0.004253484308719635,10,10
78,-0.0037432226818054914,0.0037431938108056784,10,10
79,-0.003625415964052081,0.003625457873567939,10,10
80,-0.0046573663130402565,0.0046573830768466,10,10
81,-0.005654032342135906,0.00565405422821641,10,10
0,0.023432791233062744,0.02343282289803028,0,10
1,0.02355147711932659,0.023551492020487785,0,10
2,0.025795258581638336,0.025795308873057365,0,10
3,0.023014824837446213,0.023014884442090988,0,10
4,0.024790985509753227,0.02479102835059166,0,10
5,0.0205237939953804,0.02052382193505764,0,10
6,0.021776847541332245,0.021776892244815826,0,10
7,0.01836153119802475,0.018361566588282585,0,10
8,0.01747378334403038,0.017473813146352768,0,10
9,0.015041273087263107,0.015041300095617771,0,10
10,0.012590384110808372,0.01259041391313076,0,10
11,0.012282788753509521,0.012282808311283588,0,10
12,0.012342938221991062,0.012342963367700577,0,10
13,0.009139756672084332,0.009139792062342167,0,10
14,0.009216871112585068,0.009216885082423687,0,10
15,0.006318878382444382,0.006318908184766769,0,10
16,0.005956373643130064,0.005956414621323347,0,10
17,0.005344710778445005,0.005344725679606199,0,10
18,0.006591928191483021,0.006591943558305502,0,10
19,0.004630675073713064,0.004630701616406441,0,10
20,0.0038726278580725193,0.0038726411294192076,0,10
21,0.005049681290984154,0.0050497110933065414,0,10
22,0.003983789589256048,0.003983795642852783,0,10
23,0.004295590799301863,0.004295609425753355,0,10
24,0.003490214701741934,0.0034902398474514484,0,10
25,0.002789389109238982,0.002789410063996911,0,10
26,0.003294756170362234,0.0032947955187410116,0,10
27,0.002239852910861373,0.0022398733999580145,0,10
28,0.0027910976205021143,0.002791115315631032,0,10
29,0.0026098585221916437,0.002609861548990011,0,10
30,0.0023879078216850758,0.0023878917563706636,0,10
31,0.0010118880309164524,0.0010119080543518066,0,10
32,0.0012533760163933039,0.001253366470336914,0,10
33,0.001154366647824645,0.0011543631553649902,0,10
34,0.0019197830697521567,0.0019198060035705566,0,10
35,0.0008302289061248302,0.000830233097076416,0,10
36,-0.0004592716577462852,0.0004592957557179034,10,10
37,-0.00011617572454269975,0.00011617326526902616,10,10
38,0.0004896398168057203,0.000489652156829834,0,10
39,0.0007318095886148512,0.0007318258285522461,0,10
40,0.0013041258789598942,0.0013041496276855469,0,10
41,-0.0004914933233521879,0.0004915046156384051,10,10
42,0.0008827746496535838,0.0008828043937683105,0,10
43,0.0008242800831794739,0.000824272632598877,0,10
44,0.00045371538726612926,0.00045371204032562673,0,10
45,-0.00010560073133092374,0.00010559608926996589,10,10
46,-0.00014147019828669727,0.00014145448221825063,10,10
47,0.0003230376751162112,0.0003230571746826172,0,10
48,-0.0006389215122908354,0.0006389134796336293,10,10
49,0.0008818329079076648,0.0008436542702838778,0,10
50,-0.00040436070412397385,0.00040433675167150795,10,10
51,0.00021286409173626453,0.00021289063442964107,0,10
52,-0.0010311937658116221,0.0010312041267752647,10,10
53,0.0006124827777966857,0.0006124996580183506,0,10
54,-0.0016221789410337806,0.0016221863916143775,10,10
55,-0.0003510531969368458,0.00035107339499518275,10,10
56,-0.00015576797886751592,0.00015203079965431243,10,10
57,-0.0003558077441994101,0.00035577957169152796,10,10
58,-0.0008373302989639342,0.0008373420569114387,10,10
59,-3.5149409086443484e-05,3.5176752135157585e-05,10,10
60,-0.0012041330337524414,0.001204160158522427,10,10
61,-0.0018203611252829432,0.001820375444367528,10,10
62,-0.00022959790658205748,0.00022958932095207274,10,10
63,-0.0019084529485553503,0.0019084635423496366,10,10
64,-0.0010094079189002514,0.001009434345178306,10,10
65,-0.0009389715269207954,0.0009389986516907811,10,10
66,-0.001450496376492083,0.0014504906721413136,10,10
67,-0.0017844074172899127,0.00178441870957613,10,10
68,-0.0024521169252693653,0.0024521213490515947,10,10
69,-0.0013188994489610195,0.001318889087997377,10,10
70,-0.0021799916867166758,0.002180014504119754,10,10
71,-0.00199572229757905,0.001995742553845048,10,10
72,-0.0036546082701534033,0.003654622472822666,10,10
73,-0.0024448514450341463,0.002444823505356908,10,10
74,-0.0023771370761096478,0.0023771284613758326,10,10
75,-0.003577880561351776,0.0035778803285211325,10,10
76,-0.004466542508453131,0.0044665527530014515,10,10
77,-0.004253488965332508,0.004253505263477564,10,10
78,-0.0037432226818054914,0.0037432010285556316,10,10
79,-0.003625415964052081,0.0033035932574421167,10,10
80,-0.0046573663130402565,0.004657371900975704,10,10
81,-0.005654032342135906,0.0056540570221841335,10,10
82,-0.005056930240243673,0.005056923255324364,10,10
0,0.023432791233062744,0.023432809859514236,0,10
1,0.02355147711932659,0.02355150878429413,0,10
2,0.025795258581638336,0.02579530142247677,0,10
3,0.023014824837446213,0.023014847189188004,0,10
4,0.024790985509753227,0.024791022762656212,0,10
5,0.0205237939953804,0.02052381820976734,0,10
6,0.021776847541332245,0.02177688106894493,0,10
7,0.01836153119802475,0.018361566588282585,0,10
8,0.01747378334403038,0.017473800107836723,0,10
9,0.015041273087263107,0.015041305683553219,0,10
10,0.012590384110808372,0.01259041391313076,0,10
11,0.012282788753509521,0.01228281483054161,0,10
12,0.012342938221991062,0.012342957779765129,0,10
13,0.009139756672084332,0.009139789268374443,0,10
14,0.009216871112585068,0.009216907434165478,0,10
15,0.006318878382444382,0.006318903993815184,0,10
16,0.005956373643130064,0.005956405308097601,0,10
17,0.005344710778445005,0.0053447275422513485,0,10
18,0.006591928191483021,0.006591943092644215,0,10
19,0.004630675073713064,0.004630701616406441,0,10
20,0.0038726278580725193,0.0038726357743144035,0,10
21,0.005049681290984154,0.005049707368016243,0,10
22,0.003983789589256048,0.0039838217198848724,0,10
23,0.004295590799301863,0.004295611288398504,0,10
24,0.003490214701741934,0.0034902472980320454,0,10
25,0.002789389109238982,0.002789416117593646,0,10
26,0.003294756170362234,0.003294778987765312,0,10
27,0.002239852910861373,0.0022398806177079678,0,10
28,0.0027910976205021143,0.002791106700897217,0,10
29,0.0026098585221916437,0.0026098748203366995,0,10
30,0.0023879078216850758,0.0023879397194832563,0,10
31,0.0010118880309164524,0.0010119080543518066,0,10
32,0.0012533760163933039,0.001253366470336914,0,10
33,0.001154366647824645,0.0011543631553649902,0,10
34,0.0019197830697521567,0.0019198060035705566,0,10
35,0.0008302289061248302,0.0008302269270643592,0,10
36,-0.0004592716577462852,0.00045927948667667806,10,10
37,-0.00011617572454269975,0.00011619373253779486,10,10
38,0.0004896398168057203,0.0004896702594123781,0,10
39,0.0007318095886148512,0.0007318258285522461,0,10
40,0.0013041258789598942,0.0013040922349318862,0,10
41,-0.0004914933233521879,0.0004914747551083565,10,10
42,0.0008827746496535838,0.0008828043937683105,0,10
43,0.0008242800831794739,0.0008242978365160525,0,10
44,0.00045371538726612926,0.00045371055603027344,0,10
45,-0.00010560073133092374,0.00010561032831901684,10,10
46,-0.00014147019828669727,0.00014147171168588102,10,10
47,0.0003230376751162112,0.0002961881400551647,0,10
48,-0.0006389215122908354,0.0006389349000528455,10,10
49,0.0008818329079076648,0.0008818507194519043,0,10
50,-0.00040436070412397385,0.0004043474909849465,10,10
51,0.00021286409173626453,0.00021284818649291992,0,10
52,-0.0010311937658116221,0.0010312109952792525,10,10
53,0.0006124827777966857,0.0006124973297119141,0,10
54,-0.0016221789410337806,0.0016221991972997785,10,10
55,-0.0003510531969368458,0.00035107109579257667,10,10
56,-0.00015576797886751592,0.00015574430290143937,10,10
57,-0.0003558077441994101,0.00034224093542434275,10,10
58,-0.0008373302989639342,0.0008373314631171525,10,10
59,-3.5149409086443484e-05,3.516785000101663e-05,10,10
60,-0.0012041330337524414,0.0012041260488331318,10,10
61,-0.0018203611252829432,0.0018203750951215625,10,10
62,-0.00022959790658205748,0.0002295727754244581,10,10
63,-0.0019084529485553503,0.0019084594678133726,10,10
64,-0.0010094079189002514,0.0010094193276017904,10,10
65,-0.0009389715269207954,0.0009389858460053802,10,10
66,-0.001450496376492083,0.0014504994032904506,10,10
67,-0.0017844074172899127,0.0017844231333583593,10,10
68,-0.0024521169252693653,0.0024521187879145145,10,10
69,-0.0013188994489610195,0.0013189109740778804,10,10
70,-0.0021799916867166758,0.002179979346692562,10,10
71,-0.00199572229757905,0.001995739759877324,10,10
72,-0.0036546082701534033,0.003654628759250045,10,10
73,-0.0024448514450341463,0.0024448672775179148,10,10
74,-0.0023771370761096478,0.0023771359119564295,10,10
75,-0.003577880561351776,0.0035779078025370836,10,10
76,-0.004466542508453131,0.00446653924882412,10,10
77,-0.004253488965332508,0.004253468941897154,10,10
78,-0.0037432226818054914,0.003743227105587721,10,10
79,-0.003625415964052081,0.003625420853495598,10,10
80,-0.0046573663130402565,0.004657364916056395,10,10
81,-0.005654032342135906,0.00565405935049057,10,10
82,-0.005056930240243673,0.005056948866695166,10,10
83,-0.006138944532722235,0.006138917524367571,10,10
0,0.023432791233062744,0.023432813584804535,0,10
1,0.02355147711932659,0.023551495745778084,0,10
2,0.025795258581638336,0.025795310735702515,0,10
3,0.023014824837446213,0.023014865815639496,0,10
4,0.024790985509753227,0.024791032075881958,0,10
5,0.0205237939953804,0.02052382566034794,0,10
6,0.021776847541332245,0.02177688293159008,0,10
7,0.01836153119802475,0.018361559137701988,0,10
8,0.01747378334403038,0.017473826184868813,0,10
9,0.015041273087263107,0.0150412917137146,0,10
10,0.012590384110808372,0.01259042602032423,0,10
11,0.012282788753509521,0.012282812036573887,0,10
12,0.012342938221991062,0.012342971749603748,0,10
13,0.009139756672084332,0.009139785543084145,0,10
14,0.009216871112585068,0.009216881357133389,0,10
15,0.006318878382444382,0.006318910047411919,0,10
16,0.005956373643130064,0.005956402979791164,0,10
17,0.005344710778445005,0.00534474104642868,0,10
18,0.006591928191483021,0.006591949611902237,0,10
19,0.004630675073713064,0.0046306937001645565,0,10
20,0.0038726278580725193,0.0038726648781448603,0,10
21,0.005049681290984154,0.005049705505371094,0,10
22,0.003983789589256048,0.003983807284384966,0,10
23,0.004295590799301863,0.004295604303479195,0,10
24,0.003490214701741934,0.0034902433399111032,0,10
25,0.002789389109238982,0.0027894251979887486,0,10
26,0.003294756170362234,0.0032947659492492676,0,10
27,0.002239852910861373,0.0022398727014660835,0,10
28,0.0027910976205021143,0.002791107166558504,0,10
29,0.0026098585221916437,0.0026098506059497595,0,10
30,0.0023879078216850758,0.0023878857027739286,0,10
31,0.0010118880309164524,0.0010119080543518066,0,10
32,0.0012533760163933039,0.0012533750850707293,0,10
33,0.001154366647824645,0.0011543631553649902,0,10
34,0.0019197830697521567,0.0019198060035705566,0,10
35,0.0008302289061248302,0.000830233097076416,0,10
36,-0.0004592716577462852,0.0004592477635014802,10,10
37,-0.00011617572454269975,0.00011619276483543217,10,10
38,0.0004896398168057203,0.0004896574537269771,0,10
39,0.0007318095886148512,0.0007318258285522461,0,10
40,0.0013041258789598942,0.0013041496276855469,0,10
41,-0.0004914933233521879,0.0004915047320537269,10,10
42,0.0008827746496535838,0.0008828043937683105,0,10
43,0.0008242800831794739,0.000824272632598877,0,10
44,0.00045371538726612926,0.00045371055603027344,0,10
45,-0.00010560073133092374,0.00010561993985902518,10,10
46,-0.00014147019828669727,0.00014150149945635349,10,10
47,0.0003230376751162112,0.000323066720739007,0,10
48,-0.0006389215122908354,0.0006389460759237409,10,10
49,0.0008818329079076648,0.0008818507194519043,0,10
50,-0.00040436070412397385,0.00040439149597659707,10,10
51,0.00021286409173626453,0.00021284818649291992,0,10
52,-0.0010311937658116221,0.0010311879450455308,10,10
53,0.0006124827777966857,0.0006124973297119141,0,10
54,-0.0016221789410337806,0.0016221916303038597,10,10
55,-0.0003510531969368458,0.0003510260139591992,10,10
56,-0.00015576797886751592,0.00015575645375065506,10,10
57,-0.0003558077441994101,0.00035583513090386987,10,10
58,-0.0008373302989639342,0.0008373296004720032,10,10
59,-3.5149409086443484e-05,3.515442585921846e-05,10,10
60,-0.0012041330337524414,0.001204156898893416,10,10
61,-0.0018203611252829432,0.0018203548388555646,10,10
62,-0.00022959790658205748,0.00022958921908866614,10,10
63,-0.0019084529485553503,0.0019084739033132792,10,10
64,-0.0010094079189002514,0.0010094327153638005,10,10
65,-0.0009389715269207954,0.0009389840997755527,10,10
66,-0.001450496376492083,0.0014504666905850172,10,10
67,-0.0017844074172899127,0.0017844324465841055,10,10
68,-0.0024521169252693653,0.002452138112857938,10,10
69,-0.0013188994489610195,0.001318901078775525,10,10
70,-0.0021799916867166758,0.0021462440490722656,10,10
71,-0.00199572229757905,0.001995739061385393,10,10
72,-0.0036546082701534033,0.0036546115297824144,10,10
73,-0.0024448514450341463,0.0024448710028082132,10,10
74,-0.0023771370761096478,0.002377162454649806,10,10
75,-0.003577880561351776,0.003577904310077429,10,10
76,-0.004466542508453131,0.0044665648601949215,10,10
77,-0.004253488965332508,0.00425347127020359,10,10
78,-0.0037432226818054914,0.0037432461977005005,10,10
79,-0.003625415964052081,0.0036254278384149075,10,10
80,-0.0046573663130402565,0.004657352808862925,10,10
81,-0.005654032342135906,0.005654064007103443,10,10
82,-0.005056930240243673,0.005056929308921099,10,10
83,-0.006138944532722235,0.006138971075415611,10,10
84,-0.006895978469401598,0.00689598498865962,10,10
0,0.023432791233062744,0.02343282289803028,0,10
1,0.02355147711932659,0.023551497608423233,0,10
2,0.025795258581638336,0.025795282796025276,0,10
3,0.023014824837446213,0.023014860227704048,0,10
4,0.024790985509753227,0.024791017174720764,0,10
5,0.0205237939953804,0.020523836836218834,0,10
6,0.021776847541332245,0.021776871755719185,0,10
7,0.01836153119802475,0.01836153119802475,0,10
8,0.01747378334403038,0.017473794519901276,0,10
9,0.015041273087263107,0.015041302889585495,0,10
10,0.012590384110808372,0.012590412981808186,0,10
11,0.012282788753509521,0.012282812036573887,0,10
12,0.012342938221991062,0.012342935428023338,0,10
13,0.009139756672084332,0.00913978647440672,0,10
14,0.009216871112585068,0.009216884151101112,0,10
15,0.006318878382444382,0.006318916101008654,0,10
16,0.005956373643130064,0.005956397857517004,0,10
17,0.005344710778445005,0.005344737321138382,0,10
18,0.006591928191483021,0.006591945420950651,0,10
19,0.004630675073713064,0.004630697891116142,0,10
20,0.0038726278580725193,0.003872664412483573,0,10
21,0.005049681290984154,0.00504970783367753,0,10
22,0.003983789589256048,0.0039838156662881374,0,10
23,0.004295590799301863,0.004295609891414642,0,10
24,0.003490214701741934,0.0034902256447821856,0,10
25,0.002789389109238982,0.0027893991209566593,0,10
26,0.003294756170362234,0.0032947773579508066,0,10
27,0.002239852910861373,0.0022398747969418764,0,10
28,0.0027910976205021143,0.002791124861687422,0,10
29,0.0026098585221916437,0.0026098648086190224,0,10
30,0.0023879078216850758,0.0023878987412899733,0,10
31,0.0010118880309164524,0.0010119080543518066,0,10
32,0.0012533760163933039,0.001253366470336914,0,10
33,0.001154366647824645,0.0011543696746230125,0,10
34,0.0019197830697521567,0.0019197690999135375,0,10
35,0.0008302289061248302,0.000830233097076416,0,10
36,-0.0004592716577462852,0.000459267757833004,10,10
37,-0.00011617572454269975,0.00011301670747343451,10,10
38,0.0004896398168057203,0.000489652156829834,0,10
39,0.0007318095886148512,0.0007317968411371112,0,10
40,0.0013041258789598942,0.0013041496276855469,0,10
41,-0.0004914933233521879,0.0004914679448120296,10,10
42,0.0008827746496535838,0.0008827858837321401,0,10
43,0.0008242800831794739,0.000824272632598877,0,10
44,0.00045371538726612926,0.00045371055603027344,0,10
45,-0.00010560073133092374,0.00010557994392002001,10,10
46,-0.00014147019828669727,0.00014144295710138977,10,10
47,0.0003230376751162112,0.0003230571746826172,0,10
48,-0.0006389215122908354,0.0006389176123775542,10,10
49,0.0008818329079076648,0.0008818507194519043,0,10
50,-0.00040436070412397385,0.0004043715598527342,10,10
51,0.00021286409173626453,0.00021287555864546448,0,10
52,-0.0010311937658116221,0.0010312165832147002,10,10
53,0.0006124827777966857,0.0006125010550022125,0,10
54,-0.0016221789410337806,0.001622197451069951,10,10
55,-0.0003510531969368458,0.0003510496171656996,10,10
56,-0.00015576797886751592,0.00015576077566947788,10,10
57,-0.0003558077441994101,0.00035582773853093386,10,10
58,-0.0008373302989639342,0.0008373326272703707,10,10
59,-3.5149409086443484e-05,3.515589196467772e-05,10,10
60,-0.0012041330337524414,0.0012041203444823623,10,10
61,-0.0018203611252829432,0.001820386853069067,10,10
62,-0.00022959790658205748,0.00022960298520047218,10,10
63,-0.0019084529485553503,0.0019084844971075654,10,10
64,-0.0010094079189002514,0.0010093901073560119,10,10
65,-0.0009389715269207954,0.0009389916667714715,10,10
66,-0.001450496376492083,0.001450517331250012,10,10
67,-0.0017844074172899127,0.001784389023669064,10,10
68,-0.0024521169252693653,0.0024521013256162405,10,10
69,-0.0013188994489610195,0.0013189270393922925,10,10
70,-0.0021799916867166758,0.002180004259571433,10,10
71,-0.00199572229757905,0.001995747908949852,10,10
72,-0.0036546082701534033,0.0036546187475323677,10,10
73,-0.0024448514450341463,0.0024448400363326073,10,10
74,-0.0023771370761096478,0.002377126831561327,10,10
75,-0.003577880561351776,0.0035778775345534086,10,10
76,-0.004466542508453131,0.004466536920517683,10,10
77,-0.004253488965332508,0.004253493621945381,10,10
78,-0.0037432226818054914,0.00374324107542634,10,10
79,-0.003625415964052081,0.0036254224833101034,10,10
80,-0.0046573663130402565,0.004657338839024305,10,10
81,-0.005654032342135906,0.0056540463119745255,10,10
82,-0.005056930240243673,0.00505693769082427,10,10
83,-0.006138944532722235,0.00613897480070591,10,10
84,-0.006895978469401598,0.006896005943417549,10,10
85,-0.006614465732127428,0.0066144694574177265,10,10
0,0.023432791233062744,0.023432806134223938,0,10
1,0.02355147711932659,0.023551495745778084,0,10
2,0.025795258581638336,0.025795279070734978,0,10
3,0.023014824837446213,0.02301485650241375,0,10
4,0.024790985509753227,0.02479102462530136,0,10
5,0.0205237939953804,0.020523816347122192,0,10
6,0.021776847541332245,0.021776873618364334,0,10
7,0.01836153119802475,0.018361549824476242,0,10
8,0.01747378334403038,0.01747380755841732,0,10
9,0.015041273087263107,0.015041306614875793,0,10
10,0.012590384110808372,0.012590404599905014,0,10
11,0.012282788753509521,0.012282810173928738,0,10
12,0.012342938221991062,0.012342946603894234,0,10
13,0.009139756672084332,0.009139792993664742,0,10
14,0.009216871112585068,0.009216897189617157,0,10
15,0.006318878382444382,0.00631890632212162,0,10
16,0.005956373643130064,0.005956403445452452,0,10
17,0.005344710778445005,0.00534474290907383,0,10
18,0.006591928191483021,0.0065919579938054085,0,10
19,0.004630675073713064,0.004630692768841982,0,10
20,0.0038726278580725193,0.0038726634811609983,0,10
21,0.005049681290984154,0.005049705505371094,0,10
22,0.003983789589256048,0.003983805887401104,0,10
23,0.004295590799301863,0.004295592196285725,0,10
24,0.003490214701741934,0.003490239614620805,0,10
25,0.002789389109238982,0.0027894156519323587,0,10
26,0.003294756170362234,0.0032947820145636797,0,10
27,0.002239852910861373,0.0022398510482162237,0,10
28,0.0027910976205021143,0.002791112754493952,0,10
29,0.0026098585221916437,0.002609892748296261,0,10
30,0.0023879078216850758,0.002387931104749441,0,10
31,0.0010118880309164524,0.0010119080543518066,0,10
32,0.0012533760163933039,0.0012533796252682805,0,10
33,0.001154366647824645,0.0011543815489858389,0,10
34,0.0019197830697521567,0.0019198112422600389,0,10
35,0.0008302289061248302,0.000830233097076416,0,10
36,-0.0004592716577462852,0.0004592732875607908,10,10
37,-0.00011617572454269975,0.00011617985728662461,10,10
38,0.0004896398168057203,0.000489652156829834,0,10
39,0.0007318095886148512,0.0007318258285522461,0,10
40,0.0013041258789598942,0.0013041496276855469,0,10
41,-0.0004914933233521879,0.0004915031022392213,10,10
42,0.0008827746496535838,0.0008828043937683105,0,10
43,0.0008242800831794739,0.0008242909098044038,0,10
44,0.00045371538726612926,0.00045371055603027344,0,10
45,-0.00010560073133092374,0.0001055805041687563,10,10
46,-0.00014147019828669727,0.00014149553317110986,10,10
47,0.0003230376751162112,0.0003230571746826172,0,10
48,-0.0006389215122908354,0.0006389061454683542,10,10
49,0.0008818329079076648,0.0008818540372885764,0,10
50,-0.00040436070412397385,0.00040437866118736565,10,10
51,0.00021286409173626453,0.00021284818649291992,0,10
52,-0.0010311937658116221,0.0010312168160453439,10,10
53,0.0006124827777966857,0.0006124973297119141,0,10
54,-0.0016221789410337806,0.0016221810365095735,10,10
55,-0.0003510531969368458,0.000351076916558668,10,10
56,-0.00015576797886751592,0.0001557897630846128,10,10
57,-0.0003558077441994101,0.0003558221796993166,10,10
58,-0.0008373302989639342,0.0008373404270969331,10,10
59,-3.5149409086443484e-05,3.5166845918865874e-05,10,10
60,-0.0012041330337524414,0.0012041119625791907,10,10
61,-0.0018203611252829432,0.0018203870858997107,10,10
62,-0.00022959790658205748,0.00021791071048937738,10,10
63,-0.0019084529485553503,0.0019084640080109239,10,10
64,-0.0010094079189002514,0.0010094321332871914,10,10
65,-0.0009389715269207954,0.000938974495511502,10,10
66,-0.001450496376492083,0.001450511859729886,10,10
67,-0.0017844074172899127,0.0017844060203060508,10,10
68,-0.0024521169252693653,0.002452101791277528,10,10
69,-0.0013188994489610195,0.0013189215678721666,10,10
70,-0.0021799916867166758,0.002180006355047226,10,10
71,-0.00199572229757905,0.0019957448821514845,10,10
72,-0.0036546082701534033,0.0036546378396451473,10,10
73,-0.0024448514450341463,0.00244483002461493,10,10
74,-0.0023771370761096478,0.0023771314881742,10,10
75,-0.003577880561351776,0.003577875904738903,10,10
76,-0.004466542508453131,0.004466523882001638,10,10
77,-0.004253488965332508,0.004253508523106575,10,10
78,-0.0037432226818054914,0.003743203356862068,10,10
79,-0.003625415964052081,0.003625422017648816,10,10
80,-0.0046573663130402565,0.004629125818610191,10,10
81,-0.005654032342135906,0.0056540472432971,10,10
82,-0.005056930240243673,0.005056929774582386,10,10
83,-0.006138944532722235,0.006138951517641544,10,10
84,-0.006895978469401598,0.006895979400724173,10,10
85,-0.006614465732127428,0.0066144741140306,10,10
86,-0.007547303568571806,0.007547304965555668,10,10
0,0.023432791233062744,0.023432809859514236,0,10
1,0.02355147711932659,0.023551516234874725,0,10
2,0.025795258581638336,0.02579529583454132,0,10
3,0.023014824837446213,0.023014867678284645,0,10
4,0.024790985509753227,0.02479102648794651,0,10
5,0.0205237939953804,0.020523831248283386,0,10
6,0.021776847541332245,0.021776871755719185,0,10
7,0.01836153119802475,0.018361561000347137,0,10
8,0.01747378334403038,0.017473815008997917,0,10
9,0.015041273087263107,0.0150412917137146,0,10
10,0.012590384110808372,0.012590409256517887,0,10
11,0.012282788753509521,0.012282809242606163,0,10
12,0.012342938221991062,0.01234295591711998,0,10
13,0.009139756672084332,0.00913978461176157,0,10
14,0.009216871112585068,0.009216897189617157,0,10
15,0.006318878382444382,0.0063189007341861725,0,10
16,0.005956373643130064,0.005956393666565418,0,10
17,0.005344710778445005,0.005344735458493233,0,10
18,0.006591928191483021,0.006591970566660166,0,10
19,0.004630675073713064,0.004630685783922672,0,10
20,0.0038726278580725193,0.0038726513739675283,0,10
21,0.005049681290984154,0.005049710627645254,0,10
22,0.003983789589256048,0.003983793780207634,0,10
23,0.004295590799301863,0.004295621067285538,0,10
24,0.003490214701741934,0.003490234725177288,0,10
25,0.002789389109238982,0.0027894109953194857,0,10
26,0.003294756170362234,0.0032947936560958624,0,10
27,0.002239852910861373,0.0022398801520466805,0,10
28,0.0027910976205021143,0.0027911164797842503,0,10
29,0.0026098585221916437,0.0026098538655787706,0,10
30,0.0023879078216850758,0.0023879159707576036,0,10
31,0.0010118880309164524,0.0009790132753551006,0,10
32,0.0012533760163933039,0.001253366470336914,0,10
33,0.001154366647824645,0.0011543683940544724,0,10
34,0.0019197830697521567,0.0019198060035705566,0,10
35,0.0008302289061248302,0.000830233097076416,0,10
36,-0.0004592716577462852,0.0004592874611262232,10,10
37,-0.00011617572454269975,0.00011618620192166418,10,10
38,0.0004896398168057203,0.0004896334721706808,0,10
39,0.0007318095886148512,0.0007318258285522461,0,10
40,0.0013041258789598942,0.0013041496276855469,0,10
41,-0.0004914933233521879,0.0004915264435112476,10,10
42,0.0008827746496535838,0.0008828043937683105,0,10
43,0.0008242800831794739,0.000824272632598877,0,10
44,0.00045371538726612926,0.0004210472106933594,0,10
45,-0.00010560073133092374,0.00010559697693679482,10,10
46,-0.00014147019828669727,0.00014146961621008813,10,10
47,0.0003230376751162112,0.0003230671281926334,0,10
48,-0.0006389215122908354,0.0006389486370608211,10,10
49,0.0008818329079076648,0.0008818507194519043,0,10
50,-0.00040436070412397385,0.00040438189171254635,10,10
51,0.00021286409173626453,0.00021289728465490043,0,10
52,-0.0010311937658116221,0.0010311983060091734,10,10
53,0.0006124827777966857,0.0006124973297119141,0,10
54,-0.0016221789410337806,0.0016221916303038597,10,10
55,-0.0003510531969368458,0.0003510585520416498,10,10
56,-0.00015576797886751592,0.0001557859795866534,10,10
57,-0.0003558077441994101,0.0003558228490874171,10,10
58,-0.0008373302989639342,0.0008373429300263524,10,10
59,-3.5149409086443484e-05,3.516290234983899e-05,10,10
60,-0.0012041330337524414,0.0012041509617120028,10,10
61,-0.0018203611252829432,0.0018203866202384233,10,10
62,-0.00022959790658205748,0.0002172910317312926,10,10
63,-0.0019084529485553503,0.0019084515515714884,10,10
64,-0.0010094079189002514,0.0010094048921018839,10,10
65,-0.0009389715269207954,0.0009389517945237458,10,10
66,-0.001450496376492083,0.001450484967790544,10,10
67,-0.0017844074172899127,0.0017844147514551878,10,10
68,-0.0024521169252693653,0.0024521329905837774,10,10
69,-0.0013188994489610195,0.0013189160963520408,10,10
70,-0.0021799916867166758,0.002179997507482767,10,10
71,-0.00199572229757905,0.0019957302138209343,10,10
72,-0.0036546082701534033,0.0036546308547258377,10,10
73,-0.0024448514450341463,0.00244487845338881,10,10
74,-0.0023771370761096478,0.0023771533742547035,10,10
75,-0.003577880561351776,0.0035778838209807873,10,10
76,-0.004466542508453131,0.004466569982469082,10,10
77,-0.004253488965332508,0.0042535183019936085,10,10
78,-0.0037432226818054914,0.0037432522512972355,10,10
79,-0.003625415964052081,0.0036254492588341236,10,10
80,-0.0046573663130402565,0.004657361190766096,10,10
81,-0.005654032342135906,0.005654013250023127,10,10
82,-0.005056930240243673,0.0050569032318890095,10,10
83,-0.006138944532722235,0.006138966418802738,10,10
84,-0.006895978469401598,0.0068959565833210945,10,10
85,-0.006614465732127428,0.006614479701966047,10,10
86,-0.007547303568571806,0.007547289598733187,10,10
87,-0.007352140732109547,0.007352110929787159,10,10
0,0.023432791233062744,0.023432819172739983,0,10
1,0.02355147711932659,0.023551510646939278,0,10
2,0.025795258581638336,0.025795305147767067,0,10
3,0.023014824837446213,0.023014865815639496,0,10
4,0.024790985509753227,0.024791017174720764,0,10
5,0.0205237939953804,0.020523833110928535,0,10
6,0.021776847541332245,0.02177688106894493,0,10
7,0.01836153119802475,0.01836155727505684,0,10
8,0.01747378334403038,0.017473794519901276,0,10
9,0.015041273087263107,0.015041300095617771,0,10
10,0.012590384110808372,0.012590417638421059,0,10
11,0.012282788753509521,0.012282812967896461,0,10
12,0.012342938221991062,0.01234298013150692,0,10
13,0.009139756672084332,0.009139776229858398,0,10
14,0.009216871112585068,0.00921690370887518,0,10
15,0.006318878382444382,0.0063188872300088406,0,10
16,0.005956373643130064,0.0059564062394201756,0,10
17,0.005344710778445005,0.005344741977751255,0,10
18,0.006591928191483021,0.006591952405869961,0,10
19,0.004630675073713064,0.004630709532648325,0,10
20,0.0038726278580725193,0.0038726518396288157,0,10
21,0.005049681290984154,0.005049705505371094,0,10
22,0.003983789589256048,0.0039838096126914024,0,10
23,0.004295590799301863,0.004295620135962963,0,10
24,0.003490214701741934,0.003490227274596691,0,10
25,0.002789389109238982,0.002789407968521118,0,10
26,0.003294756170362234,0.0032947813160717487,0,10
27,0.002239852910861373,0.002239823341369629,0,10
28,0.0027910976205021143,0.002791106700897217,0,10
29,0.0026098585221916437,0.0026098950766026974,0,10
30,0.0023879078216850758,0.0023878812789916992,0,10
31,0.0010118880309164524,0.0010119080543518066,0,10
32,0.0012533760163933039,0.001253366470336914,0,10
33,0.001154366647824645,0.0011543631553649902,0,10
34,0.0019197830697521567,0.0019198099616914988,0,10
35,0.0008302289061248302,0.000830233097076416,0,10
36,-0.0004592716577462852,0.0004592755576595664,10,10
37,-0.00011617572454269975,0.00011617994459811598,10,10
38,0.0004896398168057203,0.0004896253813058138,0,10
39,0.0007318095886148512,0.0007317842682823539,0,10
40,0.0013041258789598942,0.0013041496276855469,0,10
41,-0.0004914933233521879,0.0004915097379125655,10,10
42,0.0008827746496535838,0.0008827889105305076,0,10
43,0.0008242800831794739,0.0008242725161835551,0,10
44,0.00045371538726612926,0.00045371055603027344,0,10
45,-0.00010560073133092374,0.00010562285024207085,10,10
46,-0.00014147019828669727,0.00014149144408293068,10,10
47,0.0003230376751162112,0.0003230571746826172,0,10
48,-0.0006389215122908354,0.0006389569025486708,10,10
49,0.0008818329079076648,0.0008818229543976486,0,10
50,-0.00040436070412397385,0.0004043695516884327,10,10
51,0.00021286409173626453,0.00021284818649291992,0,10
52,-0.0010311937658116221,0.0010311984224244952,10,10
53,0.0006124827777966857,0.0006124790525063872,0,10
54,-0.0016221789410337806,0.0016222057165578008,10,10
55,-0.0003510531969368458,0.00035103654954582453,10,10
56,-0.00015576797886751592,0.0001557954092277214,10,10
57,-0.0003558077441994101,0.00035579915856942534,10,10
58,-0.0008373302989639342,0.000837362022139132,10,10
59,-3.5149409086443484e-05,3.514431955409236e-05,10,10
60,-0.0012041330337524414,0.001204150845296681,10,10
61,-0.0018203611252829432,0.0017541925190016627,10,10
62,-0.00022959790658205748,0.00022961600916460156,10,10
63,-0.0019084529485553503,0.001908453879877925,10,10
64,-0.0010094079189002514,0.0010094379540532827,10,10
65,-0.0009389715269207954,0.0009389772894792259,10,10
66,-0.001450496376492083,0.0014505244325846434,10,10
67,-0.0017844074172899127,0.001784421969205141,10,10
68,-0.0024521169252693653,0.002452136017382145,10,10
69,-0.0013188994489610195,0.001318922615610063,10,10
70,-0.0021799916867166758,0.0021799749229103327,10,10
71,-0.00199572229757905,0.001995745114982128,10,10
72,-0.0036546082701534033,0.003654625965282321,10,10
73,-0.0024448514450341463,0.002444860292598605,10,10
74,-0.0023771370761096478,0.002377122640609741,10,10
75,-0.003577880561351776,0.003577851690351963,10,10
76,-0.004466542508453131,0.0044665150344371796,10,10
77,-0.004253488965332508,0.004253495018929243,10,10
78,-0.0037432226818054914,0.0036498233675956726,10,10
79,-0.003625415964052081,0.0036254432052373886,10,10
80,-0.0046573663130402565,0.004657347220927477,10,10
81,-0.005654032342135906,0.005654061678797007,10,10
82,-0.005056930240243673,0.0050569381564855576,10,10
83,-0.006138944532722235,0.005676016211509705,10,10
84,-0.006895978469401598,0.0068959929049015045,10,10
85,-0.006614465732127428,0.006614468060433865,10,10
86,-0.007547303568571806,0.007547327782958746,10,10
87,-0.007352140732109547,0.007352120708674192,10,10
88,-0.00792374461889267,0.007923734374344349,10,10
0,0.023432791233062744,0.02343279868364334,0,10
1,0.02355147711932659,0.023551521822810173,0,10
2,0.025795258581638336,0.02579530142247677,0,10
3,0.023014824837446213,0.023014873266220093,0,10
4,0.024790985509753227,0.024791015312075615,0,10
5,0.0205237939953804,0.020523801445961,0,10
6,0.021776847541332245,0.021776864305138588,0,10
7,0.01836153119802475,0.018361561000347137,0,10
8,0.01747378334403038,0.017473801970481873,0,10
9,0.015041273087263107,0.015041299164295197,0,10
10,0.012590384110808372,0.012590422295033932,0,10
11,0.012282788753509521,0.01228280458599329,0,10
12,0.012342938221991062,0.012342972680926323,0,10
13,0.009139756672084332,0.009139793924987316,0,10
14,0.009216871112585068,0.009216881357133389,0,10
15,0.006318878382444382,0.006318887695670128,0,10
16,0.005956373643130064,0.005956409964710474,0,10
17,0.005344710778445005,0.0053447214886546135,0,10
18,0.006591928191483021,0.006591944023966789,0,10
19,0.004630675073713064,0.004630685783922672,0,10
20,0.0038726278580725193,0.0038726504426449537,0,10
21,0.005049681290984154,0.005049705505371094,0,10
22,0.003983789589256048,0.003983807750046253,0,10
23,0.004295590799301863,0.004295624792575836,0,10
24,0.003490214701741934,0.003490242874249816,0,10
25,0.002789389109238982,0.0027894037775695324,0,10
26,0.003294756170362234,0.003294773632660508,0,10
27,0.002239852910861373,0.002239823341369629,0,10
28,0.0027910976205021143,0.002791116712614894,0,10
29,0.0026098585221916437,0.002609848976135254,0,10
30,0.0023879078216850758,0.002387904329225421,0,10
31,0.0010118880309164524,0.0010119080543518066,0,10
32,0.0012533760163933039,0.001253366470336914,0,10
33,0.001154366647824645,0.0011543631553649902,0,10
34,0.0019197830697521567,0.0019198060035705566,0,10
35,0.0008302289061248302,0.000830233097076416,0,10
36,-0.0004592716577462852,0.0004592810000758618,10,10
37,-0.00011617572454269975,0.0001118992586270906,10,10
38,0.0004896398168057203,0.0004896392347291112,0,10
39,0.0007318095886148512,0.0007318258285522461,0,10
40,0.0013041258789598942,0.0013041496276855469,0,10
41,-0.0004914933233521879,0.000491475104354322,10,10
42,0.0008827746496535838,0.0008828043937683105,0,10
43,0.0008242800831794739,0.0008243020856752992,0,10
44,0.00045371538726612926,0.000453731045126915,0,10
45,-0.00010560073133092374,0.00010557984933257103,10,10
46,-0.00014147019828669727,0.0001414749858668074,10,10
47,0.0003230376751162112,0.0003230571746826172,0,10
48,-0.0006389215122908354,0.0006388970650732517,10,10
49,0.0008818329079076648,0.0008818560745567083,0,10
50,-0.00040436070412397385,0.000381452584406361,10,10
51,0.00021286409173626453,0.00020432472229003906,0,10
52,-0.0010311937658116221,0.0010311665246263146,10,10
53,0.0006124827777966857,0.0006124973297119141,0,10
54,-0.0016221789410337806,0.0016221496043726802,10,10
55,-0.0003510531969368458,0.0003455984697211534,10,10
56,-0.00015576797886751592,0.000155775822349824,10,10
57,-0.0003558077441994101,0.0003558362659532577,10,10
58,-0.0008373302989639342,0.0008373114396817982,10,10
59,-3.5149409086443484e-05,3.517073128023185e-05,10,10
60,-0.0012041330337524414,0.001204129890538752,10,10
61,-0.0018203611252829432,0.001820396282710135,10,10
62,-0.00022959790658205748,0.0002296153543284163,10,10
63,-0.0019084529485553503,0.0019084453815594316,10,10
64,-0.0010094079189002514,0.0010094055905938148,10,10
65,-0.0009389715269207954,0.0009389771148562431,10,10
66,-0.001450496376492083,0.0014505039434880018,10,10
67,-0.0017844074172899127,0.0017843968234956264,10,10
68,-0.0024521169252693653,0.0024521341547369957,10,10
69,-0.0013188994489610195,0.0013189091114327312,10,10
70,-0.0021799916867166758,0.0021800040267407894,10,10
71,-0.00199572229757905,0.0019957288168370724,10,10
72,-0.0036546082701534033,0.003654598258435726,10,10
73,-0.0024448514450341463,0.0024448628537356853,10,10
74,-0.0023771370761096478,0.002377160592004657,10,10
75,-0.003577880561351776,0.003577853087335825,10,10
76,-0.004466542508453131,0.004466562531888485,10,10
77,-0.004253488965332508,0.004253511782735586,10,10
78,-0.0037432226818054914,0.00374322640709579,10,10
79,-0.003625415964052081,0.003625426674261689,10,10
80,-0.0046573663130402565,0.0046573844738304615,10,10
81,-0.005654032342135906,0.005654027219861746,10,10
82,-0.005056930240243673,0.005056936759501696,10,10
83,-0.006138944532722235,0.006138973403722048,10,10
84,-0.006895978469401598,0.006894723977893591,10,10
85,-0.006614465732127428,0.006614496931433678,10,10
86,-0.007547303568571806,0.007547304034233093,10,10
87,-0.007352140732109547,0.007352167274802923,10,10
88,-0.00792374461889267,0.007923757657408714,10,10
89,-0.008836890570819378,0.008836906403303146,10,10
0,0.023432791233062744,0.023432807996869087,0,10
1,0.02355147711932659,0.023551538586616516,0,10
2,0.025795258581638336,0.025795288383960724,0,10
3,0.023014824837446213,0.023014873266220093,0,10
4,0.024790985509753227,0.024791009724140167,0,10
5,0.0205237939953804,0.02052382193505764,0,10
6,0.021776847541332245,0.021776871755719185,0,10
7,0.01836153119802475,0.018361572176218033,0,10
8,0.01747378334403038,0.01747380569577217,0,10
9,0.015041273087263107,0.015041306614875793,0,10
10,0.012590384110808372,0.012590410187840462,0,10
11,0.012282788753509521,0.012282793410122395,0,10
12,0.012342938221991062,0.012342971749603748,0,10
13,0.009139756672084332,0.009139791131019592,0,10
14,0.009216871112585068,0.009216896258294582,0,10
15,0.006318878382444382,0.006318903528153896,0,10
16,0.005956373643130064,0.005956402514129877,0,10
17,0.005344710778445005,0.005344734992831945,0,10
18,0.006591928191483021,0.006591941695660353,0,10
19,0.004630675073713064,0.004630704410374165,0,10
20,0.0038726278580725193,0.003872649511322379,0,10
21,0.005049681290984154,0.005049705505371094,0,10
22,0.003983789589256048,0.00398382218554616,0,10
23,0.004295590799301863,0.0042956178076565266,0,10
24,0.003490214701741934,0.00349022657610476,0,10
25,0.002789389109238982,0.002789404010400176,0,10
26,0.003294756170362234,0.0032947801519185305,0,10
27,0.002239852910861373,0.0022398768924176693,0,10
28,0.0027910976205021143,0.002791119972243905,0,10
29,0.0026098585221916437,0.0026098527014255524,0,10
30,0.0023879078216850758,0.002387936692684889,0,10
31,0.0010118880309164524,0.0010119080543518066,0,10
32,0.0012533760163933039,0.001253366470336914,0,10
33,0.001154366647824645,0.0011543631553649902,0,10
34,0.0019197830697521567,0.0019198060035705566,0,10
35,0.0008302289061248302,0.000830233097076416,0,10
36,-0.0004592716577462852,0.0004592413024511188,10,10
37,-0.00011617572454269975,0.00011617280688369647,10,10
38,0.0004896398168057203,0.0004896547761745751,0,10
39,0.0007318095886148512,0.0007318258285522461,0,10
40,0.0013041258789598942,0.0013041496276855469,0,10
41,-0.0004914933233521879,0.0004914958844892681,10,10
42,0.0008827746496535838,0.0008828043937683105,0,10
43,0.0008242800831794739,0.0008242842159233987,0,10
44,0.00045371538726612926,0.00045374021283350885,0,10
45,-0.00010560073133092374,0.00010558748908806592,10,10
46,-0.00014147019828669727,0.00014146797184366733,10,10
47,0.0003230376751162112,0.00032305423519574106,0,10
48,-0.0006389215122908354,0.0006389155751094222,10,10
49,0.0008818329079076648,0.0008818507194519043,0,10
50,-0.00040436070412397385,0.0004043732478749007,10,10
51,0.00021286409173626453,0.000212856539292261,0,10
52,-0.0010311937658116221,0.001031215419061482,10,10
53,0.0006124827777966857,0.0006124973297119141,0,10
54,-0.0016221789410337806,0.0016221895348280668,10,10
55,-0.0003510531969368458,0.0003510575043037534,10,10
56,-0.00015576797886751592,0.00015576151781715453,10,10
57,-0.0003558077441994101,0.00035581496194936335,10,10
58,-0.0008373302989639342,0.0008373206946998835,10,10
59,-3.5149409086443484e-05,3.512383409542963e-05,10,10
60,-0.0012041330337524414,0.0012041330337524414,10,10
61,-0.0018203611252829432,0.0018203835934400558,10,10
62,-0.00022959790658205748,0.00022957140754442662,10,10
63,-0.0019084529485553503,0.0019084698287770152,10,10
64,-0.0010094079189002514,0.0010094204917550087,10,10
65,-0.0009389715269207954,0.0009389976039528847,10,10
66,-0.001450496376492083,0.0014504996361210942,10,10
67,-0.0017844074172899127,0.0017844269750639796,10,10
68,-0.0024521169252693653,0.0024521094746887684,10,10
69,-0.0013188994489610195,0.0013188835000619292,10,10
70,-0.0021799916867166758,0.0021800005342811346,10,10
71,-0.00199572229757905,0.0019957455806434155,10,10
72,-0.0036546082701534033,0.003654632018879056,10,10
73,-0.0024448514450341463,0.002444873796775937,10,10
74,-0.0023771370761096478,0.0023771373089402914,10,10
75,-0.003577880561351776,0.0035778535529971123,10,10
76,-0.004466542508453131,0.004466562997549772,10,10
77,-0.004253488965332508,0.004253508057445288,10,10
78,-0.0037432226818054914,0.0037432454992085695,10,10
79,-0.003625415964052081,0.0036254343576729298,10,10
80,-0.0046573663130402565,0.0044730729423463345,10,10
81,-0.005654032342135906,0.005654016975313425,10,10
82,-0.005056930240243673,0.0050569502636790276,10,10
83,-0.006138944532722235,0.006138964090496302,10,10
84,-0.006895978469401598,0.006895985454320908,10,10
85,-0.006614465732127428,0.006085717584937811,10,10
86,-0.007547303568571806,0.00754730636253953,10,10
87,-0.007352140732109547,0.00735214538872242,10,10
88,-0.00792374461889267,0.00792374461889267,10,10
89,-0.008836890570819378,0.00883687287569046,10,10
90,-0.009096330963075161,0.009096326306462288,10,10
0,0.023432791233062744,0.023432817310094833,0,10
1,0.02355147711932659,0.02355150319635868,0,10
2,0.025795258581638336,0.02579529955983162,0,10
3,0.023014824837446213,0.023014869540929794,0,10
4,0.024790985509753227,0.024791019037365913,0,10
5,0.0205237939953804,0.0205237977206707,0,10
6,0.021776847541332245,0.021776894107460976,0,10
7,0.01836153119802475,0.01836155727505684,0,10
8,0.01747378334403038,0.017473826184868813,0,10
9,0.015041273087263107,0.0150412917137146,0,10
10,0.012590384110808372,0.012590417638421059,0,10
11,0.012282788753509521,0.01228281669318676,0,10
12,0.012342938221991062,0.012342959642410278,0,10
13,0.009139756672084332,0.009139776229858398,0,10
14,0.009216871112585068,0.009216881357133389,0,10
15,0.006318878382444382,0.0063189053907990456,0,10
16,0.005956373643130064,0.005956386681646109,0,10
17,0.005344710778445005,0.005344744306057692,0,10
18,0.006591928191483021,0.006591953802853823,0,10
19,0.004630675073713064,0.004630707204341888,0,10
20,0.0038726278580725193,0.0038726457860320807,0,10
21,0.005049681290984154,0.005049706436693668,0,10
22,0.003983789589256048,0.0039838142693042755,0,10
23,0.004295590799301863,0.004295623395591974,0,10
24,0.003490214701741934,0.003490251721814275,0,10
25,0.002789389109238982,0.002789389342069626,0,10
26,0.003294756170362234,0.0032947915606200695,0,10
27,0.002239852910861373,0.002239831956103444,0,10
28,0.0027910976205021143,0.002791109960526228,0,10
29,0.0026098585221916437,0.002609877847135067,0,10
30,0.0023879078216850758,0.0023879241198301315,0,10
31,0.0010118880309164524,0.0010119080543518066,0,10
32,0.0012533760163933039,0.001253366470336914,0,10
33,0.001154366647824645,0.0011543631553649902,0,10
34,0.0019197830697521567,0.0019198060035705566,0,10
35,0.0008302289061248302,0.0007939471979625523,0,10
36,-0.0004592716577462852,0.00045925614540465176,10,10
37,-0.00011617572454269975,0.00011617667769314721,10,10
38,0.0004896398168057203,0.000489652156829834,0,10
39,0.0007318095886148512,0.0007318260031752288,0,10
40,0.0013041258789598942,0.0013041496276855469,0,10
41,-0.0004914933233521879,0.0004915035679005086,10,10
42,0.0008827746496535838,0.0008828043937683105,0,10
43,0.0008242800831794739,0.000824272632598877,0,10
44,0.00045371538726612926,0.00045371055603027344,0,10
45,-0.00010560073133092374,0.00010557930363574997,10,10
46,-0.00014147019828669727,0.00014145021850708872,10,10
47,0.0003230376751162112,0.0003230571746826172,0,10
48,-0.0006389215122908354,0.0006389488698914647,10,10
49,0.0008818329079076648,0.0008818507194519043,0,10
50,-0.00040436070412397385,0.0004043751978315413,10,10
51,0.00021286409173626453,0.00021284818649291992,0,10
52,-0.0010311937658116221,0.001031203311868012,10,10
53,0.0006124827777966857,0.0006125017534941435,0,10
54,-0.0016221789410337806,0.0016221893019974232,10,10
55,-0.0003510531969368458,0.00035107313306070864,10,10
56,-0.00015576797886751592,0.00015577480371575803,10,10
57,-0.0003558077441994101,0.00033662375062704086,10,10
58,-0.0008373302989639342,0.0008373234886676073,10,10
59,-3.5149409086443484e-05,3.5151748306816444e-05,10,10
60,-0.0012041330337524414,0.0011772798607125878,10,10
61,-0.0018203611252829432,0.0018203869694843888,10,10
62,-0.00022959790658205748,0.0002295861195307225,10,10
63,-0.0019084529485553503,0.0019084542291238904,10,10
64,-0.0010094079189002514,0.0010093966266140342,10,10
65,-0.0009389715269207954,0.0009389780461788177,10,10
66,-0.001450496376492083,0.0014505092985928059,10,10
67,-0.0017844074172899127,0.0017844293033704162,10,10
68,-0.0024521169252693653,0.0024521041195839643,10,10
69,-0.0013188994489610195,0.001201567822135985,10,10
70,-0.0021799916867166758,0.0021800107788294554,10,10
71,-0.00199572229757905,0.001995700178667903,10,10
72,-0.0036546082701534033,0.0036546203773468733,10,10
73,-0.0024448514450341463,0.002444863086566329,10,10
74,-0.0023771370761096478,0.0023771673440933228,10,10
75,-0.003577880561351776,0.0035778817255049944,10,10
76,-0.004466542508453131,0.004466529469937086,10,10
77,-0.004253488965332508,0.004253508057445288,10,10
78,-0.0037432226818054914,0.0037432482931762934,10,10
79,-0.003625415964052081,0.003625397337600589,10,10
80,-0.0046573663130402565,0.004657341632992029,10,10
81,-0.005654032342135906,0.0056540509685873985,10,10
82,-0.005056930240243673,0.005056958179920912,10,10
83,-0.006138944532722235,0.006138957571238279,10,10
84,-0.006895978469401598,0.006895986385643482,10,10
85,-0.006614465732127428,0.006614439655095339,10,10
86,-0.007547303568571806,0.007547292392700911,10,10
87,-0.007352140732109547,0.007352108135819435,10,10
88,-0.00792374461889267,0.007783574052155018,10,10
89,-0.008836890570819378,0.008836907334625721,10,10
90,-0.009096330963075161,0.009096328169107437,10,10
91,-0.008375309407711029,0.008026018738746643,10,10
0,0.023432791233062744,0.023432819172739983,0,10
1,0.02355147711932659,0.023551512509584427,0,10
2,0.025795258581638336,0.025795305147767067,0,10
3,0.023014824837446213,0.023014873266220093,0,10
4,0.024790985509753227,0.024791011586785316,0,10
5,0.0205237939953804,0.02052384428679943,0,10
6,0.021776847541332245,0.02177688293159008,0,10
7,0.01836153119802475,0.01836155541241169,0,10
8,0.01747378334403038,0.017473801970481873,0,10
9,0.015041273087263107,0.015041309408843517,0,10
10,0.012590384110808372,0.012590419501066208,0,10
11,0.012282788753509521,0.012282801792025566,0,10
12,0.012342938221991062,0.012342976406216621,0,10
13,0.009139756672084332,0.009139783680438995,0,10
14,0.009216871112585068,0.009216905571520329,0,10
15,0.006318878382444382,0.0063189188949763775,0,10
16,0.005956373643130064,0.005956401117146015,0,10
17,0.005344710778445005,0.005344743374735117,0,10
18,0.006591928191483021,0.006591959856450558,0,10
19,0.004630675073713064,0.0046307104639709,0,10
20,0.0038726278580725193,0.0038726553320884705,0,10
21,0.005049681290984154,0.0050497096963226795,0,10
22,0.003983789589256048,0.003983817063271999,0,10
23,0.004295590799301863,0.004295628517866135,0,10
24,0.003490214701741934,0.0034902344923466444,0,10
25,0.002789389109238982,0.002789400750771165,0,10
26,0.003294756170362234,0.0032947759609669447,0,10
27,0.002239852910861373,0.0022398473229259253,0,10
28,0.0027910976205021143,0.002791126724332571,0,10
29,0.0026098585221916437,0.0026098701637238264,0,10
30,0.0023879078216850758,0.0023879020009189844,0,10
31,0.0010118880309164524,0.0010119139915332198,0,10
32,0.0012533760163933039,0.001253366470336914,0,10
33,0.001154366647824645,0.0011543631553649902,0,10
34,0.0019197830697521567,0.0019198060035705566,0,10
35,0.0008302289061248302,0.000830233097076416,0,10
36,-0.0004592716577462852,0.0004592447367031127,10,10
37,-0.00011617572454269975,0.00011617151903919876,10,10
38,0.0004896398168057203,0.000489652156829834,0,10
39,0.0007318095886148512,0.0007318258285522461,0,10
40,0.0013041258789598942,0.0013041496276855469,0,10
41,-0.0004914933233521879,0.0004914998426102102,10,10
42,0.0008827746496535838,0.0008827673736959696,0,10
43,0.0008242800831794739,0.000824272632598877,0,10
44,0.00045371538726612926,0.0004270599747542292,0,10
45,-0.00010560073133092374,0.00010505974205443636,10,10
46,-0.00014147019828669727,0.00014146478497423232,10,10
47,0.0003230376751162112,0.0003230571746826172,0,10
48,-0.0006389215122908354,0.0006389323389157653,10,10
49,0.0008818329079076648,0.0008818507194519043,0,10
50,-0.00040436070412397385,0.0004043716471642256,10,10
51,0.00021286409173626453,0.00021284818649291992,0,10
52,-0.0010311937658116221,0.0010264312149956822,10,10
53,0.0006124827777966857,0.0006124973297119141,0,10
54,-0.0016221789410337806,0.0016149007715284824,10,10
55,-0.0003510531969368458,0.00035107313306070864,10,10
56,-0.00015576797886751592,0.00015574351709801704,10,10
57,-0.0003558077441994101,0.0003558268363121897,10,10
58,-0.0008373302989639342,0.0008373456075787544,10,10
59,-3.5149409086443484e-05,3.516624929034151e-05,10,10
60,-0.0012041330337524414,0.0012041605077683926,10,10
61,-0.0018203611252829432,0.0018203540239483118,10,10
62,-0.00022959790658205748,0.00022960675414651632,10,10
63,-0.0019084529485553503,0.0019084499217569828,10,10
64,-0.0010094079189002514,0.0010093901073560119,10,10
65,-0.0009389715269207954,0.0009389962069690228,10,10
66,-0.001450496376492083,0.0014505087165161967,10,10
67,-0.0017844074172899127,0.001784386346116662,10,10
68,-0.0024521169252693653,0.0024521455634385347,10,10
69,-0.0013188994489610195,0.0013188694138079882,10,10
70,-0.0021799916867166758,0.002180008450523019,10,10
71,-0.00199572229757905,0.0019957327749580145,10,10
72,-0.0036546082701534033,0.003654643427580595,10,10
73,-0.0024448514450341463,0.002444869838654995,10,10
74,-0.0023771370761096478,0.0023311751428991556,10,10
75,-0.003577880561351776,0.0035778663586825132,10,10
76,-0.004466542508453131,0.00446656160056591,10,10
77,-0.004253488965332508,0.004253488965332508,10,10
78,-0.0037432226818054914,0.0036346244160085917,10,10
79,-0.003625415964052081,0.0036253873258829117,10,10
80,-0.0046573663130402565,0.004657396115362644,10,10
81,-0.005654032342135906,0.005654027685523033,10,10
82,-0.005056930240243673,0.005056955385953188,10,10
83,-0.006138944532722235,0.0061389678157866,10,10
84,-0.006895978469401598,0.006895954255014658,10,10
85,-0.006614465732127428,0.006614465732127428,10,10
86,-0.007547303568571806,0.007547312416136265,10,10
87,-0.007352140732109547,0.007352150976657867,10,10
88,-0.00792374461889267,0.007923746481537819,10,10
89,-0.008836890570819378,0.008836913853883743,10,10
90,-0.009096330963075161,0.009096350520849228,10,10
91,-0.008375309407711029,0.008375336416065693,10,10
92,-0.009040331467986107,0.009040359407663345,10,10
0,0.023432791233062744,0.02343280054628849,0,10
1,0.02355147711932659,0.02355150133371353,0,10
2,0.025795258581638336,0.025795292109251022,0,10
3,0.023014824837446213,0.023014871403574944,0,10
4,0.024790985509753227,0.02479103021323681,0,10
5,0.0205237939953804,0.020523807033896446,0,10
6,0.021776847541332245,0.021776897832751274,0,10
7,0.01836153119802475,0.01836157590150833,0,10
8,0.01747378334403038,0.017473796382546425,0,10
9,0.015041273087263107,0.015041297301650047,0,10
10,0.012590384110808372,0.012590409256517887,0,10
11,0.012282788753509521,0.012282827869057655,0,10
12,0.012342938221991062,0.012342967092990875,0,10
13,0.009139756672084332,0.009139800444245338,0,10
14,0.009216871112585068,0.00921689160168171,0,10
15,0.006318878382444382,0.00631889421492815,0,10
16,0.005956373643130064,0.0059564001858234406,0,10
17,0.005344710778445005,0.00534473592415452,0,10
18,0.006591928191483021,0.0065919640474021435,0,10
19,0.004630675073713064,0.00463069649413228,0,10
20,0.0038726278580725193,0.0038726620841771364,0,10
21,0.005049681290984154,0.005049705505371094,0,10
22,0.003983789589256048,0.003983800765126944,0,10
23,0.004295590799301863,0.004295616876333952,0,10
24,0.003490214701741934,0.0034902470652014017,0,10
25,0.002789389109238982,0.0027894105296581984,0,10
26,0.003294756170362234,0.0032947927247732878,0,10
27,0.002239852910861373,0.002239873167127371,0,10
28,0.0027910976205021143,0.00279112346470356,0,10
29,0.0026098585221916437,0.002609862247481942,0,10
30,0.0023879078216850758,0.00238788896240294,0,10
31,0.0010118880309164524,0.0010118973441421986,0,10
32,0.0012533760163933039,0.0012533708941191435,0,10
33,0.001154366647824645,0.00115438480861485,0,10
34,0.0019197830697521567,0.0019198060035705566,0,10
35,0.0008302289061248302,0.0008234381675720215,0,10
36,-0.0004592716577462852,0.00041867431718856096,10,10
37,-0.00011617572454269975,0.00011615826224442571,10,10
38,0.0004896398168057203,0.000489652156829834,0,10
39,0.0007318095886148512,0.0007318345014937222,0,10
40,0.0013041258789598942,0.0013041496276855469,0,10
41,-0.0004914933233521879,0.0004914769669994712,10,10
42,0.0008827746496535838,0.0008828043937683105,0,10
43,0.0008242800831794739,0.000824272632598877,0,10
44,0.00045371538726612926,0.00045371055603027344,0,10
45,-0.00010560073133092374,0.00010561186354607344,10,10
46,-0.00014147019828669727,0.00014148314949125051,10,10
47,0.0003230376751162112,0.0003230571746826172,0,10
48,-0.0006389215122908354,0.0006389139452949166,10,10
49,0.0008818329079076648,0.0008818507194519043,0,10
50,-0.00040436070412397385,0.0004043328226543963,10,10
51,0.00021286409173626453,0.00021284818649291992,0,10
52,-0.0010311937658116221,0.0009681215742602944,10,10
53,0.0006124827777966857,0.0006124973297119141,0,10
54,-0.0016221789410337806,0.0016221499536186457,10,10
55,-0.0003510531969368458,0.0003510807000566274,10,10
56,-0.00015576797886751592,0.00015575854922644794,10,10
57,-0.0003558077441994101,0.00035583137650974095,10,10
58,-0.0008373302989639342,0.0008373373420909047,10,10
59,-3.5149409086443484e-05,3.192411531927064e-05,10,10
60,-0.0012041330337524414,0.0012041333829984069,10,10
61,-0.0018203611252829432,0.0018203874351456761,10,10
62,-0.00022959790658205748,0.00022956900647841394,10,10
63,-0.0019084529485553503,0.0019084317609667778,10,10
64,-0.0010094079189002514,0.0010094342287629843,10,10
65,-0.0009389715269207954,0.0009266489068977535,10,10
66,-0.001450496376492083,0.0014504919527098536,10,10
67,-0.0017844074172899127,0.0017844128888100386,10,10
68,-0.0024521169252693653,0.002452102256938815,10,10
69,-0.0013188994489610195,0.0013189089950174093,10,10
70,-0.0021799916867166758,0.002180003095418215,10,10
71,-0.00199572229757905,0.001995729049667716,10,10
72,-0.0036546082701534033,0.0036546001210808754,10,10
73,-0.0024448514450341463,0.0024448593612760305,10,10
74,-0.0023771370761096478,0.002365986816585064,10,10
75,-0.003577880561351776,0.003577901516109705,10,10
76,-0.004466542508453131,0.004466553684324026,10,10
77,-0.004253488965332508,0.004253519233316183,10,10
78,-0.0037432226818054914,0.0037432508543133736,10,10
79,-0.003625415964052081,0.0034484947100281715,10,10
80,-0.0046573663130402565,0.004657377023249865,10,10
81,-0.005654032342135906,0.0056540267542004585,10,10
82,-0.005056930240243673,0.0050569334998726845,10,10
83,-0.006138944532722235,0.006138970144093037,10,10
84,-0.006895978469401598,0.006885496433824301,10,10
85,-0.006614465732127428,0.006614444311708212,10,10
86,-0.007547303568571806,0.007547328714281321,10,10
87,-0.007352140732109547,0.007352141663432121,10,10
88,-0.00792374461889267,0.007923753000795841,10,10
89,-0.008836890570819378,0.008836868219077587,10,10
90,-0.009096330963075161,0.009096347726881504,10,10
91,-0.008375309407711029,0.008375314064323902,10,10
92,-0.009040331467986107,0.008577714674174786,10,10
93,-0.009010452777147293,0.009010433219373226,10,10
0,0.023432791233062744,0.02343279868364334,0,10
1,0.02355147711932659,0.023551512509584427,0,10
2,0.025795258581638336,0.025795305147767067,0,10
3,0.023014824837446213,0.023014860227704048,0,10
4,0.024790985509753227,0.02479100041091442,0,10
5,0.0205237939953804,0.020523831248283386,0,10
6,0.021776847541332245,0.02177688479423523,0,10
7,0.01836153119802475,0.018361570313572884,0,10
8,0.01747378334403038,0.01747378334403038,0,10
9,0.015041273087263107,0.015041298232972622,0,10
10,0.012590384110808372,0.012590412981808186,0,10
11,0.012282788753509521,0.01228281669318676,0,10
12,0.012342938221991062,0.012342975474894047,0,10
13,0.009139756672084332,0.00913978461176157,0,10
14,0.009216871112585068,0.009216909296810627,0,10
15,0.006318878382444382,0.006318902596831322,0,10
16,0.005956373643130064,0.005956393666565418,0,10
17,0.005344710778445005,0.005344740580767393,0,10
18,0.006591928191483021,0.006591953802853823,0,10
19,0.004630675073713064,0.004630690906196833,0,10
20,0.0038726278580725193,0.0038726518396288157,0,10
21,0.005049681290984154,0.005049705505371094,0,10
22,0.003983789589256048,0.0039837975054979324,0,10
23,0.004295590799301863,0.004295615013688803,0,10
24,0.003490214701741934,0.003490220755338669,0,10
25,0.002789389109238982,0.0027894056402146816,0,10
26,0.003294756170362234,0.003294776426628232,0,10
27,0.002239852910861373,0.0022398685105144978,0,10
28,0.0027910976205021143,0.0027911229990422726,0,10
29,0.0026098585221916437,0.0026098943781107664,0,10
30,0.0023879078216850758,0.002387930639088154,0,10
31,0.0010118880309164524,0.0010119080543518066,0,10
32,0.0012533760163933039,0.001253366470336914,0,10
33,0.001154366647824645,0.0011543631553649902,0,10
34,0.0019197830697521567,0.0019198060035705566,0,10
35,0.0008302289061248302,0.000830233097076416,0,10
36,-0.0004592716577462852,0.00045925474842078984,10,10
37,-0.00011617572454269975,0.0001161977052106522,10,10
38,0.0004896398168057203,0.000489652156829834,0,10
39,0.0007318095886148512,0.0007318303105421364,0,10
40,0.0013041258789598942,0.0013041496276855469,0,10
41,-0.0004914933233521879,0.0004915179451927543,10,10
42,0.0008827746496535838,0.0008828043937683105,0,10
43,0.0008242800831794739,0.0008242942858487368,0,10
44,0.00045371538726612926,0.0004092325398232788,0,10
45,-0.00010560073133092374,0.0001056153341778554,10,10
46,-0.00014147019828669727,0.00014146916510071605,10,10
47,0.0003230376751162112,0.0003033280372619629,0,10
48,-0.0006389215122908354,0.0006389489863067865,10,10
49,0.0008818329079076648,0.0008818248170427978,0,10
50,-0.00040436070412397385,0.00040436378913000226,10,10
51,0.00021286409173626453,0.00021284818649291992,0,10
52,-0.0010311937658116221,0.0010311995865777135,10,10
53,0.0006124827777966857,0.0006124973297119141,0,10
54,-0.0016221789410337806,0.0016221603145822883,10,10
55,-0.0003510531969368458,0.0003510534588713199,10,10
56,-0.00015576797886751592,0.00015578280726913363,10,10
57,-0.0003558077441994101,0.0003558297175914049,10,10
58,-0.0008373302989639342,0.0008373563177883625,10,10
59,-3.5149409086443484e-05,3.516734795994125e-05,10,10
60,-0.0012041330337524414,0.0012041212758049369,10,10
61,-0.0018203611252829432,0.0018203784711658955,10,10
62,-0.00022959790658205748,0.00022960794740356505,10,10
63,-0.0019084529485553503,0.0019084775121882558,10,10
64,-0.0010094079189002514,0.001009401399642229,10,10
65,-0.0009389715269207954,0.00093899603234604,10,10
66,-0.001450496376492083,0.0014505163999274373,10,10
67,-0.0017844074172899127,0.0017844249960035086,10,10
68,-0.0024521169252693653,0.0024521418381482363,10,10
69,-0.0013188994489610195,0.001318925293162465,10,10
70,-0.0021799916867166758,0.0021799991372972727,10,10
71,-0.00199572229757905,0.0019956978503614664,10,10
72,-0.0036546082701534033,0.003654611762613058,10,10
73,-0.0024448514450341463,0.002444865880534053,10,10
74,-0.0023771370761096478,0.0023771272972226143,10,10
75,-0.003577880561351776,0.0035779159516096115,10,10
76,-0.004466542508453131,0.00446654949337244,10,10
77,-0.004253488965332508,0.004253513179719448,10,10
78,-0.0037432226818054914,0.003743240376934409,10,10
79,-0.003625415964052081,0.003625415498390794,10,10
80,-0.0046573663130402565,0.004657349549233913,10,10
81,-0.005654032342135906,0.005654043052345514,10,10
82,-0.005056930240243673,0.005056924186646938,10,10
83,-0.006138944532722235,0.00613895570859313,10,10
84,-0.006895978469401598,0.006896005943417549,10,10
85,-0.006614465732127428,0.006614465732127428,10,10
86,-0.007547303568571806,0.007547284476459026,10,10
87,-0.007352140732109547,0.007352131884545088,10,10
88,-0.00792374461889267,0.007923753000795841,10,10
89,-0.008836890570819378,0.008836868219077587,10,10
90,-0.009096330963075161,0.009096344001591206,10,10
91,-0.008375309407711029,0.008375287055969238,10,10
92,-0.009040331467986107,0.00904035847634077,10,10
93,-0.009010452777147293,0.009010457433760166,10,10
94,-0.00917266495525837,0.009172642603516579,10,10
0,0.023432791233062744,0.023432806134223938,0,10
1,0.02355147711932659,0.023551495745778084,0,10
2,0.025795258581638336,0.02579530142247677,0,10
3,0.023014824837446213,0.023014863952994347,0,10
4,0.024790985509753227,0.024791019037365913,0,10
5,0.0205237939953804,0.020523814484477043,0,10
6,0.021776847541332245,0.02177688293159008,0,10
7,0.01836153119802475,0.018361568450927734,0,10
8,0.01747378334403038,0.01747380569577217,0,10
9,0.015041273087263107,0.015041307546198368,0,10
10,0.012590384110808372,0.012590420432388783,0,10
11,0.012282788753509521,0.01228280644863844,0,10
12,0.012342938221991062,0.012342956848442554,0,10
13,0.009139756672084332,0.00913978647440672,0,10
14,0.009216871112585068,0.009216896258294582,0,10
15,0.006318878382444382,0.006318913772702217,0,10
16,0.005956373643130064,0.005956399254500866,0,10
17,0.005344710778445005,0.005344748497009277,0,10
18,0.006591928191483021,0.00659194216132164,0,10
19,0.004630675073713064,0.004630709532648325,0,10
20,0.0038726278580725193,0.003872642293572426,0,10
21,0.005049681290984154,0.005049712024629116,0,10
22,0.003983789589256048,0.003983813803642988,0,10
23,0.004295590799301863,0.004295618738979101,0,10
24,0.003490214701741934,0.003490248927846551,0,10
25,0.002789389109238982,0.002789401449263096,0,10
26,0.003294756170362234,0.0032947869040071964,0,10
27,0.002239852910861373,0.0022398580331355333,0,10
28,0.0027910976205021143,0.002791119972243905,0,10
29,0.0026098585221916437,0.0026098708622157574,0,10
30,0.0023879078216850758,0.002387938555330038,0,10
31,0.0010118880309164524,0.0010119080543518066,0,10
32,0.0012533760163933039,0.001253366470336914,0,10
33,0.001154366647824645,0.0011543631553649902,0,10
34,0.0019197830697521567,0.0019198060035705566,0,10
35,0.0008302289061248302,0.0008244514465332031,0,10
36,-0.0004592716577462852,0.00045929523184895515,10,10
37,-0.00011617572454269975,0.00011619520228123292,10,10
38,0.0004896398168057203,0.000489652156829834,0,10
39,0.0007318095886148512,0.0007318258285522461,0,10
40,0.0013041258789598942,0.0013041496276855469,0,10
41,-0.0004914933233521879,0.0004915111931040883,10,10
42,0.0008827746496535838,0.0008828043937683105,0,10
43,0.0008242800831794739,0.000824272632598877,0,10
44,0.00045371538726612926,0.00045371055603027344,0,10
45,-0.00010560073133092374,0.00010562464740360156,10,10
46,-0.00014147019828669727,0.00014148844638839364,10,10
47,0.0003230376751162112,0.0003230571746826172,0,10
48,-0.0006389215122908354,0.0006389256450347602,10,10
49,0.0008818329079076648,0.0008818507194519043,0,10
50,-0.00040436070412397385,0.0004043423687107861,10,10
51,0.00021286409173626453,0.00021288709831424057,0,10
52,-0.0010311937658116221,0.001031203893944621,10,10
53,0.0006124827777966857,0.0006124973297119141,0,10
54,-0.0016221789410337806,0.001622184063307941,10,10
55,-0.0003510531969368458,0.00035107493749819696,10,10
56,-0.00015576797886751592,0.00015578322927467525,10,10
57,-0.0003558077441994101,0.00035581859992817044,10,10
58,-0.0008373302989639342,0.0008373479940928519,10,10
59,-3.5149409086443484e-05,3.516370998113416e-05,10,10
60,-0.0012041330337524414,0.001204144675284624,10,10
61,-0.0018203611252829432,0.0018203899962827563,10,10
62,-0.00022959790658205748,0.0002151902881450951,10,10
63,-0.0019084529485553503,0.0019084621453657746,10,10
64,-0.0010094079189002514,0.0010094301542267203,10,10
65,-0.0009389715269207954,0.000938960409257561,10,10
66,-0.001450496376492083,0.001450514537282288,10,10
67,-0.0017844074172899127,0.0017844302346929908,10,10
68,-0.0024521169252693653,0.0024521122686564922,10,10
69,-0.0013188994489610195,0.001318922615610063,10,10
70,-0.0021799916867166758,0.0021800179965794086,10,10
71,-0.00199572229757905,0.0019957348704338074,10,10
72,-0.0036546082701534033,0.0036546315532177687,10,10
73,-0.0024448514450341463,0.0024448756594210863,10,10
74,-0.0023771370761096478,0.0023771508131176233,10,10
75,-0.003577880561351776,0.003577890805900097,10,10
76,-0.004466542508453131,0.0044665466994047165,10,10
77,-0.004253488965332508,0.0042535061948001385,10,10
78,-0.0037432226818054914,0.003743206849321723,10,10
79,-0.003625415964052081,0.003625402459874749,10,10
80,-0.0046573663130402565,0.004657369572669268,10,10
81,-0.005654032342135906,0.005654053762555122,10,10
82,-0.005056930240243673,0.005056953523308039,10,10
83,-0.006138944532722235,0.006138937082141638,10,10
84,-0.006895978469401598,0.006895967293530703,10,10
85,-0.006614465732127428,0.006614454556256533,10,10
86,-0.007547303568571806,0.007547307293862104,10,10
87,-0.007352140732109547,0.007139045279473066,10,10
88,-0.00792374461889267,0.007923748344182968,10,10
89,-0.008836890570819378,0.008836871944367886,10,10
90,-0.009096330963075161,0.009096338413655758,10,10
91,-0.008375309407711029,0.008375337347388268,10,10
92,-0.009040331467986107,0.009025916457176208,10,10
93,-0.009010452777147293,0.009010447189211845,10,10
94,-0.00917266495525837,0.009172649122774601,10,10
95,-0.009320931509137154,0.009320917539298534,10,10
0,0.023432791233062744,0.023432821035385132,0,10
1,0.02355147711932659,0.02355150505900383,0,10
2,0.025795258581638336,0.025795305147767067,0,10
3,0.023014824837446213,0.023014871403574944,0,10
4,0.024790985509753227,0.02479100413620472,0,10
5,0.0205237939953804,0.020523814484477043,0,10
6,0.021776847541332245,0.02177688106894493,0,10
7,0.01836153119802475,0.018361547961831093,0,10
8,0.01747378334403038,0.01747380755841732,0,10
9,0.015041273087263107,0.015041299164295197,0,10
10,0.012590384110808372,0.01259041577577591,0,10
11,0.012282788753509521,0.012282803654670715,0,10
12,0.012342938221991062,0.012342968955636024,0,10
13,0.009139756672084332,0.009139776229858398,0,10
14,0.009216871112585068,0.009216886945068836,0,10
15,0.006318878382444382,0.006318890955299139,0,10
16,0.005956373643130064,0.005956403445452452,0,10
17,0.005344710778445005,0.005344719626009464,0,10
18,0.006591928191483021,0.00659193703904748,0,10
19,0.004630675073713064,0.0046306997537612915,0,10
20,0.0038726278580725193,0.0038726527709513903,0,10
21,0.005049681290984154,0.005049706902354956,0,10
22,0.003983789589256048,0.003983821254223585,0,10
23,0.004295590799301863,0.004295624326914549,0,10
24,0.003490214701741934,0.0034902438055723906,0,10
25,0.002789389109238982,0.0027894105296581984,0,10
26,0.003294756170362234,0.003294778522104025,0,10
27,0.002239852910861373,0.002239849418401718,0,10
28,0.0027910976205021143,0.0027911223005503416,0,10
29,0.0026098585221916437,0.002609855029731989,0,10
30,0.0023879078216850758,0.00238793739117682,0,10
31,0.0010118880309164524,0.0010119080543518066,0,10
32,0.0012533760163933039,0.0012533775297924876,0,10
33,0.001154366647824645,0.0011543815489858389,0,10
34,0.0019197830697521567,0.0019198060035705566,0,10
35,0.0008302289061248302,0.000830233097076416,0,10
36,-0.0004592716577462852,0.00045929630869068205,10,10
37,-0.00011617572454269975,0.0001151264805230312,10,10
38,0.0004896398168057203,0.000489652156829834,0,10
39,0.0007318095886148512,0.0007318258285522461,0,10
40,0.0013041258789598942,0.0013041496276855469,0,10
41,-0.0004914933233521879,0.0004915136378258467,10,10
42,0.0008827746496535838,0.0008828043937683105,0,10
43,0.0008242800831794739,0.0008242938783951104,0,10
44,0.00045371538726612926,0.0004537221684586257,0,10
45,-0.00010560073133092374,0.00010561716771917418,10,10
46,-0.00014147019828669727,0.00014148213085718453,10,10
47,0.0003230376751162112,0.0003230571746826172,0,10
48,-0.0006389215122908354,0.0006389445043168962,10,10
49,0.0008818329079076648,0.0008818507194519043,0,10
50,-0.00040436070412397385,0.0004043848894070834,10,10
51,0.00021286409173626453,0.00021284818649291992,0,10
52,-0.0010311937658116221,0.0010312176309525967,10,10
53,0.0006124827777966857,0.0006124973297119141,0,10
54,-0.0016221789410337806,0.001622190815396607,10,10
55,-0.0003510531969368458,0.00032828206894919276,10,10
56,-0.00015576797886751592,0.00015576634905301034,10,10
57,-0.0003558077441994101,0.0003557883610483259,10,10
58,-0.0008373302989639342,0.0008373562013730407,10,10
59,-3.5149409086443484e-05,3.514164200169034e-05,10,10
60,-0.0012041330337524414,0.0012041270965710282,10,10
61,-0.0018203611252829432,0.0018203770741820335,10,10
62,-0.00022959790658205748,0.00022961711511015892,10,10
63,-0.0019084529485553503,0.001908475416712463,10,10
64,-0.0010094079189002514,0.0010094322497025132,10,10
65,-0.0009389715269207954,0.0009266246925108135,10,10
66,-0.001450496376492083,0.0014505208237096667,10,10
67,-0.0017844074172899127,0.001784427440725267,10,10
68,-0.0024521169252693653,0.0024521350860595703,10,10
69,-0.0013188994489610195,0.001318908529356122,10,10
70,-0.0021799916867166758,0.0021800249814987183,10,10
71,-0.00199572229757905,0.001995726255699992,10,10
72,-0.0036546082701534033,0.0036546357441693544,10,10
73,-0.0024448514450341463,0.002444860525429249,10,10
74,-0.0023771370761096478,0.0023771224077790976,10,10
75,-0.003577880561351776,0.003577888710424304,10,10
76,-0.004466542508453131,0.0044665466994047165,10,10
77,-0.004253488965332508,0.004253487102687359,10,10
78,-0.0037432226818054914,0.0037432131357491016,10,10
79,-0.003625415964052081,0.0036254343576729298,10,10
80,-0.0046573663130402565,0.004657347220927477,10,10
81,-0.005654032342135906,0.005452154204249382,10,10
82,-0.005056930240243673,0.005056924186646938,10,10
83,-0.006138944532722235,0.0061389184556901455,10,10
84,-0.006895978469401598,0.006896001286804676,10,10
85,-0.006614465732127428,0.006614490412175655,10,10
86,-0.007547303568571806,0.007547277957201004,10,10
87,-0.007352140732109547,0.007149869110435247,10,10
88,-0.00792374461889267,0.007923773489892483,10,10
89,-0.008836890570819378,0.00883691105991602,10,10
90,-0.009096330963075161,0.009096355177462101,10,10
91,-0.008375309407711029,0.008375289849936962,10,10
92,-0.009040331467986107,0.009040349163115025,10,10
93,-0.009010452777147293,0.009010479785501957,10,10
94,-0.00917266495525837,0.009172679856419563,10,10
95,-0.009320931509137154,0.00932093895971775,10,10
96,-0.010923303663730621,0.010423006489872932,10,10
0,0.023432791233062744,0.02343282289803028,0,10
1,0.02355147711932659,0.02355150133371353,0,10
2,0.025795258581638336,0.02579530142247677,0,10
3,0.023014824837446213,0.023014839738607407,0,10
4,0.024790985509753227,0.024791020900011063,0,10
5,0.0205237939953804,0.02052384242415428,0,10
6,0.021776847541332245,0.021776854991912842,0,10
7,0.01836153119802475,0.018361561000347137,0,10
8,0.01747378334403038,0.01747380755841732,0,10
9,0.015041273087263107,0.015041300095617771,0,10
10,0.012590384110808372,0.012590408325195312,0,10
11,0.012282788753509521,0.012282810173928738,0,10
12,0.012342938221991062,0.012342956848442554,0,10
13,0.009139756672084332,0.009139779955148697,0,10
14,0.009216871112585068,0.00921689998358488,0,10
15,0.006318878382444382,0.0063189053907990456,0,10
16,0.005956373643130064,0.005956402979791164,0,10
17,0.005344710778445005,0.005344735458493233,0,10
18,0.006591928191483021,0.006591955665498972,0,10
19,0.004630675073713064,0.004630695097148418,0,10
20,0.0038726278580725193,0.003872660920023918,0,10
21,0.005049681290984154,0.005049705505371094,0,10
22,0.003983789589256048,0.003983796574175358,0,10
23,0.004295590799301863,0.00429560849443078,0,10
24,0.003490214701741934,0.003490257542580366,0,10
25,0.002789389109238982,0.00278939469717443,0,10
26,0.003294756170362234,0.0032947887666523457,0,10
27,0.002239852910861373,0.0022398564033210278,0,10
28,0.0027910976205021143,0.0027911176439374685,0,10
29,0.0026098585221916437,0.0026098759844899178,0,10
30,0.0023879078216850758,0.002387919230386615,0,10
31,0.0010118880309164524,0.0010119108483195305,0,10
32,0.0012533760163933039,0.001253366470336914,0,10
33,0.001154366647824645,0.0011543631553649902,0,10
34,0.0019197830697521567,0.0019198060035705566,0,10
35,0.0008302289061248302,0.000830233097076416,0,10
36,-0.0004592716577462852,0.00045925495214760303,10,10
37,-0.00011617572454269975,0.0001161522523034364,10,10
38,0.0004896398168057203,0.0004896702594123781,0,10
39,0.0007318095886148512,0.0007318258285522461,0,10
40,0.0013041258789598942,0.0013041496276855469,0,10
41,-0.0004914933233521879,0.0004914876772090793,10,10
42,0.0008827746496535838,0.0008828043937683105,0,10
43,0.0008242800831794739,0.0008242995827458799,0,10
44,0.00045371538726612926,0.000453743152320385,0,10
45,-0.00010560073133092374,0.00010562586976448074,10,10
46,-0.00014147019828669727,0.00014147591718938202,10,10
47,0.0003230376751162112,0.0003230571746826172,0,10
48,-0.0006389215122908354,0.000638917728792876,10,10
49,0.0008818329079076648,0.0008818507194519043,0,10
50,-0.00040436070412397385,0.0004043815715704113,10,10
51,0.00021286409173626453,0.000212884129723534,0,10
52,-0.0010311937658116221,0.0010312206577509642,10,10
53,0.0006124827777966857,0.0006124973297119141,0,10
54,-0.0016221789410337806,0.0016221647383645177,10,10
55,-0.0003510531969368458,0.00035107723670080304,10,10
56,-0.00015576797886751592,0.00014805958198849112,10,10
57,-0.0003558077441994101,0.000355814176145941,10,10
58,-0.0008373302989639342,0.0008373133023269475,10,10
59,-3.5149409086443484e-05,3.517830555210821e-05,10,10
60,-0.0012041330337524414,0.001204130006954074,10,10
61,-0.0018203611252829432,0.0018203910440206528,10,10
62,-0.00022959790658205748,0.00022960072965361178,10,10
63,-0.0019084529485553503,0.0019084312953054905,10,10
64,-0.0010094079189002514,0.0010093979071825743,10,10
65,-0.0009389715269207954,0.0009389891056343913,10,10
66,-0.001450496376492083,0.001450497773475945,10,10
67,-0.0017844074172899127,0.0017844232497736812,10,10
68,-0.0024521169252693653,0.0024521397426724434,10,10
69,-0.0013188994489610195,0.001318918657489121,10,10
70,-0.0021799916867166758,0.002179974690079689,10,10
71,-0.00199572229757905,0.001995732542127371,10,10
72,-0.0036546082701534033,0.0036546289920806885,10,10
73,-0.0024448514450341463,0.002444826764985919,10,10
74,-0.0023771370761096478,0.002377136843279004,10,10
75,-0.003577880561351776,0.003577899420633912,10,10
76,-0.004466542508453131,0.004466564394533634,10,10
77,-0.004253488965332508,0.004253508523106575,10,10
78,-0.0037432226818054914,0.0037432354874908924,10,10
79,-0.003625415964052081,0.003625422716140747,10,10
80,-0.0046573663130402565,0.004657379817217588,10,10
81,-0.005654032342135906,0.005654024891555309,10,10
82,-0.005056930240243673,0.005056949332356453,10,10
83,-0.006138944532722235,0.006138951051980257,10,10
84,-0.006895978469401598,0.0068959700874984264,10,10
85,-0.006614465732127428,0.006614483892917633,10,10
86,-0.007547303568571806,0.007425128947943449,10,10
87,-0.007352140732109547,0.007352154236286879,10,10
88,-0.00792374461889267,0.007923755794763565,10,10
89,-0.008836890570819378,0.008836906403303146,10,10
90,-0.009096330963075161,0.009096341207623482,10,10
91,-0.008375309407711029,0.008375344797968864,10,10
92,-0.009040331467986107,0.00904031004756689,10,10
93,-0.009010452777147293,0.009010445326566696,10,10
94,-0.00917266495525837,0.009172693826258183,10,10
95,-0.009320931509137154,0.009320912882685661,10,10
96,-0.010923303663730621,0.010923290625214577,10,10
97,-0.011119878850877285,0.010964706540107727,10,10
0,0.023432791233062744,0.023432807996869087,0,10
1,0.02355147711932659,0.02355147898197174,0,10
2,0.025795258581638336,0.025795284658670425,0,10
3,0.023014824837446213,0.023014863952994347,0,10
4,0.024790985509753227,0.024791019037365913,0,10
5,0.0205237939953804,0.02052382007241249,0,10
6,0.021776847541332245,0.021776894107460976,0,10
7,0.01836153119802475,0.01836155354976654,0,10
8,0.01747378334403038,0.017473818734288216,0,10
9,0.015041273087263107,0.015041305683553219,0,10
10,0.012590384110808372,0.012590417638421059,0,10
11,0.012282788753509521,0.01228281669318676,0,10
12,0.012342938221991062,0.012342972680926323,0,10
13,0.009139756672084332,0.009139775298535824,0,10
14,0.009216871112585068,0.00921689998358488,0,10
15,0.006318878382444382,0.0063189128413796425,0,10
16,0.005956373643130064,0.005956386215984821,0,10
17,0.005344710778445005,0.005344738252460957,0,10
18,0.006591928191483021,0.0065919458866119385,0,10
19,0.004630675073713064,0.004630702547729015,0,10
20,0.0038726278580725193,0.0038726632483303547,0,10
21,0.005049681290984154,0.005049724131822586,0,10
22,0.003983789589256048,0.003983823582530022,0,10
23,0.004295590799301863,0.004295619670301676,0,10
24,0.003490214701741934,0.003490234026685357,0,10
25,0.002789389109238982,0.002789418213069439,0,10
26,0.003294756170362234,0.003294769674539566,0,10
27,0.002239852910861373,0.0022398659493774176,0,10
28,0.0027910976205021143,0.0027911162469536066,0,10
29,0.0026098585221916437,0.002609874354675412,0,10
30,0.0023879078216850758,0.0023879399523139,0,10
31,0.0010118880309164524,0.0010119080543518066,0,10
32,0.0012533760163933039,0.0012533701956272125,0,10
33,0.001154366647824645,0.0011543631553649902,0,10
34,0.0019197830697521567,0.0019198060035705566,0,10
35,0.0008302289061248302,0.000830233097076416,0,10
36,-0.0004592716577462852,0.0004592917102854699,10,10
37,-0.00011617572454269975,0.00011620251461863518,10,10
38,0.0004896398168057203,0.000489652156829834,0,10
39,0.0007318095886148512,0.0007318258285522461,0,10
40,0.0013041258789598942,0.0013041496276855469,0,10
41,-0.0004914933233521879,0.000491469050757587,10,10
42,0.0008827746496535838,0.0008828043937683105,0,10
43,0.0008242800831794739,0.000824272632598877,0,10
44,0.00045371538726612926,0.00045371055603027344,0,10
45,-0.00010560073133092374,0.00010558986105024815,10,10
46,-0.00014147019828669727,0.00014149125490803272,10,10
47,0.0003230376751162112,0.0003230571746826172,0,10
48,-0.0006389215122908354,0.0006389389163814485,10,10
49,0.0008818329079076648,0.0008818507194519043,0,10
50,-0.00040436070412397385,0.00040433526737615466,10,10
51,0.00021286409173626453,0.00021284818649291992,0,10
52,-0.0010311937658116221,0.0010311788646504283,10,10
53,0.0006124827777966857,0.0006124973297119141,0,10
54,-0.0016221789410337806,0.0016221745172515512,10,10
55,-0.0003510531969368458,0.00035107359872199595,10,10
56,-0.00015576797886751592,0.0001454159792046994,10,10
57,-0.0003558077441994101,0.00035579715040512383,10,10
58,-0.0008373302989639342,0.0008373198215849698,10,10
59,-3.5149409086443484e-05,3.514478521537967e-05,10,10
60,-0.0012041330337524414,0.001204129308462143,10,10
61,-0.0018203611252829432,0.0018203723011538386,10,10
62,-0.00022959790658205748,0.00022961290960665792,10,10
63,-0.0019084529485553503,0.0019084481755271554,10,10
64,-0.0010094079189002514,0.0010093942983075976,10,10
65,-0.0009389715269207954,0.00093900749925524,10,10
66,-0.001450496376492083,0.0014504664577543736,10,10
67,-0.0017844074172899127,0.0017844169633463025,10,10
68,-0.0024521169252693653,0.0024521376471966505,10,10
69,-0.0013188994489610195,0.0013189151650294662,10,10
70,-0.0021799916867166758,0.002179985400289297,10,10
71,-0.00199572229757905,0.001995744649320841,10,10
72,-0.0036546082701534033,0.0036546222399920225,10,10
73,-0.0024448514450341463,0.0024448733311146498,10,10
74,-0.0023771370761096478,0.002377147786319256,10,10
75,-0.003577880561351776,0.003577877301722765,10,10
76,-0.004466542508453131,0.004466515500098467,10,10
77,-0.004253488965332508,0.004253465216606855,10,10
78,-0.0037432226818054914,0.0037432420067489147,10,10
79,-0.003625415964052081,0.0036254350561648607,10,10
80,-0.0046573663130402565,0.004657363053411245,10,10
81,-0.005654032342135906,0.005654025357216597,10,10
82,-0.005056930240243673,0.005056958179920912,10,10
83,-0.006138944532722235,0.006138931959867477,10,10
84,-0.006895978469401598,0.006895969621837139,10,10
85,-0.006614465732127428,0.006614471785724163,10,10
86,-0.007547303568571806,0.007547320798039436,10,10
87,-0.007352140732109547,0.007352136541157961,10,10
88,-0.00792374461889267,0.007923739962279797,10,10
89,-0.008836890570819378,0.00883691105991602,10,10
90,-0.009096330963075161,0.009096339344978333,10,10
91,-0.008375309407711029,0.00783588457852602,10,10
92,-0.009040331467986107,0.009040356613695621,10,10
93,-0.009010452777147293,0.009010469540953636,10,10
94,-0.00917266495525837,0.00917268730700016,10,10
95,-0.009320931509137154,0.009320944547653198,10,10
96,-0.010923303663730621,0.010923315770924091,10,10
97,-0.011119878850877285,0.011119856499135494,10,10
98,-0.01060696691274643,0.010606951080262661,10,10
0,0.023432791233062744,0.023432806134223938,0,10
1,0.02355147711932659,0.023551492020487785,0,10
2,0.025795258581638336,0.025795305147767067,0,10
3,0.023014824837446213,0.023014869540929794,0,10
4,0.024790985509753227,0.024791022762656212,0,10
5,0.0205237939953804,0.02052382379770279,0,10
6,0.021776847541332245,0.021776869893074036,0,10
7,0.01836153119802475,0.018361566588282585,0,10
8,0.01747378334403038,0.01747380755841732,0,10
9,0.015041273087263107,0.015041297301650047,0,10
10,0.012590384110808372,0.012590408325195312,0,10
11,0.012282788753509521,0.012282821349799633,0,10
12,0.012342938221991062,0.012342964299023151,0,10
13,0.009139756672084332,0.009139792993664742,0,10
14,0.009216871112585068,0.009216888807713985,0,10
15,0.006318878382444382,0.006318901665508747,0,10
16,0.005956373643130064,0.005956393200904131,0,10
17,0.005344710778445005,0.005344736855477095,0,10
18,0.006591928191483021,0.006591967772692442,0,10
19,0.004630675073713064,0.004630696959793568,0,10
20,0.0038726278580725193,0.0038726606871932745,0,10
21,0.005049681290984154,0.005049705505371094,0,10
22,0.003983789589256048,0.0039838217198848724,0,10
23,0.004295590799301863,0.004295618738979101,0,10
24,0.003490214701741934,0.0034902405459433794,0,10
25,0.002789389109238982,0.0027894016820937395,0,10
26,0.003294756170362234,0.0032947659492492676,0,10
27,0.002239852910861373,0.0022398747969418764,0,10
28,0.0027910976205021143,0.002791106700897217,0,10
29,0.0026098585221916437,0.0026098606176674366,0,10
30,0.0023879078216850758,0.0023878898937255144,0,10
31,0.0010118880309164524,0.0010118955979123712,0,10
32,0.0012533760163933039,0.001253366470336914,0,10
33,0.001154366647824645,0.0011478066444396973,0,10
34,0.0019197830697521567,0.0019198060035705566,0,10
35,0.0008302289061248302,0.000830233097076416,0,10
36,-0.0004592716577462852,0.00042396181379444897,10,10
37,-0.00011617572454269975,0.00011618951248237863,10,10
38,0.0004896398168057203,0.000489619153086096,0,10
39,0.0007318095886148512,0.0007318258285522461,0,10
40,0.0013041258789598942,0.0013041506754234433,0,10
41,-0.0004914933233521879,0.0004915026947855949,10,10
42,0.0008827746496535838,0.0008828043937683105,0,10
43,0.0008242800831794739,0.0008124113082885742,0,10
44,0.00045371538726612926,0.0004425644874572754,0,10
45,-0.00010560073133092374,0.00010559908696450293,10,10
46,-0.00014147019828669727,0.00014147871115710586,10,10
47,0.0003230376751162112,0.0003230571746826172,0,10
48,-0.0006389215122908354,0.0006389303598552942,10,10
49,0.0008818329079076648,0.000881857646163553,0,10
50,-0.00040436070412397385,0.00040437671123072505,10,10
51,0.00021286409173626453,0.00021286906849127263,0,10
52,-0.0010311937658116221,0.00103121402207762,10,10
53,0.0006124827777966857,0.0006124973297119141,0,10
54,-0.0016221789410337806,0.0016222025733441114,10,10
55,-0.0003510531969368458,0.00032472159364260733,10,10
56,-0.00015576797886751592,0.0001557864306960255,10,10
57,-0.0003558077441994101,0.0003558201133273542,10,10
58,-0.0008373302989639342,0.0008373339660465717,10,10
59,-3.5149409086443484e-05,3.517276491038501e-05,10,10
60,-0.0012041330337524414,0.0012041609734296799,10,10
61,-0.0018203611252829432,0.0018203629879280925,10,10
62,-0.00022959790658205748,0.00022957679175306112,10,10
63,-0.0019084529485553503,0.0019084418890997767,10,10
64,-0.0010094079189002514,0.0010094315512105823,10,10
65,-0.0009389715269207954,0.0009389888145960867,10,10
66,-0.001450496376492083,0.0014504905557259917,10,10
67,-0.0017844074172899127,0.0017844308167696,10,10
68,-0.0024521169252693653,0.002452131360769272,10,10
69,-0.0013188994489610195,0.0013189258752390742,10,10
70,-0.0021799916867166758,0.002180004958063364,10,10
71,-0.00199572229757905,0.001995733706280589,10,10
72,-0.0036546082701534033,0.0036546301562339067,10,10
73,-0.0024448514450341463,0.00244487845338881,10,10
74,-0.0023771370761096478,0.0023771512787789106,10,10
75,-0.003577880561351776,0.003577875904738903,10,10
76,-0.004466542508453131,0.004466560669243336,10,10
77,-0.004253488965332508,0.004253509920090437,10,10
78,-0.0037432226818054914,0.0037432487588375807,10,10
79,-0.003625415964052081,0.0036254040896892548,10,10
80,-0.0046573663130402565,0.0044256956316530704,10,10
81,-0.005654032342135906,0.005654051434248686,10,10
82,-0.005056930240243673,0.005056900437921286,10,10
83,-0.006138944532722235,0.006138969678431749,10,10
84,-0.006895978469401598,0.0068960064090788364,10,10
85,-0.006614465732127428,0.006614477373659611,10,10
86,-0.007547303568571806,0.007547297049313784,10,10
87,-0.007352140732109547,0.007352167274802923,10,10
88,-0.00792374461889267,0.007923738099634647,10,10
89,-0.008836890570819378,0.008836916647851467,10,10
90,-0.009096330963075161,0.009096323512494564,10,10
91,-0.008375309407711029,0.007579194847494364,10,10
92,-0.009040331467986107,0.0090403500944376,10,10
93,-0.009010452777147293,0.009010427631437778,10,10
94,-0.00917266495525837,0.009172649122774601,10,10
95,-0.009320931509137154,0.009320930577814579,10,10
96,-0.010923303663730621,0.010146358981728554,10,10
97,-0.011119878850877285,0.01111989188939333,10,10
98,-0.01060696691274643,0.01060694083571434,10,10
99,-0.01049172692000866,0.010491735301911831,10,10
