anchor_idx,radius,max_dist,n_escaped,n_total
0,0.03491806611418724,0.03491811826825142,0,10
0,0.03491806611418724,0.034918107092380524,0,10
1,0.030022764578461647,0.030022813007235527,0,10
0,0.03491806611418724,0.03491809219121933,0,10
1,0.030022764578461647,0.030022816732525826,0,10
2,0.02639273926615715,0.026392797008156776,0,10
0,0.03491806611418724,0.03491809591650963,0,10
1,0.030022764578461647,0.030022820457816124,0,10
2,0.02639273926615715,0.026392772793769836,0,10
3,0.022024931386113167,0.022024983540177345,0,10
0,0.03491806611418724,0.03491811826825142,0,10
1,0.030022764578461647,0.030022799968719482,0,10
2,0.02639273926615715,0.02639278769493103,0,10
3,0.022024931386113167,0.022024989128112793,0,10
4,0.0182869341224432,0.018286990001797676,0,10
0,0.03491806611418724,0.034918103367090225,0,10
1,0.030022764578461647,0.030022818595170975,0,10
2,0.02639273926615715,0.026392797008156776,0,10
3,0.022024931386113167,0.022024977952241898,0,10
4,0.0182869341224432,0.018286993727087975,0,10
5,0.015315520577132702,0.015315569937229156,0,10
0,0.03491806611418724,0.03491811454296112,0,10
1,0.030022764578461647,0.030022818595170975,0,10
2,0.02639273926615715,0.026392797008156776,0,10
3,0.022024931386113167,0.022024985402822495,0,10
4,0.0182869341224432,0.01828698441386223,0,10
5,0.015315520577132702,0.01531557459384203,0,10
6,0.012241478078067303,0.012241535820066929,0,10
0,0.03491806611418724,0.03491811826825142,0,10
1,0.030022764578461647,0.030022814869880676,0,10
2,0.02639273926615715,0.026392793282866478,0,10
3,0.022024931386113167,0.022024990990757942,0,10
4,0.0182869341224432,0.01828698441386223,0,10
5,0.015315520577132702,0.015315568074584007,0,10
6,0.012241478078067303,0.012241533026099205,0,10
7,0.008782041259109974,0.008782098069787025,0,10
0,0.03491806611418724,0.03491811081767082,0,10
1,0.030022764578461647,0.030022766441106796,0,10
2,0.02639273926615715,0.02639278769493103,0,10
3,0.022024931386113167,0.022024989128112793,0,10
4,0.0182869341224432,0.018286986276507378,0,10
5,0.015315520577132702,0.015315570868551731,0,10
6,0.012241478078067303,0.01224152185022831,0,10
7,0.008782041259109974,0.00878209713846445,0,10
8,0.00794768426567316,0.007947683334350586,0,10
0,0.03491806611418724,0.034918125718832016,0,10
1,0.030022764578461647,0.030022816732525826,0,10
2,0.02639273926615715,0.02639278955757618,0,10
3,0.022024931386113167,0.022024989128112793,0,10
4,0.0182869341224432,0.018286991864442825,0,10
5,0.015315520577132702,0.015315581113100052,0,10
6,0.012241478078067303,0.012241530232131481,0,10
7,0.008782041259109974,0.008782082237303257,0,10
8,0.00794768426567316,0.007947728037834167,0,10
9,0.0066236169077456,0.006623656023293734,0,10
0,0.03491806611418724,0.03491811081767082,0,10
1,0.030022764578461647,0.030022818595170975,0,10
2,0.02639273926615715,0.026392797008156776,0,10
3,0.022024931386113167,0.022024983540177345,0,10
4,0.0182869341224432,0.01828695833683014,0,10
5,0.015315520577132702,0.015315569937229156,0,10
6,0.012241478078067303,0.012241506017744541,0,10
7,0.008782041259109974,0.00878208689391613,0,10
8,0.00794768426567316,0.007947741076350212,0,10
9,0.0066236169077456,0.0066236574202775955,0,10
10,0.005168159492313862,0.005168172996491194,0,10
0,0.03491806611418724,0.03491811826825142,0,10
1,0.030022764578461647,0.030022822320461273,0,10
2,0.02639273926615715,0.026392780244350433,0,10
3,0.022024931386113167,0.022024964913725853,0,10
4,0.0182869341224432,0.018286986276507378,0,10
5,0.015315520577132702,0.015315565280616283,0,10
6,0.012241478078067303,0.012241519056260586,0,10
7,0.008782041259109974,0.008782061748206615,0,10
8,0.00794768426567316,0.00794773269444704,0,10
9,0.0066236169077456,0.0066235968843102455,0,10
10,0.005168159492313862,0.004992005415260792,0,10
11,0.0041190036572515965,0.004119043238461018,0,10
0,0.03491806611418724,0.03491811826825142,0,10
1,0.030022764578461647,0.03002280183136463,0,10
2,0.02639273926615715,0.026392795145511627,0,10
3,0.022024931386113167,0.022024957463145256,0,10
4,0.0182869341224432,0.018286993727087975,0,10
5,0.015315520577132702,0.015315579250454903,0,10
6,0.012241478078067303,0.012241535820066929,0,10
7,0.008782041259109974,0.00878209713846445,0,10
8,0.00794768426567316,0.007947714999318123,0,10
9,0.0066236169077456,0.0066236634738743305,0,10
10,0.005168159492313862,0.005038356874138117,0,10
11,0.0041190036572515965,0.0041189854964613914,0,10
12,0.0027003444265574217,0.0027003397699445486,0,10
0,0.03491806611418724,0.03491811081767082,0,10
1,0.030022764578461647,0.030022794380784035,0,10
2,0.02639273926615715,0.026392783969640732,0,10
3,0.022024931386113167,0.022024989128112793,0,10
4,0.0182869341224432,0.018286988139152527,0,10
5,0.015315520577132702,0.015315554104745388,0,10
6,0.012241478078067303,0.012241518124938011,0,10
7,0.008782041259109974,0.008782094344496727,0,10
8,0.00794768426567316,0.007947741076350212,0,10
9,0.0066236169077456,0.006623664405196905,0,10
10,0.005168159492313862,0.005168186966329813,0,10
11,0.0041190036572515965,0.004118964541703463,0,10
12,0.0027003444265574217,0.002700377721339464,0,10
13,0.002326573245227337,0.002326536225154996,0,10
0,0.03491806611418724,0.034918107092380524,0,10
1,0.030022764578461647,0.03002280741930008,0,10
2,0.02639273926615715,0.02639279142022133,0,10
3,0.022024931386113167,0.022024989128112793,0,10
4,0.0182869341224432,0.01828698255121708,0,10
5,0.015315520577132702,0.015315567143261433,0,10
6,0.012241478078067303,0.012241534888744354,0,10
7,0.008782041259109974,0.008782066404819489,0,10
8,0.00794768426567316,0.007947687990963459,0,10
9,0.0066236169077456,0.006623643916100264,0,10
10,0.005168159492313862,0.005168212112039328,0,10
11,0.0041190036572515965,0.0041190506890416145,0,10
12,0.0027003444265574217,0.002700339537113905,0,10
13,0.002326573245227337,0.0023265976924449205,0,10
14,0.001453551696613431,0.0014535156078636646,0,10
0,0.03491806611418724,0.034918107092380524,0,10
1,0.030022764578461647,0.030022799968719482,0,10
2,0.02639273926615715,0.026392778381705284,0,10
3,0.022024931386113167,0.022024985402822495,0,10
4,0.0182869341224432,0.018286991864442825,0,10
5,0.015315520577132702,0.015315568074584007,0,10
6,0.012241478078067303,0.012241522781550884,0,10
7,0.008782041259109974,0.008782041259109974,0,10
8,0.00794768426567316,0.007947690784931183,0,10
9,0.0066236169077456,0.0066235680133104324,0,10
10,0.005168159492313862,0.0051681967452168465,0,10
11,0.0041190036572515965,0.004119005519896746,0,10
12,0.0027003444265574217,0.002700320677831769,0,10
13,0.002326573245227337,0.0023265485651791096,0,10
14,0.001453551696613431,0.0014536012895405293,0,10
15,0.001817018841393292,0.001817055162973702,0,10
0,0.03491806611418724,0.03491807356476784,0,10
1,0.030022764578461647,0.030022824183106422,0,10
2,0.02639273926615715,0.026392797008156776,0,10
3,0.022024931386113167,0.022024985402822495,0,10
4,0.0182869341224432,0.018286969512701035,0,10
5,0.015315520577132702,0.015315551310777664,0,10
6,0.012241478078067303,0.012241526506841183,0,10
7,0.008782041259109974,0.008782085962593555,0,10
8,0.00794768426567316,0.00794773455709219,0,10
9,0.0066236169077456,0.006623623427003622,0,10
10,0.005168159492313862,0.005168195813894272,0,10
11,0.0041190036572515965,0.004119012504816055,0,10
12,0.0027003444265574217,0.002700376557186246,0,10
13,0.002326573245227337,0.002326573943719268,0,10
14,0.001453551696613431,0.001453513279557228,0,10
15,0.001817018841393292,0.0018170563271269202,0,10
16,0.0012559657916426659,0.0012559888418763876,0,10
0,0.03491806611418724,0.034918103367090225,0,10
1,0.030022764578461647,0.030022824183106422,0,10
2,0.02639273926615715,0.02639279142022133,0,10
3,0.022024931386113167,0.022024985402822495,0,10
4,0.0182869341224432,0.01828697696328163,0,10
5,0.015315520577132702,0.015315559692680836,0,10
6,0.012241478078067303,0.012241527438163757,0,10
7,0.008782041259109974,0.008782093413174152,0,10
8,0.00794768426567316,0.007947740145027637,0,10
9,0.0066236169077456,0.00662365322932601,0,10
10,0.005168159492313862,0.0051681362092494965,0,10
11,0.0041190036572515965,0.004119060002267361,0,10
12,0.0027003444265574217,0.002700329525396228,0,10
13,0.002326573245227337,0.0023265923373401165,0,10
14,0.001453551696613431,0.0014535886002704501,0,10
15,0.001817018841393292,0.001817066571675241,0,10
16,0.0012559657916426659,0.0012560023460537195,0,10
17,0.0013628756860271096,0.0013628671877086163,0,10
0,0.03491806611418724,0.03491811454296112,0,10
1,0.030022764578461647,0.03002280741930008,0,10
2,0.02639273926615715,0.026392783969640732,0,10
3,0.022024931386113167,0.022024987265467644,0,10
4,0.0182869341224432,0.01828698255121708,0,10
5,0.015315520577132702,0.015315578319132328,0,10
6,0.012241478078067303,0.012241536751389503,0,10
7,0.008782041259109974,0.008782099932432175,0,10
8,0.00794768426567316,0.007947727106511593,0,10
9,0.0066236169077456,0.006623594090342522,0,10
10,0.005168159492313862,0.005168145056813955,0,10
11,0.0041190036572515965,0.004118964076042175,0,10
12,0.0027003444265574217,0.002700371667742729,0,10
13,0.002326573245227337,0.0023265169002115726,0,10
14,0.001453551696613431,0.0014536078087985516,0,10
15,0.001817018841393292,0.001817055162973702,0,10
16,0.0012559657916426659,0.0012560023460537195,0,10
17,0.0013628756860271096,0.0013628804590553045,0,10
18,0.00012119200255256146,0.00012125067587476224,0,10
0,0.03491806611418724,0.03491811081767082,0,10
1,0.030022764578461647,0.030022822320461273,0,10
2,0.02639273926615715,0.026392772793769836,0,10
3,0.022024931386113167,0.022024989128112793,0,10
4,0.0182869341224432,0.018286975100636482,0,10
5,0.015315520577132702,0.015315554104745388,0,10
6,0.012241478078067303,0.012241531163454056,0,10
7,0.008782041259109974,0.008782071061432362,0,10
8,0.00794768426567316,0.007947715930640697,0,10
9,0.0066236169077456,0.0066236406564712524,0,10
10,0.005168159492313862,0.005168129224330187,0,10
11,0.0041190036572515965,0.004118985962122679,0,10
12,0.0027003444265574217,0.002700369106605649,0,10
13,0.002326573245227337,0.0023265269119292498,0,10
14,0.001453551696613431,0.0014535861555486917,0,10
15,0.001817018841393292,0.001817056443542242,0,10
16,0.0012559657916426659,0.00125598453450948,0,10
17,0.0013628756860271096,0.0013629202730953693,0,10
18,0.00012119200255256146,0.00012123681517550722,0,10
19,0.000671953137498349,0.0006719854427501559,0,10
0,0.03491806611418724,0.03491811826825142,0,10
1,0.030022764578461647,0.030022818595170975,0,10
2,0.02639273926615715,0.026392782106995583,0,10
3,0.022024931386113167,0.022024981677532196,0,10
4,0.0182869341224432,0.018286993727087975,0,10
5,0.015315520577132702,0.015315576456487179,0,10
6,0.012241478078067303,0.012241531163454056,0,10
7,0.008782041259109974,0.00878209713846445,0,10
8,0.00794768426567316,0.007947737351059914,0,10
9,0.0066236169077456,0.006623659282922745,0,10
10,0.005168159492313862,0.005168187897652388,0,10
11,0.0041190036572515965,0.004118996672332287,0,10
12,0.0027003444265574217,0.0027003989089280367,0,10
13,0.002326573245227337,0.0023265897762030363,0,10
14,0.001453551696613431,0.001453571254387498,0,10
15,0.001817018841393292,0.0018170607509091496,0,10
16,0.0012559657916426659,0.0012559202732518315,0,10
17,0.0013628756860271096,0.0013629160821437836,0,10
18,0.00012119200255256146,0.00011826318223029375,0,10
19,0.000671953137498349,0.0006719854427501559,0,10
20,0.0007814242853783071,0.0007814328419044614,0,10
0,0.03491806611418724,0.03491811454296112,0,10
1,0.030022764578461647,0.030022813007235527,0,10
2,0.02639273926615715,0.02639279142022133,0,10
3,0.022024931386113167,0.022024981677532196,0,10
4,0.0182869341224432,0.018286975100636482,0,10
5,0.015315520577132702,0.015315571799874306,0,10
6,0.012241478078067303,0.012241536751389503,0,10
7,0.008782041259109974,0.0087820990011096,0,10
8,0.00794768426567316,0.007947703823447227,0,10
9,0.0066236169077456,0.00662365835160017,0,10
10,0.005168159492313862,0.005168179981410503,0,10
11,0.0041190036572515965,0.0041190399788320065,0,10
12,0.0027003444265574217,0.0027003891300410032,0,10
13,0.002326573245227337,0.0023265976924449205,0,10
14,0.001453551696613431,0.0014535794034600258,0,10
15,0.001817018841393292,0.0018170286202803254,0,10
16,0.0012559657916426659,0.001256010727956891,0,10
17,0.0013628756860271096,0.001362896291539073,0,10
18,0.00012119200255256146,0.00012122924090363085,0,10
19,0.000671953137498349,0.0006345717702060938,0,10
20,0.0007814242853783071,0.0007814649143256247,0,10
0,0.03491806611418724,0.03491811826825142,0,10
1,0.030022764578461647,0.030022811144590378,0,10
2,0.02639273926615715,0.02639276534318924,0,10
3,0.022024931386113167,0.02202497608959675,0,10
4,0.0182869341224432,0.018286967650055885,0,10
5,0.015315520577132702,0.015315580181777477,0,10
6,0.012241478078067303,0.012241528369486332,0,10
7,0.008782041259109974,0.008782089687883854,0,10
8,0.00794768426567316,0.007947742938995361,0,10
9,0.0066236169077456,0.006623563822358847,0,10
10,0.005168159492313862,0.005168166942894459,0,10
11,0.0041190036572515965,0.0037771870847791433,0,10
12,0.0027003444265574217,0.0025305473245680332,0,10
13,0.002326573245227337,0.0023266153875738382,0,10
14,0.001453551696613431,0.0013967608101665974,0,10
15,0.001817018841393292,0.001817045733332634,0,10
16,0.0012559657916426659,0.0012560108443722129,0,10
17,0.0013628756860271096,0.0013629180612042546,0,10
18,0.00012119200255256146,0.00012123145279474556,0,10
19,0.000671953137498349,0.0006719400989823043,0,10
20,0.0007814242853783071,0.0007814483251422644,0,10
22,0.00027650027186609805,0.00026934940251521766,0,10
0,0.03491806611418724,0.03491812199354172,0,10
1,0.030022764578461647,0.030022788792848587,0,10
2,0.02639273926615715,0.02639278769493103,0,10
3,0.022024931386113167,0.022024989128112793,0,10
4,0.0182869341224432,0.01828698068857193,0,10
5,0.015315520577132702,0.015315570868551731,0,10
6,0.012241478078067303,0.01224153395742178,0,10
7,0.008782041259109974,0.00878210086375475,0,10
8,0.00794768426567316,0.007947709411382675,0,10
9,0.0066236169077456,0.006623595021665096,0,10
10,0.005168159492313862,0.005168159957975149,0,10
11,0.0041190036572515965,0.004119050223380327,0,10
12,0.0027003444265574217,0.0027003600262105465,0,10
13,0.002326573245227337,0.0023265602067112923,0,10
14,0.001453551696613431,0.0014535504160448909,0,10
15,0.001817018841393292,0.0018169968388974667,0,10
16,0.0012559657916426659,0.001256015500985086,0,10
17,0.0013628756860271096,0.0012608824763447046,0,10
18,0.00012119200255256146,0.00012119544408051297,0,10
19,0.000671953137498349,0.0006719210650771856,0,10
20,0.0007814242853783071,0.0007814473938196898,0,10
22,0.00027650027186609805,0.00027653295546770096,0,10
23,5.334393790690228e-06,5.342040367395384e-06,0,10
0,0.03491806611418724,0.03491812199354172,0,10
1,0.030022764578461647,0.03002280369400978,0,10
2,0.02639273926615715,0.026392772793769836,0,10
3,0.022024931386113167,0.022024987265467644,0,10
4,0.0182869341224432,0.018286990001797676,0,10
5,0.015315520577132702,0.015315549448132515,0,10
6,0.012241478078067303,0.012241534888744354,0,10
7,0.008782041259109974,0.008782093413174152,0,10
8,0.00794768426567316,0.007947665639221668,0,10
9,0.0066236169077456,0.006623648572713137,0,10
10,0.005168159492313862,0.005168199073523283,0,10
11,0.0041190036572515965,0.004118986893445253,0,10
12,0.0027003444265574217,0.002700364449992776,0,10
13,0.002326573245227337,0.0022536073811352253,0,10
14,0.001453551696613431,0.001453528180718422,0,10
15,0.001817018841393292,0.0018170613329857588,0,10
16,0.0012559657916426659,0.0012560164323076606,0,10
17,0.0013628756860271096,0.0013628999004140496,0,10
18,0.00012119200255256146,0.00012124222848797217,0,10
19,0.000671953137498349,0.0006719479570165277,0,10
20,0.0007814242853783071,0.0007507010013796389,0,10
22,0.00027650027186609805,0.0002765329263638705,0,10
23,5.334393790690228e-06,5.350844730855897e-06,0,10
0,0.03491806611418724,0.03491811826825142,0,10
1,0.030022764578461647,0.030022813007235527,0,10
2,0.02639273926615715,0.026392782106995583,0,10
3,0.022024931386113167,0.022024964913725853,0,10
4,0.0182869341224432,0.018286990001797676,0,10
5,0.015315520577132702,0.01531551405787468,0,10
6,0.012241478078067303,0.012241536751389503,0,10
7,0.008782041259109974,0.008782078512012959,0,10
8,0.00794768426567316,0.007947739213705063,0,10
9,0.0066236169077456,0.006623576860874891,0,10
10,0.005168159492313862,0.0049281339161098,0,10
11,0.0041190036572515965,0.004119055345654488,0,10
12,0.0027003444265574217,0.0027003909926861525,0,10
13,0.002326573245227337,0.0023266167845577,0,10
14,0.001453551696613431,0.0014535665977746248,0,10
15,0.001817018841393292,0.0018170102266594768,0,10
16,0.0012559657916426659,0.0012559823226183653,0,10
17,0.0013628756860271096,0.0013628288870677352,0,10
18,0.00012119200255256146,0.00012117037840653211,0,10
19,0.000671953137498349,0.000671922869514674,0,10
20,0.0007814242853783071,0.0007814826676622033,0,10
22,0.00027650027186609805,0.00027644677902571857,0,10
23,5.334393790690228e-06,5.383012194215553e-06,0,10
0,0.03491806611418724,0.03491811826825142,0,10
1,0.030022764578461647,0.03002280741930008,0,10
2,0.02639273926615715,0.026392793282866478,0,10
3,0.022024931386113167,0.022024953737854958,0,10
4,0.0182869341224432,0.018286969512701035,0,10
5,0.015315520577132702,0.015315565280616283,0,10
6,0.012241478078067303,0.012241482734680176,0,10
7,0.008782041259109974,0.00878208689391613,0,10
8,0.00794768426567316,0.007947731763124466,0,10
9,0.0066236169077456,0.006623667199164629,0,10
10,0.005168159492313862,0.005168138071894646,0,10
11,0.0041190036572515965,0.004118980374187231,0,10
12,0.0027003444265574217,0.0027003695722669363,0,10
13,0.002326573245227337,0.002326548332348466,0,10
14,0.001453551696613431,0.0014536039670929313,0,10
15,0.001817018841393292,0.0018170527182519436,0,10
16,0.0012559657916426659,0.0012560106115415692,0,10
17,0.0013628756860271096,0.0013628908200189471,0,10
18,0.00012119200255256146,0.00012124020577175543,0,10
19,0.000671953137498349,0.000671988062094897,0,10
20,0.0007814242853783071,0.0007814643322490156,0,10
22,0.00027650027186609805,0.0002765350218396634,0,10
23,5.334393790690228e-06,5.29555609318777e-06,0,10
26,0.0002134365204256028,0.00021338590886443853,0,10
0,0.03491806611418724,0.034918125718832016,0,10
1,0.030022764578461647,0.03002280741930008,0,10
2,0.02639273926615715,0.02639279142022133,0,10
3,0.022024931386113167,0.022024989128112793,0,10
4,0.0182869341224432,0.018286991864442825,0,10
5,0.015315520577132702,0.015315554104745388,0,10
6,0.012241478078067303,0.01224153209477663,0,10
7,0.008782041259109974,0.008782063610851765,0,10
8,0.00794768426567316,0.007947693578898907,0,10
9,0.0066236169077456,0.006623659748584032,0,10
10,0.005168159492313862,0.005168208386749029,0,10
11,0.0041190036572515965,0.003926355391740799,0,10
12,0.0027003444265574217,0.0027003739960491657,0,10
13,0.002326573245227337,0.0023266300559043884,0,10
14,0.001453551696613431,0.0014535558875650167,0,10
15,0.001817018841393292,0.001817025477066636,0,10
16,0.0012559657916426659,0.0012560054892674088,0,10
17,0.0013628756860271096,0.0013628614833578467,0,10
18,0.00012119200255256146,0.0001212447605212219,0,10
19,0.000671953137498349,0.0006719899247400463,0,10
20,0.0007814242853783071,0.0007813922711648047,0,10
22,0.00027650027186609805,0.0002765195386018604,0,10
23,5.334393790690228e-06,5.31654268343118e-06,0,10
26,0.0002134365204256028,0.0002134878159267828,0,10
27,0.00018399224791210145,0.0001840245968196541,0,10
0,0.03491806611418724,0.03491811454296112,0,10
1,0.030022764578461647,0.030022816732525826,0,10
2,0.02639273926615715,0.02639274299144745,0,10
3,0.022024931386113167,0.022024981677532196,0,10
4,0.0182869341224432,0.018286973237991333,0,10
5,0.015315520577132702,0.015315563417971134,0,10
6,0.012241478078067303,0.012241534888744354,0,10
7,0.008782041259109974,0.008782078512012959,0,10
8,0.00794768426567316,0.007947689853608608,0,10
9,0.0066236169077456,0.0066236103884875774,0,10
10,0.005168159492313862,0.005073397420346737,0,10
11,0.0041190036572515965,0.0041190264746546745,0,10
12,0.0027003444265574217,0.0027003271970897913,0,10
13,0.002326573245227337,0.002326579997316003,0,10
14,0.001453551696613431,0.0014535917434841394,0,10
15,0.001817018841393292,0.0018169785616919398,0,10
16,0.0012559657916426659,0.0012560226023197174,0,10
17,0.0013628756860271096,0.0013628173619508743,0,10
18,0.00012119200255256146,0.00012115613208152354,0,10
19,0.000671953137498349,0.0006719557568430901,0,10
20,0.0007814242853783071,0.0007814554846845567,0,10
22,0.00027650027186609805,0.0002765212848316878,0,10
23,5.334393790690228e-06,5.365044216887327e-06,0,10
26,0.0002134365204256028,0.0002134294481948018,0,10
27,0.00018399224791210145,0.00018398184329271317,0,10
28,0.0005208189832046628,0.0005208465154282749,0,10
0,0.03491806611418724,0.03491811826825142,0,10
1,0.030022764578461647,0.030022818595170975,0,10
2,0.02639273926615715,0.026392800733447075,0,10
3,0.022024931386113167,0.022024987265467644,0,10
4,0.0182869341224432,0.018286975100636482,0,10
5,0.015315520577132702,0.015315543860197067,0,10
6,0.012241478078067303,0.012241537682712078,0,10
7,0.008782041259109974,0.00878205057233572,0,10
8,0.00794768426567316,0.007947707548737526,0,10
9,0.0066236169077456,0.006623663939535618,0,10
10,0.005168159492313862,0.005168195813894272,0,10
11,0.0041190036572515965,0.0038121077232062817,0,10
12,0.0027003444265574217,0.0027003628201782703,0,10
13,0.002326573245227337,0.002326604211702943,0,10
14,0.001453551696613431,0.0014536066446453333,0,10
15,0.001817018841393292,0.0018169796094298363,0,10
16,0.0012559657916426659,0.0012560210889205337,0,10
17,0.0013628756860271096,0.0013629032764583826,0,10
18,0.00012119200255256146,0.00012124900968046859,0,10
19,0.000671953137498349,0.0006719031371176243,0,10
20,0.0007814242853783071,0.0007814540294930339,0,10
22,0.00027650027186609805,0.0002765334793366492,0,10
23,5.334393790690228e-06,5.364423032006016e-06,0,10
26,0.0002134365204256028,0.00021344705601222813,0,10
27,0.00018399224791210145,0.00018404473667033017,0,10
28,0.0005208189832046628,0.0005208177608437836,0,10
0,0.03491806611418724,0.03491811826825142,0,10
1,0.030022764578461647,0.030022816732525826,0,10
2,0.02639273926615715,0.026392774656414986,0,10
3,0.022024931386113167,0.022024981677532196,0,10
4,0.0182869341224432,0.018286967650055885,0,10
5,0.015315520577132702,0.015315568074584007,0,10
6,0.012241478078067303,0.012241491116583347,0,10
7,0.008782041259109974,0.008782063610851765,0,10
8,0.00794768426567316,0.007947730831801891,0,10
9,0.0066236169077456,0.006623638328164816,0,10
10,0.005168159492313862,0.005168144125491381,0,10
11,0.0041190036572515965,0.004118971060961485,0,10
12,0.0027003444265574217,0.00270033348351717,0,10
13,0.002326573245227337,0.0022181340027600527,0,10
14,0.001453551696613431,0.0014536004746332765,0,10
15,0.001817018841393292,0.0018169931136071682,0,10
16,0.0012559657916426659,0.0012559746392071247,0,10
17,0.0013628756860271096,0.0013628926826640964,0,10
18,0.00012119200255256146,0.00012120856990804896,0,10
19,0.000671953137498349,0.0006719925440847874,0,10
20,0.0007814242853783071,0.0007814685232006013,0,10
22,0.00027650027186609805,0.000276534614386037,0,10
23,5.334393790690228e-06,5.341324595065089e-06,0,10
26,0.0002134365204256028,0.0002134919777745381,0,10
27,0.00018399224791210145,0.00018398326938040555,0,10
28,0.0005208189832046628,0.0005174704128876328,0,10
30,0.0004904590896330774,0.0004904710222035646,0,10
0,0.03491806611418724,0.03491811826825142,0,10
1,0.030022764578461647,0.030022820457816124,0,10
2,0.02639273926615715,0.026392798870801926,0,10
3,0.022024931386113167,0.022024989128112793,0,10
4,0.0182869341224432,0.018286986276507378,0,10
5,0.015315520577132702,0.01531557459384203,0,10
6,0.012241478078067303,0.012241526506841183,0,10
7,0.008782041259109974,0.00878209713846445,0,10
8,0.00794768426567316,0.007947674952447414,0,10
9,0.0066236169077456,0.006623623427003622,0,10
10,0.005168159492313862,0.005168215371668339,0,10
11,0.0041190036572515965,0.0041189598850905895,0,10
12,0.0027003444265574217,0.002700331388041377,0,10
13,0.002326573245227337,0.0021926856134086847,0,10
14,0.001453551696613431,0.001453540869988501,0,10
15,0.001817018841393292,0.0018170361872762442,0,10
16,0.0012559657916426659,0.0012560177128762007,0,10
17,0.0013628756860271096,0.0013629134045913815,0,10
18,0.00012119200255256146,0.00012120259634684771,0,10
19,0.000671953137498349,0.000671955815050751,0,10
20,0.0007814242853783071,0.0007814708515070379,0,10
22,0.00027650027186609805,0.00027651654090732336,0,10
23,5.334393790690228e-06,5.388995305111166e-06,0,10
26,0.0002134365204256028,0.00021338822261895984,0,10
27,0.00018399224791210145,0.00018402021669317037,0,10
28,0.0005208189832046628,0.0005208355141803622,0,10
30,0.0004904590896330774,0.0004904922679997981,0,10
0,0.03491806611418724,0.03491812199354172,0,10
1,0.030022764578461647,0.030022786930203438,0,10
2,0.02639273926615715,0.026392769068479538,0,10
3,0.022024931386113167,0.022024983540177345,0,10
4,0.0182869341224432,0.01828697696328163,0,10
5,0.015315520577132702,0.015315579250454903,0,10
6,0.012241478078067303,0.012241528369486332,0,10
7,0.008782041259109974,0.008782041259109974,0,10
8,0.00794768426567316,0.007947717793285847,0,10
9,0.0066236169077456,0.006623603403568268,0,10
10,0.005168159492313862,0.005168194882571697,0,10
11,0.0041190036572515965,0.004119039513170719,0,10
12,0.0027003444265574217,0.002700338838621974,0,10
13,0.002326573245227337,0.0023266240023076534,0,10
14,0.001453551696613431,0.0014535192167386413,0,10
15,0.001817018841393292,0.001816977164708078,0,10
16,0.0012559657916426659,0.0012559506576508284,0,10
17,0.0013628756860271096,0.0012843887088820338,0,10
18,0.00012119200255256146,0.00012114278797525913,0,10
19,0.000671953137498349,0.0006719683879055083,0,10
20,0.0007814242853783071,0.0007814500131644309,0,10
22,0.00027650027186609805,0.0002765065582934767,0,10
23,5.334393790690228e-06,5.366002369555645e-06,0,10
26,0.0002134365204256028,0.00021343999833334237,0,10
27,0.00018399224791210145,0.00018395812367089093,0,10
28,0.0005208189832046628,0.0005208140355534852,0,10
30,0.0004904590896330774,0.0004905080422759056,0,10
0,0.03491806611418724,0.034918103367090225,0,10
1,0.030022764578461647,0.030022822320461273,0,10
2,0.02639273926615715,0.02639278955757618,0,10
3,0.022024931386113167,0.022024989128112793,0,10
4,0.0182869341224432,0.01828695274889469,0,10
5,0.015315520577132702,0.01531556248664856,0,10
6,0.012241478078067303,0.012241536751389503,0,10
7,0.008782041259109974,0.008782087825238705,0,10
8,0.00794768426567316,0.007947693578898907,0,10
9,0.0066236169077456,0.0066236271522939205,0,10
10,0.005168159492313862,0.004746135324239731,0,10
11,0.0041190036572515965,0.004119028802961111,0,10
12,0.0027003444265574217,0.0027003681752830744,0,10
13,0.002326573245227337,0.0023265844210982323,0,10
14,0.001453551696613431,0.0014535764930769801,0,10
15,0.001817018841393292,0.0018170378170907497,0,10
16,0.0012559657916426659,0.0012560120085254312,0,10
17,0.0013628756860271096,0.001362845185212791,0,10
18,0.00012119200255256146,0.00012114500714233145,0,10
19,0.000671953137498349,0.0006720085511915386,0,10
20,0.0007814242853783071,0.0007814551354385912,0,10
22,0.00027650027186609805,0.00027655568555928767,0,10
23,5.334393790690228e-06,5.318870535120368e-06,0,10
26,0.0002134365204256028,0.00019545017858035862,0,10
27,0.00018399224791210145,0.00018400706176180393,0,10
28,0.0005208189832046628,0.0005208367365412414,0,10
30,0.0004904590896330774,0.0004904560628347099,0,10
0,0.03491806611418724,0.034918125718832016,0,10
1,0.030022764578461647,0.03002280183136463,0,10
2,0.02639273926615715,0.026392774656414986,0,10
3,0.022024931386113167,0.022024989128112793,0,10
4,0.0182869341224432,0.01828698255121708,0,10
5,0.015315520577132702,0.01531557273119688,0,10
6,0.012241478078067303,0.012241510674357414,0,10
7,0.008782041259109974,0.00878207478672266,0,10
8,0.00794768426567316,0.007947725243866444,0,10
9,0.0066236169077456,0.006623624358326197,0,10
10,0.005168159492313862,0.005168120842427015,0,10
11,0.0041190036572515965,0.004119031596928835,0,10
12,0.0027003444265574217,0.0027003521099686623,0,10
13,0.002326573245227337,0.002326567890122533,0,10
14,0.001453551696613431,0.00145353889092803,0,10
15,0.001817018841393292,0.0018170570256188512,0,10
16,0.0012559657916426659,0.0012559820897877216,0,10
17,0.0013628756860271096,0.0013628600863739848,0,10
18,0.00012119200255256146,0.00012116461584810168,0,10
19,0.000671953137498349,0.0006719685043208301,0,10
20,0.0007814242853783071,0.0007814359269104898,0,10
22,0.00027650027186609805,0.00027645647060126066,0,10
23,5.334393790690228e-06,5.171626071387436e-06,0,10
26,0.0002134365204256028,0.0002024837158387527,0,10
27,0.00018399224791210145,0.00018397846724838018,0,10
28,0.0005208189832046628,0.0005208441871218383,0,10
30,0.0004904590896330774,0.0004904855159111321,0,10
0,0.03491806611418724,0.03491811826825142,0,10
1,0.030022764578461647,0.030022824183106422,0,10
2,0.02639273926615715,0.026392782106995583,0,10
3,0.022024931386113167,0.02202497608959675,0,10
4,0.0182869341224432,0.018286963924765587,0,10
5,0.015315520577132702,0.015315577387809753,0,10
6,0.012241478078067303,0.012241528369486332,0,10
7,0.008782041259109974,0.008782084099948406,0,10
8,0.00794768426567316,0.007947719655930996,0,10
9,0.0066236169077456,0.006623673718422651,0,10
10,0.005168159492313862,0.0051681166514754295,0,10
11,0.0041190036572515965,0.0041190506890416145,0,10
12,0.0027003444265574217,0.0027003558352589607,0,10
13,0.002326573245227337,0.0023265713825821877,0,10
14,0.001453551696613431,0.0014535010559484363,0,10
15,0.001817018841393292,0.0018170762341469526,0,10
16,0.0012559657916426659,0.0012559135211631656,0,10
17,0.0013628756860271096,0.0013628718443214893,0,10
18,0.00012119200255256146,0.00012118065933464095,0,10
19,0.000671953137498349,0.0006719198427163064,0,10
20,0.0007814242853783071,0.0007477269391529262,0,10
22,0.00027650027186609805,0.0002765519020613283,0,10
23,5.334393790690228e-06,5.2785471780225635e-06,0,10
26,0.0002134365204256028,0.00021340890089049935,0,10
27,0.00018399224791210145,0.0001839859614847228,0,10
28,0.0005208189832046628,0.000520869973115623,0,10
30,0.0004904590896330774,0.0004904441302642226,0,10
0,0.03491806611418724,0.03491811454296112,0,10
1,0.030022764578461647,0.030022813007235527,0,10
2,0.02639273926615715,0.026392797008156776,0,10
3,0.022024931386113167,0.02202497608959675,0,10
4,0.0182869341224432,0.018286991864442825,0,10
5,0.015315520577132702,0.01531557459384203,0,10
6,0.012241478078067303,0.012241525575518608,0,10
7,0.008782041259109974,0.008782087825238705,0,10
8,0.00794768426567316,0.007947727106511593,0,10
9,0.0066236169077456,0.0066236089915037155,0,10
10,0.005168159492313862,0.005168207921087742,0,10
11,0.0041190036572515965,0.00411901855841279,0,10
12,0.0027003444265574217,0.002700338838621974,0,10
13,0.002326573245227337,0.0023266200441867113,0,10
14,0.001453551696613431,0.0014535697409883142,0,10
15,0.001817018841393292,0.0018170344410464168,0,10
16,0.0012559657916426659,0.0012560214381664991,0,10
17,0.0013628756860271096,0.0013628295855596662,0,10
18,0.00012119200255256146,0.00012124636850785464,0,10
19,0.000671953137498349,0.0006719639059156179,0,10
20,0.0007814242853783071,0.0007750281947664917,0,10
22,0.00027650027186609805,0.00027647329261526465,0,10
23,5.334393790690228e-06,5.343340490071569e-06,0,10
26,0.0002134365204256028,0.00021338940132409334,0,10
27,0.00018399224791210145,0.00018397346138954163,0,10
28,0.0005208189832046628,0.0005208267830312252,0,10
30,0.0004904590896330774,0.0004904816159978509,0,10
0,0.03491806611418724,0.03491808474063873,0,10
1,0.030022764578461647,0.030022820457816124,0,10
2,0.02639273926615715,0.026392797008156776,0,10
3,0.022024931386113167,0.022024977952241898,0,10
4,0.0182869341224432,0.018286973237991333,0,10
5,0.015315520577132702,0.015315578319132328,0,10
6,0.012241478078067303,0.01224153395742178,0,10
7,0.008782041259109974,0.008782090619206429,0,10
8,0.00794768426567316,0.007947702892124653,0,10
9,0.0066236169077456,0.006623599678277969,0,10
10,0.005168159492313862,0.005168164614588022,0,10
11,0.0041190036572515965,0.00411904975771904,0,10
12,0.0027003444265574217,0.002700387965887785,0,10
13,0.002326573245227337,0.002326570451259613,0,10
14,0.001453551696613431,0.001453605480492115,0,10
15,0.001817018841393292,0.001817075302824378,0,10
16,0.0012559657916426659,0.001255942857824266,0,10
17,0.0013628756860271096,0.0013629349414259195,0,10
18,0.00012119200255256146,0.0001212437346111983,0,10
19,0.000671953137498349,0.0006719593075104058,0,10
20,0.0007814242853783071,0.0007814229466021061,0,10
22,0.00027650027186609805,0.0002765047247521579,0,10
23,5.334393790690228e-06,5.342893473425647e-06,0,10
26,0.0002134365204256028,0.0002134820824721828,0,10
27,0.00018399224791210145,0.00018398715474177152,0,10
28,0.0005208189832046628,0.0005208172369748354,0,10
30,0.0004904590896330774,0.0004905180539935827,0,10
0,0.03491806611418724,0.034918125718832016,0,10
1,0.030022764578461647,0.03002280928194523,0,10
2,0.02639273926615715,0.026392780244350433,0,10
3,0.022024931386113167,0.022024987265467644,0,10
4,0.0182869341224432,0.01828698255121708,0,10
5,0.015315520577132702,0.015315569937229156,0,10
6,0.012241478078067303,0.012241536751389503,0,10
7,0.008782041259109974,0.008782065473496914,0,10
8,0.00794768426567316,0.007947712205350399,0,10
9,0.0066236169077456,0.006623660679906607,0,10
10,0.005168159492313862,0.005168210715055466,0,10
11,0.0041190036572515965,0.004119028337299824,0,10
12,0.0027003444265574217,0.00270033348351717,0,10
13,0.002326573245227337,0.0021016644313931465,0,10
14,0.001453551696613431,0.0014535912778228521,0,10
15,0.001817018841393292,0.001817040960304439,0,10
16,0.0012559657916426659,0.001255992567166686,0,10
17,0.0013628756860271096,0.0013628489105030894,0,10
18,0.00012119200255256146,0.00012120790779590607,0,10
19,0.000671953137498349,0.0006719972589053214,0,10
20,0.0007814242853783071,0.0007814487325958908,0,10
22,0.00027650027186609805,0.0002765400568023324,0,10
23,5.334393790690228e-06,5.36452262167586e-06,0,10
26,0.0002134365204256028,0.00020976467931177467,0,10
27,0.00018399224791210145,0.0001840381301008165,0,10
28,0.0005208189832046628,0.0005207855137996376,0,10
30,0.0004904590896330774,0.0004904784145765007,0,10
0,0.03491806611418724,0.03491812199354172,0,10
1,0.030022764578461647,0.030022818595170975,0,10
2,0.02639273926615715,0.026392793282866478,0,10
3,0.022024931386113167,0.022024989128112793,0,10
4,0.0182869341224432,0.01828696019947529,0,10
5,0.015315520577132702,0.01531557459384203,0,10
6,0.012241478078067303,0.012241534888744354,0,10
7,0.008782041259109974,0.00878210086375475,0,10
8,0.00794768426567316,0.007947724312543869,0,10
9,0.0066236169077456,0.006623649038374424,0,10
10,0.005168159492313862,0.0051682027988135815,0,10
11,0.0041190036572515965,0.004118960350751877,0,10
12,0.0027003444265574217,0.002700395882129669,0,10
13,0.002326573245227337,0.002326598623767495,0,10
14,0.001453551696613431,0.0014535689260810614,0,10
15,0.001817018841393292,0.0018170539988204837,0,10
16,0.0012559657916426659,0.0012560065370053053,0,10
17,0.0013628756860271096,0.0013629032764583826,0,10
18,0.00012119200255256146,0.00012114786659367383,0,10
19,0.000671953137498349,0.0006719199591316283,0,10
20,0.0007814242853783071,0.0007813702686689794,0,10
22,0.00027650027186609805,0.0002765176468528807,0,10
23,5.334393790690228e-06,5.376826266001444e-06,0,10
26,0.0002134365204256028,0.00021347260917536914,0,10
27,0.00018399224791210145,0.00018398204701952636,0,10
28,0.0005208189832046628,0.0005208740476518869,0,10
30,0.0004904590896330774,0.0004904522211290896,0,10
39,0.00018966525385621935,0.00018962915055453777,0,10
0,0.03491806611418724,0.03491811826825142,0,10
1,0.030022764578461647,0.030022822320461273,0,10
2,0.02639273926615715,0.026392795145511627,0,10
3,0.022024931386113167,0.022024983540177345,0,10
4,0.0182869341224432,0.018286986276507378,0,10
5,0.015315520577132702,0.015315577387809753,0,10
6,0.012241478078067303,0.012241528369486332,0,10
7,0.008782041259109974,0.008782071992754936,0,10
8,0.00794768426567316,0.007947742007672787,0,10
9,0.0066236169077456,0.00662364112213254,0,10
10,0.005168159492313862,0.005168204195797443,0,10
11,0.0041190036572515965,0.0041190325282514095,0,10
12,0.0027003444265574217,0.002700377721339464,0,10
13,0.002326573245227337,0.0023265888448804617,0,10
14,0.001453551696613431,0.001453497912734747,0,10
15,0.001817018841393292,0.0016872938722372055,0,10
16,0.0012559657916426659,0.0012559926835820079,0,10
17,0.0013628756860271096,0.0013628840679302812,0,10
18,0.00012119200255256146,0.00012118839367758483,0,10
19,0.000671953137498349,0.0006719843368045986,0,10
20,0.0007814242853783071,0.0007814320852048695,0,10
22,0.00027650027186609805,0.00027655353187583387,0,10
23,5.334393790690228e-06,5.367523044697009e-06,0,10
26,0.0002134365204256028,0.00021344512060750276,0,10
27,0.00018399224791210145,0.00018404607544653118,0,10
28,0.0005208189832046628,0.0005207901704125106,0,10
30,0.0004904590896330774,0.0004905051318928599,0,10
39,0.00018966525385621935,0.00018965874915011227,0,10
0,0.03491806611418724,0.03491812199354172,0,10
1,0.030022764578461647,0.03002280741930008,0,10
2,0.02639273926615715,0.026392780244350433,0,10
3,0.022024931386113167,0.02202497608959675,0,10
4,0.0182869341224432,0.018286991864442825,0,10
5,0.015315520577132702,0.01531556248664856,0,10
6,0.012241478078067303,0.012241501361131668,0,10
7,0.008782041259109974,0.008782078512012959,0,10
8,0.00794768426567316,0.007947730831801891,0,10
9,0.0066236169077456,0.006623669993132353,0,10
10,0.005168159492313862,0.005168176721781492,0,10
11,0.0041190036572515965,0.004119048826396465,0,10
12,0.0027003444265574217,0.0027003635186702013,0,10
13,0.002326573245227337,0.0023265709169209003,0,10
14,0.001453551696613431,0.0014535179361701012,0,10
15,0.001817018841393292,0.00181701616384089,0,10
16,0.0012559657916426659,0.0012559453025460243,0,10
17,0.0013628756860271096,0.0013629216700792313,0,10
18,0.00012119200255256146,0.00012120827886974439,0,10
19,0.000671953137498349,0.0006267649587243795,0,10
20,0.0007814242853783071,0.000781468756031245,0,10
22,0.00027650027186609805,0.00027651776326820254,0,10
23,5.334393790690228e-06,5.382704330259003e-06,0,10
26,0.0002134365204256028,0.00021349349117372185,0,10
27,0.00018399224791210145,0.00017476519860792905,0,10
28,0.0005208189832046628,0.0005038160015828907,0,10
30,0.0004904590896330774,0.0004904736415483057,0,10
39,0.00018966525385621935,0.00018972235557157546,0,10
0,0.03491806611418724,0.03491811826825142,0,10
1,0.030022764578461647,0.030022813007235527,0,10
2,0.02639273926615715,0.026392797008156776,0,10
3,0.022024931386113167,0.022024977952241898,0,10
4,0.0182869341224432,0.018286988139152527,0,10
5,0.015315520577132702,0.01531557459384203,0,10
6,0.012241478078067303,0.012241537682712078,0,10
7,0.008782041259109974,0.00878205057233572,0,10
8,0.00794768426567316,0.007947733625769615,0,10
9,0.0066236169077456,0.006623649038374424,0,10
10,0.005168159492313862,0.005168160889297724,0,10
11,0.0041190036572515965,0.00411899434402585,0,10
12,0.0027003444265574217,0.0027003854047507048,0,10
13,0.002326573245227337,0.002326627029106021,0,10
14,0.001453551696613431,0.0014535181690007448,0,10
15,0.001817018841393292,0.0018170414259657264,0,10
16,0.0012559657916426659,0.0011873315088450909,0,10
17,0.0013628756860271096,0.0013628414599224925,0,10
18,0.00012119200255256146,0.00012120485189370811,0,10
19,0.000671953137498349,0.0006719931843690574,0,10
20,0.0007814242853783071,0.0007814466371200979,0,10
22,0.00027650027186609805,0.0002764810633379966,0,10
23,5.334393790690228e-06,5.367523044697009e-06,0,10
26,0.0002134365204256028,0.00021347383153624833,0,10
27,0.00018399224791210145,0.00018398655811324716,0,10
28,0.0005208189832046628,0.0005207969225011766,0,10
30,0.0004904590896330774,0.0004905022797174752,0,10
39,0.00018966525385621935,0.0001897191978059709,0,10
0,0.03491806611418724,0.03491811081767082,0,10
1,0.030022764578461647,0.030022799968719482,0,10
2,0.02639273926615715,0.026392797008156776,0,10
3,0.022024931386113167,0.022024981677532196,0,10
4,0.0182869341224432,0.018286963924765587,0,10
5,0.015315520577132702,0.01531557273119688,0,10
6,0.012241478078067303,0.012241526506841183,0,10
7,0.008782041259109974,0.008782085962593555,0,10
8,0.00794768426567316,0.00794768426567316,0,10
9,0.0066236169077456,0.006623649504035711,0,10
10,0.005168159492313862,0.0048196278512477875,0,10
11,0.0041190036572515965,0.004117853939533234,0,10
12,0.0027003444265574217,0.0026203682646155357,0,10
13,0.002326573245227337,0.002326628193259239,0,10
14,0.001453551696613431,0.0014535823138430715,0,10
15,0.001817018841393292,0.001633773441426456,0,10
16,0.0012559657916426659,0.0012560056056827307,0,10
17,0.0013628756860271096,0.0013629276072606444,0,10
18,0.00012119200255256146,0.00012116948346374556,0,10
19,0.000671953137498349,0.0006719004595652223,0,10
20,0.0007814242853783071,0.0007814609562046826,0,10
22,0.00027650027186609805,0.00027646799571812153,0,10
23,5.334393790690228e-06,5.341480573406443e-06,0,10
26,0.0002134365204256028,0.00021342432592064142,0,10
27,0.00018399224791210145,0.00018402501882519573,0,10
28,0.0005208189832046628,0.0005208055954426527,0,10
30,0.0004904590896330774,0.0004904949455522001,0,10
39,0.00018966525385621935,0.00018965489289257675,0,10
0,0.03491806611418724,0.03491808846592903,0,10
1,0.030022764578461647,0.03002280928194523,0,10
2,0.02639273926615715,0.026392778381705284,0,10
3,0.022024931386113167,0.022024964913725853,0,10
4,0.0182869341224432,0.01828697696328163,0,10
5,0.015315520577132702,0.015315567143261433,0,10
6,0.012241478078067303,0.012241537682712078,0,10
7,0.008782041259109974,0.008782084099948406,0,10
8,0.00794768426567316,0.007947712205350399,0,10
9,0.0066236169077456,0.006623666733503342,0,10
10,0.005168159492313862,0.005168207921087742,0,10
11,0.0041190036572515965,0.004118975251913071,0,10
12,0.0027003444265574217,0.002700329292565584,0,10
13,0.002326573245227337,0.002121648984029889,0,10
14,0.001453551696613431,0.0014535620575770736,0,10
15,0.001817018841393292,0.0018170458497479558,0,10
16,0.0012559657916426659,0.0012559586903080344,0,10
17,0.0013628756860271096,0.0013628335436806083,0,10
18,0.00012119200255256146,0.00012118661834392697,0,10
19,0.000671953137498349,0.0006719683296978474,0,10
20,0.0007814242853783071,0.0007814603159204125,0,10
22,0.00027650027186609805,0.00027653013239614666,0,10
23,5.334393790690228e-06,5.293249614624074e-06,0,10
26,0.0002134365204256028,0.00021342685795389116,0,10
27,0.00018399224791210145,0.00018404358706902713,0,10
28,0.0005208189832046628,0.0005207766662351787,0,10
30,0.0004904590896330774,0.000490495644044131,0,10
39,0.00018966525385621935,0.00018972014368046075,0,10
0,0.03491806611418724,0.03491809591650963,0,10
1,0.030022764578461647,0.030022820457816124,0,10
2,0.02639273926615715,0.026392795145511627,0,10
3,0.022024931386113167,0.02202497236430645,0,10
4,0.0182869341224432,0.018286990001797676,0,10
5,0.015315520577132702,0.015315576456487179,0,10
6,0.012241478078067303,0.012241523712873459,0,10
7,0.008782041259109974,0.008782089687883854,0,10
8,0.00794768426567316,0.007947700098156929,0,10
9,0.0066236169077456,0.006623654160648584,0,10
10,0.005168159492313862,0.005168159492313862,0,10
11,0.0041190036572515965,0.004119005519896746,0,10
12,0.0027003444265574217,0.002700364449992776,0,10
13,0.002326573245227337,0.0023265944328159094,0,10
14,0.001453551696613431,0.0014536023372784257,0,10
15,0.001817018841393292,0.0016470199916511774,0,10
16,0.0012559657916426659,0.0012560243485495448,0,10
17,0.0013628756860271096,0.0013628923334181309,0,10
18,0.00012119200255256146,0.00012123189662816003,0,10
19,0.000671953137498349,0.0006719758966937661,0,10
20,0.0007814242853783071,0.0007814293494448066,0,10
22,0.00027650027186609805,0.0002677098964340985,0,10
23,5.334393790690228e-06,5.367274752643425e-06,0,10
26,0.0002134365204256028,0.0002134494570782408,0,10
27,0.00018399224791210145,0.00018399323744233698,0,10
28,0.0005208189832046628,0.0005207972717471421,0,10
30,0.0004904590896330774,0.000490509148221463,0,10
39,0.00018966525385621935,0.00018966985226143152,0,10
45,0.00014493855996988714,0.00014496652875095606,0,10
0,0.03491806611418724,0.03491811081767082,0,10
1,0.030022764578461647,0.030022820457816124,0,10
2,0.02639273926615715,0.026392754167318344,0,10
3,0.022024931386113167,0.022024979814887047,0,10
4,0.0182869341224432,0.01828697696328163,0,10
5,0.015315520577132702,0.015315575525164604,0,10
6,0.012241478078067303,0.01224152185022831,0,10
7,0.008782041259109974,0.008782093413174152,0,10
8,0.00794768426567316,0.007947692647576332,0,10
9,0.0066236169077456,0.006623663008213043,0,10
10,0.005168159492313862,0.005168160889297724,0,10
11,0.0041190036572515965,0.004118998069316149,0,10
12,0.0027003444265574217,0.0027003649156540632,0,10
13,0.002326573245227337,0.002326596761122346,0,10
14,0.001453551696613431,0.001453604782000184,0,10
15,0.001817018841393292,0.001816962263546884,0,10
16,0.0012559657916426659,0.001255940180271864,0,10
17,0.0013628756860271096,0.0013628968736156821,0,10
18,0.00012119200255256146,0.00012120814790250733,0,10
19,0.000671953137498349,0.0006719178636558354,0,10
20,0.0007814242853783071,0.0007814235286787152,0,10
22,0.00027650027186609805,0.0002593969402369112,0,10
23,5.334393790690228e-06,5.36510242454824e-06,0,10
26,0.0002134365204256028,0.00021348410518839955,0,10
27,0.00018399224791210145,0.00018404792353976518,0,10
28,0.0005208189832046628,0.0005208321381360292,0,10
30,0.0004904590896330774,0.0004904855159111321,0,10
39,0.00018966525385621935,0.00018967762298416346,0,10
45,0.00014493855996988714,0.00014491814363282174,0,10
0,0.03491806611418724,0.034918103367090225,0,10
1,0.030022764578461647,0.030022820457816124,0,10
2,0.02639273926615715,0.026392793282866478,0,10
3,0.022024931386113167,0.022024987265467644,0,10
4,0.0182869341224432,0.018286986276507378,0,10
5,0.015315520577132702,0.015315580181777477,0,10
6,0.012241478078067303,0.012241526506841183,0,10
7,0.008782041259109974,0.008782068267464638,0,10
8,0.00794768426567316,0.007947719655930996,0,10
9,0.0066236169077456,0.006623561028391123,0,10
10,0.005168159492313862,0.0051682074554264545,0,10
11,0.0041190036572515965,0.004119045566767454,0,10
12,0.0027003444265574217,0.0027003830764442682,0,10
13,0.002326573245227337,0.0023266079369932413,0,10
14,0.001453551696613431,0.0014535989612340927,0,10
15,0.001817018841393292,0.0017938991077244282,0,10
16,0.0012559657916426659,0.0011701991315931082,0,10
17,0.0013628756860271096,0.0013629239983856678,0,10
18,0.00012119200255256146,0.0001211807393701747,0,10
19,0.000671953137498349,0.0006719921948388219,0,10
20,0.0007814242853783071,0.0007814608979970217,0,10
22,0.00027650027186609805,0.000276462291367352,0,10
23,5.334393790690228e-06,5.3616490731656086e-06,0,10
26,0.0002134365204256028,0.00021339308295864612,0,10
27,0.00018399224791210145,0.00018399872351437807,0,10
28,0.0005208189832046628,0.0005207880167290568,0,10
30,0.0004904590896330774,0.0004904293455183506,0,10
39,0.00018966525385621935,0.00018972389807458967,0,10
45,0.00014493855996988714,0.00014495047798845917,0,10
47,0.0002712574496399611,0.0002712749701458961,0,10
0,0.03491806611418724,0.034918103367090225,0,10
1,0.030022764578461647,0.030022820457816124,0,10
2,0.02639273926615715,0.026392778381705284,0,10
3,0.022024931386113167,0.022024981677532196,0,10
4,0.0182869341224432,0.018286986276507378,0,10
5,0.015315520577132702,0.015315571799874306,0,10
6,0.012241478078067303,0.012241531163454056,0,10
7,0.008782041259109974,0.008782023563981056,0,10
8,0.00794768426567316,0.007947674952447414,0,10
9,0.0066236169077456,0.00662360992282629,0,10
10,0.005168159492313862,0.005168105009943247,0,10
11,0.0041190036572515965,0.004118982702493668,0,10
12,0.0027003444265574217,0.0027003323193639517,0,10
13,0.002326573245227337,0.0023265795316547155,0,10
14,0.001453551696613431,0.001453566481359303,0,10
15,0.001817018841393292,0.0018169801915064454,0,10
16,0.0012559657916426659,0.0012560151517391205,0,10
17,0.0013628756860271096,0.0013628987362608314,0,10
18,0.00012119200255256146,0.00012115335994167253,0,10
19,0.000671953137498349,0.0006719306693412364,0,10
20,0.0007814242853783071,0.0007814439595676959,0,10
22,0.00027650027186609805,0.0002765498647931963,0,10
23,5.334393790690228e-06,5.364636763260933e-06,0,10
26,0.0002134365204256028,0.00021342854597605765,0,10
27,0.00018399224791210145,0.00018400170665699989,0,10
28,0.0005208189832046628,0.000520847795996815,0,10
30,0.0004904590896330774,0.0004904744564555585,0,10
39,0.00018966525385621935,0.0001896619942272082,0,10
45,0.00014493855996988714,0.00014402340457309037,0,10
47,0.0002712574496399611,0.0002712413261178881,0,10
0,0.03491806611418724,0.03491811081767082,0,10
1,0.030022764578461647,0.03002280741930008,0,10
2,0.02639273926615715,0.02639276348054409,0,10
3,0.022024931386113167,0.022024990990757942,0,10
4,0.0182869341224432,0.01828698255121708,0,10
5,0.015315520577132702,0.015315564349293709,0,10
6,0.012241478078067303,0.012241525575518608,0,10
7,0.008782041259109974,0.008782092481851578,0,10
8,0.00794768426567316,0.007947733625769615,0,10
9,0.0066236169077456,0.006623666733503342,0,10
10,0.005168159492313862,0.005168137140572071,0,10
11,0.0041190036572515965,0.004119029734283686,0,10
12,0.0027003444265574217,0.002700341632589698,0,10
13,0.002326573245227337,0.002326627029106021,0,10
14,0.001453551696613431,0.001453539589419961,0,10
15,0.001817018841393292,0.001816967618651688,0,10
16,0.0012559657916426659,0.0012559442548081279,0,10
17,0.0013628756860271096,0.0013628273736685514,0,10
18,0.00012119200255256146,0.0001211821727338247,0,10
19,0.000671953137498349,0.0006719797383993864,0,10
20,0.0007814242853783071,0.000781369861215353,0,10
22,0.00027650027186609805,0.00027654520818032324,0,10
23,5.334393790690228e-06,5.28649161424255e-06,0,10
26,0.0002134365204256028,0.000213480438105762,0,10
27,0.00018399224791210145,0.00018402122077532113,0,10
28,0.0005208189832046628,0.0005208404618315399,0,10
30,0.0004904590896330774,0.0004904954112134874,0,10
39,0.00018966525385621935,0.00018966704374179244,0,10
45,0.00014493855996988714,0.0001449086848879233,0,10
47,0.0002712574496399611,0.000271258526481688,0,10
0,0.03491806611418724,0.03491812199354172,0,10
1,0.030022764578461647,0.030022822320461273,0,10
2,0.02639273926615715,0.02639278769493103,0,10
3,0.022024931386113167,0.022024955600500107,0,10
4,0.0182869341224432,0.018286991864442825,0,10
5,0.015315520577132702,0.015315573662519455,0,10
6,0.012241478078067303,0.012241523712873459,0,10
7,0.008782041259109974,0.008782090619206429,0,10
8,0.00794768426567316,0.007947728969156742,0,10
9,0.0066236169077456,0.00662360992282629,0,10
10,0.005168159492313862,0.005168106406927109,0,10
11,0.0041190036572515965,0.004119043238461018,0,10
12,0.0027003444265574217,0.0027003949508070946,0,10
13,0.002326573245227337,0.0023266258649528027,0,10
14,0.001453551696613431,0.0014535310911014676,0,10
15,0.001817018841393292,0.0016539040952920914,0,10
16,0.0012559657916426659,0.0012462516315281391,0,10
17,0.0013628756860271096,0.0013628213200718164,0,10
18,0.00012119200255256146,0.00012120552128180861,0,10
19,0.000671953137498349,0.0006719403900206089,0,10
20,0.0007814242853783071,0.0007814688142389059,0,10
22,0.00027650027186609805,0.00027646543458104134,0,10
23,5.334393790690228e-06,5.364574462873861e-06,0,10
26,0.0002134365204256028,0.00021342714899219573,0,10
27,0.00018399224791210145,0.00018397301028016955,0,10
28,0.0005208189832046628,0.0005208500078879297,0,10
30,0.0004904590896330774,0.0004904897650703788,0,10
39,0.00018966525385621935,0.00018971413373947144,0,10
45,0.00014493855996988714,0.000144917969009839,0,10
47,0.0002712574496399611,0.00027123242034576833,0,10
0,0.03491806611418724,0.03491811826825142,0,10
1,0.030022764578461647,0.030022822320461273,0,10
2,0.02639273926615715,0.026392798870801926,0,10
3,0.022024931386113167,0.022024990990757942,0,10
4,0.0182869341224432,0.018286975100636482,0,10
5,0.015315520577132702,0.015315555967390537,0,10
6,0.012241478078067303,0.01224153395742178,0,10
7,0.008782041259109974,0.008782078512012959,0,10
8,0.00794768426567316,0.00794773269444704,0,10
9,0.0066236169077456,0.006623673252761364,0,10
10,0.005168159492313862,0.00516821164637804,0,10
11,0.0041190036572515965,0.00411904975771904,0,10
12,0.0027003444265574217,0.0027003802824765444,0,10
13,0.002326573245227337,0.0023266193456947803,0,10
14,0.001453551696613431,0.001453522825613618,0,10
15,0.001817018841393292,0.0018170636612921953,0,10
16,0.0012559657916426659,0.0012559188762679696,0,10
17,0.0013628756860271096,0.0013559755170717835,0,10
18,0.00012119200255256146,0.00012124575732741505,0,10
19,0.000671953137498349,0.000671988760586828,0,10
20,0.0007814242853783071,0.0007814622949808836,0,10
22,0.00027650027186609805,0.0002765336830634624,0,10
23,5.334393790690228e-06,5.328556198946899e-06,0,10
26,0.0002134365204256028,0.00021343276603147388,0,10
27,0.00018399224791210145,0.00018398599058855325,0,10
28,0.0005208189832046628,0.0004927507834509015,0,10
30,0.0004904590896330774,0.0004904477391391993,0,10
39,0.00018966525385621935,0.00018964021001011133,0,10
45,0.00014493855996988714,0.00014499029202852398,0,10
47,0.0002712574496399611,0.0002712471759878099,0,10
0,0.03491806611418724,0.03491809591650963,0,10
1,0.030022764578461647,0.030022818595170975,0,10
2,0.02639273926615715,0.026392797008156776,0,10
3,0.022024931386113167,0.022024983540177345,0,10
4,0.0182869341224432,0.018286975100636482,0,10
5,0.015315520577132702,0.015315575525164604,0,10
6,0.012241478078067303,0.012241529300808907,0,10
7,0.008782041259109974,0.00878207664936781,0,10
8,0.00794768426567316,0.007947730831801891,0,10
9,0.0066236169077456,0.006623644381761551,0,10
10,0.005168159492313862,0.005168201867491007,0,10
11,0.0041190036572515965,0.004119005519896746,0,10
12,0.0027003444265574217,0.0027003916911780834,0,10
13,0.002326573245227337,0.002326549729332328,0,10
14,0.001453551696613431,0.0014535961672663689,0,10
15,0.001817018841393292,0.0018170711118727922,0,10
16,0.0012559657916426659,0.0012559713795781136,0,10
17,0.0013628756860271096,0.0013628348242491484,0,10
18,0.00012119200255256146,0.00012124887871323153,0,10
19,0.000671953137498349,0.0006719676312059164,0,10
20,0.0007814242853783071,0.000781424343585968,0,10
22,0.00027650027186609805,0.00027646857779473066,0,10
23,5.334393790690228e-06,5.284663984639337e-06,0,10
26,0.0002134365204256028,0.00021347148867789656,0,10
27,0.00018399224791210145,0.00018398599058855325,0,10
28,0.0005208189832046628,0.0005207639769650996,0,10
30,0.0004904590896330774,0.0004904293455183506,0,10
39,0.00018966525385621935,0.00018968997756019235,0,10
45,0.00014493855996988714,0.000144884004839696,0,10
47,0.0002712574496399611,0.00027131359092891216,0,10
0,0.03491806611418724,0.034918107092380524,0,10
1,0.030022764578461647,0.030022822320461273,0,10
2,0.02639273926615715,0.02639278583228588,0,10
3,0.022024931386113167,0.022024990990757942,0,10
4,0.0182869341224432,0.018286975100636482,0,10
5,0.015315520577132702,0.015315575525164604,0,10
6,0.012241478078067303,0.012241530232131481,0,10
7,0.008782041259109974,0.00878208503127098,0,10
8,0.00794768426567316,0.007947731763124466,0,10
9,0.0066236169077456,0.006623659282922745,0,10
10,0.005168159492313862,0.005168173927813768,0,10
11,0.0041190036572515965,0.004118995741009712,0,10
12,0.0027003444265574217,0.002700355602428317,0,10
13,0.002326573245227337,0.0023265813942998648,0,10
14,0.001453551696613431,0.001356035703793168,0,10
15,0.001817018841393292,0.001816962263546884,0,10
16,0.0012559657916426659,0.0012559958267956972,0,10
17,0.0013628756860271096,0.0013628838350996375,0,10
18,0.00012119200255256146,0.0001211835042340681,0,10
19,0.000671953137498349,0.0006719414959661663,0,10
20,0.0007814242853783071,0.000781464041210711,0,10
22,0.00027650027186609805,0.00027647841488942504,0,10
23,5.334393790690228e-06,5.1993097258673515e-06,0,10
26,0.0002134365204256028,0.0002134085661964491,0,10
27,0.00018399224791210145,0.00018403553985990584,0,10
28,0.0005208189832046628,0.0004888083203695714,0,10
30,0.0004904590896330774,0.000490488950163126,0,10
39,0.00018966525385621935,0.00018969998927786946,0,10
45,0.00014493855996988714,0.0001449489063816145,0,10
47,0.0002712574496399611,0.0002712651912588626,0,10
53,1.2222796613059472e-05,1.2278584108571522e-05,0,10
0,0.03491806611418724,0.03491811826825142,0,10
1,0.030022764578461647,0.03002280183136463,0,10
2,0.02639273926615715,0.02639278583228588,0,10
3,0.022024931386113167,0.022024983540177345,0,10
4,0.0182869341224432,0.018286975100636482,0,10
5,0.015315520577132702,0.015315577387809753,0,10
6,0.012241478078067303,0.01224153395742178,0,10
7,0.008782041259109974,0.00878209713846445,0,10
8,0.00794768426567316,0.00794769637286663,0,10
9,0.0066236169077456,0.006623605731874704,0,10
10,0.005168159492313862,0.004982472397387028,0,10
11,0.0041190036572515965,0.004119055811315775,0,10
12,0.0027003444265574217,0.002700385870411992,0,10
13,0.002326573245227337,0.002205880358815193,0,10
14,0.001453551696613431,0.0013621629914268851,0,10
15,0.001817018841393292,0.0018169726245105267,0,10
16,0.0012559657916426659,0.001255963696166873,0,10
17,0.0013628756860271096,0.001362900249660015,0,10
18,0.00012119200255256146,0.00012121866166125983,0,10
19,0.000671953137498349,0.0006719520315527916,0,10
20,0.0007814242853783071,0.0007814372656866908,0,10
22,0.00027650027186609805,0.00027655414305627346,0,10
23,5.334393790690228e-06,5.392676484916592e-06,0,10
26,0.0002134365204256028,0.00021347502479329705,0,10
27,0.00018399224791210145,0.00018394691869616508,0,10
28,0.0005208189832046628,0.0005208301590755582,0,10
30,0.0004904590896330774,0.0004905181704089046,0,10
39,0.00018966525385621935,0.00018969895609188825,0,10
45,0.00014493855996988714,0.00014495913637802005,0,10
47,0.0002712574496399611,0.0002713086432777345,0,10
53,1.2222796613059472e-05,1.2265489203855395e-05,0,10
54,4.435619848663919e-05,4.4356664147926494e-05,0,10
0,0.03491806611418724,0.03491811826825142,0,10
1,0.030022764578461647,0.030022798106074333,0,10
2,0.02639273926615715,0.02639278769493103,0,10
3,0.022024931386113167,0.02202497236430645,0,10
4,0.0182869341224432,0.018286990001797676,0,10
5,0.015315520577132702,0.015315563417971134,0,10
6,0.012241478078067303,0.012241517193615437,0,10
7,0.008782041259109974,0.008782055228948593,0,10
8,0.00794768426567316,0.007947736419737339,0,10
9,0.0066236169077456,0.006623622961342335,0,10
10,0.005168159492313862,0.005168120376765728,0,10
11,0.0041190036572515965,0.004119057208299637,0,10
12,0.0027003444265574217,0.0027003763243556023,0,10
13,0.002326573245227337,0.002326592104509473,0,10
14,0.001453551696613431,0.0014535626396536827,0,10
15,0.001817018841393292,0.0018169762333855033,0,10
16,0.0012559657916426659,0.0012560198083519936,0,10
17,0.0013628756860271096,0.0013628896558657289,0,10
18,0.00012119200255256146,0.00012124684872105718,0,10
19,0.000671953137498349,0.000672006222885102,0,10
20,0.0007814242853783071,0.0007814731216058135,0,10
22,0.00027650027186609805,0.00027646662783809006,0,10
23,5.334393790690228e-06,5.169500582269393e-06,0,10
26,0.0002134365204256028,0.00021343202388379723,0,10
27,0.00018399224791210145,0.00018401260604150593,0,10
28,0.0005208189832046628,0.0005207930807955563,0,10
30,0.0004904590896330774,0.0004905063542537391,0,10
39,0.00018966525385621935,0.00018965238996315747,0,10
45,0.00014493855996988714,0.00014499649114441127,0,10
47,0.0002712574496399611,0.00027122540632262826,0,10
53,1.2222796613059472e-05,1.2165855878265575e-05,0,10
54,4.435619848663919e-05,4.432248533703387e-05,0,10
55,0.00035971804754808545,0.00035972343175671995,0,10
0,0.03491806611418724,0.034918103367090225,0,10
1,0.030022764578461647,0.030022824183106422,0,10
2,0.02639273926615715,0.02639278583228588,0,10
3,0.022024931386113167,0.022024990990757942,0,10
4,0.0182869341224432,0.018286988139152527,0,10
5,0.015315520577132702,0.015315563417971134,0,10
6,0.012241478078067303,0.012241528369486332,0,10
7,0.008782041259109974,0.00878209713846445,0,10
8,0.00794768426567316,0.007947676815092564,0,10
9,0.0066236169077456,0.006623601075261831,0,10
10,0.005168159492313862,0.0051681604236364365,0,10
11,0.0041190036572515965,0.004118975717574358,0,10
12,0.0027003444265574217,0.0027004024013876915,0,10
13,0.002326573245227337,0.00230343546718359,0,10
14,0.001453551696613431,0.0012553061824291945,0,10
15,0.001817018841393292,0.001817043055780232,0,10
16,0.0012559657916426659,0.0012559315655380487,0,10
17,0.0013628756860271096,0.0013628912856802344,0,10
18,0.00012119200255256146,0.0001212398346979171,0,10
19,0.000671953137498349,0.0006719690863974392,0,10
20,0.0007814242853783071,0.0007814316777512431,0,10
22,0.00027650027186609805,0.00027653048164211214,0,10
23,5.334393790690228e-06,5.366037385101663e-06,0,10
26,0.0002134365204256028,0.0002134470414603129,0,10
27,0.00018399224791210145,0.0001840291079133749,0,10
28,0.0005208189832046628,0.0005207806243561208,0,10
30,0.0004904590896330774,0.0004904710222035646,0,10
39,0.00018966525385621935,0.0001896437315735966,0,10
45,0.00014493855996988714,0.00014498941891361028,0,10
47,0.0002712574496399611,0.0002712593995966017,0,10
53,1.2222796613059472e-05,1.2207628060423303e-05,0,10
54,4.435619848663919e-05,4.0950973925646394e-05,0,10
55,0.00035971804754808545,0.00035967075382359326,0,10
56,0.0002515348023734987,0.00025154539616778493,0,10
0,0.03491806611418724,0.03491811454296112,0,10
1,0.030022764578461647,0.030022820457816124,0,10
2,0.02639273926615715,0.026392772793769836,0,10
3,0.022024931386113167,0.02202496863901615,0,10
4,0.0182869341224432,0.018286993727087975,0,10
5,0.015315520577132702,0.015315565280616283,0,10
6,0.012241478078067303,0.012241500429809093,0,10
7,0.008782041259109974,0.00878206454217434,0,10
8,0.00794768426567316,0.007947739213705063,0,10
9,0.0066236169077456,0.006623602472245693,0,10
10,0.005168159492313862,0.005168182775378227,0,10
11,0.0041190036572515965,0.004118966404348612,0,10
12,0.0027003444265574217,0.0027003891300410032,0,10
13,0.002326573245227337,0.0023266079369932413,0,10
14,0.001453551696613431,0.0014535487862303853,0,10
15,0.001817018841393292,0.001816979725845158,0,10
16,0.0012559657916426659,0.0012559901224449277,0,10
17,0.0013628756860271096,0.0013629135210067034,0,10
18,0.00012119200255256146,0.0001211926355608739,0,10
19,0.000671953137498349,0.0006719739176332951,0,10
20,0.0007814242853783071,0.0007814819109626114,0,10
22,0.00027650027186609805,0.0002764994860626757,0,10
23,5.334393790690228e-06,5.345750196283916e-06,0,10
26,0.0002134365204256028,0.0002134860260412097,0,10
27,0.00018399224791210145,0.00018398907559458166,0,10
28,0.0005208189832046628,0.0005208112415857613,0,10
30,0.0004904590896330774,0.0004904941306449473,0,10
39,0.00018966525385621935,0.00018966791685670614,0,10
45,0.00014493855996988714,0.00014496107178274542,0,10
47,0.0002712574496399611,0.00027127089560963213,0,10
53,1.2222796613059472e-05,1.2208881344122346e-05,0,10
54,4.435619848663919e-05,4.436790550244041e-05,0,10
55,0.00035971804754808545,0.00035971790202893317,0,10
56,0.0002515348023734987,0.0002515047090128064,0,10
0,0.03491806611418724,0.03491811081767082,0,10
1,0.030022764578461647,0.030022822320461273,0,10
2,0.02639273926615715,0.02639278769493103,0,10
3,0.022024931386113167,0.022024989128112793,0,10
4,0.0182869341224432,0.018286986276507378,0,10
5,0.015315520577132702,0.01531557273119688,0,10
6,0.012241478078067303,0.012241517193615437,0,10
7,0.008782041259109974,0.008782091550529003,0,10
8,0.00794768426567316,0.007947703823447227,0,10
9,0.0066236169077456,0.006623669993132353,0,10
10,0.005168159492313862,0.0051681227050721645,0,10
11,0.0041190036572515965,0.004118998534977436,0,10
12,0.0027003444265574217,0.0027003453578799963,0,10
13,0.002326573245227337,0.0023265851195901632,0,10
14,0.001453551696613431,0.0014535889495164156,0,10
15,0.001817018841393292,0.0018169822869822383,0,10
16,0.0012559657916426659,0.0012559908209368587,0,10
17,0.0013628756860271096,0.00136290630325675,0,10
18,0.00012119200255256146,0.00012123261694796383,0,10
19,0.000671953137498349,0.0006719771772623062,0,10
20,0.0007814242853783071,0.000781375914812088,0,10
22,0.00027650027186609805,0.0002764708478935063,0,10
23,5.334393790690228e-06,5.377597062761197e-06,0,10
26,0.0002134365204256028,0.00021344999549910426,0,10
27,0.00018399224791210145,0.00018399905820842832,0,10
28,0.0005208189832046628,0.0005208555958233774,0,10
30,0.0004904590896330774,0.0004904996603727341,0,10
39,0.00018966525385621935,0.0001897200127132237,0,10
45,0.00014493855996988714,0.00014493886556010693,0,10
47,0.0002712574496399611,0.00027127665816806257,0,10
53,1.2222796613059472e-05,1.2234312634973321e-05,0,10
54,4.435619848663919e-05,4.440948396222666e-05,0,10
55,0.00035971804754808545,0.0003597539907786995,0,10
56,0.0002515348023734987,0.00025153622846119106,0,10
0,0.03491806611418724,0.03491811454296112,0,10
1,0.030022764578461647,0.030022818595170975,0,10
2,0.02639273926615715,0.026392797008156776,0,10
3,0.022024931386113167,0.022024957463145256,0,10
4,0.0182869341224432,0.018286991864442825,0,10
5,0.015315520577132702,0.015315558761358261,0,10
6,0.012241478078067303,0.012241523712873459,0,10
7,0.008782041259109974,0.008782073855400085,0,10
8,0.00794768426567316,0.007947738282382488,0,10
9,0.0066236169077456,0.006623664405196905,0,10
10,0.005168159492313862,0.00516816321760416,0,10
11,0.0041190036572515965,0.004119009245187044,0,10
12,0.0027003444265574217,0.0027003029827028513,0,10
13,0.002326573245227337,0.0023266279604285955,0,10
14,0.001453551696613431,0.0014535371446982026,0,10
15,0.001817018841393292,0.0018170465482398868,0,10
16,0.0012559657916426659,0.0012559968745335937,0,10
17,0.0013628756860271096,0.0012874961830675602,0,10
18,0.00012119200255256146,0.00012122625048505142,0,10
19,0.000671953137498349,0.0006302501424215734,0,10
20,0.0007814242853783071,0.0007814609562046826,0,10
22,0.00027650027186609805,0.0002765500103123486,0,10
23,5.334393790690228e-06,5.3855692385695875e-06,0,10
26,0.0002134365204256028,0.00021345667482819408,0,10
27,0.00018399224791210145,0.0001840100303525105,0,10
28,0.0005208189832046628,0.0005207944195717573,0,10
30,0.0004904590896330774,0.0004904522211290896,0,10
39,0.00018966525385621935,0.00018963361799251288,0,10
45,0.00014493855996988714,0.00014497683150693774,0,10
47,0.0002712574496399611,0.000271263939794153,0,10
53,1.2222796613059472e-05,1.227906523126876e-05,0,10
54,4.435619848663919e-05,4.439830081537366e-05,0,10
55,0.00035971804754808545,0.000359665893483907,0,10
56,0.0002515348023734987,0.0002514821826480329,0,10
0,0.03491806611418724,0.03491811826825142,0,10
1,0.030022764578461647,0.030022822320461273,0,10
2,0.02639273926615715,0.026392793282866478,0,10
3,0.022024931386113167,0.022024990990757942,0,10
4,0.0182869341224432,0.01828698441386223,0,10
5,0.015315520577132702,0.01531557459384203,0,10
6,0.012241478078067303,0.012241488322615623,0,10
7,0.008782041259109974,0.008782099932432175,0,10
8,0.00794768426567316,0.007947682403028011,0,10
9,0.0066236169077456,0.006623643916100264,0,10
10,0.005168159492313862,0.004908491391688585,0,10
11,0.0041190036572515965,0.004119039047509432,0,10
12,0.0027003444265574217,0.0027003330178558826,0,10
13,0.002326573245227337,0.002326612127944827,0,10
14,0.001453551696613431,0.0014535824302583933,0,10
15,0.001817018841393292,0.0018169806571677327,0,10
16,0.0012559657916426659,0.0012560025788843632,0,10
17,0.0013628756860271096,0.0013628557790070772,0,10
18,0.00012119200255256146,0.00012123757187509909,0,10
19,0.000671953137498349,0.0006719655939377844,0,10
20,0.0007814242853783071,0.0007814206765033305,0,10
22,0.00027650027186609805,0.0002765338576864451,0,10
23,5.334393790690228e-06,5.3141302487347275e-06,0,10
26,0.0002134365204256028,0.00021347770234569907,0,10
27,0.00018399224791210145,0.000184030388481915,0,10
28,0.0005208189832046628,0.0005208529764786363,0,10
30,0.0004904590896330774,0.0004905118839815259,0,10
39,0.00018966525385621935,0.0001789486559573561,0,10
45,0.00014493855996988714,0.00014491919137071818,0,10
47,0.0002712574496399611,0.00027128963847644627,0,10
53,1.2222796613059472e-05,1.220020294567803e-05,0,10
54,4.435619848663919e-05,4.4375727156875655e-05,0,10
55,0.00035971804754808545,0.0003597648465074599,0,10
56,0.0002515348023734987,0.00025152889429591596,0,10
0,0.03491806611418724,0.03491809964179993,0,10
1,0.030022764578461647,0.030022822320461273,0,10
2,0.02639273926615715,0.026392793282866478,0,10
3,0.022024931386113167,0.022024981677532196,0,10
4,0.0182869341224432,0.018286991864442825,0,10
5,0.015315520577132702,0.015315581113100052,0,10
6,0.012241478078067303,0.012241535820066929,0,10
7,0.008782041259109974,0.008782080374658108,0,10
8,0.00794768426567316,0.007947723381221294,0,10
9,0.0066236169077456,0.006623673252761364,0,10
10,0.005168159492313862,0.005168209318071604,0,10
11,0.0041190036572515965,0.004119012504816055,0,10
12,0.0027003444265574217,0.0027003579307347536,0,10
13,0.002326573245227337,0.0023266307543963194,0,10
14,0.001453551696613431,0.0014304900541901588,0,10
15,0.001817018841393292,0.0018170747207477689,0,10
16,0.0012559657916426659,0.0012559669557958841,0,10
17,0.0013628756860271096,0.0013628480955958366,0,10
18,0.00012119200255256146,0.0001122970279539004,0,10
19,0.000671953137498349,0.0006720045348629355,0,10
20,0.0007814242853783071,0.0007814217824488878,0,10
22,0.00027650027186609805,0.0002764604869298637,0,10
23,5.334393790690228e-06,5.3731087064079475e-06,0,10
26,0.0002134365204256028,0.00021347170695662498,0,10
27,0.00018399224791210145,0.00018396793166175485,0,10
28,0.0005208189832046628,0.000520849134773016,0,10
30,0.0004904590896330774,0.000490449252538383,0,10
39,0.00018966525385621935,0.0001896326575661078,0,10
45,0.00014493855996988714,0.00014491791080217808,0,10
47,0.0002712574496399611,0.0002712140267249197,0,10
53,1.2222796613059472e-05,1.2208240150357597e-05,0,10
54,4.435619848663919e-05,4.4348707888275385e-05,0,10
55,0.00035971804754808545,0.00035972625482827425,0,10
56,0.0002515348023734987,0.0002515805244911462,0,10
0,0.03491806611418724,0.03491811081767082,0,10
1,0.030022764578461647,0.030022813007235527,0,10
2,0.02639273926615715,0.026392793282866478,0,10
3,0.022024931386113167,0.022024977952241898,0,10
4,0.0182869341224432,0.018286993727087975,0,10
5,0.015315520577132702,0.015315565280616283,0,10
6,0.012241478078067303,0.012241488322615623,0,10
7,0.008782041259109974,0.008782091550529003,0,10
8,0.00794768426567316,0.007947705686092377,0,10
9,0.0066236169077456,0.006623625289648771,0,10
10,0.005168159492313862,0.005168168339878321,0,10
11,0.0041190036572515965,0.004118979908525944,0,10
12,0.0027003444265574217,0.0027003660798072815,0,10
13,0.002326573245227337,0.0023265802301466465,0,10
14,0.001453551696613431,0.0014535292284563184,0,10
15,0.001817018841393292,0.0017485535936430097,0,10
16,0.0012559657916426659,0.0012559756869450212,0,10
17,0.0013628756860271096,0.001362898270599544,0,10
18,0.00012119200255256146,0.00012117333244532347,0,10
19,0.000671953137498349,0.0006350098410621285,0,10
20,0.0007814242853783071,0.0007814076379872859,0,10
22,0.00027650027186609805,0.0002765213721431792,0,10
23,5.334393790690228e-06,5.370934559323359e-06,0,10
26,0.0002134365204256028,0.00021344954438973218,0,10
27,0.00018399224791210145,0.00018397964595351368,0,10
28,0.0005208189832046628,0.0005208131624385715,0,10
30,0.0004904590896330774,0.0004904021043330431,0,10
39,0.00018966525385621935,0.00018968000949826092,0,10
45,0.00014493855996988714,0.00014492450281977654,0,10
47,0.0002712574496399611,0.0002712332352530211,0,10
53,1.2222796613059472e-05,1.1835537407023367e-05,0,10
54,4.435619848663919e-05,4.438532778294757e-05,0,10
55,0.00035971804754808545,0.00035974642378278077,0,10
56,0.0002515348023734987,0.0002515838132239878,0,10
0,0.03491806611418724,0.03491811826825142,0,10
1,0.030022764578461647,0.03002280928194523,0,10
2,0.02639273926615715,0.026392774656414986,0,10
3,0.022024931386113167,0.022024964913725853,0,10
4,0.0182869341224432,0.018286990001797676,0,10
5,0.015315520577132702,0.015315575525164604,0,10
6,0.012241478078067303,0.012241529300808907,0,10
7,0.008782041259109974,0.008782098069787025,0,10
8,0.00794768426567316,0.007947729900479317,0,10
9,0.0066236169077456,0.006623660679906607,0,10
10,0.005168159492313862,0.005168210249394178,0,10
11,0.0041190036572515965,0.004119005054235458,0,10
12,0.0027003444265574217,0.0027003386057913303,0,10
13,0.002326573245227337,0.002326614921912551,0,10
14,0.001453551696613431,0.0014535398222506046,0,10
15,0.001817018841393292,0.0018170224502682686,0,10
16,0.0012559657916426659,0.0012559884926304221,0,10
17,0.0013628756860271096,0.0013629341265186667,0,10
18,0.00012119200255256146,0.00012120059545850381,0,10
19,0.000671953137498349,0.0006702420650981367,0,10
20,0.0007814242853783071,0.0007814264972694218,0,10
22,0.00027650027186609805,0.0002764596720226109,0,10
23,5.334393790690228e-06,5.369549398892559e-06,0,10
26,0.0002134365204256028,0.00021346942230593413,0,10
27,0.00018399224791210145,0.0001840142795117572,0,10
28,0.0005208189832046628,0.0005208711954765022,0,10
30,0.0004904590896330774,0.0004904168308712542,0,10
39,0.00018966525385621935,0.0001785798667697236,0,10
45,0.00014493855996988714,0.00014496473886538297,0,10
47,0.0002712574496399611,0.0002712451678235084,0,10
53,1.2222796613059472e-05,1.226731274073245e-05,0,10
54,4.435619848663919e-05,4.434803486219607e-05,0,10
55,0.00035971804754808545,0.0003597340255510062,0,10
56,0.0002515348023734987,0.00025158101925626397,0,10
0,0.03491806611418724,0.03491809591650963,0,10
1,0.030022764578461647,0.030022820457816124,0,10
2,0.02639273926615715,0.02639278955757618,0,10
3,0.022024931386113167,0.022024964913725853,0,10
4,0.0182869341224432,0.018286986276507378,0,10
5,0.015315520577132702,0.015315564349293709,0,10
6,0.012241478078067303,0.012241536751389503,0,10
7,0.008782041259109974,0.008782049641013145,0,10
8,0.00794768426567316,0.00794764794409275,0,10
9,0.0066236169077456,0.006623636931180954,0,10
10,0.005168159492313862,0.005168169736862183,0,10
11,0.0041190036572515965,0.0041190385818481445,0,10
12,0.0027003444265574217,0.0027003369759768248,0,10
13,0.002326573245227337,0.002326579997316003,0,10
14,0.001453551696613431,0.001453562406823039,0,10
15,0.001817018841393292,0.001816960982978344,0,10
16,0.0012559657916426659,0.0012559907045215368,0,10
17,0.0013628756860271096,0.001362874754704535,0,10
18,0.00012119200255256146,0.00012124473141739145,0,10
19,0.000671953137498349,0.0006426656036637723,0,10
20,0.0007814242853783071,0.0007814681157469749,0,10
22,0.00027650027186609805,0.0002764573728200048,0,10
23,5.334393790690228e-06,5.0335179366811644e-06,0,10
26,0.0002134365204256028,0.00021348055452108383,0,10
27,0.00018399224791210145,0.00018403606372885406,0,10
28,0.0005208189832046628,0.0005208392394706607,0,10
30,0.0004904590896330774,0.0004653462383430451,0,10
39,0.00018966525385621935,0.00018967880168929696,0,10
45,0.00014493855996988714,0.0001449322880944237,0,10
47,0.0002712574496399611,0.00027126341592520475,0,10
53,1.2222796613059472e-05,1.2261510164535139e-05,0,10
54,4.435619848663919e-05,4.4387848902260885e-05,0,10
55,0.00035971804754808545,0.00035977186053059995,0,10
56,0.0002515348023734987,0.0002515308151487261,0,10
64,0.00021132899564690888,0.00021134986309334636,0,10
0,0.03491806611418724,0.03491811081767082,0,10
1,0.030022764578461647,0.030022822320461273,0,10
2,0.02639273926615715,0.02639278583228588,0,10
3,0.022024931386113167,0.022024985402822495,0,10
4,0.0182869341224432,0.018286986276507378,0,10
5,0.015315520577132702,0.015315564349293709,0,10
6,0.012241478078067303,0.012241523712873459,0,10
7,0.008782041259109974,0.0087820990011096,0,10
8,0.00794768426567316,0.007947742007672787,0,10
9,0.0066236169077456,0.006623626220971346,0,10
10,0.005168159492313862,0.005168176721781492,0,10
11,0.0041190036572515965,0.004119055345654488,0,10
12,0.0027003444265574217,0.0027003262657672167,0,10
13,0.002326573245227337,0.0023265955969691277,0,10
14,0.001453551696613431,0.0014535724185407162,0,10
15,0.001817018841393292,0.0017666680505499244,0,10
16,0.0012559657916426659,0.0012559598544612527,0,10
17,0.0013628756860271096,0.001256973366253078,0,10
18,0.00012119200255256146,0.00012119997700210661,0,10
19,0.000671953137498349,0.0006719859084114432,0,10
20,0.0007814242853783071,0.0007814381388016045,0,10
22,0.00027650027186609805,0.0002764798409771174,0,10
23,5.334393790690228e-06,5.366385266825091e-06,0,10
26,0.0002134365204256028,0.00021347250731196254,0,10
27,0.00018399224791210145,0.00018402196292299777,0,10
28,0.0005208189832046628,0.0005207984941080213,0,10
30,0.0004904590896330774,0.000490513164550066,0,10
39,0.00018966525385621935,0.00018972091493196785,0,10
45,0.00014493855996988714,0.0001449386909371242,0,10
47,0.0002712574496399611,0.0002713128342293203,0,10
53,1.2222796613059472e-05,1.2278637768758927e-05,0,10
54,4.435619848663919e-05,4.436980452737771e-05,0,10
55,0.00035971804754808545,0.00035973091144114733,0,10
56,0.0002515348023734987,0.0002515176311135292,0,10
64,0.00021132899564690888,0.00020443776156753302,0,10
0,0.03491806611418724,0.03491811826825142,0,10
1,0.030022764578461647,0.030022773891687393,0,10
2,0.02639273926615715,0.026392769068479538,0,10
3,0.022024931386113167,0.022024981677532196,0,10
4,0.0182869341224432,0.018286991864442825,0,10
5,0.015315520577132702,0.015315565280616283,0,10
6,0.012241478078067303,0.01224153209477663,0,10
7,0.008782041259109974,0.008782090619206429,0,10
8,0.00794768426567316,0.007947699166834354,0,10
9,0.0066236169077456,0.006623558234423399,0,10
10,0.005168159492313862,0.0051681725308299065,0,10
11,0.0041190036572515965,0.004119047895073891,0,10
12,0.0027003444265574217,0.0027003975119441748,0,10
13,0.002326573245227337,0.0023265695199370384,0,10
14,0.001453551696613431,0.0014535087393596768,0,10
15,0.001817018841393292,0.0018170357216149569,0,10
16,0.0012559657916426659,0.0012559988535940647,0,10
17,0.0013628756860271096,0.0013628851156681776,0,10
18,0.00012119200255256146,0.000121123535791412,0,10
19,0.000671953137498349,0.0006719901575706899,0,10
20,0.0007814242853783071,0.0007814742275513709,0,10
22,0.00027650027186609805,0.00027645673253573477,0,10
23,5.334393790690228e-06,5.377337402023841e-06,0,10
26,0.0002134365204256028,0.00021348481823224574,0,10
27,0.00018399224791210145,0.00018401847046334296,0,10
28,0.0005208189832046628,0.0005208172369748354,0,10
30,0.0004904590896330774,0.0004904319648630917,0,10
39,0.00018966525385621935,0.00018963620823342353,0,10
45,0.00014493855996988714,0.00014490865578409284,0,10
47,0.0002712574496399611,0.00027125616907142103,0,10
53,1.2222796613059472e-05,1.2278739632165525e-05,0,10
54,4.435619848663919e-05,4.4366559450281784e-05,0,10
55,0.00035971804754808545,0.000359751982614398,0,10
56,0.0002515348023734987,0.0002515879168640822,0,10
64,0.00021132899564690888,0.00021134139387868345,0,10
0,0.03491806611418724,0.03491812199354172,0,10
1,0.030022764578461647,0.030022818595170975,0,10
2,0.02639273926615715,0.026392793282866478,0,10
3,0.022024931386113167,0.022024987265467644,0,10
4,0.0182869341224432,0.018286991864442825,0,10
5,0.015315520577132702,0.015315529890358448,0,10
6,0.012241478078067303,0.012241537682712078,0,10
7,0.008782041259109974,0.00878209713846445,0,10
8,0.00794768426567316,0.00794766005128622,0,10
9,0.0066236169077456,0.006623631808906794,0,10
10,0.005168159492313862,0.005168182775378227,0,10
11,0.0041190036572515965,0.004119024146348238,0,10
12,0.0027003444265574217,0.0027003607247024775,0,10
13,0.002326573245227337,0.0023265285417437553,0,10
14,0.001453551696613431,0.00145353889092803,0,10
15,0.001817018841393292,0.0018169610993936658,0,10
16,0.0012559657916426659,0.0012559691676869988,0,10
17,0.0013628756860271096,0.0013628702145069838,0,10
18,0.00012119200255256146,0.00012115100980736315,0,10
19,0.000671953137498349,0.0006719774100929499,0,10
20,0.0007814242853783071,0.0007814582786522806,0,10
22,0.00027650027186609805,0.0002764950040727854,0,10
23,5.334393790690228e-06,4.7727717173984274e-06,0,10
26,0.0002134365204256028,0.00021343033586163074,0,10
27,0.00018399224791210145,0.00018402344721835107,0,10
28,0.0005208189832046628,0.0005207801004871726,0,10
30,0.0004904590896330774,0.0004904884845018387,0,10
39,0.00018966525385621935,0.00018966772768180817,0,10
45,0.00014493855996988714,0.00014498982636723667,0,10
47,0.0002712574496399611,0.00027128271176479757,0,10
53,1.2222796613059472e-05,1.2228842933836859e-05,0,10
54,4.435619848663919e-05,4.4302498281467706e-05,0,10
55,0.00035971804754808545,0.00035972357727587223,0,10
56,0.0002515348023734987,0.00025156198535114527,0,10
64,0.00021132899564690888,0.00021136617579031736,0,10
0,0.03491806611418724,0.03491811826825142,0,10
1,0.030022764578461647,0.030022822320461273,0,10
2,0.02639273926615715,0.02639279142022133,0,10
3,0.022024931386113167,0.022024981677532196,0,10
4,0.0182869341224432,0.018286967650055885,0,10
5,0.015315520577132702,0.01531557273119688,0,10
6,0.012241478078067303,0.012241528369486332,0,10
7,0.008782041259109974,0.008782078512012959,0,10
8,0.00794768426567316,0.007947731763124466,0,10
9,0.0066236169077456,0.006623633671551943,0,10
10,0.005168159492313862,0.005168157629668713,0,10
11,0.0041190036572515965,0.0041190083138644695,0,10
12,0.0027003444265574217,0.0027002952992916107,0,10
13,0.002326573245227337,0.0023266191128641367,0,10
14,0.001453551696613431,0.0014536083908751607,0,10
15,0.001817018841393292,0.0018170149996876717,0,10
16,0.0012559657916426659,0.0012560191098600626,0,10
17,0.0013628756860271096,0.001362880109809339,0,10
18,0.00012119200255256146,0.00012115342542529106,0,10
19,0.000671953137498349,0.0006719508673995733,0,10
20,0.0007814242853783071,0.0007814536220394075,0,10
22,0.00027650027186609805,0.0002764533564914018,0,10
23,5.334393790690228e-06,5.368767688196385e-06,0,10
26,0.0002134365204256028,0.0002134733076673001,0,10
27,0.00018399224791210145,0.00018405084847472608,0,10
28,0.0005208189832046628,0.0005208331858739257,0,10
30,0.0004904590896330774,0.0004905107198283076,0,10
39,0.00018966525385621935,0.00018970033852383494,0,10
45,0.00014493855996988714,0.00014496497169602662,0,10
47,0.0002712574496399611,0.0002712917048484087,0,10
53,1.2222796613059472e-05,1.2177450116723776e-05,0,10
54,4.435619848663919e-05,4.435638038557954e-05,0,10
55,0.00035971804754808545,0.00035973425838164985,0,10
56,0.0002515348023734987,0.00025155124603770673,0,10
64,0.00021132899564690888,0.00021133810514584184,0,10
68,5.093075378681533e-05,5.092862920719199e-05,0,10
0,0.03491806611418724,0.034918125718832016,0,10
1,0.030022764578461647,0.03002280555665493,0,10
2,0.02639273926615715,0.02639278955757618,0,10
3,0.022024931386113167,0.0220249705016613,0,10
4,0.0182869341224432,0.018286988139152527,0,10
5,0.015315520577132702,0.015315559692680836,0,10
6,0.012241478078067303,0.012241526506841183,0,10
7,0.008782041259109974,0.008782075718045235,0,10
8,0.00794768426567316,0.00794772244989872,0,10
9,0.0066236169077456,0.006623662076890469,0,10
10,0.005168159492313862,0.005168215837329626,0,10
11,0.0041190036572515965,0.004119015298783779,0,10
12,0.0027003444265574217,0.0027003914583474398,0,10
13,0.002326573245227337,0.0023266267962753773,0,10
14,0.001453551696613431,0.001453579287044704,0,10
15,0.001817018841393292,0.0018170761177316308,0,10
16,0.0012559657916426659,0.0012560059549286962,0,10
17,0.0013628756860271096,0.0013092168373987079,0,10
18,0.00012119200255256146,0.00012116094148950651,0,10
19,0.000671953137498349,0.0006719958037137985,0,10
20,0.0007814242853783071,0.0007814348209649324,0,10
22,0.00027650027186609805,0.00027647861861623824,0,10
23,5.334393790690228e-06,5.28649161424255e-06,0,10
26,0.0002134365204256028,0.00019658298697322607,0,10
27,0.00018399224791210145,0.0001840211043599993,0,10
28,0.0005208189832046628,0.0005207990179769695,0,10
30,0.0004904590896330774,0.0004904972738586366,0,10
39,0.00018966525385621935,0.00018964995979331434,0,10
45,0.00014493855996988714,0.00014489702880382538,0,10
47,0.0002712574496399611,0.00027131245587952435,0,10
53,1.2222796613059472e-05,1.2195247109048069e-05,0,10
54,4.435619848663919e-05,4.432544665178284e-05,0,10
55,0.00035971804754808545,0.00035975209902971983,0,10
56,0.0002515348023734987,0.00025158983771689236,0,10
64,0.00021132899564690888,0.0002113686641678214,0,10
68,5.093075378681533e-05,5.090339982416481e-05,0,10
0,0.03491806611418724,0.03491811081767082,0,10
1,0.030022764578461647,0.030022813007235527,0,10
2,0.02639273926615715,0.026392797008156776,0,10
3,0.022024931386113167,0.022024989128112793,0,10
4,0.0182869341224432,0.01828698441386223,0,10
5,0.015315520577132702,0.015315544791519642,0,10
6,0.012241478078067303,0.01224152185022831,0,10
7,0.008782041259109974,0.008782094344496727,0,10
8,0.00794768426567316,0.00794772244989872,0,10
9,0.0066236169077456,0.006623637862503529,0,10
10,0.005168159492313862,0.00516815809533,0,10
11,0.0041190036572515965,0.004118963610380888,0,10
12,0.0027003444265574217,0.0026716580614447594,0,10
13,0.002326573245227337,0.002326610032469034,0,10
14,0.001453551696613431,0.0014536018716171384,0,10
15,0.001817018841393292,0.0018170771654695272,0,10
16,0.0012559657916426659,0.0012559538008645177,0,10
17,0.0013628756860271096,0.001362823648378253,0,10
18,0.00012119200255256146,0.0001212285496876575,0,10
19,0.000671953137498349,0.0006720076780766249,0,10
20,0.0007814242853783071,0.0007814334239810705,0,10
22,0.00027650027186609805,0.0002764463424682617,0,10
23,5.334393790690228e-06,5.372281975724036e-06,0,10
26,0.0002134365204256028,0.00021343393018469214,0,10
27,0.00018399224791210145,0.00018404691945761442,0,10
28,0.0005208189832046628,0.0005207944195717573,0,10
30,0.0004904590896330774,0.0004873928555753082,0,10
39,0.00018966525385621935,0.00018965786148328334,0,10
45,0.00014493855996988714,0.00014487974112853408,0,10
47,0.0002712574496399611,0.00026695613632909954,0,10
53,1.2222796613059472e-05,1.223226536239963e-05,0,10
54,4.435619848663919e-05,4.172338958596811e-05,0,10
55,0.00035971804754808545,0.0003597286413423717,0,10
56,0.0002515348023734987,0.00025158337666653097,0,10
64,0.00021132899564690888,0.00021136847499292344,0,10
68,5.093075378681533e-05,5.098495603306219e-05,0,10
0,0.03491806611418724,0.03491812199354172,0,10
1,0.030022764578461647,0.030022824183106422,0,10
2,0.02639273926615715,0.02639278955757618,0,10
3,0.022024931386113167,0.02202497608959675,0,10
4,0.0182869341224432,0.018286991864442825,0,10
5,0.015315520577132702,0.015315573662519455,0,10
6,0.012241478078067303,0.012241506949067116,0,10
7,0.008782041259109974,0.008782078512012959,0,10
8,0.00794768426567316,0.007947714999318123,0,10
9,0.0066236169077456,0.006623643450438976,0,10
10,0.005168159492313862,0.005024197045713663,0,10
11,0.0041190036572515965,0.004119053017348051,0,10
12,0.0027003444265574217,0.002700366312637925,0,10
13,0.002326573245227337,0.0023266070056706667,0,10
14,0.001453551696613431,0.0014535512309521437,0,10
15,0.001817018841393292,0.001817000680603087,0,10
16,0.0012559657916426659,0.001255998620763421,0,10
17,0.0013628756860271096,0.0013629163149744272,0,10
18,0.00012119200255256146,0.00012121313920943066,0,10
19,0.000671953137498349,0.0006141800549812615,0,10
20,0.0007814242853783071,0.0007814834243617952,0,10
22,0.00027650027186609805,0.00027654776931740344,0,10
23,5.334393790690228e-06,5.376502485887613e-06,0,10
26,0.0002134365204256028,0.0002133846137439832,0,10
27,0.00018399224791210145,0.00018402509158477187,0,10
28,0.0005208189832046628,0.0005207678768783808,0,10
30,0.0004904590896330774,0.0004904298111796379,0,10
39,0.00018966525385621935,0.00018960730812978,0,10
45,0.00014493855996988714,0.00014498904056381434,0,10
47,0.0002712574496399611,0.00027124048210680485,0,10
53,1.2222796613059472e-05,1.2253385648364201e-05,0,10
54,4.435619848663919e-05,4.4396067096386105e-05,0,10
55,0.00035971804754808545,0.00035971126635558903,0,10
56,0.0002515348023734987,0.0002515080268494785,0,10
64,0.00021132899564690888,0.00021128376829437912,0,10
68,5.093075378681533e-05,5.096875611343421e-05,0,10
0,0.03491806611418724,0.034918107092380524,0,10
1,0.030022764578461647,0.03002280928194523,0,10
2,0.02639273926615715,0.026392797008156776,0,10
3,0.022024931386113167,0.022024987265467644,0,10
4,0.0182869341224432,0.018286971375346184,0,10
5,0.015315520577132702,0.015315569005906582,0,10
6,0.012241478078067303,0.012241533026099205,0,10
7,0.008782041259109974,0.00878207478672266,0,10
8,0.00794768426567316,0.007947728969156742,0,10
9,0.0066236169077456,0.006623643916100264,0,10
10,0.005168159492313862,0.005168205592781305,0,10
11,0.0041190036572515965,0.004118976183235645,0,10
12,0.0027003444265574217,0.002700323471799493,0,10
13,0.002326573245227337,0.0023266130592674017,0,10
14,0.001453551696613431,0.0014536007074639201,0,10
15,0.001817018841393292,0.0018170425901189446,0,10
16,0.0012559657916426659,0.0012559836031869054,0,10
17,0.0013628756860271096,0.001362855196930468,0,10
18,0.00012119200255256146,0.00012121046893298626,0,10
19,0.000671953137498349,0.0006719455122947693,0,10
20,0.0007814242853783071,0.0007814721902832389,0,10
22,0.00027650027186609805,0.00027653417782858014,0,10
23,5.334393790690228e-06,5.3240796660247725e-06,0,10
26,0.0002134365204256028,0.00021345244022086263,0,10
27,0.00018399224791210145,0.00018401061242911965,0,10
28,0.0005208189832046628,0.0005207992508076131,0,10
30,0.0004904590896330774,0.0004518992791417986,0,10
39,0.00018966525385621935,0.00018436933169141412,0,10
45,0.00014493855996988714,0.0001449812698410824,0,10
47,0.0002712574496399611,0.0002712571294978261,0,10
53,1.2222796613059472e-05,1.2192521353426855e-05,0,10
54,4.435619848663919e-05,4.4346881622914225e-05,0,10
55,0.00035971804754808545,0.00035970023600384593,0,10
56,0.0002515348023734987,0.0002515755477361381,0,10
64,0.00021132899564690888,0.0002112759102601558,0,10
68,5.093075378681533e-05,5.092331048217602e-05,0,10
0,0.03491806611418724,0.03491806611418724,0,10
1,0.030022764578461647,0.030022822320461273,0,10
2,0.02639273926615715,0.02639278769493103,0,10
3,0.022024931386113167,0.022024983540177345,0,10
4,0.0182869341224432,0.01828698441386223,0,10
5,0.015315520577132702,0.015315568074584007,0,10
6,0.012241478078067303,0.012241534888744354,0,10
7,0.008782041259109974,0.0087820990011096,0,10
8,0.00794768426567316,0.007947699166834354,0,10
9,0.0066236169077456,0.0066236392594873905,0,10
10,0.005168159492313862,0.005168113857507706,0,10
11,0.0041190036572515965,0.004119053017348051,0,10
12,0.0027003444265574217,0.002700387267395854,0,10
13,0.002326573245227337,0.002326622838154435,0,10
14,0.001453551696613431,0.0014535592636093497,0,10
15,0.001817018841393292,0.001816989853978157,0,10
16,0.0012559657916426659,0.00125596160069108,0,10
17,0.0013628756860271096,0.0013628514716401696,0,10
18,0.00012119200255256146,0.0001211891503771767,0,10
19,0.000671953137498349,0.000671904650516808,0,10
20,0.0007814242853783071,0.0007814086857251823,0,10
22,0.00027650027186609805,0.00027654311270453036,0,10
23,5.334393790690228e-06,5.360558134270832e-06,0,10
26,0.0002134365204256028,0.00021347764413803816,0,10
27,0.00018399224791210145,0.00018399271357338876,0,10
28,0.0005208189832046628,0.0005208670045249164,0,10
30,0.0004904590896330774,0.0004904241068288684,0,10
39,0.00018966525385621935,0.0001896945759654045,0,10
45,0.00014493855996988714,0.00014495884533971548,0,10
47,0.0002712574496399611,0.0002712383575271815,0,10
53,1.2222796613059472e-05,1.2175115443824325e-05,0,10
54,4.435619848663919e-05,4.439722033566795e-05,0,10
55,0.00035971804754808545,0.00035971790202893317,0,10
56,0.0002515348023734987,0.00025152575108222663,0,10
64,0.00021132899564690888,0.0002113636292051524,0,10
68,5.093075378681533e-05,5.090456397738308e-05,0,10
73,0.00014059687964618206,0.00014055943756829947,0,10
0,0.03491806611418724,0.03491811826825142,0,10
1,0.030022764578461647,0.030022813007235527,0,10
2,0.02639273926615715,0.02639278769493103,0,10
3,0.022024931386113167,0.022024987265467644,0,10
4,0.0182869341224432,0.018286986276507378,0,10
5,0.015315520577132702,0.015315556898713112,0,10
6,0.012241478078067303,0.012241522781550884,0,10
7,0.008782041259109974,0.008782085962593555,0,10
8,0.00794768426567316,0.007947712205350399,0,10
9,0.0066236169077456,0.0066236527636647224,0,10
10,0.005168159492313862,0.005168132483959198,0,10
11,0.0041190036572515965,0.00394332455471158,0,10
12,0.0027003444265574217,0.00270038191229105,0,10
13,0.002326573245227337,0.002326580695807934,0,10
14,0.001453551696613431,0.001453539589419961,0,10
15,0.001817018841393292,0.001816998585127294,0,10
16,0.0012559657916426659,0.0012559476308524609,0,10
17,0.0013628756860271096,0.001362900366075337,0,10
18,0.00012119200255256146,0.00012117755977669731,0,10
19,0.000671953137498349,0.0006720063975080848,0,10
20,0.0007814242853783071,0.0007814408163540065,0,10
22,0.00027650027186609805,0.0002764504461083561,0,10
23,5.334393790690228e-06,5.371575298340758e-06,0,10
26,0.0002134365204256028,0.00021339883096516132,0,10
27,0.00018399224791210145,0.0001840304466895759,0,10
28,0.0005208189832046628,0.0005208743968978524,0,10
30,0.0004904590896330774,0.0004904618836008012,0,10
39,0.00018966525385621935,0.00018970345263369381,0,10
45,0.00014493855996988714,0.00014497622032649815,0,10
47,0.0002712574496399611,0.0002712833520490676,0,10
53,1.2222796613059472e-05,1.2210036402393598e-05,0,10
54,4.435619848663919e-05,4.082923987880349e-05,0,10
55,0.00035971804754808545,0.0003536989097483456,0,10
56,0.0002515348023734987,0.0002515353262424469,0,10
64,0.00021132899564690888,0.00021132896654307842,0,10
68,5.093075378681533e-05,4.857136809732765e-05,0,10
73,0.00014059687964618206,0.00014059657405596226,0,10
0,0.03491806611418724,0.03491811826825142,0,10
1,0.030022764578461647,0.030022814869880676,0,10
2,0.02639273926615715,0.026392793282866478,0,10
3,0.022024931386113167,0.022024983540177345,0,10
4,0.0182869341224432,0.018286986276507378,0,10
5,0.015315520577132702,0.01531557459384203,0,10
6,0.012241478078067303,0.012241527438163757,0,10
7,0.008782041259109974,0.008782078512012959,0,10
8,0.00794768426567316,0.007947737351059914,0,10
9,0.0066236169077456,0.0066236271522939205,0,10
10,0.005168159492313862,0.005168143194168806,0,10
11,0.0041190036572515965,0.004118978511542082,0,10
12,0.0027003444265574217,0.0027003921568393707,0,10
13,0.002326573245227337,0.0023265881463885307,0,10
14,0.001453551696613431,0.0014535520458593965,0,10
15,0.001817018841393292,0.0016688925679773092,0,10
16,0.0012559657916426659,0.0012559295864775777,0,10
17,0.0013628756860271096,0.0013628780143335462,0,10
18,0.00012119200255256146,0.00012123414489906281,0,10
19,0.000671953137498349,0.0006719069788232446,0,10
20,0.0007814242853783071,0.000781481503508985,0,10
22,0.00027650027186609805,0.00027313028112985194,0,10
23,5.334393790690228e-06,5.365288416214753e-06,0,10
26,0.0002134365204256028,0.00021346013818401843,0,10
27,0.00018399224791210145,0.00018400372937321663,0,10
28,0.0005208189832046628,0.0005208093207329512,0,10
30,0.0004904590896330774,0.0004905121750198305,0,10
39,0.00018966525385621935,0.00018971659301314503,0,10
45,0.00014493855996988714,0.00014491619367618114,0,10
47,0.0002712574496399611,0.00027128562214784324,0,10
53,1.2222796613059472e-05,1.2267927559150849e-05,0,10
54,4.435619848663919e-05,4.139308657613583e-05,0,10
55,0.00035971804754808545,0.00035975113860331476,0,10
56,0.0002515348023734987,0.00025154041941277683,0,10
64,0.00021132899564690888,0.00021129939705133438,0,10
68,5.093075378681533e-05,5.090292324894108e-05,0,10
73,0.00014059687964618206,0.00014063026173971593,0,10
75,8.094593795249239e-05,7.563863618997857e-05,0,10
0,0.03491806611418724,0.03491811826825142,0,10
1,0.030022764578461647,0.030022820457816124,0,10
2,0.02639273926615715,0.026392782106995583,0,10
3,0.022024931386113167,0.022024989128112793,0,10
4,0.0182869341224432,0.018286975100636482,0,10
5,0.015315520577132702,0.01531557273119688,0,10
6,0.012241478078067303,0.012241528369486332,0,10
7,0.008782041259109974,0.00878209713846445,0,10
8,0.00794768426567316,0.0079476498067379,0,10
9,0.0066236169077456,0.006623621564358473,0,10
10,0.005168159492313862,0.005168211180716753,0,10
11,0.0041190036572515965,0.00411897012963891,0,10
12,0.0027003444265574217,0.002700370503589511,0,10
13,0.002326573245227337,0.0023265250492841005,0,10
14,0.001453551696613431,0.0014536043163388968,0,10
15,0.001817018841393292,0.0018170061521232128,0,10
16,0.0012559657916426659,0.0012559900060296059,0,10
17,0.0013628756860271096,0.0013628210872411728,0,10
18,0.00012119200255256146,0.00012121108738938347,0,10
19,0.000671953137498349,0.0006719673983752728,0,10
20,0.0007814242853783071,0.0007814443670213223,0,10
22,0.00027650027186609805,0.0002765068784356117,0,10
23,5.334393790690228e-06,5.386908924265299e-06,0,10
26,0.0002134365204256028,0.00021344156994018704,0,10
27,0.00018399224791210145,0.0001839564647525549,0,10
28,0.0005208189832046628,0.0005208488437347114,0,10
30,0.0004904590896330774,0.0004905115929432213,0,10
39,0.00018966525385621935,0.00018962302419822663,0,10
45,0.00014493855996988714,0.00014497432857751846,0,10
47,0.0002712574496399611,0.00027130343369208276,0,10
53,1.2222796613059472e-05,1.2215126844239421e-05,0,10
54,4.435619848663919e-05,4.4367719965521246e-05,0,10
55,0.00035971804754808545,0.000359760073479265,0,10
56,0.0002515348023734987,0.00025154263130389154,0,10
64,0.00021132899564690888,0.00021138136798981577,0,10
68,5.093075378681533e-05,5.0982573156943545e-05,0,10
73,0.00014059687964618206,0.00014056239160709083,0,10
75,8.094593795249239e-05,8.095345401670784e-05,0,10
0,0.03491806611418724,0.03491809964179993,0,10
1,0.030022764578461647,0.030022822320461273,0,10
2,0.02639273926615715,0.026392757892608643,0,10
3,0.022024931386113167,0.022024977952241898,0,10
4,0.0182869341224432,0.018286991864442825,0,10
5,0.015315520577132702,0.01531554851680994,0,10
6,0.012241478078067303,0.012241523712873459,0,10
7,0.008782041259109974,0.008782090619206429,0,10
8,0.00794768426567316,0.00794772058725357,0,10
9,0.0066236169077456,0.0066236467100679874,0,10
10,0.005168159492313862,0.005168209783732891,0,10
11,0.0041190036572515965,0.0038926100824028254,0,10
12,0.0027003444265574217,0.002700402867048979,0,10
13,0.002326573245227337,0.0023265788331627846,0,10
14,0.001453551696613431,0.0014535646187141538,0,10
15,0.001817018841393292,0.0018169834511354566,0,10
16,0.0012559657916426659,0.0012559840688481927,0,10
17,0.0013628756860271096,0.001362921786494553,0,10
18,0.00012119200255256146,0.00012122455518692732,0,10
19,0.000671953137498349,0.000671949062962085,0,10
20,0.0007814242853783071,0.0007814151467755437,0,10
22,0.00027650027186609805,0.0002765444223769009,0,10
23,5.334393790690228e-06,5.344476448954083e-06,0,10
26,0.0002134365204256028,0.00020633768872357905,0,10
27,0.00018399224791210145,0.00018396945961285383,0,10
28,0.0005208189832046628,0.0005208365037105978,0,10
30,0.0004904590896330774,0.0004904617671854794,0,10
39,0.00018966525385621935,0.00018972107500303537,0,10
45,0.00014493855996988714,0.00014493973867502064,0,10
47,0.0002712574496399611,0.000271263241302222,0,10
53,1.2222796613059472e-05,1.2256443369551562e-05,0,10
54,4.435619848663919e-05,4.435787195689045e-05,0,10
55,0.00035971804754808545,0.00035972415935248137,0,10
56,0.0002515348023734987,0.0002515440864954144,0,10
64,0.00021132899564690888,0.0002113766095135361,0,10
68,5.093075378681533e-05,5.098083784105256e-05,0,10
73,0.00014059687964618206,0.00014058256056159735,0,10
75,8.094593795249239e-05,8.099942351691425e-05,0,10
0,0.03491806611418724,0.03491812199354172,0,10
1,0.030022764578461647,0.030022822320461273,0,10
2,0.02639273926615715,0.02639279142022133,0,10
3,0.022024931386113167,0.02202497236430645,0,10
4,0.0182869341224432,0.018286986276507378,0,10
5,0.015315520577132702,0.015315556898713112,0,10
6,0.012241478078067303,0.012241528369486332,0,10
7,0.008782041259109974,0.00878208875656128,0,10
8,0.00794768426567316,0.007947714067995548,0,10
9,0.0066236169077456,0.0066236169077456,0,10
10,0.005168159492313862,0.005168137606233358,0,10
11,0.0041190036572515965,0.004019247367978096,0,10
12,0.0027003444265574217,0.0027003493160009384,0,10
13,0.002326573245227337,0.002258394379168749,0,10
14,0.001453551696613431,0.001453604782000184,0,10
15,0.001817018841393292,0.0018170365365222096,0,10
16,0.0012559657916426659,0.001255931332707405,0,10
17,0.0013628756860271096,0.0013629235327243805,0,10
18,0.00012119200255256146,0.00011743007780751213,0,10
19,0.000671953137498349,0.0006718969671055675,0,10
20,0.0007814242853783071,0.0007814487908035517,0,10
22,0.00027650027186609805,0.0002764937817119062,0,10
23,5.334393790690228e-06,5.372484793042531e-06,0,10
26,0.0002134365204256028,0.00021341038518585265,0,10
27,0.00018399224791210145,0.00018401979468762875,0,10
28,0.0005208189832046628,0.0005208507063798606,0,10
30,0.0004904590896330774,0.000490424397867173,0,10
39,0.00018966525385621935,0.00018963307957164943,0,10
45,0.00014493855996988714,0.00014494666538666934,0,10
47,0.0002712574496399611,0.0002713031426537782,0,10
53,1.2222796613059472e-05,1.2180949852336198e-05,0,10
54,4.435619848663919e-05,4.4346092181513086e-05,0,10
55,0.00035971804754808545,0.0003597070463001728,0,10
56,0.0002515348023734987,0.0002515450760256499,0,10
64,0.00021132899564690888,0.00021137495059520006,0,10
68,5.093075378681533e-05,5.094209700473584e-05,0,10
73,0.00014059687964618206,0.00014062017726246268,0,10
75,8.094593795249239e-05,8.097129466477782e-05,0,10
0,0.03491806611418724,0.03491811826825142,0,10
1,0.030022764578461647,0.030022822320461273,0,10
2,0.02639273926615715,0.026392795145511627,0,10
3,0.022024931386113167,0.0220249705016613,0,10
4,0.0182869341224432,0.018286995589733124,0,10
5,0.015315520577132702,0.015315578319132328,0,10
6,0.012241478078067303,0.01224153209477663,0,10
7,0.008782041259109974,0.008782099932432175,0,10
8,0.00794768426567316,0.00794767215847969,0,10
9,0.0066236169077456,0.006623598746955395,0,10
10,0.005168159492313862,0.0051682135090231895,0,10
11,0.0041190036572515965,0.004119005985558033,0,10
12,0.0027003444265574217,0.0027003944851458073,0,10
13,0.002326573245227337,0.002326535526663065,0,10
14,0.001453551696613431,0.0014536036178469658,0,10
15,0.001817018841393292,0.0018169612158089876,0,10
16,0.0012559657916426659,0.0012559411115944386,0,10
17,0.0013628756860271096,0.0013628873275592923,0,10
18,0.00012119200255256146,0.00012120051542297006,0,10
19,0.000671953137498349,0.0006719711818732321,0,10
20,0.0007814242853783071,0.0007814724231138825,0,10
22,0.00027650027186609805,0.00027652582502923906,0,10
23,5.334393790690228e-06,5.38828953722259e-06,0,10
26,0.0002134365204256028,0.00021343535627238452,0,10
27,0.00018399224791210145,0.00018404654110781848,0,10
28,0.0005208189832046628,0.000520789937581867,0,10
30,0.0004904590896330774,0.0004904689267277718,0,10
39,0.00018966525385621935,0.00018967284995596856,0,10
45,0.00014493855996988714,0.00014491449110209942,0,10
47,0.0002712574496399611,0.0002712554414756596,0,10
53,1.2222796613059472e-05,1.2266744306543842e-05,0,10
54,4.435619848663919e-05,4.086512853973545e-05,0,10
55,0.00035971804754808545,0.0003597739851102233,0,10
56,0.0002515348023734987,0.00025153972092084587,0,10
64,0.00021132899564690888,0.0002113123919116333,0,10
68,5.093075378681533e-05,5.098339170217514e-05,0,10
73,0.00014059687964618206,0.00014055594510864466,0,10
75,8.094593795249239e-05,8.097262616502121e-05,0,10
0,0.03491806611418724,0.03491812199354172,0,10
1,0.030022764578461647,0.030022822320461273,0,10
2,0.02639273926615715,0.026392782106995583,0,10
3,0.022024931386113167,0.022024989128112793,0,10
4,0.0182869341224432,0.018286963924765587,0,10
5,0.015315520577132702,0.015315573662519455,0,10
6,0.012241478078067303,0.012241536751389503,0,10
7,0.008782041259109974,0.008782098069787025,0,10
8,0.00794768426567316,0.007947664707899094,0,10
9,0.0066236169077456,0.006623624823987484,0,10
10,0.005168159492313862,0.005168121308088303,0,10
11,0.0041190036572515965,0.004119005519896746,0,10
12,0.0027003444265574217,0.0027004005387425423,0,10
13,0.002326573245227337,0.0023266097996383905,0,10
14,0.001453551696613431,0.0014535309746861458,0,10
15,0.001817018841393292,0.0018170721596106887,0,10
16,0.0012559657916426659,0.0012560011819005013,0,10
17,0.0013628756860271096,0.0013629109598696232,0,10
18,0.00012119200255256146,0.00012121893814764917,0,10
19,0.000671953137498349,0.0006719587836414576,0,10
20,0.0007814242853783071,0.0007814436103217304,0,10
22,0.00027650027186609805,0.0002764990204013884,0,10
23,5.334393790690228e-06,5.292917649057927e-06,0,10
26,0.0002134365204256028,0.00021345872664824128,0,10
27,0.00018399224791210145,0.00018402381101623178,0,10
28,0.0005208189832046628,0.000520788598805666,0,10
30,0.0004904590896330774,0.0004905043751932681,0,10
39,0.00018966525385621935,0.00018968283256981522,0,10
45,0.00014493855996988714,0.00014498176460620016,0,10
47,0.0002712574496399611,0.00027125701308250427,0,10
53,1.2222796613059472e-05,1.2210828572278842e-05,0,10
54,4.435619848663919e-05,4.4392589188646525e-05,0,10
55,0.00035971804754808545,0.00035970969474874437,0,10
56,0.0002515348023734987,0.00025153503520414233,0,10
64,0.00021132899564690888,0.00021135769202373922,0,10
68,5.093075378681533e-05,5.094556763651781e-05,0,10
73,0.00014059687964618206,0.00014063584967516363,0,10
75,8.094593795249239e-05,8.093280484899879e-05,0,10
0,0.03491806611418724,0.03491809964179993,0,10
1,0.030022764578461647,0.030022799968719482,0,10
2,0.02639273926615715,0.026392798870801926,0,10
3,0.022024931386113167,0.022024979814887047,0,10
4,0.0182869341224432,0.018286991864442825,0,10
5,0.015315520577132702,0.01531557459384203,0,10
6,0.012241478078067303,0.012241519056260586,0,10
7,0.008782041259109974,0.008782099932432175,0,10
8,0.00794768426567316,0.007947725243866444,0,10
9,0.0066236169077456,0.00662366533651948,0,10
10,0.005168159492313862,0.0051682074554264545,0,10
11,0.0041190036572515965,0.004119043238461018,0,10
12,0.0027003444265574217,0.0027003027498722076,0,10
13,0.002326573245227337,0.0023266233038157225,0,10
14,0.001453551696613431,0.0014535526279360056,0,10
15,0.001817018841393292,0.0018169732065871358,0,10
16,0.0012559657916426659,0.0012165254447609186,0,10
17,0.0013628756860271096,0.0013628777815029025,0,10
18,0.00012119200255256146,0.00012121771578676999,0,10
19,0.000671953137498349,0.000671959191095084,0,10
20,0.0007814242853783071,0.0007814262062311172,0,10
22,0.00027650027186609805,0.0002764970122370869,0,10
23,5.334393790690228e-06,5.366921868699137e-06,0,10
26,0.0002134365204256028,0.0002134928945451975,0,10
27,0.00018399224791210145,0.00018395150254946202,0,10
28,0.0005208189832046628,0.0005207797512412071,0,10
30,0.0004904590896330774,0.0004904727102257311,0,10
39,0.00018966525385621935,0.0001896906178444624,0,10
45,0.00014493855996988714,0.00014495261711999774,0,10
47,0.0002712574496399611,0.0002712869318202138,0,10
53,1.2222796613059472e-05,1.2280026567168534e-05,0,10
54,4.435619848663919e-05,4.4349810195853934e-05,0,10
55,0.00035971804754808545,0.00035976702929474413,0,10
56,0.0002515348023734987,0.00025152513990178704,0,10
64,0.00021132899564690888,0.00021137631847523153,0,10
68,5.093075378681533e-05,4.9515390855958685e-05,0,10
73,0.00014059687964618206,0.0001371366233797744,0,10
75,8.094593795249239e-05,8.095126395346597e-05,0,10
0,0.03491806611418724,0.03491811826825142,0,10
1,0.030022764578461647,0.03002282604575157,0,10
2,0.02639273926615715,0.026392793282866478,0,10
3,0.022024931386113167,0.022024989128112793,0,10
4,0.0182869341224432,0.01828697882592678,0,10
5,0.015315520577132702,0.015315559692680836,0,10
6,0.012241478078067303,0.012241526506841183,0,10
7,0.008782041259109974,0.008782085962593555,0,10
8,0.00794768426567316,0.007947724312543869,0,10
9,0.0066236169077456,0.006623612716794014,0,10
10,0.005168159492313862,0.005168158560991287,0,10
11,0.0041190036572515965,0.004119035787880421,0,10
12,0.0027003444265574217,0.00270037236623466,0,10
13,0.002326573245227337,0.002326587215065956,0,10
14,0.001453551696613431,0.001453563803806901,0,10
15,0.001817018841393292,0.001817043055780232,0,10
16,0.0012559657916426659,0.0012005711905658245,0,10
17,0.0013628756860271096,0.001362855895422399,0,10
18,0.00012119200255256146,0.00012124616478104144,0,10
19,0.000671953137498349,0.0006720045348629355,0,10
20,0.0007814242853783071,0.0007814212003722787,0,10
22,0.00027650027186609805,0.00027647175011225045,0,10
23,5.334393790690228e-06,5.365660854295129e-06,0,10
26,0.0002134365204256028,0.00021339021623134613,0,10
27,0.00018399224791210145,0.0001839988399296999,0,10
28,0.0005208189832046628,0.00047008495312184095,0,10
30,0.0004904590896330774,0.0004904612433165312,0,10
39,0.00018966525385621935,0.00018971625831909478,0,10
45,0.00014493855996988714,0.0001449486444471404,0,10
47,0.0002712574496399611,0.0002713032590691,0,10
53,1.2222796613059472e-05,1.2252593478478957e-05,0,10
54,4.435619848663919e-05,4.4346856157062575e-05,0,10
55,0.00035971804754808545,0.0003596959577407688,0,10
56,0.0002515348023734987,0.00025154714239761233,0,10
64,0.00021132899564690888,0.00021137775911483914,0,10
68,5.093075378681533e-05,5.087355020805262e-05,0,10
73,0.00014059687964618206,0.00014061166439205408,0,10
75,8.094593795249239e-05,8.099809201667085e-05,0,10
0,0.03491806611418724,0.034918107092380524,0,10
1,0.030022764578461647,0.030022814869880676,0,10
2,0.02639273926615715,0.026392797008156776,0,10
3,0.022024931386113167,0.022024989128112793,0,10
4,0.0182869341224432,0.018286986276507378,0,10
5,0.015315520577132702,0.015315578319132328,0,10
6,0.012241478078067303,0.012241506017744541,0,10
7,0.008782041259109974,0.008782091550529003,0,10
8,0.00794768426567316,0.007947697304189205,0,10
9,0.0066236169077456,0.006623660679906607,0,10
10,0.005168159492313862,0.0051682088524103165,0,10
11,0.0041190036572515965,0.004118998534977436,0,10
12,0.0027003444265574217,0.002700379118323326,0,10
13,0.002326573245227337,0.0023265527561306953,0,10
14,0.001453551696613431,0.0014535993104800582,0,10
15,0.001817018841393292,0.001816997304558754,0,10
16,0.0012559657916426659,0.0012559931492432952,0,10
17,0.0013628756860271096,0.001362839713692665,0,10
18,0.00012119200255256146,0.00012114743731217459,0,10
19,0.000671953137498349,0.0006720045930705965,0,10
20,0.0007814242853783071,0.0007814823184162378,0,10
22,0.00027650027186609805,0.00027646293165162206,0,10
23,5.334393790690228e-06,5.2942559705115855e-06,0,10
26,0.0002134365204256028,0.00021346677385736257,0,10
27,0.00018399224791210145,0.0001840263430494815,0,10
28,0.0005208189832046628,0.000520843721460551,0,10
30,0.0004904590896330774,0.000490482896566391,0,10
39,0.00018966525385621935,0.00018365982396062464,0,10
45,0.00014493855996988714,0.0001449364935979247,0,10
47,0.0002712574496399611,0.00027127715293318033,0,10
53,1.2222796613059472e-05,1.2276102097530384e-05,0,10
54,4.435619848663919e-05,4.438082396518439e-05,0,10
55,0.00035971804754808545,0.0003597706672735512,0,10
56,0.0002515348023734987,0.00025155823095701635,0,10
64,0.00021132899564690888,0.00020629027858376503,0,10
68,5.093075378681533e-05,5.098823385196738e-05,0,10
73,0.00014059687964618206,0.00014062794798519462,0,10
75,8.094593795249239e-05,8.095140219666064e-05,0,10
83,6.610238051507622e-05,6.615962774958462e-05,0,10
0,0.03491806611418724,0.03491812199354172,0,10
1,0.030022764578461647,0.03002280183136463,0,10
2,0.02639273926615715,0.02639276720583439,0,10
3,0.022024931386113167,0.022024990990757942,0,10
4,0.0182869341224432,0.01828698441386223,0,10
5,0.015315520577132702,0.015315553173422813,0,10
6,0.012241478078067303,0.012241534888744354,0,10
7,0.008782041259109974,0.008782022632658482,0,10
8,0.00794768426567316,0.007947665639221668,0,10
9,0.0066236169077456,0.006623659748584032,0,10
10,0.005168159492313862,0.005168192088603973,0,10
11,0.0041190036572515965,0.004119001794606447,0,10
12,0.0027003444265574217,0.002700367709621787,0,10
13,0.002326573245227337,0.002326549030840397,0,10
14,0.001453551696613431,0.0014535451773554087,0,10
15,0.001817018841393292,0.0018169872928410769,0,10
16,0.0012559657916426659,0.0012560042086988688,0,10
17,0.0013628756860271096,0.0013629014138132334,0,10
18,0.00012119200255256146,0.00012117287405999377,0,10
19,0.000671953137498349,0.0006719368975609541,0,10
20,0.0007814242853783071,0.00078145123552531,0,10
22,0.00027650027186609805,0.0002565656614024192,0,10
23,5.334393790690228e-06,5.351914751372533e-06,0,10
26,0.0002134365204256028,0.0002134841779479757,0,10
27,0.00018399224791210145,0.00018404463480692357,0,10
28,0.0005208189832046628,0.0005207795184105635,0,10
30,0.0004904590896330774,0.0004904598463326693,0,10
39,0.00018966525385621935,0.00018972200632560998,0,10
45,0.00014493855996988714,0.00014497307711280882,0,10
47,0.0002712574496399611,0.00027126993518322706,0,10
53,1.2222796613059472e-05,1.2193458132969681e-05,0,10
54,4.435619848663919e-05,4.432263449416496e-05,0,10
55,0.00035971804754808545,0.00035974138882011175,0,10
56,0.0002515348023734987,0.0002514960360713303,0,10
64,0.00021132899564690888,0.0002113493246724829,0,10
68,5.093075378681533e-05,5.090932972962037e-05,0,10
73,0.00014059687964618206,0.00014064503193367273,0,10
75,8.094593795249239e-05,8.099785191006958e-05,0,10
83,6.610238051507622e-05,6.61254525766708e-05,0,10
84,0.00013054888404440135,0.00013051609857939184,0,10
0,0.03491806611418724,0.034918125718832016,0,10
1,0.030022764578461647,0.030022820457816124,0,10
2,0.02639273926615715,0.026392772793769836,0,10
3,0.022024931386113167,0.022024989128112793,0,10
4,0.0182869341224432,0.018286988139152527,0,10
5,0.015315520577132702,0.015315577387809753,0,10
6,0.012241478078067303,0.012241523712873459,0,10
7,0.008782041259109974,0.008782093413174152,0,10
8,0.00794768426567316,0.007947723381221294,0,10
9,0.0066236169077456,0.006623672321438789,0,10
10,0.005168159492313862,0.005168159492313862,0,10
11,0.0041190036572515965,0.0041189733892679214,0,10
12,0.0027003444265574217,0.0027004024013876915,0,10
13,0.002326573245227337,0.0023265404161065817,0,10
14,0.001453551696613431,0.0014286109944805503,0,10
15,0.001817018841393292,0.0018170081311836839,0,10
16,0.0012559657916426659,0.001255967770703137,0,10
17,0.0013628756860271096,0.0013628472806885839,0,10
18,0.00012119200255256146,0.00012120111205149442,0,10
19,0.000671953137498349,0.0006720071542076766,0,10
20,0.0007814242853783071,0.0007814713171683252,0,10
22,0.00027650027186609805,0.00027653935831040144,0,10
23,5.334393790690228e-06,5.291758952807868e-06,0,10
26,0.0002134365204256028,0.00021345959976315498,0,10
27,0.00018399224791210145,0.0001840150071075186,0,10
28,0.0005208189832046628,0.0005208476795814931,0,10
30,0.0004904590896330774,0.0004905058885924518,0,10
39,0.00018966525385621935,0.00018972142424900085,0,10
45,0.00014493855996988714,0.0001326662313658744,0,10
47,0.0002712574496399611,0.00027124673943035305,0,10
53,1.2222796613059472e-05,1.2192722351755947e-05,0,10
54,4.435619848663919e-05,4.4377728045219555e-05,0,10
55,0.00035971804754808545,0.0003597367322072387,0,10
56,0.0002515348023734987,0.00025154618197120726,0,10
64,0.00021132899564690888,0.0002068497851723805,0,10
68,5.093075378681533e-05,5.0902865041280165e-05,0,10
73,0.00014059687964618206,0.0001405652001267299,0,10
75,8.094593795249239e-05,8.096134115476161e-05,0,10
83,6.610238051507622e-05,6.604779628105462e-05,0,10
84,0.00013054888404440135,0.00013059884076938033,0,10
0,0.03491806611418724,0.03491811081767082,0,10
1,0.030022764578461647,0.030022820457816124,0,10
2,0.02639273926615715,0.02639278769493103,0,10
3,0.022024931386113167,0.02202497236430645,0,10
4,0.0182869341224432,0.018286990001797676,0,10
5,0.015315520577132702,0.01531557273119688,0,10
6,0.012241478078067303,0.01224152185022831,0,10
7,0.008782041259109974,0.008782071992754936,0,10
8,0.00794768426567316,0.00794772058725357,0,10
9,0.0066236169077456,0.006623653694987297,0,10
10,0.005168159492313862,0.005168179981410503,0,10
11,0.0041190036572515965,0.0037318572867661715,0,10
12,0.0027003444265574217,0.0027003693394362926,0,10
13,0.002326573245227337,0.0023266079369932413,0,10
14,0.001453551696613431,0.0014535957016050816,0,10
15,0.001817018841393292,0.001817022101022303,0,10
16,0.0012559657916426659,0.00125601002946496,0,10
17,0.0013628756860271096,0.0013628992019221187,0,10
18,0.00012119200255256146,0.00012124062777729705,0,10
19,0.000671953137498349,0.0006719365483149886,0,10
20,0.0007814242853783071,0.0007814834825694561,0,10
22,0.00027650027186609805,0.0002765566750895232,0,10
23,5.334393790690228e-06,5.366188361222157e-06,0,10
26,0.0002134365204256028,0.00021344669221434742,0,10
27,0.00018399224791210145,0.00018400188127998263,0,10
28,0.0005208189832046628,0.000520855188369751,0,10
30,0.0004904590896330774,0.0004904353409074247,0,10
39,0.00018966525385621935,0.00018969418306369334,0,10
45,0.00014493855996988714,0.00014493754133582115,0,10
47,0.0002712574496399611,0.00027121181483380497,0,10
53,1.2222796613059472e-05,1.2260074981895741e-05,0,10
54,4.435619848663919e-05,4.439305848791264e-05,0,10
55,0.00035971804754808545,0.0003573285066522658,0,10
56,0.0002515348023734987,0.0002515752275940031,0,10
64,0.00021132899564690888,0.00021134363487362862,0,10
68,5.093075378681533e-05,5.098397014080547e-05,0,10
73,0.00014059687964618206,0.0001406142837367952,0,10
75,8.094593795249239e-05,8.092048665275797e-05,0,10
83,6.610238051507622e-05,6.611657590838149e-05,0,10
84,0.00013054888404440135,0.000130548607558012,0,10
0,0.03491806611418724,0.034918125718832016,0,10
1,0.030022764578461647,0.03002280183136463,0,10
2,0.02639273926615715,0.026392797008156776,0,10
3,0.022024931386113167,0.022024990990757942,0,10
4,0.0182869341224432,0.01828698441386223,0,10
5,0.015315520577132702,0.015315579250454903,0,10
6,0.012241478078067303,0.012241534888744354,0,10
7,0.008782041259109974,0.00878205243498087,0,10
8,0.00794768426567316,0.007947705686092377,0,10
9,0.0066236169077456,0.006623643450438976,0,10
10,0.005168159492313862,0.00516813900321722,0,10
11,0.0041190036572515965,0.004119060002267361,0,10
12,0.0027003444265574217,0.002700388664379716,0,10
13,0.002326573245227337,0.002326531335711479,0,10
14,0.001453551696613431,0.0014535625232383609,0,10
15,0.001817018841393292,0.0018170444527640939,0,10
16,0.0012559657916426659,0.0012560093309730291,0,10
17,0.0013628756860271096,0.001362925861030817,0,10
18,0.00012119200255256146,0.00012124753266107291,0,10
19,0.000671953137498349,0.0006719775847159326,0,10
20,0.0007814242853783071,0.000781396811362356,0,10
22,0.00027650027186609805,0.00027655845042318106,0,10
23,5.334393790690228e-06,5.375685759645421e-06,0,10
26,0.0002134365204256028,0.0002094031951855868,0,10
27,0.00018399224791210145,0.0001840050535975024,0,10
28,0.0005208189832046628,0.0005208576912991703,0,10
30,0.0004904590896330774,0.0004904510569758713,0,10
39,0.00018966525385621935,0.0001896647590911016,0,10
45,0.00014493855996988714,0.00014494282368104905,0,10
47,0.0002712574496399611,0.0002713059075176716,0,10
53,1.2222796613059472e-05,1.2275876542844344e-05,0,10
54,4.435619848663919e-05,4.4399181206244975e-05,0,10
55,0.00035971804754808545,0.00033630605321377516,0,10
56,0.0002515348023734987,0.00025152781745418906,0,10
64,0.00021132899564690888,0.00021129682136233896,0,10
68,5.093075378681533e-05,5.087427780381404e-05,0,10
73,0.00014059687964618206,0.00014064610877539963,0,10
75,8.094593795249239e-05,8.099528349703178e-05,0,10
83,6.610238051507622e-05,6.606100214412436e-05,0,10
84,0.00013054888404440135,0.00013058949843980372,0,10
0,0.03491806611418724,0.034918107092380524,0,10
1,0.030022764578461647,0.03002280928194523,0,10
2,0.02639273926615715,0.026392774656414986,0,10
3,0.022024931386113167,0.0220249742269516,0,10
4,0.0182869341224432,0.018286988139152527,0,10
5,0.015315520577132702,0.015315577387809753,0,10
6,0.012241478078067303,0.01224153209477663,0,10
7,0.008782041259109974,0.00878206454217434,0,10
8,0.00794768426567316,0.007947727106511593,0,10
9,0.0066236169077456,0.006623629946261644,0,10
10,0.005168159492313862,0.00516813388094306,0,10
11,0.0041190036572515965,0.0041189673356711864,0,10
12,0.0027003444265574217,0.0027003672439604998,0,10
13,0.002326573245227337,0.002326600719243288,0,10
14,0.001453551696613431,0.001453506643883884,0,10
15,0.001817018841393292,0.001817073323763907,0,10
16,0.0012559657916426659,0.0012559196911752224,0,10
17,0.0013628756860271096,0.001362932613119483,0,10
18,0.00012119200255256146,0.00012125062494305894,0,10
19,0.000671953137498349,0.0006719650700688362,0,10
20,0.0007814242853783071,0.0007814111304469407,0,10
22,0.00027650027186609805,0.0002765293756965548,0,10
23,5.334393790690228e-06,5.38149743078975e-06,0,10
26,0.0002134365204256028,0.00021347975416574627,0,10
27,0.00018399224791210145,0.0001840422337409109,0,10
28,0.0005208189832046628,0.0005208635702729225,0,10
30,0.0004904590896330774,0.0004904628149233758,0,10
39,0.00018966525385621935,0.00018971721874549985,0,10
45,0.00014493855996988714,0.00014490116154775023,0,10
47,0.0002712574496399611,0.00027130820672027767,0,10
53,1.2222796613059472e-05,1.2255317415110767e-05,0,10
54,4.435619848663919e-05,4.441062264959328e-05,0,10
55,0.00035971804754808545,0.000359665893483907,0,10
56,0.0002515348023734987,0.0002515084925107658,0,10
64,0.00021132899564690888,0.00019621106912381947,0,10
68,5.093075378681533e-05,5.095817323308438e-05,0,10
73,0.00014059687964618206,0.00014058503438718617,0,10
75,8.094593795249239e-05,8.099537080852315e-05,0,10
83,6.610238051507622e-05,6.606155511690304e-05,0,10
84,0.00013054888404440135,0.00013060617493465543,0,10
0,0.03491806611418724,0.03491812199354172,0,10
1,0.030022764578461647,0.030022820457816124,0,10
2,0.02639273926615715,0.02639278583228588,0,10
3,0.022024931386113167,0.022024979814887047,0,10
4,0.0182869341224432,0.018286986276507378,0,10
5,0.015315520577132702,0.015315559692680836,0,10
6,0.012241478078067303,0.0122414855286479,0,10
7,0.008782041259109974,0.0087820990011096,0,10
8,0.00794768426567316,0.00794772244989872,0,10
9,0.0066236169077456,0.006623669061809778,0,10
10,0.005168159492313862,0.005168117582798004,0,10
11,0.0041190036572515965,0.004118987359106541,0,10
12,0.0027003444265574217,0.0027003667782992125,0,10
13,0.002326573245227337,0.0023266056086868048,0,10
14,0.001453551696613431,0.0014535515801981091,0,10
15,0.001817018841393292,0.0018169654067605734,0,10
16,0.0012559657916426659,0.001255912589840591,0,10
17,0.0013628756860271096,0.001362915150821209,0,10
18,0.00012119200255256146,0.00012122334737796336,0,10
19,0.000671953137498349,0.0006720109959132969,0,10
20,0.0007814242853783071,0.0007813993142917752,0,10
22,0.00027650027186609805,0.00025341068976558745,0,10
23,5.334393790690228e-06,5.375685759645421e-06,0,10
26,0.0002134365204256028,0.00021349225426092744,0,10
27,0.00018399224791210145,0.0001840499317040667,0,10
28,0.0005208189832046628,0.000520828238222748,0,10
30,0.0004904590896330774,0.0004905018722638488,0,10
39,0.00018966525385621935,0.00018967587675433606,0,10
45,0.00014493855996988714,0.00014495512004941702,0,10
47,0.0002712574496399611,0.00025143532548099756,0,10
53,1.2222796613059472e-05,1.2259827599336859e-05,0,10
54,4.435619848663919e-05,4.4364292989484966e-05,0,10
55,0.00035971804754808545,0.0003597460745368153,0,10
56,0.0002515348023734987,0.0002514907973818481,0,10
64,0.00021132899564690888,0.00021135651331860572,0,10
68,5.093075378681533e-05,5.097817484056577e-05,0,10
73,0.00014059687964618206,0.00014061672845855355,0,10
75,8.094593795249239e-05,8.090714982245117e-05,0,10
83,6.610238051507622e-05,6.605387898162007e-05,0,10
84,0.00013054888404440135,0.00013055083400104195,0,10
0,0.03491806611418724,0.034918125718832016,0,10
1,0.030022764578461647,0.030022822320461273,0,10
2,0.02639273926615715,0.026392774656414986,0,10
3,0.022024931386113167,0.022024977952241898,0,10
4,0.0182869341224432,0.018286986276507378,0,10
5,0.015315520577132702,0.015315559692680836,0,10
6,0.012241478078067303,0.012241534888744354,0,10
7,0.008782041259109974,0.008782079443335533,0,10
8,0.00794768426567316,0.00794764794409275,0,10
9,0.0066236169077456,0.006623581051826477,0,10
10,0.005168159492313862,0.005168205592781305,0,10
11,0.0041190036572515965,0.004119028337299824,0,10
12,0.0027003444265574217,0.0027003877330571413,0,10
13,0.002326573245227337,0.0023265148047357798,0,10
14,0.001453551696613431,0.0014535993104800582,0,10
15,0.001817018841393292,0.0018170472467318177,0,10
16,0.0012559657916426659,0.0012559699825942516,0,10
17,0.0013628756860271096,0.0013628314482048154,0,10
18,0.00012119200255256146,0.00012115218851249665,0,10
19,0.000671953137498349,0.000671990099363029,0,10
20,0.0007814242853783071,0.0007814745185896754,0,10
22,0.00027650027186609805,0.00027653013239614666,0,10
23,5.334393790690228e-06,5.320237505657133e-06,0,10
26,0.0002134365204256028,0.00021344397100619972,0,10
27,0.00018399224791210145,0.00018396279483567923,0,10
28,0.0005208189832046628,0.0005207875510677695,0,10
30,0.0004904590896330774,0.0004904713714495301,0,10
39,0.00018966525385621935,0.00018965215713251382,0,10
45,0.00014493855996988714,0.00014497993106488138,0,10
47,0.0002712574496399611,0.00027126161148771644,0,10
53,1.2222796613059472e-05,1.222789433086291e-05,0,10
54,4.435619848663919e-05,4.4349471863824874e-05,0,10
55,0.00035971804754808545,0.0003422708541620523,0,10
56,0.0002515348023734987,0.00025155750336125493,0,10
64,0.00021132899564690888,0.00021136735449545085,0,10
68,5.093075378681533e-05,5.0909384299302474e-05,0,10
73,0.00014059687964618206,0.00014063880371395499,0,10
75,8.094593795249239e-05,8.095191878965124e-05,0,10
83,6.610238051507622e-05,6.614647281821817e-05,0,10
84,0.00013054888404440135,0.0001306070771533996,0,10
0,0.03491806611418724,0.03491811454296112,0,10
1,0.030022764578461647,0.030022816732525826,0,10
2,0.02639273926615715,0.02639278583228588,0,10
3,0.022024931386113167,0.022024981677532196,0,10
4,0.0182869341224432,0.01828697882592678,0,10
5,0.015315520577132702,0.015315571799874306,0,10
6,0.012241478078067303,0.012241514399647713,0,10
7,0.008782041259109974,0.008782089687883854,0,10
8,0.00794768426567316,0.007947730831801891,0,10
9,0.0066236169077456,0.0066236574202775955,0,10
10,0.005168159492313862,0.005168147385120392,0,10
11,0.0041190036572515965,0.0041190218180418015,0,10
12,0.0027003444265574217,0.002699832897633314,0,10
13,0.002326573245227337,0.0023265364579856396,0,10
14,0.001453551696613431,0.0014535356312990189,0,10
15,0.001817018841393292,0.0018170075491070747,0,10
16,0.0012559657916426659,0.0012559669557958841,0,10
17,0.0013628756860271096,0.001362823648378253,0,10
18,0.00012119200255256146,0.00012115999561501667,0,10
19,0.000671953137498349,0.0006719809607602656,0,10
20,0.0007814242853783071,0.0007814229466021061,0,10
22,0.00027650027186609805,0.00027655670419335365,0,10
23,5.334393790690228e-06,5.365288416214753e-06,0,10
26,0.0002134365204256028,0.00021345670393202454,0,10
27,0.00018399224791210145,0.0001839480100898072,0,10
28,0.0005208189832046628,0.0005207894137129188,0,10
30,0.0004904590896330774,0.0004904887173324823,0,10
39,0.00018966525385621935,0.00018963031470775604,0,10
45,0.00014493855996988714,0.00014498273958452046,0,10
47,0.0002712574496399611,0.0002712368732318282,0,10
53,1.2222796613059472e-05,1.2197456271678675e-05,0,10
54,4.435619848663919e-05,4.4390813854988664e-05,0,10
55,0.00035971804754808545,0.00035977514926344156,0,10
56,0.0002515348023734987,0.00025152607122436166,0,10
64,0.00021132899564690888,0.00021137724979780614,0,10
68,5.093075378681533e-05,4.68694452138152e-05,0,10
73,0.00014059687964618206,0.00014063705748412758,0,10
75,8.094593795249239e-05,8.098158286884427e-05,0,10
83,6.610238051507622e-05,5.953623985988088e-05,0,10
84,0.00013054888404440135,0.0001305805635638535,0,10
0,0.03491806611418724,0.03491812199354172,0,10
1,0.030022764578461647,0.030022813007235527,0,10
2,0.02639273926615715,0.026392793282866478,0,10
3,0.022024931386113167,0.022024990990757942,0,10
4,0.0182869341224432,0.01828698068857193,0,10
5,0.015315520577132702,0.015315579250454903,0,10
6,0.012241478078067303,0.01224149763584137,0,10
7,0.008782041259109974,0.00878208689391613,0,10
8,0.00794768426567316,0.007947713136672974,0,10
9,0.0066236169077456,0.006623671855777502,0,10
10,0.005168159492313862,0.0051681590266525745,0,10
11,0.0041190036572515965,0.004119038116186857,0,10
12,0.0027003444265574217,0.002700358396396041,0,10
13,0.002326573245227337,0.0023265674244612455,0,10
14,0.001453551696613431,0.0013717848341912031,0,10
15,0.001817018841393292,0.001817016745917499,0,10
16,0.0012559657916426659,0.001255922601558268,0,10
17,0.0013628756860271096,0.0013628968736156821,0,10
18,0.00012119200255256146,0.00012124858767492697,0,10
19,0.000671953137498349,0.0006719942321069539,0,10
20,0.0007814242853783071,0.0007814060663804412,0,10
22,0.00027650027186609805,0.00027648796094581485,0,10
23,5.334393790690228e-06,5.367650828702608e-06,0,10
26,0.0002134365204256028,0.00021222734358161688,0,10
27,0.00018399224791210145,0.00018404063303023577,0,10
28,0.0005208189832046628,0.0005208721850067377,0,10
30,0.0004904590896330774,0.0004904078668914735,0,10
39,0.00018966525385621935,0.00018966157222166657,0,10
45,0.00014493855996988714,0.00014497341180685908,0,10
47,0.0002712574496399611,0.0002712117857299745,0,10
53,1.2222796613059472e-05,1.2277435416763183e-05,0,10
54,4.435619848663919e-05,4.439345866558142e-05,0,10
55,0.00035971804754808545,0.00035977346124127507,0,10
56,0.0002515348023734987,0.0002515368105378002,0,10
64,0.00021132899564690888,0.00021137505245860666,0,10
68,5.093075378681533e-05,5.096654058434069e-05,0,10
73,0.00014059687964618206,0.00013925066741649061,0,10
75,8.094593795249239e-05,8.10041674412787e-05,0,10
83,6.610238051507622e-05,6.614896119572222e-05,0,10
84,0.00013054888404440135,0.00013058126205578446,0,10
92,0.00010467172251082957,0.00010471690620761365,0,10
0,0.03491806611418724,0.03491811454296112,0,10
1,0.030022764578461647,0.030022822320461273,0,10
2,0.02639273926615715,0.026392797008156776,0,10
3,0.022024931386113167,0.022024989128112793,0,10
4,0.0182869341224432,0.018286986276507378,0,10
5,0.015315520577132702,0.015315566211938858,0,10
6,0.012241478078067303,0.012241494841873646,0,10
7,0.008782041259109974,0.00878208875656128,0,10
8,0.00794768426567316,0.007947712205350399,0,10
9,0.0066236169077456,0.0066236164420843124,0,10
10,0.005168159492313862,0.005141194444149733,0,10
11,0.0041190036572515965,0.004118957556784153,0,10
12,0.0027003444265574217,0.002585404086858034,0,10
13,0.002326573245227337,0.0023265585768967867,0,10
14,0.001453551696613431,0.001453552395105362,0,10
15,0.001817018841393292,0.0018169875256717205,0,10
16,0.0012559657916426659,0.0012559490278363228,0,10
17,0.0013628756860271096,0.0013628954766318202,0,10
18,0.00012119200255256146,0.00012120158498873934,0,10
19,0.000671953137498349,0.000671958492603153,0,10
20,0.0007814242853783071,0.0007814001874066889,0,10
22,0.00027650027186609805,0.0002764553646557033,0,10
23,5.334393790690228e-06,5.371306542656384e-06,0,10
26,0.0002134365204256028,0.00021347517031244934,0,10
27,0.00018399224791210145,0.00018398853717371821,0,10
28,0.0005208189832046628,0.0005208529182709754,0,10
30,0.0004904590896330774,0.000490441860165447,0,10
39,0.00018966525385621935,0.00018971918325405568,0,10
45,0.00014493855996988714,0.00014493393246084452,0,10
47,0.0002712574496399611,0.0002712919667828828,0,10
53,1.2222796613059472e-05,1.223854906129418e-05,0,10
54,4.435619848663919e-05,4.4384734792402014e-05,0,10
55,0.00035971804754808545,0.000359661178663373,0,10
56,0.0002515348023734987,0.0002515729865990579,0,10
64,0.00021132899564690888,0.00021134602138772607,0,10
68,5.093075378681533e-05,5.0895796448457986e-05,0,10
73,0.00014059687964618206,0.0001406311203027144,0,10
75,8.094593795249239e-05,8.096689271042123e-05,0,10
83,6.610238051507622e-05,6.604929512832314e-05,0,10
84,0.00013054888404440135,0.0001305820478592068,0,10
92,0.00010467172251082957,0.00010469869448570535,0,10
0,0.03491806611418724,0.034918107092380524,0,10
1,0.030022764578461647,0.03002280741930008,0,10
2,0.02639273926615715,0.02639278955757618,0,10
3,0.022024931386113167,0.0220249742269516,0,10
4,0.0182869341224432,0.018286991864442825,0,10
5,0.015315520577132702,0.015315576456487179,0,10
6,0.012241478078067303,0.012241528369486332,0,10
7,0.008782041259109974,0.008782053366303444,0,10
8,0.00794768426567316,0.007947712205350399,0,10
9,0.0066236169077456,0.006623647175729275,0,10
10,0.005168159492313862,0.005168176256120205,0,10
11,0.0041190036572515965,0.00398850254714489,0,10
12,0.0027003444265574217,0.0027003653813153505,0,10
13,0.002326573245227337,0.0023266037460416555,0,10
14,0.001453551696613431,0.0014535433147102594,0,10
15,0.001817018841393292,0.0018169829854741693,0,10
16,0.0012559657916426659,0.001256010727956891,0,10
17,0.0013628756860271096,0.0013628812739625573,0,10
18,0.00012119200255256146,0.00012123692431487143,0,10
19,0.000671953137498349,0.0006720108794979751,0,10
20,0.0007814242853783071,0.0007814706186763942,0,10
22,0.00027650027186609805,0.0002765463723335415,0,10
23,5.334393790690228e-06,5.369713562686229e-06,0,10
26,0.0002134365204256028,0.00021345466666389257,0,10
27,0.00018399224791210145,0.0001840363402152434,0,10
28,0.0005208189832046628,0.0005208346410654485,0,10
30,0.0004904590896330774,0.000490448612254113,0,10
39,0.00018966525385621935,0.00018971542885992676,0,10
45,0.00014493855996988714,0.00014068558812141418,0,10
47,0.0002712574496399611,0.00027127881185151637,0,10
53,1.2222796613059472e-05,1.2266684279893525e-05,0,10
54,4.435619848663919e-05,4.43064964201767e-05,0,10
55,0.00035971804754808545,0.0003597462782636285,0,10
56,0.0002515348023734987,0.00023880577646195889,0,10
64,0.00021132899564690888,0.0002113038644893095,0,10
68,5.093075378681533e-05,5.092875289847143e-05,0,10
73,0.00014059687964618206,0.00014055373321752995,0,10
75,8.094593795249239e-05,8.096030069282278e-05,0,10
83,6.610238051507622e-05,6.610510172322392e-05,0,10
84,0.00013054888404440135,0.00013053466682322323,0,10
92,0.00010467172251082957,0.00010471705900272354,0,10
0,0.03491806611418724,0.03491811454296112,0,10
1,0.030022764578461647,0.030022822320461273,0,10
2,0.02639273926615715,0.026392798870801926,0,10
3,0.022024931386113167,0.022024990990757942,0,10
4,0.0182869341224432,0.018286967650055885,0,10
5,0.015315520577132702,0.015315577387809753,0,10
6,0.012241478078067303,0.012241536751389503,0,10
7,0.008782041259109974,0.008782092481851578,0,10
8,0.00794768426567316,0.007947719655930996,0,10
9,0.0066236169077456,0.006623656954616308,0,10
10,0.005168159492313862,0.005168145522475243,0,10
11,0.0041190036572515965,0.004118979908525944,0,10
12,0.0027003444265574217,0.002700338140130043,0,10
13,0.002326573245227337,0.0023266274947673082,0,10
14,0.001453551696613431,0.0013431789120659232,0,10
15,0.001817018841393292,0.0018170030089095235,0,10
16,0.0012559657916426659,0.0012559739407151937,0,10
17,0.0013628756860271096,0.0013628496089950204,0,10
18,0.00012119200255256146,0.00012120442988816649,0,10
19,0.000671953137498349,0.0006719720549881458,0,10
20,0.0007814242853783071,0.0007814574637450278,0,10
22,0.00027650027186609805,0.0002765321696642786,0,10
23,5.334393790690228e-06,5.367650828702608e-06,0,10
26,0.0002134365204256028,0.0002134751994162798,0,10
27,0.00018399224791210145,0.0001840233599068597,0,10
28,0.0005208189832046628,0.0005208258517086506,0,10
30,0.0004904590896330774,0.0004904877860099077,0,10
39,0.00018966525385621935,0.00018079315486829728,0,10
45,0.00014493855996988714,0.00014498144446406513,0,10
47,0.0002712574496399611,0.0002713036083150655,0,10
53,1.2222796613059472e-05,1.220382546307519e-05,0,10
54,4.435619848663919e-05,4.433095455169678e-05,0,10
55,0.00035971804754808545,0.0003597505856305361,0,10
56,0.0002515348023734987,0.0002515710366424173,0,10
64,0.00021132899564690888,0.0002113560913130641,0,10
68,5.093075378681533e-05,5.0903679948532954e-05,0,10
73,0.00014059687964618206,0.0001406102383043617,0,10
75,8.094593795249239e-05,8.098869875539094e-05,0,10
83,6.610238051507622e-05,6.609095726162195e-05,0,10
84,0.00013054888404440135,0.00013057688192930073,0,10
92,0.00010467172251082957,0.00010463997023180127,0,10
0,0.03491806611418724,0.034918107092380524,0,10
1,0.030022764578461647,0.030022820457816124,0,10
2,0.02639273926615715,0.026392798870801926,0,10
3,0.022024931386113167,0.02202497608959675,0,10
4,0.0182869341224432,0.01828698255121708,0,10
5,0.015315520577132702,0.015315570868551731,0,10
6,0.012241478078067303,0.012241527438163757,0,10
7,0.008782041259109974,0.008782085962593555,0,10
8,0.00794768426567316,0.00794773269444704,0,10
9,0.0066236169077456,0.0066236695274710655,0,10
10,0.005168159492313862,0.00516815809533,0,10
11,0.0041190036572515965,0.004119040910154581,0,10
12,0.0027003444265574217,0.0027003271970897913,0,10
13,0.002326573245227337,0.002326591871678829,0,10
14,0.001453551696613431,0.0014535232912749052,0,10
15,0.001817018841393292,0.001816995325498283,0,10
16,0.0012559657916426659,0.001256000716239214,0,10
17,0.0013628756860271096,0.0013628399465233088,0,10
18,0.00012119200255256146,0.00012117872392991558,0,10
19,0.000671953137498349,0.0006719689699821174,0,10
20,0.0007814242853783071,0.0007814081618562341,0,10
22,0.00027650027186609805,0.00027655367739498615,0,10
23,5.334393790690228e-06,5.276895535644144e-06,0,10
26,0.0002134365204256028,0.000213460938539356,0,10
27,0.00018399224791210145,0.00018402980640530586,0,10
28,0.0005208189832046628,0.0005208614747971296,0,10
30,0.0004904590896330774,0.0004904955276288092,0,10
39,0.00018966525385621935,0.00018795675714500248,0,10
45,0.00014493855996988714,0.00014494778588414192,0,10
47,0.0002712574496399611,0.00027124822372570634,0,10
53,1.2222796613059472e-05,1.2263221833563875e-05,0,10
54,4.435619848663919e-05,4.4399042963050306e-05,0,10
55,0.00035971804754808545,0.000359763071173802,0,10
56,0.0002515348023734987,0.00025156381889246404,0,10
64,0.00021132899564690888,0.0002112992515321821,0,10
68,5.093075378681533e-05,5.088212128612213e-05,0,10
73,0.00014059687964618206,0.00014056470536161214,0,10
75,8.094593795249239e-05,8.094689110293984e-05,0,10
83,6.610238051507622e-05,6.611050775973126e-05,0,10
84,0.00013054888404440135,0.00013058485637884587,0,10
92,0.00010467172251082957,0.00010471913265064359,0,10
0,0.03491806611418724,0.03491811454296112,0,10
1,0.030022764578461647,0.03002280928194523,0,10
2,0.02639273926615715,0.026392795145511627,0,10
3,0.022024931386113167,0.022024979814887047,0,10
4,0.0182869341224432,0.01828698441386223,0,10
5,0.015315520577132702,0.015315553173422813,0,10
6,0.012241478078067303,0.012241516262292862,0,10
7,0.008782041259109974,0.008782069198787212,0,10
8,0.00794768426567316,0.007947728037834167,0,10
9,0.0066236169077456,0.006623608060181141,0,10
10,0.005168159492313862,0.005168209318071604,0,10
11,0.0041190036572515965,0.0037131330464035273,0,10
12,0.0027003444265574217,0.002700329525396228,0,10
13,0.002326573245227337,0.0023265734780579805,0,10
14,0.001453551696613431,0.001453559147194028,0,10
15,0.001817018841393292,0.0018170359544456005,0,10
16,0.0012559657916426659,0.0012559370370581746,0,10
17,0.0013628756860271096,0.001362845883704722,0,10
18,0.00012119200255256146,0.00012121517647756264,0,10
19,0.000671953137498349,0.0006719105294905603,0,10
20,0.0007814242853783071,0.0007814278360456228,0,10
22,0.00027650027186609805,0.0002765426179394126,0,10
23,5.334393790690228e-06,5.371306542656384e-06,0,10
26,0.0002134365204256028,0.0002126242034137249,0,10
27,0.00018399224791210145,0.0001840397744672373,0,10
28,0.0005208189832046628,0.0005208058864809573,0,10
30,0.0004904590896330774,0.00046073723933659494,0,10
39,0.00018966525385621935,0.00018968894437421113,0,10
45,0.00014493855996988714,0.00014498765813186765,0,10
47,0.0002712574496399611,0.00026080472161993384,0,10
53,1.2222796613059472e-05,1.1362275472492911e-05,0,10
54,4.435619848663919e-05,4.4395565055310726e-05,0,10
55,0.00035971804754808545,0.00035977436346001923,0,10
56,0.0002515348023734987,0.00025151175213977695,0,10
64,0.00021132899564690888,0.00021137706062290817,0,10
68,5.093075378681533e-05,5.097177199786529e-05,0,10
73,0.00014059687964618206,0.00014062636182643473,0,10
75,8.094593795249239e-05,8.098605030681938e-05,0,10
83,6.610238051507622e-05,6.613495497731492e-05,0,10
84,0.00013054888404440135,0.00013051347923465073,0,10
92,0.00010467172251082957,0.00010467080574017018,0,10
0,0.03491806611418724,0.03491808474063873,0,10
1,0.030022764578461647,0.030022822320461273,0,10
2,0.02639273926615715,0.026392797008156776,0,10
3,0.022024931386113167,0.022024979814887047,0,10
4,0.0182869341224432,0.01828698255121708,0,10
5,0.015315520577132702,0.015315534546971321,0,10
6,0.012241478078067303,0.01224153209477663,0,10
7,0.008782041259109974,0.008782089687883854,0,10
8,0.00794768426567316,0.007947660982608795,0,10
9,0.0066236169077456,0.006623662076890469,0,10
10,0.005168159492313862,0.005168127827346325,0,10
11,0.0041190036572515965,0.00411903066560626,0,10
12,0.0027003444265574217,0.0027003809809684753,0,10
13,0.002326573245227337,0.0023265539202839136,0,10
14,0.001453551696613431,0.0014535688096657395,0,10
15,0.001817018841393292,0.0018170720431953669,0,10
16,0.0012559657916426659,0.001255964976735413,0,10
17,0.0013628756860271096,0.001362917828373611,0,10
18,0.00012119200255256146,0.00012120565224904567,0,10
19,0.000671953137498349,0.000656964723020792,0,10
20,0.0007814242853783071,0.0007814047858119011,0,10
22,0.00027650027186609805,0.00027651924756355584,0,10
23,5.334393790690228e-06,5.037100891058799e-06,0,10
26,0.0002134365204256028,0.00021343382832128555,0,10
27,0.00018399224791210145,0.00017285873764194548,0,10
28,0.0005208189832046628,0.0005208557122386992,0,10
30,0.0004904590896330774,0.0004905048408545554,0,10
39,0.00018966525385621935,0.00018967653159052134,0,10
45,0.00014493855996988714,0.0001449964038329199,0,10
47,0.0002712574496399611,0.00027124601183459163,0,10
53,1.2222796613059472e-05,1.2244112440384924e-05,0,10
54,4.435619848663919e-05,4.439272379386239e-05,0,10
55,0.00035971804754808545,0.0003596867900341749,0,10
56,0.0002515348023734987,0.0002515788655728102,0,10
64,0.00021132899564690888,0.0002113338268827647,0,10
68,5.093075378681533e-05,5.097979010315612e-05,0,10
73,0.00014059687964618206,0.0001406102383043617,0,10
75,8.094593795249239e-05,8.098869875539094e-05,0,10
83,6.610238051507622e-05,6.607084651477635e-05,0,10
84,0.00013054888404440135,0.0001305966143263504,0,10
92,0.00010467172251082957,0.00010472019494045526,0,10
0,0.03491806611418724,0.034918081015348434,0,10
1,0.030022764578461647,0.030022814869880676,0,10
2,0.02639273926615715,0.026392797008156776,0,10
3,0.022024931386113167,0.0220249705016613,0,10
4,0.0182869341224432,0.018286990001797676,0,10
5,0.015315520577132702,0.015315578319132328,0,10
6,0.012241478078067303,0.012241531163454056,0,10
7,0.008782041259109974,0.008782096207141876,0,10
8,0.00794768426567316,0.007947740145027637,0,10
9,0.0066236169077456,0.006623625755310059,0,10
10,0.005168159492313862,0.005168191622942686,0,10
11,0.0041190036572515965,0.004118951968848705,0,10
12,0.0027003444265574217,0.0027003418654203415,0,10
13,0.002326573245227337,0.002326628193259239,0,10
14,0.001453551696613431,0.0014535654336214066,0,10
15,0.001817018841393292,0.0018170311814174056,0,10
16,0.0012559657916426659,0.001255990588106215,0,10
17,0.0013628756860271096,0.0013629099121317267,0,10
18,0.00012119200255256146,0.00012123802298447117,0,10
19,0.000671953137498349,0.0006719937664456666,0,10
20,0.0007814242853783071,0.0007814461132511497,0,10
22,0.00027650027186609805,0.0002765471872407943,0,10
23,5.334393790690228e-06,5.358383077691542e-06,0,10
26,0.0002134365204256028,0.00021343027765396982,0,10
27,0.00018399224791210145,0.00018397846724838018,0,10
28,0.0005208189832046628,0.0005208621732890606,0,10
30,0.0004904590896330774,0.000490488950163126,0,10
39,0.00018966525385621935,0.00018969917437061667,0,10
45,0.00014493855996988714,0.0001449839910492301,0,10
47,0.0002712574496399611,0.00027131548267789185,0,10
53,1.2222796613059472e-05,1.2196980605949648e-05,0,10
54,4.435619848663919e-05,4.438532778294757e-05,0,10
55,0.00035971804754808545,0.000359700177796185,0,10
56,0.0002515348023734987,0.00025151745649054646,0,10
64,0.00021132899564690888,0.00021134302369318902,0,10
68,5.093075378681533e-05,5.091626735520549e-05,0,10
73,0.00014059687964618206,0.0001330869854427874,0,10
75,8.094593795249239e-05,8.091525523923337e-05,0,10
83,6.610238051507622e-05,6.615051825065166e-05,0,10
84,0.00013054888404440135,0.00013058031618129462,0,10
92,0.00010467172251082957,0.00010467434913152829,0,10
